Component#1,Component#2,X#1 (molar fraction),X#2 (molar fraction),"Tmelt, K",predicted_Tmelt_K,uncertainty_K,similarity_score,screening_status,passes_DES_rule,violation_T1,violation_T2,RoomTemp_flag,WarmTemp_flag,feature_extrapolation,high_uncertainty,physically_reasonable,ranking_score_room,ranking_score_warm
butyl(triphenyl)phosphanium;bromide,"ethane-1,2-diol",0.076923,0.923077,182.51,183.08896,19.99,0.7145,OUTSIDE_TARGET_RANGE,True,False,False,False,False,False,False,True,,
methyl(trioctyl)azanium;chloride,"benzene-1,4-diol",0.5,0.5,195.15,195.29904,22.2,0.5724,OUTSIDE_TARGET_RANGE,True,False,False,False,False,False,False,True,,
tetrabutylazanium;bromide,2-[bis(2-hydroxyethyl)amino]ethanol,0.25,0.75,196.57,197.88379,20.89,0.6571,OUTSIDE_TARGET_RANGE,True,False,False,False,False,False,False,True,,
tetraheptylazanium;chloride,2-[4-(2-methylpropyl)phenyl]propanoic acid,0.7,0.3,200.33,200.85397,25.36,0.3694,OUTSIDE_TARGET_RANGE,True,False,False,False,False,False,True,True,,
methyl(triphenyl)phosphanium;bromide,"2,2,2-trifluoroacetamide",0.111111,0.888889,203.86,207.10458,16.09,0.9656,OUTSIDE_TARGET_RANGE,True,False,False,False,False,False,False,True,,
methyl(triphenyl)phosphanium;bromide,"2,2,2-trifluoroacetamide",0.1111,0.8889,203.9,203.75111,16.09,0.9656,OUTSIDE_TARGET_RANGE,True,False,False,False,False,False,False,True,,
tetrabutylazanium;bromide,2-(2-hydroxyethylamino)ethanol,0.142857,0.857143,205.39,205.90816,19.03,0.7767,OUTSIDE_TARGET_RANGE,True,False,False,False,False,False,False,True,,
methyl(triphenyl)phosphanium;bromide,"2,2,2-trifluoroacetamide",0.090909,0.909091,206.11,204.76082,16.2,0.9584,OUTSIDE_TARGET_RANGE,True,False,False,False,False,False,False,True,,
methyl(triphenyl)phosphanium;bromide,"2,2,2-trifluoroacetamide",0.066667,0.933333,206.37,206.82634,16.6,0.9324,OUTSIDE_TARGET_RANGE,True,False,False,False,False,False,False,True,,
methyl(trioctyl)azanium;chloride,4-hydroxybenzonitrile,0.3333,0.6667,210.15,209.98863,20.83,0.6608,OUTSIDE_TARGET_RANGE,True,False,False,False,False,False,False,True,,
methyl(trioctyl)azanium;chloride,4-hydroxybenzonitrile,0.5,0.5,211.15,211.12888,21.0,0.6499,OUTSIDE_TARGET_RANGE,True,False,False,False,False,False,False,True,,
methyl(triphenyl)phosphanium;bromide,"2,2,2-trifluoroacetamide",0.142857,0.857143,211.16,209.55247,16.51,0.9384,OUTSIDE_TARGET_RANGE,True,False,False,False,False,False,False,True,,
azanium;thiocyanate,"propane-1,2,3-triol",0.25,0.75,212.3,212.80682,18.37,0.8189,OUTSIDE_TARGET_RANGE,True,False,False,False,False,False,False,True,,
azanium;thiocyanate,"propane-1,2,3-triol",0.2,0.8,213.6,213.0132,18.96,0.7812,OUTSIDE_TARGET_RANGE,True,False,False,False,False,False,False,True,,
benzyl(tripropyl)azanium;chloride,2-hydroxypropanoic acid,0.245,0.755,216.279,216.73419,17.9,0.8493,OUTSIDE_TARGET_RANGE,True,False,False,False,False,False,False,True,,
benzyl(tripropyl)azanium;chloride,2-hydroxypropanoic acid,0.199,0.801,220.155,219.84525,18.66,0.8,OUTSIDE_TARGET_RANGE,True,False,False,False,False,False,False,True,,
benzyl(tripropyl)azanium;chloride,2-hydroxypropanoic acid,0.284,0.716,221.705,221.27061,17.68,0.8632,OUTSIDE_TARGET_RANGE,True,False,False,False,False,False,False,True,,
azanium;thiocyanate,"propane-1,2,3-triol",0.3333,0.6667,221.8,221.30254,18.45,0.8135,OUTSIDE_TARGET_RANGE,True,False,False,False,False,False,False,True,,
methyl(triphenyl)phosphanium;bromide,"ethane-1,2-diol",0.2,0.8,223.81,223.3646,17.25,0.8909,OUTSIDE_TARGET_RANGE,True,False,False,False,False,False,False,True,,
methyl(triphenyl)phosphanium;bromide,"2,2,2-trifluoroacetamide",0.2,0.8,223.88,222.99968,17.14,0.8982,OUTSIDE_TARGET_RANGE,True,False,False,False,False,False,False,True,,
methyl(triphenyl)phosphanium;bromide,"ethane-1,2-diol",0.166667,0.833333,224.6,227.93213,17.44,0.879,OUTSIDE_TARGET_RANGE,True,False,False,False,False,False,False,True,,
azanium;thiocyanate,"ethane-1,2-diol",0.25,0.75,225.7,225.56653,20.83,0.661,OUTSIDE_TARGET_RANGE,True,False,False,False,False,False,False,True,,
benzyl(tripropyl)azanium;chloride,2-hydroxypropanoic acid,0.331,0.669,226.357,226.744,17.94,0.8464,OUTSIDE_TARGET_RANGE,True,False,False,False,False,False,False,True,,
methyl(triphenyl)phosphanium;bromide,"ethane-1,2-diol",0.25,0.75,226.9,227.37021,17.39,0.882,OUTSIDE_TARGET_RANGE,True,False,False,False,False,False,False,True,,
2-hydroxyethyl(trimethyl)azanium;chloride,"2,2,2-trifluoroacetamide",0.29,0.71,229.0,230.57298,17.01,0.9061,OUTSIDE_TARGET_RANGE,True,False,False,False,False,False,False,True,,
methyl(triphenyl)phosphanium;bromide,"ethane-1,2-diol",0.333333,0.666667,230.03,233.00566,17.3,0.888,OUTSIDE_TARGET_RANGE,True,False,False,False,False,False,False,True,,
tetrabutylazanium;chloride,"propane-1,2,3-triol",0.166667,0.833333,230.37,229.51231,17.83,0.8534,OUTSIDE_TARGET_RANGE,True,False,False,False,False,False,False,True,,
tetrabutylazanium;chloride,"propane-1,2,3-triol",0.2,0.8,230.54,235.059,17.67,0.8639,OUTSIDE_TARGET_RANGE,True,False,False,False,False,False,False,True,,
tetrabutylazanium;chloride,"propane-1,2,3-triol",0.25,0.75,231.51,228.86726,18.13,0.8345,OUTSIDE_TARGET_RANGE,True,False,False,False,False,False,False,True,,
azanium;thiocyanate,"propane-1,2,3-triol",0.4,0.6,234.5,235.0077,19.36,0.755,OUTSIDE_TARGET_RANGE,True,False,False,False,False,False,False,True,,
2-hydroxyethyl(trimethyl)azanium;chloride,"ethane-1,2-diol",0.2,0.8,236.71,240.39432,16.83,0.9178,OUTSIDE_TARGET_RANGE,True,False,False,False,False,False,False,True,,
2-hydroxyethyl(trimethyl)azanium;chloride,"propane-1,2,3-triol",0.333,0.667,237.0,237.73297,19.35,0.7558,OUTSIDE_TARGET_RANGE,True,False,False,False,False,False,False,True,,
2-hydroxyethyl(trimethyl)azanium;chloride,furan-2-ylmethanol,0.25,0.75,237.4,238.90329,18.23,0.8278,OUTSIDE_TARGET_RANGE,True,False,False,False,False,False,False,True,,
2-hydroxyethyl(trimethyl)azanium;chloride,"ethane-1,2-diol",0.167,0.833,237.71,238.67807,16.79,0.9203,OUTSIDE_TARGET_RANGE,True,False,False,False,False,False,False,True,,
butyl(trimethyl)azanium;chloride,pentanoic acid,0.3333,0.6667,237.84,237.13882,17.55,0.8715,OUTSIDE_TARGET_RANGE,True,False,False,False,False,False,False,True,,
butyl(trimethyl)azanium;chloride,pentanoic acid,0.25,0.75,238.19,237.84915,17.2,0.8943,OUTSIDE_TARGET_RANGE,True,False,False,False,False,False,False,True,,
butyl(trimethyl)azanium;chloride,pentanoic acid,0.2,0.8,238.26,239.19795,17.25,0.891,REJECTED_DES_RULE,False,False,True,False,False,False,False,True,,
2-hydroxyethyl(trimethyl)azanium;chloride,furan-2-ylmethanol,0.2,0.8,238.6,237.28873,17.94,0.8467,OUTSIDE_TARGET_RANGE,True,False,False,False,False,False,False,True,,
2-hydroxyethyl(trimethyl)azanium;chloride,furan-2-ylmethanol,0.166667,0.833333,239.4,238.97969,18.11,0.8354,OUTSIDE_TARGET_RANGE,True,False,False,False,False,False,False,True,,
benzyl-(2-hydroxyethyl)-dimethylazanium;chloride,urea,0.3333,0.6667,240.15,240.59012,24.38,0.4323,OUTSIDE_TARGET_RANGE,True,False,False,False,False,False,False,True,,
2-hydroxyethyl(trimethyl)azanium;chloride,"propane-1,2,3-triol",0.25,0.75,240.5,240.68507,19.41,0.7518,OUTSIDE_TARGET_RANGE,True,False,False,False,False,False,False,True,,
2-hydroxyethyl(trimethyl)azanium;chloride,"butane-1,4-diol",0.25,0.75,241.15,242.52777,17.7,0.8621,OUTSIDE_TARGET_RANGE,True,False,False,False,False,False,False,True,,
methyl(triphenyl)phosphanium;bromide,"2,2,2-trifluoroacetamide",0.25,0.75,241.36,241.30246,17.66,0.8645,OUTSIDE_TARGET_RANGE,True,False,False,False,False,False,False,True,,
2-hydroxyethyl(trimethyl)azanium;chloride,"ethane-1,2-diol",0.398,0.602,241.63,242.48189,18.32,0.8222,OUTSIDE_TARGET_RANGE,True,False,False,False,False,False,False,True,,
diethyl(2-hydroxyethyl)azanium;chloride,"ethane-1,2-diol",0.333333,0.666667,242.15,242.19225,19.33,0.7574,OUTSIDE_TARGET_RANGE,True,False,False,False,False,False,False,True,,
tetrabutylazanium;chloride,"ethane-1,2-diol",0.25,0.75,242.27,245.58344,17.92,0.848,OUTSIDE_TARGET_RANGE,True,False,False,False,False,False,False,True,,
2-hydroxyethyl(trimethyl)azanium;chloride,"2,2,2-trifluoroacetamide",0.33,0.67,243.0,241.49213,16.35,0.9489,OUTSIDE_TARGET_RANGE,True,False,False,False,False,False,False,True,,
tetrabutylazanium;chloride,"ethane-1,2-diol",0.333333,0.666667,243.02,241.90051,18.39,0.8175,OUTSIDE_TARGET_RANGE,True,False,False,False,False,False,False,True,,
2-hydroxyethyl(trimethyl)azanium;chloride,"2,2,2-trifluoroacetamide",0.333,0.667,243.14,244.6413,16.33,0.95,OUTSIDE_TARGET_RANGE,True,False,False,False,False,False,False,True,,
benzyl(tripropyl)azanium;chloride,2-hydroxypropanoic acid,0.496,0.504,244.961,244.98132,19.95,0.7171,OUTSIDE_TARGET_RANGE,True,False,False,False,False,False,False,True,,
"1H-Imidazolium, 3-[2-[(1R,5S)-6,6-dimethylbicyclo[3.1.1]hept-2-en-2-yl]ethyl]-1-methyl-, methanesulfonate (1:1) (ACI)",4-oxopentanoic acid,0.186,0.814,246.377,247.61493,18.59,0.8046,OUTSIDE_TARGET_RANGE,True,False,False,False,False,False,False,True,,
2-hydroxyethyl(trimethyl)azanium;chloride,"ethane-1,2-diol",0.303,0.697,247.577,248.69383,18.71,0.7969,OUTSIDE_TARGET_RANGE,True,False,False,False,False,False,False,True,,
tetrabutylazanium;bromide,"ethane-1,2-diol",0.33,0.67,248.22,248.16151,18.46,0.8133,OUTSIDE_TARGET_RANGE,True,False,False,False,False,False,False,True,,
2-hydroxyethyl(trimethyl)azanium;chloride,"butane-1,4-diol",0.28,0.72,249.07,247.96587,17.56,0.8712,OUTSIDE_TARGET_RANGE,True,False,False,False,False,False,False,True,,
tetrabutylazanium;bromide,"propane-1,2,3-triol",0.2,0.8,249.09,244.21715,18.38,0.818,OUTSIDE_TARGET_RANGE,True,False,False,False,False,False,False,True,,
triphenyl(prop-2-enyl)phosphanium;bromide,"propane-1,2,3-triol",0.0667,0.9333,249.39,249.93643,21.32,0.6294,OUTSIDE_TARGET_RANGE,True,False,False,False,False,False,False,True,,
2-hydroxyethyl(trimethyl)azanium;chloride,2-methylphenol,0.25,0.75,249.4,249.2725,16.91,0.9129,OUTSIDE_TARGET_RANGE,True,False,False,False,False,False,False,True,,
2-hydroxyethyl(trimethyl)azanium;chloride,"ethane-1,2-diol",0.184,0.816,249.559,247.04942,18.52,0.8094,OUTSIDE_TARGET_RANGE,True,False,False,False,False,False,False,True,,
tetrapropylazanium;bromide,"ethane-1,2-diol",0.2,0.8,249.75,251.25476,18.53,0.8084,OUTSIDE_TARGET_RANGE,True,False,False,False,False,False,False,True,,
2-hydroxyethyl(trimethyl)azanium;chloride,2-methylphenol,0.203,0.797,250.3,250.59912,16.59,0.9331,OUTSIDE_TARGET_RANGE,True,False,False,False,False,False,False,True,,
diethyl(2-hydroxyethyl)azanium;chloride,"ethane-1,2-diol",0.25,0.75,250.9,252.64392,18.81,0.7906,OUTSIDE_TARGET_RANGE,True,False,False,False,False,False,False,True,,
tetrabutylazanium;bromide,oxalic acid,0.5,0.5,250.99,252.01744,22.0,0.5855,OUTSIDE_TARGET_RANGE,True,False,False,False,False,False,False,True,,
2-hydroxyethyl(trimethyl)azanium;chloride,"propane-1,2,3-triol",0.198,0.802,251.081,251.30269,20.12,0.7067,OUTSIDE_TARGET_RANGE,True,False,False,False,False,False,False,True,,
2-hydroxyethyl(trimethyl)azanium;chloride,2-methylphenol,0.166,0.834,251.4,255.08313,16.45,0.9422,OUTSIDE_TARGET_RANGE,True,False,False,False,False,False,False,True,,
diethyl(2-hydroxyethyl)azanium;chloride,"ethane-1,2-diol",0.2,0.8,251.48,249.72995,19.09,0.7727,OUTSIDE_TARGET_RANGE,True,False,False,False,False,False,False,True,,
methyl(triphenyl)phosphanium;bromide,2-[2-(2-hydroxyethoxy)ethoxy]ethanol,0.166667,0.833333,251.6,250.76558,18.71,0.7972,OUTSIDE_TARGET_RANGE,True,False,False,False,False,False,False,True,,
butyl(trimethyl)azanium;chloride,butanoic acid,0.25,0.75,252.94,254.07166,17.24,0.8917,OUTSIDE_TARGET_RANGE,True,False,False,False,False,False,False,True,,
2-hydroxyethyl(trimethyl)azanium;chloride,phenol,0.25,0.75,253.1,250.01686,16.91,0.913,OUTSIDE_TARGET_RANGE,True,False,False,False,False,False,False,True,,
didodecyl(dimethyl)azanium;chloride,5-methyl-2-propan-2-ylphenol,0.3333,0.6667,253.15,253.82307,22.2,0.5726,OUTSIDE_TARGET_RANGE,True,False,False,False,False,False,False,True,,
bis(trifluoromethylsulfonyl)azanide;trimethylsulfanium,formamide,0.2857,0.7143,253.5205,253.94766,19.57,0.7414,OUTSIDE_TARGET_RANGE,True,False,False,False,False,False,False,True,,
2-hydroxyethyl(trimethyl)azanium;chloride,"ethane-1,2-diol",0.104,0.896,253.524,254.355,18.57,0.8059,OUTSIDE_TARGET_RANGE,True,False,False,False,False,False,False,True,,
triphenyl(prop-2-enyl)phosphanium;bromide,2-[2-(2-hydroxyethoxy)ethoxy]ethanol,0.0909,0.9091,253.63,253.07538,19.79,0.7279,OUTSIDE_TARGET_RANGE,True,False,False,False,False,False,False,True,,
tetrapropylazanium;bromide,2-[2-(2-hydroxyethoxy)ethoxy]ethanol,0.25,0.75,253.95,256.63168,19.21,0.7649,OUTSIDE_TARGET_RANGE,True,False,False,False,False,False,False,True,,
tetrabutylazanium;bromide,propanoic acid,0.5,0.5,254.01,254.5996,20.85,0.6592,REJECTED_DES_RULE,False,False,True,False,False,False,False,True,,
hydrogen sulfate;tetrabutylazanium,"2-hydroxy-2,2-diphenylacetic acid",0.5,0.5,254.09,254.12874,32.65,0.0,OUTSIDE_TARGET_RANGE,True,False,False,False,False,True,True,True,,
methyl(triphenyl)phosphanium;bromide,2-[2-(2-hydroxyethoxy)ethoxy]ethanol,0.2,0.8,254.3,256.22263,18.71,0.7971,OUTSIDE_TARGET_RANGE,True,False,False,False,False,False,False,True,,
tetrabutylazanium;bromide,acetic acid,0.5,0.5,254.7,254.76157,20.79,0.6635,OUTSIDE_TARGET_RANGE,True,False,False,False,False,False,False,True,,
tetrabutylazanium;bromide,propanedioic acid,0.5,0.5,255.17,254.79657,21.89,0.5929,OUTSIDE_TARGET_RANGE,True,False,False,False,False,False,False,True,,
butyl(trimethyl)azanium;chloride,butanoic acid,0.3333,0.6667,255.19,255.01414,17.68,0.8631,OUTSIDE_TARGET_RANGE,True,False,False,False,False,False,False,True,,
tetrabutylazanium;bromide,2-aminoethanol,0.2,0.8,255.45,257.59116,17.12,0.8992,OUTSIDE_TARGET_RANGE,True,False,False,False,False,False,False,True,,
2-hydroxyethyl(trimethyl)azanium;chloride,phenol,0.167,0.833,255.6,257.60492,16.54,0.9366,OUTSIDE_TARGET_RANGE,True,False,False,False,False,False,False,True,,
tetrapropylazanium;bromide,"ethane-1,2-diol",0.166667,0.833333,255.65,255.26624,18.78,0.7923,OUTSIDE_TARGET_RANGE,True,False,False,False,False,False,False,True,,
tetrabutylazanium;chloride,"ethane-1,2-diol",0.2,0.8,256.31,252.45306,18.17,0.8318,OUTSIDE_TARGET_RANGE,True,False,False,False,False,False,False,True,,
tetraheptylazanium;chloride,decanoic acid,0.33,0.67,256.5,260.72995,20.27,0.6965,OUTSIDE_TARGET_RANGE,True,False,False,False,False,False,False,True,,
tetrapropylazanium;bromide,"propane-1,2,3-triol",0.25,0.75,257.05,258.093,18.81,0.7906,OUTSIDE_TARGET_RANGE,True,False,False,False,False,False,False,True,,
2-hydroxyethyl(trimethyl)azanium;chloride,"2-hydroxy-2,2-diphenylacetic acid",0.5,0.5,257.09,258.94046,22.63,0.545,OUTSIDE_TARGET_RANGE,True,False,False,False,False,False,False,True,,
tetrabutylazanium;bromide,2-aminoethanol,0.166667,0.833333,257.6,259.12836,17.14,0.8978,OUTSIDE_TARGET_RANGE,True,False,False,False,False,False,False,True,,
tetrapropylazanium;bromide,"propane-1,2,3-triol",0.333333,0.666667,258.15,257.78488,19.53,0.7443,OUTSIDE_TARGET_RANGE,True,False,False,False,False,False,False,True,,
2-hydroxyethyl(trimethyl)azanium;chloride,2-[2-(2-hydroxyethoxy)ethoxy]ethanol,0.143,0.857,258.77,261.3077,18.28,0.8244,OUTSIDE_TARGET_RANGE,True,False,False,False,False,False,False,True,,
2-acetyloxyethyl(trimethyl)azanium;chloride,urea,0.3333,0.6667,259.15,259.18112,24.27,0.4396,OUTSIDE_TARGET_RANGE,True,False,False,False,False,False,False,True,,
tetrapropylazanium;bromide,"ethane-1,2-diol",0.25,0.75,259.85,258.1354,18.81,0.7906,OUTSIDE_TARGET_RANGE,True,False,False,False,False,False,False,True,,
butyl(trimethyl)azanium;chloride,butanoic acid,0.2,0.8,260.0,258.62225,17.38,0.8827,OUTSIDE_TARGET_RANGE,True,False,False,False,False,False,False,True,,
2-hydroxyethyl(trimethyl)azanium;chloride,phenol,0.2,0.8,260.2,259.94687,16.58,0.9339,OUTSIDE_TARGET_RANGE,True,False,False,False,False,False,False,True,,
2-hydroxyethyl(trimethyl)azanium;chloride,2-[2-(2-hydroxyethoxy)ethoxy]ethanol,0.167,0.833,260.46,259.69672,17.98,0.8443,OUTSIDE_TARGET_RANGE,True,False,False,False,False,False,False,True,,
tetrapropylazanium;bromide,2-[2-(2-hydroxyethoxy)ethoxy]ethanol,0.285714,0.714286,261.15,259.60257,19.42,0.7515,OUTSIDE_TARGET_RANGE,True,False,False,False,False,False,False,True,,
tetrabutylazanium;chloride,decanoic acid,0.33,0.67,261.2,263.43594,20.35,0.6916,OUTSIDE_TARGET_RANGE,True,False,False,False,False,False,False,True,,
2-hydroxyethyl(trimethyl)azanium;chloride,"butane-1,4-diol",0.34,0.66,261.71,261.1516,17.97,0.8446,OUTSIDE_TARGET_RANGE,True,False,False,False,False,False,False,True,,
2-hydroxyethyl(trimethyl)azanium;chloride,4-oxopentanoic acid,0.25,0.75,262.0,262.04794,17.68,0.8633,OUTSIDE_TARGET_RANGE,True,False,False,False,False,False,False,True,,
tetraethylazanium;bromide,"2-hydroxy-2,2-diphenylacetic acid",0.5,0.5,262.09,262.35037,24.68,0.413,OUTSIDE_TARGET_RANGE,True,False,False,False,False,False,False,True,,
2-hydroxyethyl(trimethyl)azanium;chloride,"ethane-1,2-diol",0.333,0.667,262.28,261.19504,18.24,0.8274,REJECTED_DES_RULE,False,False,True,False,False,False,False,True,,
2-hydroxyethyl(trimethyl)azanium;chloride,4-oxopentanoic acid,0.2,0.8,263.0,263.12253,17.72,0.8607,OUTSIDE_TARGET_RANGE,True,False,False,False,False,False,False,True,,
2-hydroxyethyl(trimethyl)azanium;chloride,4-oxopentanoic acid,0.166667,0.833333,263.2,263.10004,18.16,0.8324,OUTSIDE_TARGET_RANGE,True,False,False,False,False,False,False,True,,
tetrapropylazanium;bromide,2-[2-(2-hydroxyethoxy)ethoxy]ethanol,0.2,0.8,263.55,262.34903,19.49,0.7471,OUTSIDE_TARGET_RANGE,True,False,False,False,False,False,False,True,,
2-hydroxyethyl(trimethyl)azanium;chloride,2-[2-(2-hydroxyethoxy)ethoxy]ethanol,0.2,0.8,263.96,263.96555,17.93,0.847,REJECTED_DES_RULE,False,False,True,False,False,False,False,True,,
methyl(triphenyl)phosphanium;bromide,2-[2-(2-hydroxyethoxy)ethoxy]ethanol,0.25,0.75,264.9,262.83798,19.33,0.7571,OUTSIDE_TARGET_RANGE,True,False,False,False,False,False,False,True,,
tetrabutylazanium;bromide,2-aminoethanol,0.25,0.75,265.15,263.06534,17.44,0.879,OUTSIDE_TARGET_RANGE,True,False,False,False,False,False,False,True,,
2-hydroxyethyl(trimethyl)azanium;chloride,"ethane-1,2-diol",0.25,0.75,265.19,261.55286,17.31,0.8868,REJECTED_DES_RULE,False,False,True,False,False,False,False,True,,
tetrapropylazanium;bromide,"2-hydroxy-2,2-diphenylacetic acid",0.5,0.5,265.61,264.63382,26.65,0.2866,OUTSIDE_TARGET_RANGE,True,False,False,False,False,False,True,True,,
didodecyl(dimethyl)azanium;chloride,2-phenylacetic acid,0.3333,0.6667,266.15,265.46225,21.33,0.6288,OUTSIDE_TARGET_RANGE,True,False,False,False,False,False,False,True,,
benzyl-bis(2-hydroxyethyl)-methylazanium;chloride,urea,0.3333,0.6667,267.15,266.72412,26.33,0.3071,OUTSIDE_TARGET_RANGE,True,False,False,False,False,False,True,True,,
butyl(trimethyl)azanium;chloride,hexanoic acid,0.2,0.8,267.44,267.44687,17.46,0.8776,OUTSIDE_TARGET_RANGE,True,False,False,False,False,False,False,True,,
butyl(trimethyl)azanium;chloride,hexanoic acid,0.3333,0.6667,267.7,269.64517,17.73,0.8601,OUTSIDE_TARGET_RANGE,True,False,False,False,False,False,False,True,,
butyl(trimethyl)azanium;chloride,hexanoic acid,0.25,0.75,267.79,266.43814,17.32,0.8867,OUTSIDE_TARGET_RANGE,True,False,False,False,False,False,False,True,,
tetrapropylazanium;bromide,"propane-1,2,3-triol",0.2,0.8,268.45,267.11035,19.07,0.7738,OUTSIDE_TARGET_RANGE,True,False,False,False,False,False,False,True,,
bis(trifluoromethylsulfonyl)azanide;trimethylsulfanium,formamide,0.4032,0.5968,268.6784,268.3934,18.92,0.7834,OUTSIDE_TARGET_RANGE,True,False,False,False,False,False,False,True,,
Xylitol,ChCl,0.333333333,0.666666667,269.15,270.2848,18.6,0.8044,OUTSIDE_TARGET_RANGE,True,False,False,False,False,False,False,True,,
methyl(triphenyl)phosphanium;bromide,"ethane-1,2-diol",0.111111,0.888889,269.37,263.94376,18.07,0.8385,REJECTED_DES_RULE,False,False,True,False,False,False,False,True,,
2-hydroxyethyl(trimethyl)azanium;chloride,"2,2,2-trifluoroacetamide",0.36,0.64,270.0,269.9303,16.48,0.9404,OUTSIDE_TARGET_RANGE,True,False,False,False,False,False,False,True,,
Xylitol,ChCl,0.5,0.5,270.15,271.42715,18.52,0.8095,OUTSIDE_TARGET_RANGE,True,False,False,False,False,False,False,True,,
bis(trifluoromethylsulfonyl)azanide;trimethylsulfanium,formamide,0.2063,0.7937,271.71,271.5201,20.9,0.6564,OUTSIDE_TARGET_RANGE,True,False,False,False,False,False,False,True,,
diethyl(2-hydroxyethyl)azanium;chloride,"propane-1,2,3-triol",0.333333,0.666667,271.82,271.39227,19.33,0.7574,OUTSIDE_TARGET_RANGE,True,False,False,False,False,False,False,True,,
benzyl(trimethyl)azanium;chloride,4-methylbenzenesulfonic acid,0.7,0.3,272.15,272.78534,26.81,0.2761,OUTSIDE_TARGET_RANGE,True,False,False,False,False,False,True,True,,
methyl(trioctyl)azanium;chloride,decanoic acid,0.33,0.67,273.1,274.04678,21.99,0.5861,REJECTED_DES_RULE,False,True,False,False,False,False,False,True,,
methyl(triphenyl)phosphanium;bromide,"2,2,2-trifluoroacetamide",0.333333,0.666667,273.15,273.12006,18.05,0.8393,OUTSIDE_TARGET_RANGE,True,False,False,False,False,False,False,True,,
2-hydroxyethyl(trimethyl)azanium;chloride,"3,4-dimethylphenol",0.33,0.67,273.16,276.2438,17.0,0.9067,PASS_ROOMTEMP,True,False,False,True,False,False,False,True,87.218,
tetrabutylazanium;bromide,2-aminoethanol,0.142857,0.857143,273.58,272.6291,17.45,0.8782,OUTSIDE_TARGET_RANGE,True,False,False,False,False,False,False,True,,
2-hydroxyethyl(trimethyl)azanium;chloride,2-[2-(2-hydroxyethoxy)ethoxy]ethanol,0.25,0.75,273.65,272.25552,18.46,0.8128,REJECTED_DES_RULE,False,False,True,False,False,False,False,True,,
tetrabutylazanium;bromide,octanoic acid,0.3333,0.6667,273.73,274.36182,20.98,0.6508,OUTSIDE_TARGET_RANGE,True,False,False,False,False,False,False,True,,
diethyl(2-hydroxyethyl)azanium;chloride,"propane-1,2,3-triol",0.25,0.75,274.85,274.17157,18.81,0.7906,OUTSIDE_TARGET_RANGE,True,False,False,False,False,False,False,True,,
tetrabutylazanium;bromide,(Z)-octadec-9-enoic acid,0.3333,0.6667,275.01,275.91052,21.21,0.6364,PASS_ROOMTEMP,True,False,False,True,False,False,False,True,76.112,
tetraoctylazanium;chloride,decanoic acid,0.33,0.67,275.1,272.12262,21.54,0.6154,OUTSIDE_TARGET_RANGE,True,False,False,False,False,False,False,True,,
diethyl(2-hydroxyethyl)azanium;chloride,"propane-1,2,3-triol",0.2,0.8,275.15,275.85577,19.09,0.7727,PASS_ROOMTEMP,True,False,False,True,False,False,False,True,81.516,
benzyl(trimethyl)azanium;chloride,oxalic acid,0.5,0.5,275.15,275.52747,22.15,0.576,PASS_ROOMTEMP,True,False,False,True,False,False,False,True,73.358,
Xylitol,ChCl,0.4,0.6,275.15,274.21237,18.23,0.8282,OUTSIDE_TARGET_RANGE,True,False,False,False,False,False,False,True,,
"1H-Imidazolium, 3-[2-[(1R,5S)-6,6-dimethylbicyclo[3.1.1]hept-2-en-2-yl]ethyl]-1-methyl-, methanesulfonate (1:1) (ACI)",4-oxopentanoic acid,0.103,0.897,275.362,274.6252,19.05,0.775,OUTSIDE_TARGET_RANGE,True,False,False,False,False,False,False,True,,
2-hydroxyethyl(trimethyl)azanium;chloride,2-aminoethanol,0.125,0.875,276.69,276.43137,16.36,0.9484,PASS_ROOMTEMP,True,False,False,True,False,False,False,True,89.052,
bis(trifluoromethylsulfonyl)azanide;trimethylsulfanium,formamide,0.5016,0.4984,276.7626,276.61505,19.47,0.7483,REJECTED_DES_RULE,False,False,True,True,False,False,False,True,61.21,
2-hydroxyethyl(trimethyl)azanium;chloride,2-aminoethanol,0.142857,0.857143,276.84,276.7006,16.31,0.9516,PASS_ROOMTEMP,True,False,False,True,False,False,False,True,89.417,
2-hydroxyethyl(trimethyl)azanium;chloride,2-aminoethanol,0.166667,0.833333,276.95,274.36716,16.54,0.9363,OUTSIDE_TARGET_RANGE,True,False,False,False,False,False,False,True,,
Xylitol,ChCl,0.6,0.4,277.15,276.7756,19.07,0.7738,PASS_ROOMTEMP,True,False,False,True,False,False,False,True,82.372,
azanium;thiocyanate,acetamide,0.25,0.75,278.15,278.83676,21.4,0.6239,PASS_ROOMTEMP,True,False,False,True,False,False,False,True,78.194,
didodecyl(dimethyl)azanium;chloride,2-hydroxyacetic acid,0.25,0.75,278.15,277.97427,25.03,0.3906,PASS_ROOMTEMP,True,False,False,True,False,False,True,True,68.101,
2-hydroxyethyl(trimethyl)azanium;chloride,4-oxopentanoic acid,0.333333,0.666667,278.15,278.2032,18.61,0.8037,PASS_ROOMTEMP,True,False,False,True,False,False,False,True,84.827,
benzyl(triethyl)azanium;chloride,oxalic acid,0.5,0.5,278.15,277.27353,23.63,0.4807,PASS_ROOMTEMP,True,False,False,True,False,False,False,True,71.087,
2-hydroxyethyl(trimethyl)azanium;chloride,2-aminoethanol,0.111111,0.888889,278.23,280.34485,16.56,0.9353,PASS_ROOMTEMP,True,False,False,True,False,False,False,True,91.981,
2-hydroxyethyl(trimethyl)azanium;chloride,phenol,0.119,0.881,279.3,282.28326,16.51,0.9387,PASS_ROOMTEMP,True,False,False,True,False,False,False,True,93.827,
2-hydroxyethyl(trimethyl)azanium;chloride,2-methylphenol,0.143,0.857,279.5,275.73892,16.54,0.9366,PASS_ROOMTEMP,True,False,False,True,False,False,False,True,87.969,
"1H-Imidazolium, 3-[2-[(1R,5S)-6,6-dimethylbicyclo[3.1.1]hept-2-en-2-yl]ethyl]-1-methyl-, methanesulfonate (1:1) (ACI)",4-oxopentanoic acid,0.301,0.699,279.71,279.15042,18.9,0.785,PASS_ROOMTEMP,True,False,False,True,False,False,False,True,84.915,
bis(trifluoromethylsulfonyl)azanide;trimethylsulfanium,formamide,0.5968,0.4032,279.7942,279.82877,20.0,0.7143,REJECTED_DES_RULE,False,False,True,True,False,False,False,True,62.686,
Xylitol,ChCl,0.666666667,0.333333333,280.15,279.7121,20.18,0.7024,PASS_ROOMTEMP,True,False,False,True,False,False,False,True,82.107,
2-hydroxyethyl(trimethyl)azanium;chloride,"propane-1,2,3-triol",0.5,0.5,281.18,281.18286,20.28,0.696,PASS_ROOMTEMP,True,False,False,True,False,False,False,True,83.148,
methyl(trioctyl)azanium;bromide,decanoic acid,0.33,0.67,282.1,278.90363,21.06,0.6463,PASS_ROOMTEMP,True,False,False,True,False,False,False,True,79.149,
tetraoctylazanium;bromide,decanoic acid,0.3333,0.6667,282.1,282.2669,22.95,0.5247,PASS_ROOMTEMP,True,False,False,True,False,False,False,True,77.253,
"1H-Imidazolium, 3-[2-[(1R,5S)-6,6-dimethylbicyclo[3.1.1]hept-2-en-2-yl]ethyl]-1-methyl-, methanesulfonate (1:1) (ACI)",4-oxopentanoic acid,0.048,0.952,282.609,282.6909,19.92,0.7192,PASS_ROOMTEMP,True,False,False,True,False,False,False,True,85.407,
2-hydroxyethyl(trimethyl)azanium;chloride,2-methylphenol,0.091,0.909,283.0,284.43716,16.81,0.9191,PASS_ROOMTEMP,True,False,False,True,False,False,False,True,94.944,
2-hydroxyethyl(trimethyl)azanium;chloride,"(3S,4R,5R)-2-(hydroxymethyl)oxane-2,3,4,5-tetrol",0.666667,0.333333,283.15,282.38452,17.3,0.8879,PASS_ROOMTEMP,True,False,False,True,False,False,False,True,91.885,
2-hydroxyethyl(trimethyl)azanium;chloride,propanedioic acid,0.5,0.5,283.15,283.40573,17.22,0.8928,PASS_ROOMTEMP,True,False,False,True,False,False,False,True,92.982,
benzyl(tripropyl)azanium;chloride,2-hydroxypropanoic acid,0.66,0.34,283.721,283.66266,22.69,0.5414,PASS_ROOMTEMP,True,False,False,True,False,False,False,True,79.152,
sorbitol,Choline chloride,0.5,0.5,284.15,283.68506,23.38,0.4968,PASS_ROOMTEMP,True,False,False,True,False,False,False,True,77.388,
2-hydroxyethyl(trimethyl)azanium;chloride,urea,0.333,0.667,284.22,285.62735,17.51,0.8743,PASS_ROOMTEMP,True,False,False,True,False,False,False,True,94.202,
tetrabutylazanium;chloride,tetradecanoic acid,0.506,0.494,285.1,286.53726,17.85,0.8524,PASS_ROOMTEMP,True,False,False,True,False,False,False,True,94.063,
2-hydroxyethyl(trimethyl)azanium;chloride,propanedioic acid,0.48,0.52,285.15,285.9883,19.08,0.773,PASS_ROOMTEMP,True,False,False,True,False,False,False,True,90.469,
2-hydroxyethyl(trimethyl)azanium;chloride,"(3S,4R,5R)-2-(hydroxymethyl)oxane-2,3,4,5-tetrol",0.6,0.4,286.15,287.68042,17.64,0.8661,PASS_ROOMTEMP,True,False,False,True,False,False,False,True,93.602,
2-hydroxyethyl(trimethyl)azanium;acetate,"propane-1,2,3-triol",0.4,0.6,286.15,286.81985,19.44,0.7503,PASS_ROOMTEMP,True,False,False,True,False,False,False,True,89.73,
2-hydroxyethyl(trimethyl)azanium;acetate,"propane-1,2,3-triol",0.444444,0.555556,287.15,286.61487,19.3,0.7591,PASS_ROOMTEMP,True,False,False,True,False,False,False,True,90.263,
2-hydroxyethyl(trimethyl)azanium;chloride,2-hydroxyacetic acid,0.451,0.549,287.45,290.19095,17.2,0.8943,PASS_ROOMTEMP,True,False,False,True,False,False,False,True,92.515,
butyl(trimethyl)azanium;chloride,octanoic acid,0.3333,0.6667,287.54,286.95212,19.02,0.7769,REJECTED_DES_RULE,False,True,False,True,False,False,False,True,70.677,
2-hydroxyethyl(trimethyl)azanium;chloride,2-hydroxypropanoic acid,0.099,0.901,287.75,286.6586,18.11,0.8356,PASS_ROOMTEMP,True,False,False,True,False,False,False,True,93.284,
2-hydroxyethyl(trimethyl)azanium;chloride,"(3R,4S,5S,6R)-6-(hydroxymethyl)oxane-2,3,4,5-tetrol",0.666667,0.333333,288.15,288.72757,17.3,0.8879,PASS_ROOMTEMP,True,False,False,True,False,False,False,True,93.55,
Urea,"2-Chloro-N,N,N-trimethylethanaminium chloride",0.666666667,0.333333333,288.15,289.06842,24.24,0.4415,PASS_ROOMTEMP,True,False,False,True,False,False,False,True,75.394,
2-hydroxyethyl(trimethyl)azanium;chloride,2-hydroxypropanoic acid,0.05,0.95,288.35,288.71878,18.17,0.8318,PASS_ROOMTEMP,True,False,False,True,False,False,False,True,91.314,
methyl(triphenyl)phosphanium;bromide,"ethane-1,2-diol",0.363636,0.636364,288.8,286.25415,17.31,0.8869,REJECTED_DES_RULE,False,False,True,True,False,False,False,True,75.259,
Xylitol,ChCl,0.285714286,0.714285714,289.15,288.49472,19.39,0.7534,PASS_ROOMTEMP,True,False,False,True,False,False,False,True,88.376,
tetrabutylazanium;bromide,decanoic acid,0.3333,0.6667,289.65,287.86615,20.34,0.692,PASS_ROOMTEMP,True,False,False,True,False,False,False,True,86.475,
"1H-Imidazolium, 3-[2-[(1R,5S)-6,6-dimethylbicyclo[3.1.1]hept-2-en-2-yl]ethyl]-1-methyl-, methanesulfonate (1:1) (ACI)",urea,0.355,0.645,289.706,290.472,18.1,0.8361,PASS_ROOMTEMP,True,False,False,True,False,False,False,True,89.939,
2-hydroxyethyl(trimethyl)azanium;chloride,"2,3-dimethylphenol",0.25,0.75,290.8,294.69662,17.21,0.8933,PASS_ROOMTEMP,True,False,False,True,False,False,False,True,88.5,
2-hydroxyethyl(trimethyl)azanium;acetate,urea,0.333333,0.666667,291.15,291.24496,23.48,0.4904,PASS_ROOMTEMP,True,False,False,True,False,False,False,True,75.429,
tetrabutylazanium;chloride,tetradecan-1-ol,0.399,0.601,291.6,291.29605,17.85,0.8524,PASS_ROOMTEMP,True,False,False,True,False,False,False,True,89.864,
2-hydroxyethyl(trimethyl)azanium;chloride,2-phenylacetic acid,0.37,0.63,291.6589,291.66446,18.23,0.8282,PASS_ROOMTEMP,True,False,False,True,False,False,False,True,88.571,
phenylacetic acid,Choline chloride,0.63,0.37,291.659,292.1166,22.07,0.581,PASS_ROOMTEMP,True,False,False,True,False,False,False,True,78.284,
tetrabutylazanium;chloride,(2S)-2-amino-4-methylsulfanylbutanoic acid,0.916667,0.083333,292.26,294.78226,18.1,0.8361,PASS_ROOMTEMP,True,False,False,True,False,False,False,True,86.136,
tetrapropylazanium;chloride,dodecanoic acid,0.4023,0.5977,292.4103,298.7163,16.83,0.9178,PASS_WARMTEMP,True,False,False,False,True,False,False,True,,77.491
bis(trifluoromethylsulfonyl)azanide;trimethylsulfanium,formamide,0.7968,0.2032,292.4258,292.76413,23.33,0.5,REJECTED_DES_RULE,False,False,True,True,False,False,False,True,54.473,
2-hydroxyethyl(trimethyl)azanium;chloride,5-phenylpentanoic acid,0.4,0.6,293.15,294.51816,19.39,0.7536,PASS_ROOMTEMP,True,False,False,True,False,False,False,True,83.069,
ethanamine;hydrochloride,acetamide,0.4,0.6,293.15,294.72366,18.1,0.836,PASS_ROOMTEMP,True,False,False,True,False,False,False,True,86.184,
2-hydroxyethyl(trimethyl)azanium;chloride,"(3S,4R,5R)-2-(hydroxymethyl)oxane-2,3,4,5-tetrol",0.5,0.5,293.15,292.67944,17.95,0.8459,PASS_ROOMTEMP,True,False,False,True,False,False,False,True,88.384,
2-hydroxyethyl(trimethyl)azanium;acetate,"propane-1,2,3-triol",0.5,0.5,293.15,292.628,19.84,0.7243,REJECTED_DES_RULE,False,False,True,True,False,False,False,True,63.565,
tetrabutylazanium;chloride,"(2S,3R)-2-amino-3-hydroxybutanoic acid",0.9,0.1,293.36,295.25735,16.47,0.9409,PASS_ROOMTEMP,True,False,False,True,False,False,False,True,89.909,
2-hydroxyethyl(trimethyl)azanium;chloride,3-phenylpropanoic acid,0.33,0.67,293.9791,292.0714,18.38,0.8184,PASS_ROOMTEMP,True,False,False,True,False,False,False,True,87.82,
2-hydroxyethyl(trimethyl)azanium;chloride,"2,2,2-trifluoroacetamide",0.4,0.6,294.0,292.65207,17.15,0.8975,PASS_ROOMTEMP,True,False,False,True,False,False,False,True,90.472,
ethanamine;hydrochloride,"2,2,2-trifluoroacetamide",0.4,0.6,294.0,294.06882,18.12,0.8349,PASS_ROOMTEMP,True,False,False,True,False,False,False,True,86.718,
2-hydroxyethyl(trimethyl)azanium;chloride,urea,0.294,0.706,294.183,296.8069,17.29,0.8882,PASS_ROOMTEMP,True,False,False,True,False,False,False,True,86.434,
2-hydroxyethyl(trimethyl)azanium;chloride,phenol,0.4,0.6,294.2,297.38748,16.84,0.9171,PASS_ROOMTEMP,True,False,False,True,False,False,False,True,87.077,
tetrabutylazanium;bromide,1H-imidazole,0.3,0.7,294.4966,295.06046,20.0,0.7143,PASS_ROOMTEMP,True,False,False,True,False,False,False,True,81.019,
imidazole,tetrabutylammonium bromide,0.7,0.3,294.497,293.5975,18.89,0.7857,PASS_ROOMTEMP,True,False,False,True,False,False,False,True,85.165,
tetrabutylazanium;chloride,tetradecan-1-ol,0.494,0.506,294.7,295.4956,17.89,0.8495,PASS_ROOMTEMP,True,False,False,True,False,False,False,True,86.043,
2-hydroxyethyl(trimethyl)azanium;chloride,3-phenylpropanoic acid,0.331,0.669,295.15,298.44067,17.02,0.9055,PASS_WARMTEMP,True,False,False,False,True,False,False,True,,76.756
tetrabutylazanium;chloride,"(2S,3R)-2-amino-3-hydroxybutanoic acid",0.888889,0.111111,295.3,295.07895,16.54,0.9368,PASS_ROOMTEMP,True,False,False,True,False,False,False,True,89.902,
2-hydroxyethyl(trimethyl)azanium;chloride,2-methylphenol,0.357,0.643,295.3,295.87003,17.11,0.8999,PASS_ROOMTEMP,True,False,False,True,False,False,False,True,87.728,
tetrapropylazanium;chloride,decanoic acid,0.202,0.798,295.57,296.40106,17.88,0.8504,PASS_ROOMTEMP,True,False,False,True,False,False,False,True,85.28,
tetrapropylazanium;chloride,dodecanoic acid,0.298,0.702,295.7,296.8254,17.01,0.9062,PASS_ROOMTEMP,True,False,False,True,False,False,False,True,87.137,
tetrapropylazanium;chloride,dodecanoic acid,0.2988,0.7012,295.9204,296.81946,17.02,0.9059,PASS_ROOMTEMP,True,False,False,True,False,False,False,True,87.131,
tetraethylazanium;bromide,"1,3-dimethylurea",0.333333,0.666667,296.15,296.40314,22.96,0.524,PASS_ROOMTEMP,True,False,False,True,False,False,False,True,72.222,
2-hydroxyethyl(trimethyl)azanium;acetate,"ethane-1,2-diol",0.33,0.67,296.15,296.24445,21.65,0.6083,REJECTED_DES_RULE,False,False,True,True,False,False,False,True,55.734,
tetrabutylazanium;chloride,tetradecan-1-ol,0.296,0.704,296.2,296.2348,17.81,0.8548,PASS_ROOMTEMP,True,False,False,True,False,False,False,True,85.602,
tetrapropylazanium;chloride,dodecanoic acid,0.364,0.636,296.26,297.3799,16.96,0.9098,PASS_ROOMTEMP,True,False,False,True,False,False,False,True,86.792,
tetrabutylazanium;chloride,tetradecan-1-ol,0.208,0.792,296.7,296.43658,17.83,0.8539,PASS_ROOMTEMP,True,False,False,True,False,False,False,True,85.388,
2-hydroxyethyl(trimethyl)azanium;chloride,3-phenylpropanoic acid,0.302,0.698,296.817,298.83905,16.98,0.9085,PASS_WARMTEMP,True,False,False,False,True,False,False,True,,77.227
2-hydroxyethyl(trimethyl)azanium;chloride,2-hydroxypropanoic acid,0.502,0.498,296.95,295.906,17.86,0.8517,REJECTED_DES_RULE,False,False,True,True,False,False,False,True,65.769,
azanium;thiocyanate,acetamide,0.4,0.6,297.0,295.7826,21.37,0.6262,PASS_ROOMTEMP,True,False,False,True,False,False,False,True,76.857,
2-hydroxyethyl(trimethyl)azanium;chloride,"ethane-1,2-diol",0.48,0.52,297.137,296.17703,17.83,0.8539,REJECTED_DES_RULE,False,False,True,True,False,False,False,True,65.617,
2-hydroxyethyl(trimethyl)azanium;chloride,"(3R,4S,5S,6R)-6-(hydroxymethyl)oxane-2,3,4,5-tetrol",0.6,0.4,297.15,295.3103,17.64,0.8661,PASS_ROOMTEMP,True,False,False,True,False,False,False,True,86.87,
azanium;thiocyanate,urea,0.4,0.6,297.15,297.63052,22.04,0.5828,PASS_ROOMTEMP,True,False,False,True,False,False,False,True,73.491,
tetrabutylazanium;chloride,tetradecanoic acid,0.389,0.611,297.2,297.29694,17.85,0.8525,PASS_ROOMTEMP,True,False,False,True,False,False,False,True,84.573,
2-hydroxyethyl(trimethyl)azanium;chloride,2-hydroxyacetic acid,0.4,0.6,297.38,297.2464,17.21,0.8932,PASS_ROOMTEMP,True,False,False,True,False,False,False,True,86.246,
tetrabutylazanium;chloride,(2S)-2-amino-4-methylsulfanylbutanoic acid,0.909091,0.090909,297.41,296.56464,18.06,0.839,PASS_ROOMTEMP,True,False,False,True,False,False,False,True,84.679,
2-hydroxyethyl(trimethyl)azanium;chloride,phenol,0.1,0.9,297.5,294.29892,16.63,0.9305,PASS_ROOMTEMP,True,False,False,True,False,False,False,True,90.339,
2-hydroxyethyl(trimethyl)azanium;chloride,propanedioic acid,0.451,0.549,297.982,296.88263,17.23,0.8921,PASS_ROOMTEMP,True,False,False,True,False,False,False,True,86.523,
tetrabutylazanium;chloride,(2S)-2-amino-3-hydroxypropanoic acid,0.888889,0.111111,298.06,298.57443,16.54,0.9368,PASS_WARMTEMP,True,False,False,False,True,False,False,True,,78.126
2-hydroxyethyl(trimethyl)azanium;chloride,"(2R,3R,4R,5S)-hexane-1,2,3,4,5,6-hexol",0.5,0.5,298.15,302.03992,19.39,0.7535,PASS_WARMTEMP,True,False,False,False,True,False,False,True,,73.852
2-hydroxyethyl(trimethyl)azanium;chloride,2-phenylacetic acid,0.5,0.5,298.15,304.16122,17.9,0.8494,PASS_WARMTEMP,True,False,False,False,True,False,False,True,,79.559
tetrabutylazanium;chloride,(2S)-2-amino-5-(diaminomethylideneamino)pentanoic acid,0.857143,0.142857,298.22,298.02786,18.26,0.8263,PASS_WARMTEMP,True,False,False,False,True,False,False,True,,73.224
tetrabutylazanium;chloride,(2S)-2-aminobutanedioic acid,0.9,0.1,298.23,299.8381,16.9,0.9136,PASS_WARMTEMP,True,False,False,False,True,False,False,True,,78.313
tetrabutylazanium;chloride,hexadecanoic acid,0.49,0.51,298.4,300.2503,17.86,0.8514,PASS_WARMTEMP,True,False,False,False,True,False,False,True,,76.189
tetrabutylazanium;chloride,tetradecanoic acid,0.587,0.413,298.5,297.57758,17.74,0.8594,PASS_ROOMTEMP,True,False,False,True,False,False,False,True,84.602,
2-hydroxyethyl(trimethyl)azanium;chloride,propanedioic acid,0.55,0.45,298.653,297.18817,17.29,0.8884,PASS_ROOMTEMP,True,False,False,True,False,False,False,True,86.105,
ethanamine;hydrochloride,"2,2,2-trifluoroacetamide",0.5,0.5,298.7,297.14294,18.79,0.792,PASS_ROOMTEMP,True,False,False,True,False,False,False,True,82.289,
Lauric Acid,[N3333]Cl,0.599,0.401,298.86,299.2843,27.24,0.2485,PASS_WARMTEMP,True,False,False,False,True,False,True,True,,51.22
tetrabutylazanium;chloride,(2S)-2-amino-4-methylsulfanylbutanoic acid,0.9,0.1,299.12,297.68655,18.11,0.8358,PASS_ROOMTEMP,True,False,False,True,False,False,False,True,83.562,
benzyl(trimethyl)azanium;chloride,urea,0.3333,0.6667,299.15,299.31012,22.28,0.5673,PASS_WARMTEMP,True,False,False,False,True,False,False,True,,63.995
tetrabutylazanium;chloride,(2S)-2-amino-5-(diaminomethylideneamino)pentanoic acid,0.888889,0.111111,299.31,299.68948,18.2,0.8299,PASS_WARMTEMP,True,False,False,False,True,False,False,True,,74.834
tetrabutylazanium;chloride,(2S)-2-amino-3-hydroxypropanoic acid,0.9,0.1,299.53,298.70728,16.47,0.9409,PASS_WARMTEMP,True,False,False,False,True,False,False,True,,78.407
tetrabutylazanium;chloride,(2S)-2-amino-5-(diaminomethylideneamino)pentanoic acid,0.875,0.125,299.55,299.45813,18.13,0.8343,PASS_WARMTEMP,True,False,False,False,True,False,False,True,,74.806
2-hydroxyethyl(trimethyl)azanium;chloride,"(2S,4R)-pentane-1,2,3,4,5-pentol",0.503,0.497,299.611,299.35056,17.15,0.8975,PASS_WARMTEMP,True,False,False,False,True,False,False,True,,77.239
ethanamine;hydrochloride,"2,2,2-trifluoroacetamide",0.67,0.33,300.0,301.11343,19.08,0.7734,PASS_WARMTEMP,True,False,False,False,True,False,False,True,,73.83
"1H-Imidazolium, 3-[2-[(1R,5S)-6,6-dimethylbicyclo[3.1.1]hept-2-en-2-yl]ethyl]-1-methyl-, methanesulfonate (1:1) (ACI)",4-oxopentanoic acid,0.397,0.603,300.0,300.1975,18.9,0.7846,PASS_WARMTEMP,True,False,False,False,True,False,False,True,,73.47
tetrabutylazanium;chloride,urea,0.8,0.2,300.29,300.07443,23.66,0.4787,PASS_WARMTEMP,True,False,False,False,True,False,False,True,,61.125
tetrapropylazanium;chloride,decanoic acid,0.296,0.704,300.3,299.9194,17.86,0.852,PASS_WARMTEMP,True,False,False,False,True,False,False,True,,75.921
ethanamine;hydrochloride,urea,0.396,0.604,300.454,300.10837,18.48,0.8121,PASS_WARMTEMP,True,False,False,False,True,False,False,True,,74.491
2-hydroxyethyl(trimethyl)azanium;chloride,2-hydroxyacetic acid,0.351,0.649,300.78,300.38818,17.24,0.8914,PASS_WARMTEMP,True,False,False,False,True,False,False,True,,77.91
methyl(trioctyl)azanium;chloride,4-phenylphenol,0.5,0.5,301.15,300.67642,24.9,0.3989,REJECTED_DES_RULE,False,True,False,False,True,False,False,True,,38.465
2-hydroxyethyl(trimethyl)azanium;chloride,"(3S,4R,5R)-2-(hydroxymethyl)oxane-2,3,4,5-tetrol",0.4,0.6,301.15,301.4936,17.64,0.8661,PASS_WARMTEMP,True,False,False,False,True,False,False,True,,77.874
2-hydroxyethyl(trimethyl)azanium;chloride,"(2S,4R)-pentane-1,2,3,4,5-pentol",0.462,0.538,301.167,299.0613,17.48,0.8764,PASS_WARMTEMP,True,False,False,False,True,False,False,True,,76.14
2-hydroxyethyl(trimethyl)azanium;chloride,"(2R,3R,4R,5S)-hexane-1,2,3,4,5,6-hexol",0.503,0.497,301.562,302.59164,16.7,0.9264,PASS_WARMTEMP,True,False,False,False,True,False,False,True,,81.255
tetrabutylazanium;chloride,hexadecan-1-ol,0.403,0.597,301.6,301.49142,17.81,0.8548,PASS_WARMTEMP,True,False,False,False,True,False,False,True,,77.42
tetraethylazanium;chloride,decanoic acid,0.303,0.697,301.66,302.1891,17.93,0.8472,PASS_WARMTEMP,True,False,False,False,True,False,False,True,,77.731
tetrabutylazanium;bromide,1H-imidazole,0.2,0.8,301.8287,303.413,20.55,0.6785,PASS_WARMTEMP,True,False,False,False,True,False,False,True,,72.063
imidazole,tetrabutylammonium bromide,0.8,0.2,301.829,304.62354,19.44,0.75,PASS_WARMTEMP,True,False,False,False,True,False,False,True,,75.991
2-hydroxyethyl(trimethyl)azanium;chloride,2-hydroxyacetic acid,0.499,0.501,301.95,300.0622,17.19,0.8946,PASS_WARMTEMP,True,False,False,False,True,False,False,True,,77.751
tetrabutylazanium;chloride,(2S)-2-aminopentanedioic acid,0.909091,0.090909,302.01,303.23816,16.94,0.9106,PASS_WARMTEMP,True,False,False,False,True,False,False,True,,81.193
2-hydroxyethyl(trimethyl)azanium;chloride,methylurea,0.333333,0.666667,302.15,301.92413,19.21,0.7651,PASS_WARMTEMP,True,False,False,False,True,False,False,True,,74.214
tetrabutylazanium;chloride,(2S)-2-aminopentanedioic acid,0.9,0.1,302.41,301.61588,16.89,0.9139,PASS_WARMTEMP,True,False,False,False,True,False,False,True,,79.894
ethanamine;hydrochloride,"2,2,2-trifluoroacetamide",0.33,0.67,302.5,303.88715,18.06,0.8389,PASS_WARMTEMP,True,False,False,False,True,False,False,True,,78.898
2-hydroxyethyl(trimethyl)azanium;chloride,urea,0.404,0.596,303.039,304.08044,17.97,0.8446,PASS_WARMTEMP,True,False,False,False,True,False,False,True,,79.296
tetrabutylazanium;chloride,"(2S,3R)-2-amino-3-hydroxybutanoic acid",0.909091,0.090909,303.11,301.24228,16.52,0.9377,PASS_WARMTEMP,True,False,False,False,True,False,False,True,,80.516
2-hydroxyethyl(trimethyl)azanium;chloride,tetradecan-1-ol,0.419,0.581,303.15,305.21893,17.44,0.8789,PASS_WARMTEMP,True,False,False,False,True,False,False,True,,81.673
ethanamine;hydrochloride,urea,0.492,0.508,303.237,302.745,19.12,0.7706,PASS_WARMTEMP,True,False,False,False,True,False,False,True,,75.158
tetrabutylazanium;chloride,(2S)-2-amino-3-hydroxypropanoic acid,0.909091,0.090909,303.56,303.85178,16.52,0.9377,PASS_WARMTEMP,True,False,False,False,True,False,False,True,,82.818
imidazole,tetrabutylammonium bromide,0.6,0.4,303.699,305.28537,19.44,0.75,PASS_WARMTEMP,True,False,False,False,True,False,False,True,,76.575
tetrabutylazanium;chloride,(2S)-2-aminopentanedioic acid,0.888889,0.111111,303.7,303.15573,16.97,0.9092,PASS_WARMTEMP,True,False,False,False,True,False,False,True,,81.064
tetrabutylazanium;chloride,hexadecanoic acid,0.597,0.403,303.8,302.84616,17.92,0.8479,PASS_WARMTEMP,True,False,False,False,True,False,False,True,,78.339
tetraethylazanium;chloride,dodecanoic acid,0.298,0.702,303.82,303.6374,16.49,0.9397,PASS_WARMTEMP,True,False,False,False,True,False,False,True,,82.709
tetramethylazanium;chloride,decanoic acid,0.198,0.802,303.83,305.72964,17.96,0.8452,REJECTED_DES_RULE,False,False,True,False,True,False,False,True,,60.775
tetrapropylazanium;chloride,hexadecanoic acid,0.499,0.501,304.02,303.6065,16.67,0.9282,PASS_WARMTEMP,True,False,False,False,True,False,False,True,,82.222
2-hydroxyethyl(trimethyl)azanium;chloride,decanoic acid,0.3,0.7,304.06,303.23657,19.73,0.7314,PASS_WARMTEMP,True,False,False,False,True,False,False,True,,74.024
tetrapropylazanium;chloride,hexadecanoic acid,0.495,0.505,304.08,305.1225,16.65,0.9296,PASS_WARMTEMP,True,False,False,False,True,False,False,True,,83.616
2-hydroxyethyl(trimethyl)azanium;chloride,decanoic acid,0.296,0.704,304.1,305.10068,17.47,0.877,REJECTED_DES_RULE,False,False,True,False,True,False,False,True,,61.492
benzyl(trimethyl)azanium;chloride,"2-hydroxypropane-1,2,3-tricarboxylic acid",0.5,0.5,304.15,304.3408,26.39,0.3031,PASS_WARMTEMP,True,False,False,False,True,False,True,True,,57.866
2-hydroxyethyl(trimethyl)azanium;chloride,"(3R,4S,5S,6R)-6-(hydroxymethyl)oxane-2,3,4,5-tetrol",0.5,0.5,304.15,303.5405,17.95,0.8459,PASS_WARMTEMP,True,False,False,False,True,False,False,True,,78.872
tetraethylazanium;chloride,decanoic acid,0.196,0.804,304.18,302.4599,17.95,0.846,PASS_WARMTEMP,True,False,False,False,True,False,False,True,,77.922
tetrapropylazanium;chloride,decanoic acid,0.1,0.9,304.36,304.61163,18.18,0.8309,PASS_WARMTEMP,True,False,False,False,True,False,False,True,,79.217
"1H-Imidazolium, 3-[2-[(1R,5S)-6,6-dimethylbicyclo[3.1.1]hept-2-en-2-yl]ethyl]-1-methyl-, methanesulfonate (1:1) (ACI)",urea,0.452,0.548,304.412,304.2162,18.85,0.7878,PASS_WARMTEMP,True,False,False,False,True,False,False,True,,77.144
2-hydroxyethyl(trimethyl)azanium;chloride,decanoic acid,0.212,0.788,304.45,304.5502,17.98,0.8438,PASS_WARMTEMP,True,False,False,False,True,False,False,True,,79.679
2-hydroxyethyl(trimethyl)azanium;chloride,3-phenylpropanoic acid,0.25,0.75,304.483,304.5694,17.02,0.9055,PASS_WARMTEMP,True,False,False,False,True,False,False,True,,82.164
tetramethylazanium;chloride,decanoic acid,0.099,0.901,304.55,306.1648,17.96,0.8451,REJECTED_DES_RULE,False,False,True,False,True,False,False,True,,61.155
2-hydroxyethyl(trimethyl)azanium;chloride,pentanedioic acid,0.495,0.505,304.55,305.5853,17.23,0.8925,PASS_WARMTEMP,True,False,False,False,True,False,False,True,,82.54
2-hydroxyethyl(trimethyl)azanium;chloride,decanoic acid,0.101,0.899,304.6,303.01154,18.69,0.7982,PASS_WARMTEMP,True,False,False,False,True,False,False,True,,76.497
2-hydroxyethyl(trimethyl)azanium;chloride,decanoic acid,0.399,0.601,304.7,305.70013,17.24,0.8918,REJECTED_DES_RULE,False,False,True,False,True,False,False,True,,62.613
tetrabutylazanium;chloride,(2S)-2-aminobutanedioic acid,0.916667,0.083333,304.93,304.0717,16.9,0.9137,PASS_WARMTEMP,True,False,False,False,True,False,False,True,,82.052
tetraethylazanium;chloride,decanoic acid,0.097,0.903,305.05,303.81177,17.96,0.8452,PASS_WARMTEMP,True,False,False,False,True,False,False,True,,79.083
tetrabutylazanium;chloride,tetradecanoic acid,0.307,0.693,305.2,304.57474,17.78,0.8566,PASS_WARMTEMP,True,False,False,False,True,False,False,True,,80.212
tetrabutylazanium;chloride,tetradecan-1-ol,0.102,0.898,305.4,304.80936,18.4,0.8173,PASS_WARMTEMP,True,False,False,False,True,False,False,True,,78.847
2-hydroxyethyl(trimethyl)azanium;chloride,decanoic acid,0.342,0.658,305.45,306.4002,17.38,0.8827,REJECTED_DES_RULE,False,False,True,False,True,False,False,True,,62.867
tetrapropylazanium;chloride,tetradecanoic acid,0.4,0.6,305.68,308.6903,17.22,0.8928,PASS_WARMTEMP,True,False,False,False,True,False,False,True,,85.292
2-hydroxyethyl(trimethyl)azanium;chloride,"propane-1,2,3-triol",0.603,0.397,305.811,308.73148,18.16,0.8323,REJECTED_DES_RULE,False,False,True,False,True,False,False,True,,62.908
"1H-Imidazolium, 3-[2-[(1R,5S)-6,6-dimethylbicyclo[3.1.1]hept-2-en-2-yl]ethyl]-1-methyl-, methanesulfonate (1:1) (ACI)",urea,0.303,0.697,305.882,305.35178,17.81,0.8546,PASS_WARMTEMP,True,False,False,False,True,False,False,True,,80.818
tetrabutylazanium;chloride,(2S)-2-aminobutanedioic acid,0.909091,0.090909,305.96,305.66266,16.85,0.9168,PASS_WARMTEMP,True,False,False,False,True,False,False,True,,83.58
ethanamine;hydrochloride,acetamide,0.5,0.5,306.15,307.12003,18.38,0.8182,PASS_WARMTEMP,True,False,False,False,True,False,False,True,,80.922
2-hydroxyethyl(trimethyl)azanium;chloride,"(3S,4R,5R)-2-(hydroxymethyl)oxane-2,3,4,5-tetrol",0.333333,0.666667,306.15,306.62073,17.29,0.8882,PASS_WARMTEMP,True,False,False,False,True,False,False,True,,83.282
2-hydroxyethyl(trimethyl)azanium;chloride,tetradecan-1-ol,0.288,0.712,306.55,306.60254,17.84,0.8529,PASS_WARMTEMP,True,False,False,False,True,False,False,True,,81.854
tetrapropylazanium;chloride,hexadecanoic acid,0.504,0.496,306.67,306.79358,16.71,0.9257,PASS_WARMTEMP,True,False,False,False,True,False,False,True,,84.934
2-hydroxyethyl(trimethyl)azanium;chloride,2-hydroxyacetic acid,0.3,0.7,306.72,304.57913,17.24,0.8918,PASS_WARMTEMP,True,False,False,False,True,False,False,True,,81.624
2-hydroxyethyl(trimethyl)azanium;chloride,"2,4,6-trimethylphenol",0.33,0.67,307.06,306.65063,17.68,0.863,PASS_WARMTEMP,True,False,False,False,True,False,False,True,,82.3
tetrabutylazanium;chloride,hexadecan-1-ol,0.3,0.7,307.2,307.90436,17.84,0.8531,PASS_WARMTEMP,True,False,False,False,True,False,False,True,,83.01
Glutaric Acid,[N2222]Br,0.577,0.423,307.5,311.6997,16.42,0.9443,PASS_WARMTEMP,True,False,False,False,True,False,False,True,,90.007
tetrapropylazanium;chloride,tetradecanoic acid,0.45,0.55,307.62,308.60342,17.28,0.8893,PASS_WARMTEMP,True,False,False,False,True,False,False,True,,85.075
tetrabutylazanium;chloride,hexadecanoic acid,0.392,0.608,307.7,308.7076,17.8,0.8558,PASS_WARMTEMP,True,False,False,False,True,False,False,True,,83.827
tetrabutylazanium;chloride,tetradecan-1-ol,0.605,0.395,307.8,308.58664,17.9,0.849,PASS_WARMTEMP,True,False,False,False,True,False,False,True,,83.448
ethanamine;hydrochloride,"2,2,2-trifluoroacetamide",0.25,0.75,308.0,307.00482,18.54,0.8081,PASS_WARMTEMP,True,False,False,False,True,False,False,True,,80.416
2-hydroxyethyl(trimethyl)azanium;chloride,oxalic acid,0.5,0.5,308.0,310.32452,17.22,0.8928,PASS_WARMTEMP,True,False,False,False,True,False,False,True,,86.734
tetrabutylazanium;chloride,tetradecanoic acid,0.684,0.316,308.3,309.33368,17.94,0.8465,PASS_WARMTEMP,True,False,False,False,True,False,False,True,,84.007
tetrabutylazanium;chloride,hexadecan-1-ol,0.494,0.506,308.5,307.0601,17.81,0.8552,PASS_WARMTEMP,True,False,False,False,True,False,False,True,,82.349
tetraethylazanium;chloride,dodecanoic acid,0.302,0.698,308.52,307.68997,16.51,0.9382,PASS_WARMTEMP,True,False,False,False,True,False,False,True,,86.225
tetrapropylazanium;chloride,tetradecanoic acid,0.35,0.65,308.55,307.81583,16.99,0.9079,PASS_WARMTEMP,True,False,False,False,True,False,False,True,,85.124
tetraethylazanium;chloride,dodecanoic acid,0.3035,0.6965,308.908,308.79654,16.54,0.9366,PASS_WARMTEMP,True,False,False,False,True,False,False,True,,87.137
2-hydroxyethyl(trimethyl)azanium;chloride,"(3S,4R,5R)-2-(hydroxymethyl)oxane-2,3,4,5-tetrol",0.285714,0.714286,309.15,307.72357,17.47,0.8766,PASS_WARMTEMP,True,False,False,False,True,False,False,True,,83.791
2-hydroxyethyl(trimethyl)azanium;chloride,"(2R,3R,4R,5S)-hexane-1,2,3,4,5,6-hexol",0.455,0.545,309.375,309.8715,17.0,0.9068,PASS_WARMTEMP,True,False,False,False,True,False,False,True,,86.894
ethanamine;hydrochloride,acetamide,0.333333,0.666667,310.15,308.59875,18.05,0.8394,PASS_WARMTEMP,True,False,False,False,True,False,False,True,,83.075
2-hydroxyethyl(trimethyl)azanium;chloride,"(3S,4R,5R)-2-(hydroxymethyl)oxane-2,3,4,5-tetrol",0.714286,0.285714,310.15,309.5163,17.56,0.8709,PASS_WARMTEMP,True,False,False,False,True,False,False,True,,85.144
2-hydroxyethyl(trimethyl)azanium;chloride,3-phenylpropanoic acid,0.199,0.801,310.15,309.1185,17.63,0.8668,PASS_WARMTEMP,True,False,False,False,True,False,False,True,,84.629
2-hydroxyethyl(trimethyl)azanium;chloride,tetradecan-1-ol,0.202,0.798,310.32,310.16693,17.7,0.8619,PASS_WARMTEMP,True,False,False,False,True,False,False,True,,85.359
tetraethylazanium;chloride,dodecanoic acid,0.2,0.8,310.35,312.3558,16.86,0.9162,PASS_WARMTEMP,True,False,False,False,True,False,False,True,,89.462
tetraethylazanium;chloride,dodecanoic acid,0.218,0.782,310.43,310.5125,16.57,0.9348,PASS_WARMTEMP,True,False,False,False,True,False,False,True,,88.58
2-hydroxyethyl(trimethyl)azanium;chloride,2-phenylacetic acid,0.302,0.698,310.483,311.30502,17.29,0.8886,PASS_WARMTEMP,True,False,False,False,True,False,False,True,,87.431
tetrapropylazanium;chloride,dodecanoic acid,0.196,0.804,310.65,310.96222,16.58,0.9339,PASS_WARMTEMP,True,False,False,False,True,False,False,True,,88.94
2-hydroxyethyl(trimethyl)azanium;chloride,propanedioic acid,0.399,0.601,310.734,310.4152,17.25,0.8907,PASS_WARMTEMP,True,False,False,False,True,False,False,True,,86.73
2-hydroxyethyl(trimethyl)azanium;chloride,tetradecan-1-ol,0.109,0.891,310.92,310.39664,17.85,0.8522,PASS_WARMTEMP,True,False,False,False,True,False,False,True,,85.173
tetraethylazanium;chloride,dodecanoic acid,0.2186,0.7814,311.014,310.5125,16.56,0.935,PASS_WARMTEMP,True,False,False,False,True,False,False,True,,88.588
2-hydroxyethyl(trimethyl)azanium;chloride,pentanedioic acid,0.45,0.55,311.15,310.38065,17.2,0.8943,PASS_WARMTEMP,True,False,False,False,True,False,False,True,,86.843
tetrapropylazanium;chloride,tetradecanoic acid,0.3,0.7,311.35,310.35568,16.99,0.9079,PASS_WARMTEMP,True,False,False,False,True,False,False,True,,87.365
tetrapropylazanium;chloride,dodecanoic acid,0.199,0.801,311.59,311.18326,16.58,0.9339,PASS_WARMTEMP,True,False,False,False,True,False,False,True,,89.135
tetraethylazanium;chloride,tetradecanoic acid,0.301,0.699,311.71,313.76068,17.14,0.8978,PASS_WARMTEMP,True,False,False,False,True,False,False,True,,89.966
tetramethylazanium;chloride,dodecanoic acid,0.3442,0.6558,312.0671,312.69833,16.49,0.9397,PASS_WARMTEMP,True,False,False,False,True,False,False,True,,90.704
2-hydroxyethyl(trimethyl)azanium;chloride,"(3R,4S,5S,6R)-6-(hydroxymethyl)oxane-2,3,4,5-tetrol",0.4,0.6,312.15,312.2742,18.03,0.8405,PASS_WARMTEMP,True,False,False,False,True,False,False,True,,86.362
tetraethylazanium;chloride,tetradecanoic acid,0.298,0.702,312.25,312.04367,17.16,0.8968,PASS_WARMTEMP,True,False,False,False,True,False,False,True,,88.411
tetraethylazanium;chloride,decanoic acid,0.401,0.599,312.28,315.96558,17.86,0.8516,REJECTED_DES_RULE,False,False,True,False,True,False,False,True,,70.063
tetramethylazanium;chloride,dodecanoic acid,0.296,0.704,312.55,312.2641,17.16,0.8965,PASS_WARMTEMP,True,False,False,False,True,False,False,True,,88.593
tetrapropylazanium;chloride,dodecanoic acid,0.2012,0.7988,312.7691,310.88974,16.59,0.9331,PASS_WARMTEMP,True,False,False,False,True,False,False,True,,88.844
tetramethylazanium;chloride,dodecanoic acid,0.343,0.657,312.86,312.69833,16.5,0.9393,PASS_WARMTEMP,True,False,False,False,True,False,False,True,,90.688
tetrabutylazanium;chloride,octadecan-1-ol,0.392,0.608,313.0,312.89307,17.8,0.8553,PASS_WARMTEMP,True,False,False,False,True,False,False,True,,87.5
tetramethylazanium;chloride,tetradecan-1-ol,0.1,0.9,313.1,314.26944,17.88,0.8503,REJECTED_DES_RULE,False,False,True,False,True,False,False,True,,68.514
2-hydroxyethyl(trimethyl)azanium;chloride,"(3S,4R,5R)-2-(hydroxymethyl)oxane-2,3,4,5-tetrol",0.25,0.75,313.15,313.55515,18.03,0.8407,PASS_WARMTEMP,True,False,False,False,True,False,False,True,,87.5
tetrapropylazanium;chloride,tetradecanoic acid,0.292,0.708,313.15,311.78195,16.96,0.9096,PASS_WARMTEMP,True,False,False,False,True,False,False,True,,88.692
tetrabutylazanium;chloride,hexadecan-1-ol,0.203,0.797,313.2,313.21472,17.84,0.8527,PASS_WARMTEMP,True,False,False,False,True,False,False,True,,87.68
2-hydroxyethyl(trimethyl)azanium;chloride,dodecanoic acid,0.345,0.655,313.2,312.2055,17.37,0.8834,PASS_WARMTEMP,True,False,False,False,True,False,False,True,,88.017
2-hydroxyethyl(trimethyl)azanium;chloride,dodecanoic acid,0.297,0.703,313.38,312.88934,17.6,0.8681,PASS_WARMTEMP,True,False,False,False,True,False,False,True,,88.009
tetrabutylazanium;chloride,hexadecanoic acid,0.705,0.295,313.6,313.64145,17.87,0.851,PASS_WARMTEMP,True,False,False,False,True,False,False,True,,87.988
tetramethylazanium;chloride,dodecanoic acid,0.4047,0.5953,313.8222,315.759,16.27,0.9539,PASS_WARMTEMP,True,False,False,False,True,False,False,True,,93.973
tetramethylazanium;chloride,dodecanoic acid,0.403,0.597,313.85,313.45642,16.26,0.9545,PASS_WARMTEMP,True,False,False,False,True,False,False,True,,91.965
2-hydroxyethyl(trimethyl)azanium;chloride,2-hydroxyacetic acid,0.247,0.753,313.95,316.39337,17.22,0.8928,PASS_WARMTEMP,True,False,False,False,True,False,False,True,,92.089
2-hydroxyethyl(trimethyl)azanium;chloride,N-(4-hydroxyphenyl)acetamide,0.5,0.5,314.16,313.91678,19.0,0.7784,PASS_WARMTEMP,True,False,False,False,True,False,False,True,,85.327
tetrabutylazanium;chloride,tetradecanoic acid,0.202,0.798,314.5,313.87195,18.03,0.8407,PASS_WARMTEMP,True,False,False,False,True,False,False,True,,87.78
tetramethylazanium;chloride,dodecanoic acid,0.195,0.805,314.52,314.62384,16.62,0.9314,PASS_WARMTEMP,True,False,False,False,True,False,False,True,,92.071
tetramethylazanium;chloride,tetradecan-1-ol,0.401,0.599,314.6,315.03854,17.82,0.8543,REJECTED_DES_RULE,False,False,True,False,True,False,False,True,,69.353
tetramethylazanium;chloride,dodecanoic acid,0.1965,0.8035,314.8752,314.66586,16.63,0.9311,PASS_WARMTEMP,True,False,False,False,True,False,False,True,,92.096
2-hydroxyethyl(trimethyl)azanium;chloride,"(2S,4R)-pentane-1,2,3,4,5-pentol",0.385,0.615,315.175,314.74112,17.61,0.8675,PASS_WARMTEMP,True,False,False,False,True,False,False,True,,89.619
tetrapropylazanium;chloride,tetradecanoic acid,0.5,0.5,315.25,316.0286,17.55,0.8714,PASS_WARMTEMP,True,False,False,False,True,False,False,True,,90.911
2-hydroxyethyl(trimethyl)azanium;chloride,propanedioic acid,0.6,0.4,315.432,317.82626,17.71,0.8616,PASS_WARMTEMP,True,False,False,False,True,False,False,True,,92.105
tetrapropylazanium;chloride,decanoic acid,0.4,0.6,315.55,315.39212,17.41,0.8809,REJECTED_DES_RULE,False,False,True,False,True,False,False,True,,70.729
tetramethylazanium;chloride,dodecanoic acid,0.201,0.799,315.65,315.2027,16.65,0.9295,PASS_WARMTEMP,True,False,False,False,True,False,False,True,,92.506
tetrabutylazanium;chloride,hexadecan-1-ol,0.597,0.403,315.7,314.3517,17.92,0.8478,PASS_WARMTEMP,True,False,False,False,True,False,False,True,,88.487
2-hydroxyethyl(trimethyl)azanium;chloride,"(1R,2S,5R)-5-methyl-2-propan-2-ylcyclohexan-1-ol",0.3,0.7,315.7,316.2926,17.35,0.8843,REJECTED_DES_RULE,False,False,True,False,True,False,False,True,,71.66
2-hydroxyethyl(trimethyl)azanium;chloride,dodecanoic acid,0.198,0.802,315.88,316.38565,17.88,0.8504,PASS_WARMTEMP,True,False,False,False,True,False,False,True,,90.386
tetramethylazanium;chloride,dodecanoic acid,0.41,0.59,315.95,315.95328,16.36,0.9482,PASS_WARMTEMP,True,False,False,False,True,False,False,True,,93.916
tetrabutylazanium;chloride,hexadecanoic acid,0.298,0.702,316.0,316.06787,17.86,0.8516,PASS_WARMTEMP,True,False,False,False,True,False,False,True,,90.153
tetraethylazanium;chloride,hexadecanoic acid,0.288,0.712,316.02,318.55243,16.61,0.9321,PASS_WARMTEMP,True,False,False,False,True,False,False,True,,95.566
tetraethylazanium;chloride,dodecanoic acid,0.098,0.902,316.05,317.2135,16.75,0.9231,PASS_WARMTEMP,True,False,False,False,True,False,False,True,,94.024
2-hydroxyethyl(trimethyl)azanium;chloride,dodecanoic acid,0.411,0.589,316.05,316.16455,17.2,0.8939,PASS_WARMTEMP,True,False,False,False,True,False,False,True,,91.931
2-hydroxyethyl(trimethyl)azanium;chloride,"2,3-dimethylphenol",0.2,0.8,316.3,316.39917,17.1,0.9005,PASS_WARMTEMP,True,False,False,False,True,False,False,True,,92.402
2-hydroxyethyl(trimethyl)azanium;chloride,"(1R,2S,5R)-5-methyl-2-propan-2-ylcyclohexan-1-ol",0.4,0.6,316.3,315.11743,17.42,0.8797,PASS_WARMTEMP,True,False,False,False,True,False,False,True,,90.439
tetrapropylazanium;chloride,hexadecanoic acid,0.395,0.605,316.35,317.25485,16.66,0.9289,PASS_WARMTEMP,True,False,False,False,True,False,False,True,,94.293
tetrabutylazanium;chloride,tetradecan-1-ol,0.7,0.3,316.4,314.3936,17.85,0.8526,REJECTED_DES_RULE,False,False,True,False,True,False,False,True,,68.716
2-hydroxyethyl(trimethyl)azanium;chloride,dodecanoic acid,0.1,0.9,316.48,317.39838,17.94,0.8465,PASS_WARMTEMP,True,False,False,False,True,False,False,True,,91.123
tetrapropylazanium;chloride,dodecanoic acid,0.118,0.882,316.65,315.9998,17.02,0.906,PASS_WARMTEMP,True,False,False,False,True,False,False,True,,92.269
tetrapropylazanium;chloride,dodecanoic acid,0.097,0.903,316.74,316.47385,17.37,0.8835,PASS_WARMTEMP,True,False,False,False,True,False,False,True,,91.788
2-hydroxyethyl(trimethyl)azanium;chloride,3-phenylpropanoic acid,0.4,0.6,316.817,315.95868,17.44,0.8787,PASS_WARMTEMP,True,False,False,False,True,False,False,True,,91.141
2-hydroxyethyl(trimethyl)azanium;chloride,2-hydroxypropanoic acid,0.55,0.45,316.88,319.6791,17.41,0.8807,REJECTED_DES_RULE,False,False,True,False,True,False,False,True,,74.504
2-hydroxyethyl(trimethyl)azanium;chloride,"(1R,2S,5R)-5-methyl-2-propan-2-ylcyclohexan-1-ol",0.2,0.8,316.9,317.64645,17.93,0.8473,REJECTED_DES_RULE,False,False,True,False,True,False,False,True,,71.374
tetrapropylazanium;chloride,decanoic acid,0.401,0.599,316.91,315.2905,17.41,0.8804,REJECTED_DES_RULE,False,False,True,False,True,False,False,True,,70.619
tetramethylazanium;chloride,dodecanoic acid,0.109,0.891,316.95,316.9484,16.67,0.9282,PASS_WARMTEMP,True,False,False,False,True,False,False,True,,93.994
tetraethylazanium;chloride,dodecanoic acid,0.099,0.901,316.97,317.1272,16.74,0.9239,PASS_WARMTEMP,True,False,False,False,True,False,False,True,,93.98
tetrabutylazanium;chloride,octadecan-1-ol,0.497,0.503,317.0,316.35287,17.85,0.8523,PASS_WARMTEMP,True,False,False,False,True,False,False,True,,90.433
2-hydroxyethyl(trimethyl)azanium;chloride,tetradecanoic acid,0.449,0.551,317.03,317.9114,16.34,0.9496,PASS_WARMTEMP,True,False,False,False,True,False,False,True,,95.7
tetramethylazanium;chloride,tetradecan-1-ol,0.313,0.687,317.1,317.88663,17.82,0.8545,REJECTED_DES_RULE,False,False,True,False,True,False,False,True,,71.874
2-hydroxyethyl(trimethyl)azanium;chloride,"(3R,4S,5S,6R)-6-(hydroxymethyl)oxane-2,3,4,5-tetrol",0.714286,0.285714,317.15,320.19687,17.56,0.8709,PASS_WARMTEMP,True,False,False,False,True,False,False,True,,94.569
tetramethylazanium;chloride,dodecanoic acid,0.094,0.906,317.39,317.39252,16.78,0.9211,PASS_WARMTEMP,True,False,False,False,True,False,False,True,,94.102
2-hydroxyethyl(trimethyl)azanium;chloride,tetradecanoic acid,0.446,0.554,317.4,317.97412,16.35,0.9486,PASS_WARMTEMP,True,False,False,False,True,False,False,True,,95.715
tetramethylazanium;chloride,tetradecanoic acid,0.214,0.786,317.45,318.1885,16.84,0.9175,PASS_WARMTEMP,True,False,False,False,True,False,False,True,,94.66
tetrapropylazanium;chloride,hexadecanoic acid,0.4,0.6,317.55,314.93848,16.64,0.9304,PASS_WARMTEMP,True,False,False,False,True,False,False,True,,92.309
tetraethylazanium;chloride,dodecanoic acid,0.1,0.9,317.6833,317.03223,16.74,0.9239,PASS_WARMTEMP,True,False,False,False,True,False,False,True,,93.896
tetramethylazanium;chloride,dodecanoic acid,0.0965,0.9035,317.6833,317.1847,16.74,0.9237,PASS_WARMTEMP,True,False,False,False,True,False,False,True,,94.023
Glutaric Acid,[N2222]Br,0.599,0.401,317.7,316.88876,16.38,0.9471,PASS_WARMTEMP,True,False,False,False,True,False,False,True,,94.698
tetrabutylazanium;chloride,octadecan-1-ol,0.303,0.697,317.9,317.99094,17.78,0.8566,PASS_WARMTEMP,True,False,False,False,True,False,False,True,,92.05
ethanamine;hydrochloride,acetamide,0.25,0.75,318.15,318.48026,18.55,0.8075,PASS_WARMTEMP,True,False,False,False,True,False,False,True,,90.518
tetramethylazanium;chloride,tetradecan-1-ol,0.199,0.801,318.3,317.175,17.88,0.8505,REJECTED_DES_RULE,False,False,True,False,True,False,False,True,,71.086
tetramethylazanium;chloride,tetradecanoic acid,0.205,0.795,318.4,319.2339,16.89,0.9143,PASS_WARMTEMP,True,False,False,False,True,False,False,True,,95.455
ethanamine;hydrochloride,urea,0.33,0.67,318.541,318.05524,18.48,0.8121,PASS_WARMTEMP,True,False,False,False,True,False,False,True,,90.327
2-hydroxyethyl(trimethyl)azanium;chloride,hexadecan-1-ol,0.5,0.5,318.55,318.59048,17.61,0.8678,PASS_WARMTEMP,True,False,False,False,True,False,False,True,,93.027
tetrabutylazanium;chloride,hexadecan-1-ol,0.101,0.899,318.7,318.8534,17.91,0.8482,PASS_WARMTEMP,True,False,False,False,True,False,False,True,,92.475
ethanamine;hydrochloride,acetamide,0.6,0.4,319.15,318.01468,18.19,0.8302,PASS_WARMTEMP,True,False,False,False,True,False,False,True,,91.015
ethanamine;hydrochloride,urea,0.659,0.341,319.237,321.14526,19.39,0.7531,PASS_WARMTEMP,True,False,False,False,True,False,False,True,,89.555
2-hydroxyethyl(trimethyl)azanium;chloride,tetradecan-1-ol,0.461,0.539,319.48,317.4798,17.11,0.9,REJECTED_DES_RULE,False,False,True,False,True,False,False,True,,73.335
tetraethylazanium;chloride,dodecanoic acid,0.395,0.605,319.62,320.40234,15.93,0.9758,REJECTED_DES_RULE,False,False,True,False,True,False,False,True,,78.946
tetramethylazanium;chloride,tetradecanoic acid,0.253,0.747,319.65,318.99588,16.66,0.9289,PASS_WARMTEMP,True,False,False,False,True,False,False,True,,95.829
tetraethylazanium;chloride,dodecanoic acid,0.3977,0.6023,319.7894,321.33392,15.91,0.9768,REJECTED_DES_RULE,False,False,True,False,True,False,False,True,,78.336
Pimelic Acid,[N3333]Br,0.55,0.45,319.8,320.83533,17.39,0.8821,PASS_WARMTEMP,True,False,False,False,True,False,False,True,,94.988
Glutaric Acid,[N2222]Br,0.621,0.379,319.9,320.0196,16.28,0.9536,PASS_WARMTEMP,True,False,False,False,True,False,False,True,,97.72
tetraethylazanium;chloride,hexadecanoic acid,0.406,0.594,319.93,323.1068,17.07,0.9025,PASS_WARMTEMP,True,False,False,False,True,False,False,True,,93.8
2-hydroxyethyl(trimethyl)azanium;chloride,"(2R,3R,4R,5S)-hexane-1,2,3,4,5,6-hexol",0.524,0.476,320.312,318.68933,16.58,0.9339,PASS_WARMTEMP,True,False,False,False,True,False,False,True,,95.758
tetraethylazanium;chloride,tetradecanoic acid,0.188,0.812,320.35,321.2085,17.19,0.895,PASS_WARMTEMP,True,False,False,False,True,False,False,True,,95.175
2-hydroxyethyl(trimethyl)azanium;chloride,pentanedioic acid,0.399,0.601,320.45,321.13345,17.19,0.895,PASS_WARMTEMP,True,False,False,False,True,False,False,True,,95.241
2-hydroxyethyl(trimethyl)azanium;chloride,"(3R,4S,5R)-oxane-2,3,4,5-tetrol",0.498,0.502,320.62,322.58847,17.3,0.8876,PASS_WARMTEMP,True,False,False,False,True,False,False,True,,93.661
tetraethylazanium;chloride,dodecanoic acid,0.401,0.599,320.68,316.8824,15.93,0.9756,PASS_WARMTEMP,True,False,False,False,True,False,False,True,,95.832
2-hydroxyethyl(trimethyl)azanium;chloride,hexadecan-1-ol,0.408,0.592,320.78,321.30063,17.12,0.8993,PASS_WARMTEMP,True,False,False,False,True,False,False,True,,95.266
2-hydroxyethyl(trimethyl)azanium;chloride,hexadecan-1-ol,0.396,0.604,320.95,321.2727,17.04,0.9044,PASS_WARMTEMP,True,False,False,False,True,False,False,True,,95.494
tetraethylazanium;chloride,tetradecanoic acid,0.206,0.794,321.06,320.7668,17.25,0.8911,PASS_WARMTEMP,True,False,False,False,True,False,False,True,,95.409
2-hydroxyethyl(trimethyl)azanium;chloride,N-(4-hydroxyphenyl)acetamide,0.504,0.496,321.18,321.63748,17.55,0.8716,PASS_WARMTEMP,True,False,False,False,True,False,False,True,,93.86
tetramethylazanium;chloride,tetradecanoic acid,0.315,0.685,321.25,322.9466,16.99,0.9079,PASS_WARMTEMP,True,False,False,False,True,False,False,True,,94.157
tetraethylazanium;chloride,dodecanoic acid,0.392,0.608,321.45,320.04114,15.98,0.9726,REJECTED_DES_RULE,False,False,True,False,True,False,False,True,,78.499
2-hydroxyethyl(trimethyl)azanium;chloride,"2,3-dihydroxybutanedioic acid",0.673,0.327,321.55,321.63812,17.24,0.8914,PASS_WARMTEMP,True,False,False,False,True,False,False,True,,94.652
tetraethylazanium;chloride,octadecanoic acid,0.412,0.588,321.65,321.62057,17.86,0.852,PASS_WARMTEMP,True,False,False,False,True,False,False,True,,93.091
tetrabutylazanium;chloride,octadecan-1-ol,0.595,0.405,321.7,321.8871,17.77,0.8573,PASS_WARMTEMP,True,False,False,False,True,False,False,True,,93.068
2-hydroxyethyl(trimethyl)azanium;chloride,2-methylphenol,0.399,0.601,321.8,320.9807,16.74,0.9237,REJECTED_DES_RULE,False,False,True,False,True,False,False,True,,76.524
2-hydroxyethyl(trimethyl)azanium;chloride,"(2R,3R,4R,5S)-hexane-1,2,3,4,5,6-hexol",0.385,0.615,321.875,326.7739,17.01,0.9064,PASS_WARMTEMP,True,False,False,False,True,False,False,True,,90.72
tetrabutylazanium;chloride,tetradecanoic acid,0.8,0.2,321.9,321.3378,17.92,0.8477,PASS_WARMTEMP,True,False,False,False,True,False,False,True,,93.169
tetrapropylazanium;chloride,hexadecanoic acid,0.406,0.594,321.91,317.97302,16.66,0.9289,PASS_WARMTEMP,True,False,False,False,True,False,False,True,,94.926
2-hydroxyethyl(trimethyl)azanium;chloride,2-hydroxyacetic acid,0.201,0.799,321.95,320.54968,17.2,0.8939,PASS_WARMTEMP,True,False,False,False,True,False,False,True,,95.712
2-hydroxyethyl(trimethyl)azanium;chloride,"(2S,3R)-butane-1,2,3,4-tetrol",0.502,0.498,321.973,324.96674,17.13,0.8986,PASS_WARMTEMP,True,False,False,False,True,False,False,True,,92.003
tetrabutylazanium;chloride,hexadecanoic acid,0.799,0.201,322.2,320.8555,17.8,0.8554,PASS_WARMTEMP,True,False,False,False,True,False,False,True,,93.902
2-hydroxyethyl(trimethyl)azanium;chloride,"(3R,4S,5S)-oxane-2,3,4,5-tetrol",0.503,0.497,322.22,321.13806,17.28,0.8891,PASS_WARMTEMP,True,False,False,False,True,False,False,True,,95.001
2-hydroxyethyl(trimethyl)azanium;chloride,hexadecan-1-ol,0.332,0.668,322.28,322.45795,17.06,0.9033,PASS_WARMTEMP,True,False,False,False,True,False,False,True,,94.404
tetramethylazanium;chloride,tetradecanoic acid,0.303,0.697,322.28,322.46286,16.92,0.9121,PASS_WARMTEMP,True,False,False,False,True,False,False,True,,94.752
2-hydroxyethyl(trimethyl)azanium;chloride,"(1R,2S,5R)-5-methyl-2-propan-2-ylcyclohexan-1-ol",0.1,0.9,322.4,322.19177,19.17,0.7673,REJECTED_DES_RULE,False,False,True,False,True,False,False,True,,69.199
methyl(triphenyl)phosphanium;bromide,"ethane-1,2-diol",0.4,0.6,322.42,323.74924,17.51,0.8739,REJECTED_DES_RULE,False,False,True,False,True,False,False,True,,72.089
tetrapropylazanium;chloride,tetradecanoic acid,0.197,0.803,322.45,322.6983,17.18,0.8953,PASS_WARMTEMP,True,False,False,False,True,False,False,True,,93.872
2-hydroxyethyl(trimethyl)azanium;chloride,hexadecan-1-ol,0.306,0.694,322.55,322.67786,17.31,0.8872,PASS_WARMTEMP,True,False,False,False,True,False,False,True,,93.566
2-hydroxyethyl(trimethyl)azanium;chloride,hexadecan-1-ol,0.208,0.792,322.73,323.23694,17.71,0.8617,PASS_WARMTEMP,True,False,False,False,True,False,False,True,,92.053
tetrabutylazanium;chloride,octadecanoic acid,0.493,0.507,322.9,321.6987,17.89,0.8499,PASS_WARMTEMP,True,False,False,False,True,False,False,True,,92.938
"1H-Imidazolium, 3-[2-[(1R,5S)-6,6-dimethylbicyclo[3.1.1]hept-2-en-2-yl]ethyl]-1-methyl-, methanesulfonate (1:1) (ACI)",4-oxopentanoic acid,0.494,0.506,323.188,323.13837,18.9,0.7846,REJECTED_DES_RULE,False,False,True,False,True,False,False,True,,69.056
2-hydroxyethyl(trimethyl)azanium;chloride,tetradecanoic acid,0.491,0.509,323.3,322.74738,16.57,0.9346,PASS_WARMTEMP,True,False,False,False,True,False,False,True,,95.401
2-hydroxyethyl(trimethyl)azanium;chloride,hexadecan-1-ol,0.132,0.868,323.35,323.60797,17.76,0.858,PASS_WARMTEMP,True,False,False,False,True,False,False,True,,91.578
tetraethylazanium;chloride,hexadecanoic acid,0.409,0.591,323.35,322.4228,17.03,0.9053,PASS_WARMTEMP,True,False,False,False,True,False,False,True,,94.515
tetrapropylazanium;chloride,tetradecanoic acid,0.2,0.8,323.45,323.073,17.19,0.8946,PASS_WARMTEMP,True,False,False,False,True,False,False,True,,93.514
2-hydroxyethyl(trimethyl)azanium;chloride,"2,3-dimethylphenol",0.332,0.668,323.6,320.39105,17.07,0.9024,PASS_WARMTEMP,True,False,False,False,True,False,False,True,,96.0
tetrapropylazanium;chloride,hexadecanoic acid,0.311,0.689,323.75,322.93735,17.13,0.8989,PASS_WARMTEMP,True,False,False,False,True,False,False,True,,93.805
tetramethylazanium;chloride,tetradecanoic acid,0.12,0.88,323.85,324.19937,17.25,0.891,PASS_WARMTEMP,True,False,False,False,True,False,False,True,,92.376
tetrapropylazanium;chloride,hexadecanoic acid,0.296,0.704,323.95,322.96783,17.29,0.8882,PASS_WARMTEMP,True,False,False,False,True,False,False,True,,93.35
tetrabutylazanium;chloride,hexadecan-1-ol,0.725,0.275,324.1,324.81042,17.8,0.8553,REJECTED_DES_RULE,False,False,True,False,True,False,False,True,,70.409
2-hydroxyethyl(trimethyl)azanium;chloride,propanedioic acid,0.349,0.651,324.157,324.53455,17.32,0.8862,PASS_WARMTEMP,True,False,False,False,True,False,False,True,,91.888
2-hydroxyethyl(trimethyl)azanium;chloride,acetamide,0.33,0.67,324.16,323.88535,18.77,0.7935,PASS_WARMTEMP,True,False,False,False,True,False,False,True,,88.753
2-hydroxyethyl(trimethyl)azanium;chloride,dodecanoic acid,0.446,0.554,324.2,323.02505,17.2,0.8939,REJECTED_DES_RULE,False,False,True,False,True,False,False,True,,73.528
tetraethylazanium;chloride,tetradecanoic acid,0.106,0.894,324.35,324.32434,17.19,0.8949,PASS_WARMTEMP,True,False,False,False,True,False,False,True,,92.422
tetrabutylazanium;chloride,octadecan-1-ol,0.201,0.799,324.5,324.28464,17.85,0.8527,PASS_WARMTEMP,True,False,False,False,True,False,False,True,,90.769
tetrapropylazanium;chloride,hexadecanoic acid,0.6,0.4,324.55,325.4842,17.79,0.8564,PASS_WARMTEMP,True,False,False,False,True,False,False,True,,89.858
tetraethylazanium;chloride,tetradecanoic acid,0.104,0.896,324.97,324.4571,17.21,0.8935,PASS_WARMTEMP,True,False,False,False,True,False,False,True,,92.248
2-hydroxyethyl(trimethyl)azanium;chloride,"2,3-dimethylphenol",0.167,0.833,325.0,322.14743,17.1,0.9005,PASS_WARMTEMP,True,False,False,False,True,False,False,True,,94.566
tetrabutylazanium;chloride,octadecanoic acid,0.596,0.404,325.0,328.0397,17.77,0.8575,PASS_WARMTEMP,True,False,False,False,True,False,False,True,,87.647
2-hydroxyethyl(trimethyl)azanium;chloride,tetradecanoic acid,0.406,0.594,325.13,324.69363,16.99,0.9079,PASS_WARMTEMP,True,False,False,False,True,False,False,True,,92.616
2-hydroxyethyl(trimethyl)azanium;chloride,2-phenylacetic acid,0.252,0.748,325.483,323.2171,17.34,0.8851,PASS_WARMTEMP,True,False,False,False,True,False,False,True,,93.007
2-hydroxyethyl(trimethyl)azanium;chloride,tetradecanoic acid,0.316,0.684,325.75,325.20404,17.24,0.8917,PASS_WARMTEMP,True,False,False,False,True,False,False,True,,91.517
tetrabutylazanium;chloride,octadecan-1-ol,0.686,0.314,325.8,325.6309,17.9,0.8492,PASS_WARMTEMP,True,False,False,False,True,False,False,True,,89.441
2-hydroxyethyl(trimethyl)azanium;chloride,tetradecanoic acid,0.311,0.689,325.95,325.18542,17.21,0.8932,PASS_WARMTEMP,True,False,False,False,True,False,False,True,,91.594
2-hydroxyethyl(trimethyl)azanium;chloride,oxalic acid,0.45,0.55,326.0,325.1659,17.22,0.8928,PASS_WARMTEMP,True,False,False,False,True,False,False,True,,91.595
tetrabutylazanium;chloride,tetradecan-1-ol,0.799,0.201,326.0,326.45636,17.84,0.8533,REJECTED_DES_RULE,False,False,True,False,True,False,False,True,,68.876
tetraethylazanium;chloride,hexadecanoic acid,0.302,0.698,326.01,324.97464,16.69,0.9271,PASS_WARMTEMP,True,False,False,False,True,False,False,True,,93.136
2-hydroxyethyl(trimethyl)azanium;chloride,2-[4-(2-methylpropyl)phenyl]propanoic acid,0.396,0.604,326.05,326.1884,18.64,0.8015,PASS_WARMTEMP,True,False,False,False,True,False,False,True,,87.041
2-hydroxyethyl(trimethyl)azanium;chloride,"(2S,4R)-pentane-1,2,3,4,5-pentol",0.552,0.448,326.07,329.1316,16.88,0.915,PASS_WARMTEMP,True,False,False,False,True,False,False,True,,88.984
2-hydroxyethyl(trimethyl)azanium;chloride,tetradecanoic acid,0.208,0.792,326.2,325.90726,17.3,0.888,PASS_WARMTEMP,True,False,False,False,True,False,False,True,,90.749
2-hydroxyethyl(trimethyl)azanium;chloride,tetradecanoic acid,0.215,0.785,326.33,325.93704,17.27,0.8899,PASS_WARMTEMP,True,False,False,False,True,False,False,True,,90.799
tetrapropylazanium;chloride,tetradecanoic acid,0.1,0.9,326.35,326.8093,17.26,0.89,PASS_WARMTEMP,True,False,False,False,True,False,False,True,,90.033
tetraethylazanium;chloride,hexadecanoic acid,0.218,0.782,326.417,328.28775,16.59,0.9332,PASS_WARMTEMP,True,False,False,False,True,False,False,True,,90.456
2-hydroxyethyl(trimethyl)azanium;chloride,pentanedioic acid,0.352,0.648,326.58,325.69257,17.22,0.8928,PASS_WARMTEMP,True,False,False,False,True,False,False,True,,91.13
tetrapropylazanium;chloride,tetradecanoic acid,0.099,0.901,326.62,327.16663,17.28,0.8893,REJECTED_DES_RULE,False,False,True,False,True,False,False,True,,69.69
2-hydroxyethyl(trimethyl)azanium;chloride,tetradecanoic acid,0.101,0.899,326.65,326.64786,17.37,0.8829,PASS_WARMTEMP,True,False,False,False,True,False,False,True,,89.891
tetrabutylazanium;chloride,hexadecanoic acid,0.183,0.817,326.8,325.6374,17.79,0.8565,PASS_WARMTEMP,True,False,False,False,True,False,False,True,,89.727
2-hydroxyethyl(trimethyl)azanium;chloride,tetradecanoic acid,0.108,0.892,326.98,326.56464,17.32,0.8866,PASS_WARMTEMP,True,False,False,False,True,False,False,True,,90.113
Glutaric Acid,[N2222]Br,0.641,0.359,327.1,326.8516,16.33,0.9504,PASS_WARMTEMP,True,False,False,False,True,False,False,True,,92.412
tetraethylazanium;chloride,hexadecanoic acid,0.31,0.69,327.25,327.655,16.76,0.9221,PASS_WARMTEMP,True,False,False,False,True,False,False,True,,90.571
tetrabutylazanium;chloride,octadecanoic acid,0.386,0.614,327.4,325.4288,17.77,0.8574,PASS_WARMTEMP,True,False,False,False,True,False,False,True,,89.947
2-hydroxyethyl(trimethyl)azanium;chloride,5-methyl-2-propan-2-ylphenol,0.3,0.7,327.4,327.87146,17.31,0.8873,REJECTED_DES_RULE,False,False,True,False,True,False,False,True,,68.988
tetramethylazanium;chloride,tetradecanoic acid,0.099,0.901,327.5,326.47232,17.44,0.8784,PASS_WARMTEMP,True,False,False,False,True,False,False,True,,89.866
2-hydroxyethyl(trimethyl)azanium;chloride,tetradecanoic acid,0.502,0.498,327.68,328.00278,16.65,0.9296,REJECTED_DES_RULE,False,False,True,False,True,False,False,True,,70.564
tetrapropylazanium;chloride,octadecanoic acid,0.4,0.6,327.92,328.797,17.45,0.8782,PASS_WARMTEMP,True,False,False,False,True,False,False,True,,87.807
"1H-Imidazolium, 3-[2-[(1R,5S)-6,6-dimethylbicyclo[3.1.1]hept-2-en-2-yl]ethyl]-1-methyl-, methanesulfonate (1:1) (ACI)",urea,0.252,0.748,327.941,327.53177,17.83,0.8536,PASS_WARMTEMP,True,False,False,False,True,False,False,True,,87.939
2-hydroxyethyl(trimethyl)azanium;chloride,oxalic acid,0.4,0.6,328.0,328.73395,17.22,0.8928,PASS_WARMTEMP,True,False,False,False,True,False,False,True,,88.447
tetraethylazanium;bromide,heptanedioic acid,0.56,0.44,328.1,328.15738,21.42,0.6229,PASS_WARMTEMP,True,False,False,False,True,False,False,True,,78.159
2-fluoroethyl(trimethyl)azanium;bromide,urea,0.3333,0.6667,328.15,327.47668,22.46,0.5557,PASS_WARMTEMP,True,False,False,False,True,False,False,True,,76.072
tetrabutylazanium;chloride,octadecanoic acid,0.682,0.318,328.2,328.11526,17.87,0.8512,PASS_WARMTEMP,True,False,False,False,True,False,False,True,,87.329
Glutaric Acid,[N2222]Br,0.537,0.463,328.2,326.6188,16.1,0.9646,PASS_WARMTEMP,True,False,False,False,True,False,False,True,,93.185
2-hydroxyethyl(trimethyl)azanium;chloride,"(2S,3R)-butane-1,2,3,4-tetrol",0.451,0.549,328.251,328.4644,17.2,0.8939,PASS_WARMTEMP,True,False,False,False,True,False,False,True,,88.729
tetramethylazanium;chloride,hexadecan-1-ol,0.4,0.6,328.3,327.73328,17.79,0.8559,REJECTED_DES_RULE,False,False,True,False,True,False,False,True,,67.854
2-hydroxyethyl(trimethyl)azanium;chloride,octadecan-1-ol,0.502,0.498,328.32,327.29868,16.98,0.9082,PASS_WARMTEMP,True,False,False,False,True,False,False,True,,90.329
2-hydroxyethyl(trimethyl)azanium;chloride,octadecan-1-ol,0.492,0.508,328.48,328.77078,17.05,0.9039,PASS_WARMTEMP,True,False,False,False,True,False,False,True,,88.858
2-hydroxyethyl(trimethyl)azanium;chloride,urea,0.502,0.498,328.501,328.4949,18.09,0.8371,PASS_WARMTEMP,True,False,False,False,True,False,False,True,,86.43
Pimelic Acid,[N2222]Br,0.578,0.422,328.6,326.4142,18.1,0.8362,PASS_WARMTEMP,True,False,False,False,True,False,False,True,,88.23
2-hydroxyethyl(trimethyl)azanium;chloride,"(1R,4R)-1,7,7-trimethylbicyclo[2.2.1]heptan-2-one",0.499,0.501,328.7,331.89215,18.9,0.7846,PASS_WARMTEMP,True,False,False,False,True,False,False,True,,81.332
2-hydroxyethyl(trimethyl)azanium;chloride,decanoic acid,0.456,0.544,328.75,332.90573,17.12,0.8993,REJECTED_DES_RULE,False,False,True,False,True,False,False,True,,65.026
tetrabutylazanium;chloride,octadecan-1-ol,0.101,0.899,328.9,329.67807,17.98,0.8441,PASS_WARMTEMP,True,False,False,False,True,False,False,True,,85.666
tetrabutylazanium;chloride,hexadecan-1-ol,0.796,0.204,329.0,328.72977,17.69,0.8627,REJECTED_DES_RULE,False,False,True,False,True,False,False,True,,67.246
"1,3-Dimethylurea",ChCl,0.61,0.39,329.15,329.0922,23.7,0.4765,PASS_WARMTEMP,True,False,False,False,True,False,False,True,,71.479
tetrapropylazanium;chloride,octadecanoic acid,0.446,0.554,329.18,330.45767,17.42,0.8801,PASS_WARMTEMP,True,False,False,False,True,False,False,True,,86.418
tetrapropylazanium;chloride,hexadecanoic acid,0.182,0.818,329.25,330.09473,17.17,0.8961,PASS_WARMTEMP,True,False,False,False,True,False,False,True,,87.378
2-hydroxyethyl(trimethyl)azanium;chloride,1H-imidazole,0.3,0.7,329.2686,329.47162,18.89,0.7857,PASS_WARMTEMP,True,False,False,False,True,False,False,True,,83.512
imidazole,Choline chloride,0.7,0.3,329.269,329.2853,21.0,0.6496,PASS_WARMTEMP,True,False,False,False,True,False,False,True,,78.232
tetramethylazanium;chloride,hexadecan-1-ol,0.3,0.7,329.4,328.13565,17.8,0.8558,REJECTED_DES_RULE,False,False,True,False,True,False,False,True,,67.495
2-hydroxyethyl(trimethyl)azanium;chloride,octadecan-1-ol,0.394,0.606,329.52,328.62985,17.08,0.9021,PASS_WARMTEMP,True,False,False,False,True,False,False,True,,88.911
2-hydroxyethyl(trimethyl)azanium;chloride,octadecan-1-ol,0.403,0.597,329.98,329.63086,17.11,0.8996,PASS_WARMTEMP,True,False,False,False,True,False,False,True,,87.927
ethanamine;hydrochloride,acetamide,0.666667,0.333333,330.15,327.99707,18.1,0.836,PASS_WARMTEMP,True,False,False,False,True,False,False,True,,86.825
"1H-Benzotriazolium, 3-butyl-1-ethyl-, hexafluorophosphate(1-) (1:1) (ACI)",1H-imidazole,0.2,0.8,330.15,329.89185,28.68,0.1563,PASS_WARMTEMP,True,False,False,False,True,False,True,True,,57.965
2-hydroxyethyl(trimethyl)azanium;chloride,2-methylidenebutanedioic acid,0.5,0.5,330.15,330.26373,18.74,0.795,PASS_WARMTEMP,True,False,False,False,True,False,False,True,,83.185
tetramethylazanium;chloride,hexadecan-1-ol,0.201,0.799,330.2,330.6663,17.8,0.8556,REJECTED_DES_RULE,False,False,True,False,True,False,False,True,,65.254
2-hydroxyethyl(trimethyl)azanium;chloride,2-hydroxyacetic acid,0.15,0.85,330.28,331.0137,17.21,0.8936,PASS_WARMTEMP,True,False,False,False,True,False,False,True,,86.467
tetramethylazanium;chloride,hexadecan-1-ol,0.5,0.5,330.4,330.18103,17.84,0.8528,REJECTED_DES_RULE,False,False,True,False,True,False,False,True,,65.57
2-hydroxyethyl(trimethyl)azanium;chloride,"2,3-dimethylphenol",0.4,0.6,330.5,329.13,17.45,0.8779,PASS_WARMTEMP,True,False,False,False,True,False,False,True,,87.501
Glutaric Acid,[N2222]Br,0.665,0.335,330.5,331.6254,16.46,0.9418,PASS_WARMTEMP,True,False,False,False,True,False,False,True,,87.855
Pimelic Acid,[N3333]Br,0.497,0.503,330.5,330.61053,16.74,0.9236,PASS_WARMTEMP,True,False,False,False,True,False,False,True,,88.023
2-hydroxyethyl(trimethyl)azanium;chloride,octadecan-1-ol,0.302,0.698,330.55,330.3469,17.25,0.8911,PASS_WARMTEMP,True,False,False,False,True,False,False,True,,86.956
2-hydroxyethyl(trimethyl)azanium;chloride,octadecan-1-ol,0.319,0.681,330.58,330.60245,17.1,0.9003,PASS_WARMTEMP,True,False,False,False,True,False,False,True,,87.098
2-hydroxyethyl(trimethyl)azanium;chloride,"2,3-dihydroxybutanedioic acid",0.6,0.4,330.62,332.4369,17.39,0.8821,PASS_WARMTEMP,True,False,False,False,True,False,False,True,,84.751
tetrapropylazanium;chloride,hexadecanoic acid,0.201,0.799,330.81,331.23315,17.29,0.8882,PASS_WARMTEMP,True,False,False,False,True,False,False,True,,86.058
2-hydroxyethyl(trimethyl)azanium;chloride,propanedioic acid,0.296,0.704,330.868,330.07837,17.85,0.8521,PASS_WARMTEMP,True,False,False,False,True,False,False,True,,85.632
tetraethylazanium;chloride,hexadecanoic acid,0.503,0.497,330.98,331.396,16.65,0.9293,PASS_WARMTEMP,True,False,False,False,True,False,False,True,,87.558
2-hydroxyethyl(trimethyl)azanium;chloride,hexadecanoic acid,0.4,0.6,331.03,332.855,17.1,0.9008,PASS_WARMTEMP,True,False,False,False,True,False,False,True,,85.131
2-hydroxyethyl(trimethyl)azanium;chloride,octadecan-1-ol,0.203,0.797,331.12,331.55148,16.97,0.9086,PASS_WARMTEMP,True,False,False,False,True,False,False,True,,86.593
2-hydroxyethyl(trimethyl)azanium;chloride,"(2R,3R,4R,5S)-hexane-1,2,3,4,5,6-hexol",0.381,0.619,331.144,326.7739,17.03,0.905,PASS_WARMTEMP,True,False,False,False,True,False,False,True,,90.664
tetrabutylazanium;chloride,octadecan-1-ol,0.8,0.2,331.3,331.45438,18.05,0.8392,PASS_WARMTEMP,True,False,False,False,True,False,False,True,,83.902
tetramethylazanium;chloride,hexadecanoic acid,0.301,0.699,331.36,331.5973,17.31,0.8872,PASS_WARMTEMP,True,False,False,False,True,False,False,True,,85.696
tetrabutylazanium;chloride,hexadecanoic acid,0.107,0.893,331.4,331.6132,17.85,0.8524,PASS_WARMTEMP,True,False,False,False,True,False,False,True,,84.29
tetraethylazanium;chloride,hexadecanoic acid,0.502,0.498,331.402,330.8695,16.65,0.9296,PASS_WARMTEMP,True,False,False,False,True,False,False,True,,88.034
tetramethylazanium;chloride,hexadecanoic acid,0.402,0.598,331.46,333.4644,17.08,0.9018,PASS_WARMTEMP,True,False,False,False,True,False,False,True,,84.633
methyl(triphenyl)phosphanium;bromide,"2,2,2-trifluoroacetamide",0.4,0.6,331.55,331.4783,18.42,0.8155,PASS_WARMTEMP,True,False,False,False,True,False,False,True,,82.933
2-hydroxyethyl(trimethyl)azanium;chloride,octadecan-1-ol,0.205,0.795,331.58,331.44595,16.98,0.9085,PASS_WARMTEMP,True,False,False,False,True,False,False,True,,86.682
2-hydroxyethyl(trimethyl)azanium;chloride,tetradecan-1-ol,0.505,0.495,331.62,334.42203,17.06,0.9032,REJECTED_DES_RULE,False,False,True,False,True,False,False,True,,63.844
2-hydroxyethyl(trimethyl)azanium;chloride,hexadecanoic acid,0.366,0.634,331.95,331.34146,17.12,0.8993,PASS_WARMTEMP,True,False,False,False,True,False,False,True,,86.406
tetrapropylazanium;bromide,hexanedioic acid,0.52,0.48,332.0,332.49722,22.01,0.585,PASS_WARMTEMP,True,False,False,False,True,False,False,True,,72.814
ethanamine;hydrochloride,urea,0.741,0.259,332.107,331.5769,19.87,0.7222,PASS_WARMTEMP,True,False,False,False,True,False,False,True,,79.114
tetrapropylazanium;chloride,octadecanoic acid,0.307,0.693,332.15,334.09573,17.29,0.8886,PASS_WARMTEMP,True,False,False,False,True,False,False,True,,83.548
2-hydroxyethyl(trimethyl)azanium;chloride,"benzene-1,4-diol",0.5,0.5,332.16,331.1083,18.62,0.8027,PASS_WARMTEMP,True,False,False,False,True,False,False,True,,82.748
tetramethylazanium;chloride,hexadecan-1-ol,0.1,0.9,332.2,331.91974,18.0,0.8429,REJECTED_DES_RULE,False,False,True,False,True,False,False,True,,63.64
2-hydroxyethyl(trimethyl)azanium;chloride,octadecan-1-ol,0.15,0.85,332.2,331.82538,17.04,0.9042,PASS_WARMTEMP,True,False,False,False,True,False,False,True,,86.175
2-hydroxyethyl(trimethyl)azanium;chloride,"(2S,4R)-pentane-1,2,3,4,5-pentol",0.294,0.706,332.296,333.57385,17.24,0.8918,PASS_WARMTEMP,True,False,False,False,True,False,False,True,,84.136
tetramethylazanium;chloride,hexadecan-1-ol,0.6,0.4,332.3,335.75565,17.83,0.8533,REJECTED_DES_RULE,False,False,True,False,True,False,False,True,,60.671
tetramethylazanium;chloride,hexadecanoic acid,0.204,0.796,332.4,332.36063,17.3,0.8876,PASS_WARMTEMP,True,False,False,False,True,False,False,True,,85.039
2-hydroxyethyl(trimethyl)azanium;chloride,octadecan-1-ol,0.098,0.902,332.42,332.6958,17.58,0.8695,PASS_WARMTEMP,True,False,False,False,True,False,False,True,,84.019
tetrapropylazanium;chloride,octadecanoic acid,0.299,0.701,332.47,332.44867,17.24,0.8914,PASS_WARMTEMP,True,False,False,False,True,False,False,True,,85.113
2-hydroxyethyl(trimethyl)azanium;chloride,"(3S,4S,5S,6R)-6-(hydroxymethyl)oxane-2,3,4,5-tetrol",0.501,0.499,332.52,333.34988,19.23,0.7638,PASS_WARMTEMP,True,False,False,False,True,False,False,True,,79.214
tetrabutylazanium;chloride,tetradecanoic acid,0.897,0.103,332.6,332.60724,17.98,0.8442,REJECTED_DES_RULE,False,False,True,False,True,False,False,True,,63.085
tetraethylazanium;chloride,hexadecanoic acid,0.199,0.801,332.69,332.41647,16.73,0.9243,PASS_WARMTEMP,True,False,False,False,True,False,False,True,,86.457
tetrabutylazanium;chloride,octadecanoic acid,0.304,0.696,332.7,331.851,17.75,0.8585,PASS_WARMTEMP,True,False,False,False,True,False,False,True,,84.324
tetraethylazanium;chloride,hexadecanoic acid,0.204,0.796,332.75,331.00974,16.67,0.9282,PASS_WARMTEMP,True,False,False,False,True,False,False,True,,87.855
tetraethylazanium;chloride,octadecanoic acid,0.309,0.691,332.78,332.06866,17.8,0.8555,PASS_WARMTEMP,True,False,False,False,True,False,False,True,,84.012
tetraethylazanium;chloride,hexadecanoic acid,0.484,0.516,333.05,332.89194,16.61,0.9321,PASS_WARMTEMP,True,False,False,False,True,False,False,True,,86.35
2-hydroxyethyl(trimethyl)azanium;chloride,hexadecanoic acid,0.307,0.693,333.2,333.61252,17.25,0.8912,PASS_WARMTEMP,True,False,False,False,True,False,False,True,,84.078
Glutaric Acid,[N2222]Br,0.527,0.473,333.2,332.70834,15.94,0.9754,PASS_WARMTEMP,True,False,False,False,True,False,False,True,,88.244
Pimelic Acid,[N3333]Br,0.454,0.546,333.2,332.98193,16.09,0.9654,PASS_WARMTEMP,True,False,False,False,True,False,False,True,,87.603
tetraethylazanium;chloride,hexadecanoic acid,0.098,0.902,333.35,334.38766,16.88,0.9146,PASS_WARMTEMP,True,False,False,False,True,False,False,True,,84.33
tetraethylazanium;chloride,hexadecanoic acid,0.068,0.932,333.396,333.44528,17.18,0.8955,PASS_WARMTEMP,True,False,False,False,True,False,False,True,,84.398
tetrabutylazanium;chloride,tetradecan-1-ol,0.896,0.104,333.4,333.91937,18.07,0.8382,REJECTED_DES_RULE,False,False,True,False,True,False,False,True,,61.687
tetramethylazanium;chloride,hexadecanoic acid,0.403,0.597,333.45,333.8062,17.09,0.9015,PASS_WARMTEMP,True,False,False,False,True,False,False,True,,84.319
tetraethylazanium;chloride,dodecanoic acid,0.4535,0.5465,333.4789,334.6728,16.26,0.9544,REJECTED_DES_RULE,False,False,True,False,True,False,False,True,,65.671
2-hydroxyethyl(trimethyl)azanium;chloride,pentanedioic acid,0.299,0.701,333.48,334.04602,17.22,0.8928,PASS_WARMTEMP,True,False,False,False,True,False,False,True,,83.76
tetramethylazanium;chloride,octadecan-1-ol,0.305,0.695,333.5,333.66522,17.99,0.8434,REJECTED_DES_RULE,False,False,True,False,True,False,False,True,,62.12
tetrabutylazanium;chloride,hexadecanoic acid,0.899,0.101,333.6,332.43948,17.89,0.8496,PASS_WARMTEMP,True,False,False,False,True,False,False,True,,83.449
tetraethylazanium;chloride,dodecanoic acid,0.451,0.549,333.62,333.9287,16.28,0.9535,REJECTED_DES_RULE,False,False,True,False,True,False,False,True,,66.291
2-hydroxyethyl(trimethyl)azanium;chloride,octadecan-1-ol,0.567,0.433,333.68,334.84344,16.39,0.9464,REJECTED_DES_RULE,False,False,True,False,True,False,False,True,,65.2
tetrabutylazanium;chloride,octadecanoic acid,0.8,0.2,333.7,334.48245,17.92,0.8478,PASS_WARMTEMP,True,False,False,False,True,False,False,True,,81.575
2-hydroxyethyl(trimethyl)azanium;chloride,hexadecanoic acid,0.256,0.744,333.75,333.57285,17.37,0.8832,PASS_WARMTEMP,True,False,False,False,True,False,False,True,,83.793
tetramethylazanium;chloride,hexadecanoic acid,0.317,0.683,334.25,333.47128,17.16,0.8964,PASS_WARMTEMP,True,False,False,False,True,False,False,True,,84.411
tetrapropylazanium;chloride,dodecanoic acid,0.447,0.553,334.28,333.0251,16.44,0.9428,REJECTED_DES_RULE,False,False,True,False,True,False,False,True,,66.66
2-[4-(2-methylpropyl)phenyl]propanoic acid,hexadecanoic acid,0.7043,0.2957,334.48,334.00476,20.77,0.6643,PASS_WARMTEMP,True,False,False,False,True,False,False,True,,74.656
tetrapropylazanium;chloride,dodecanoic acid,0.4488,0.5512,334.532,333.0251,16.43,0.9434,REJECTED_DES_RULE,False,False,True,False,True,False,False,True,,66.684
2-hydroxyethyl(trimethyl)azanium;chloride,2-hydroxybutanedioic acid,0.55,0.45,334.55,337.71765,17.49,0.8753,PASS_WARMTEMP,True,False,False,False,True,False,False,True,,79.82
2-hydroxyethyl(trimethyl)azanium;chloride,hexadecanoic acid,0.188,0.812,334.6,334.5458,17.14,0.898,PASS_WARMTEMP,True,False,False,False,True,False,False,True,,83.527
2-hydroxyethyl(trimethyl)azanium;chloride,hexadecan-1-ol,0.583,0.417,334.62,334.9773,17.18,0.8955,REJECTED_DES_RULE,False,False,True,False,True,False,False,True,,63.046
tetraethylazanium;chloride,tetradecanoic acid,0.404,0.596,335.02,332.9939,16.56,0.9354,REJECTED_DES_RULE,False,False,True,False,True,False,False,True,,66.392
tetramethylazanium;chloride,hexadecanoic acid,0.188,0.812,335.05,334.97076,17.29,0.8886,PASS_WARMTEMP,True,False,False,False,True,False,False,True,,82.776
2-hydroxyethyl(trimethyl)azanium;chloride,hexadecanoic acid,0.158,0.842,335.05,335.20392,17.15,0.8975,PASS_WARMTEMP,True,False,False,False,True,False,False,True,,82.926
2-hydroxyethyl(trimethyl)azanium;chloride,2-[4-(2-methylpropyl)phenyl]propanoic acid,0.303,0.697,335.08,333.5877,18.48,0.8119,PASS_WARMTEMP,True,False,False,False,True,False,False,True,,80.928
2-hydroxyethyl(trimethyl)azanium;chloride,"(1R,2S,5R)-5-methyl-2-propan-2-ylcyclohexan-1-ol",0.5,0.5,335.1,335.63763,17.42,0.8797,REJECTED_DES_RULE,False,False,True,False,True,False,False,True,,61.831
ethanamine;hydrochloride,acetamide,0.75,0.25,335.15,336.11005,18.96,0.7807,PASS_WARMTEMP,True,False,False,False,True,False,False,True,,77.454
tetramethylazanium;chloride,hexadecanoic acid,0.104,0.896,335.15,335.44638,17.75,0.8589,PASS_WARMTEMP,True,False,False,False,True,False,False,True,,81.168
2-hydroxyethyl(trimethyl)azanium;chloride,phenol,0.454,0.546,335.2,333.29175,17.1,0.9009,REJECTED_DES_RULE,False,False,True,False,True,False,False,True,,64.749
2-hydroxyethyl(trimethyl)azanium;chloride,hexadecanoic acid,0.104,0.896,335.28,335.29526,17.51,0.874,PASS_WARMTEMP,True,False,False,False,True,False,False,True,,81.905
2-hydroxyethyl(trimethyl)azanium;chloride,2-hydroxyacetic acid,0.548,0.452,335.38,335.2464,17.2,0.8939,PASS_WARMTEMP,True,False,False,False,True,False,False,True,,82.744
2-hydroxyethyl(trimethyl)azanium;chloride,hexadecan-1-ol,0.591,0.409,335.42,335.04654,17.17,0.8959,REJECTED_DES_RULE,False,False,True,False,True,False,False,True,,63.001
tetrapropylazanium;chloride,hexadecanoic acid,0.104,0.896,335.55,335.75443,17.16,0.8967,PASS_WARMTEMP,True,False,False,False,True,False,False,True,,82.408
tetrabutylazanium;chloride,octadecanoic acid,0.2,0.8,335.6,336.24347,17.87,0.8513,PASS_WARMTEMP,True,False,False,False,True,False,False,True,,80.161
tetraethylazanium;chloride,hexadecanoic acid,0.1,0.9,335.79,334.4999,16.87,0.9154,PASS_WARMTEMP,True,False,False,False,True,False,False,True,,84.263
2-hydroxyethyl(trimethyl)azanium;chloride,"(2R,3R,4R,5S)-hexane-1,2,3,4,5,6-hexol",0.566,0.434,335.938,336.58295,16.36,0.9482,PASS_WARMTEMP,True,False,False,False,True,False,False,True,,83.737
Pimelic Acid,[N3333]Br,0.442,0.558,336.2,336.82367,15.89,0.9782,PASS_WARMTEMP,True,False,False,False,True,False,False,True,,84.725
tetraethylazanium;chloride,tetradecanoic acid,0.39,0.61,336.25,335.10223,16.59,0.9332,REJECTED_DES_RULE,False,False,True,False,True,False,False,True,,64.444
tetrapropylazanium;chloride,hexadecanoic acid,0.099,0.901,336.45,336.18298,17.22,0.8932,PASS_WARMTEMP,True,False,False,False,True,False,False,True,,81.89
tetramethylazanium;chloride,octadecan-1-ol,0.409,0.591,336.5,335.6924,17.88,0.8506,REJECTED_DES_RULE,False,False,True,False,True,False,False,True,,60.619
tetraethylazanium;chloride,tetradecanoic acid,0.4,0.6,336.52,336.31384,16.54,0.9368,REJECTED_DES_RULE,False,False,True,False,True,False,False,True,,63.519
methyl(triphenyl)phosphanium;bromide,"2,2,2-trifluoroacetamide",0.5,0.5,336.8,337.51688,19.22,0.7641,PASS_WARMTEMP,True,False,False,False,True,False,False,True,,75.549
tetrapropylazanium;chloride,octadecanoic acid,0.501,0.499,337.22,338.57825,17.54,0.8724,PASS_WARMTEMP,True,False,False,False,True,False,False,True,,78.945
tetrabutylazanium;chloride,hexadecan-1-ol,0.898,0.102,337.3,337.5115,18.0,0.8426,REJECTED_DES_RULE,False,False,True,False,True,False,False,True,,58.694
tetrabutylazanium;chloride,octadecanoic acid,0.898,0.102,337.4,337.94147,18.3,0.8231,PASS_WARMTEMP,True,False,False,False,True,False,False,True,,77.534
2-hydroxyethyl(trimethyl)azanium;chloride,2-hydroxyacetic acid,0.1,0.9,337.62,338.5082,17.41,0.8803,PASS_WARMTEMP,True,False,False,False,True,False,False,True,,79.322
2-hydroxyethyl(trimethyl)azanium;chloride,5-methyl-2-propan-2-ylphenol,0.4,0.6,337.9,338.19995,17.4,0.8811,REJECTED_DES_RULE,False,False,True,False,True,False,False,True,,59.626
tetramethylazanium;chloride,octadecanoic acid,0.376,0.624,337.95,338.5401,17.72,0.8606,PASS_WARMTEMP,True,False,False,False,True,False,False,True,,78.506
Glutaric Acid,[N2222]Br,0.516,0.484,338.2,339.36554,15.88,0.9793,PASS_WARMTEMP,True,False,False,False,True,False,False,True,,82.526
tetraethylazanium;chloride,octadecanoic acid,0.226,0.774,338.21,336.4325,17.85,0.8526,PASS_WARMTEMP,True,False,False,False,True,False,False,True,,80.046
2-hydroxyethyl(trimethyl)azanium;chloride,2-hydroxybutanedioic acid,0.5,0.5,338.42,336.31027,17.49,0.8757,PASS_WARMTEMP,True,False,False,False,True,False,False,True,,81.078
tetrapentylazanium;bromide,heptanedioic acid,0.388,0.612,338.506,338.75534,20.58,0.6767,PASS_WARMTEMP,True,False,False,False,True,False,False,True,,70.96
2-hydroxyethyl(trimethyl)azanium;chloride,1H-imidazole,0.2,0.8,338.546,336.23563,18.93,0.7832,PASS_WARMTEMP,True,False,False,False,True,False,False,True,,77.444
2-hydroxyethyl(trimethyl)azanium;chloride,2-[4-(2-methylpropyl)phenyl]propanoic acid,0.229,0.771,338.62,338.0045,18.55,0.8075,PASS_WARMTEMP,True,False,False,False,True,False,False,True,,76.855
2-hydroxyethyl(trimethyl)azanium;chloride,hexadecanoic acid,0.449,0.551,338.85,337.94354,17.32,0.8864,REJECTED_DES_RULE,False,False,True,False,True,False,False,True,,60.065
tetrapropylazanium;chloride,octadecanoic acid,0.201,0.799,339.05,339.95367,17.17,0.8961,PASS_WARMTEMP,True,False,False,False,True,False,False,True,,78.679
tetrabutylazanium;bromide,1H-imidazole,0.5,0.5,339.1637,338.20694,20.98,0.651,PASS_WARMTEMP,True,False,False,False,True,False,False,True,,70.416
imidazole,tetrabutylammonium bromide,0.5,0.5,339.164,338.35992,21.11,0.6428,PASS_WARMTEMP,True,False,False,False,True,False,False,True,,69.953
2-hydroxyethyl(trimethyl)azanium;chloride,"(2S,4R)-pentane-1,2,3,4,5-pentol",0.3,0.7,339.43,338.46436,17.27,0.8896,PASS_WARMTEMP,True,False,False,False,True,False,False,True,,79.733
tetramethylazanium;chloride,octadecanoic acid,0.314,0.686,339.45,339.05313,17.68,0.8634,PASS_WARMTEMP,True,False,False,False,True,False,False,True,,78.166
2-hydroxyethyl(trimethyl)azanium;chloride,octadecan-1-ol,0.6,0.4,339.48,339.87164,15.99,0.9718,REJECTED_DES_RULE,False,False,True,False,True,False,False,True,,61.779
2-hydroxyethyl(trimethyl)azanium;chloride,octadecanoic acid,0.386,0.614,339.55,340.46436,17.54,0.872,PASS_WARMTEMP,True,False,False,False,True,False,False,True,,77.264
2-hydroxyethyl(trimethyl)azanium;chloride,N-(4-hydroxyphenyl)acetamide,0.597,0.403,339.62,340.53473,17.61,0.8678,PASS_WARMTEMP,True,False,False,False,True,False,False,True,,77.034
2-hydroxyethyl(trimethyl)azanium;chloride,"2,3-dimethylphenol",0.1,0.9,339.8,340.1162,17.59,0.8689,PASS_WARMTEMP,True,False,False,False,True,False,False,True,,77.448
tetrapropylazanium;chloride,octadecanoic acid,0.202,0.798,339.86,339.50644,17.18,0.8957,PASS_WARMTEMP,True,False,False,False,True,False,False,True,,79.058
tetrabutylazanium;chloride,octadecanoic acid,0.099,0.901,339.9,339.6382,18.05,0.8396,PASS_WARMTEMP,True,False,False,False,True,False,False,True,,76.697
2-hydroxyethyl(trimethyl)azanium;chloride,"(E)-3-(3,4-dihydroxyphenyl)prop-2-enoic acid",0.67,0.33,340.15,340.51703,21.51,0.617,PASS_WARMTEMP,True,False,False,False,True,False,False,True,,67.018
"5-[(2-chlorophenyl)methyl]-6,7-dihydro-4H-thieno[3,2-c]pyridine;hydrochloride","propane-1,2,3-triol",0.33,0.67,340.15,340.06827,24.4,0.4313,REJECTED_DES_RULE,False,False,True,False,True,False,False,True,,39.986
2-hydroxyethyl(trimethyl)azanium;chloride,5-methyl-2-propan-2-ylphenol,0.333333,0.666667,340.15,338.1849,18.07,0.8383,REJECTED_DES_RULE,False,False,True,False,True,False,False,True,,57.928
tetrapropylazanium;chloride,octadecanoic acid,0.1,0.9,340.25,340.82767,17.34,0.8849,PASS_WARMTEMP,True,False,False,False,True,False,False,True,,77.46
2-hydroxyethyl(trimethyl)azanium;chloride,"(1R,4R)-1,7,7-trimethylbicyclo[2.2.1]heptan-2-one",0.395,0.605,340.4,341.13507,18.88,0.7864,PASS_WARMTEMP,True,False,False,False,True,False,False,True,,73.249
2-hydroxyethyl(trimethyl)azanium;chloride,2-hydroxybenzoic acid,0.496,0.504,340.6,341.44556,17.55,0.8717,PASS_WARMTEMP,True,False,False,False,True,False,False,True,,76.387
2-hydroxyethyl(trimethyl)azanium;chloride,2-acetyloxybenzoic acid,0.286,0.714,340.65,344.44708,18.86,0.7871,OUTSIDE_TARGET_RANGE,True,False,False,False,False,False,False,True,,
2-hydroxyethyl(trimethyl)azanium;chloride,octadecanoic acid,0.297,0.703,340.68,340.11713,17.78,0.8567,PASS_WARMTEMP,True,False,False,False,True,False,False,True,,76.959
tetrapropylazanium;bromide,"(2S,3R)-butane-1,2,3,4-tetrol",0.6,0.4,340.6914,340.9748,23.48,0.4904,PASS_WARMTEMP,True,False,False,False,True,False,False,True,,61.55
tetramethylazanium;chloride,octadecan-1-ol,0.507,0.493,340.7,344.97314,17.78,0.8568,REJECTED_DES_RULE,False,False,True,False,False,False,False,True,,
Glutaric Acid,[N2222]Br,0.694,0.306,340.9,340.1898,16.69,0.9271,PASS_WARMTEMP,True,False,False,False,True,False,False,True,,79.711
2-hydroxyethyl(trimethyl)azanium;chloride,pentanedioic acid,0.25,0.75,341.02,340.71136,17.21,0.8932,PASS_WARMTEMP,True,False,False,False,True,False,False,True,,77.894
2-hydroxyethyl(trimethyl)azanium;chloride,2-hydroxybenzoic acid,0.5,0.5,341.15,341.265,19.0,0.7786,PASS_WARMTEMP,True,False,False,False,True,False,False,True,,72.822
2-hydroxyethyl(trimethyl)azanium;chloride,octadecan-1-ol,0.599,0.401,341.25,342.62515,15.99,0.9721,REJECTED_DES_RULE,False,False,True,False,True,False,False,True,,59.362
tetraethylazanium;chloride,tetradecanoic acid,0.464,0.536,341.4,342.3624,16.91,0.9125,REJECTED_DES_RULE,False,False,True,False,True,False,False,True,,57.21
2-hydroxyethyl(trimethyl)azanium;chloride,"(3R,4S,5S)-oxane-2,3,4,5-tetrol",0.394,0.606,341.52,340.62112,17.3,0.8877,PASS_WARMTEMP,True,False,False,False,True,False,False,True,,77.754
2-hydroxyethyl(trimethyl)azanium;chloride,"2,3-dihydroxybutanedioic acid",0.55,0.45,341.62,340.77408,17.37,0.8832,PASS_WARMTEMP,True,False,False,False,True,False,False,True,,77.439
2-hydroxyethyl(trimethyl)azanium;chloride,"(2S,4R)-pentane-1,2,3,4,5-pentol",0.182,0.818,341.634,341.93582,17.37,0.8832,PASS_WARMTEMP,True,False,False,False,True,False,False,True,,76.414
2-hydroxyethyl(trimethyl)azanium;chloride,octadecanoic acid,0.189,0.811,341.72,342.28864,17.74,0.8596,PASS_WARMTEMP,True,False,False,False,True,False,False,True,,75.159
2-hydroxyethyl(trimethyl)azanium;chloride,"(3R,4S,5R)-oxane-2,3,4,5-tetrol",0.399,0.601,341.72,341.6963,17.32,0.8866,PASS_WARMTEMP,True,False,False,False,True,False,False,True,,76.761
2-hydroxyethyl(trimethyl)azanium;chloride,urea,0.227,0.773,341.785,340.4817,17.66,0.8648,PASS_WARMTEMP,True,False,False,False,True,False,False,True,,76.961
imidazole,Choline chloride,0.9,0.1,341.988,342.42075,23.31,0.5013,PASS_WARMTEMP,True,False,False,False,True,False,False,True,,60.71
2-hydroxyethyl(trimethyl)azanium;chloride,1H-imidazole,0.1,0.9,341.9881,344.4633,19.69,0.7339,OUTSIDE_TARGET_RANGE,True,False,False,False,False,False,False,True,,
2-hydroxyethyl(trimethyl)azanium;chloride,thiourea,0.3333,0.6667,342.15,345.55316,18.41,0.8165,OUTSIDE_TARGET_RANGE,True,False,False,False,False,False,False,True,,
2-hydroxyethyl(trimethyl)azanium;chloride,"(2R,3R,4R,5S)-hexane-1,2,3,4,5,6-hexol",0.315,0.685,342.188,342.16663,17.77,0.8575,PASS_WARMTEMP,True,False,False,False,True,False,False,True,,75.182
ethanamine;hydrochloride,urea,0.249,0.751,342.193,342.30658,19.32,0.7578,PASS_WARMTEMP,True,False,False,False,True,False,False,True,,71.071
tetraethylazanium;chloride,octadecanoic acid,0.117,0.883,342.25,342.57184,17.47,0.877,PASS_WARMTEMP,True,False,False,False,True,False,False,True,,75.605
2-hydroxyethyl(trimethyl)azanium;chloride,"(2S,3R)-butane-1,2,3,4-tetrol",0.394,0.606,342.377,343.34857,17.22,0.8928,OUTSIDE_TARGET_RANGE,True,False,False,False,False,False,False,True,,
tetrapropylazanium;chloride,octadecanoic acid,0.11,0.89,342.43,341.49857,17.23,0.892,PASS_WARMTEMP,True,False,False,False,True,False,False,True,,77.152
2-hydroxyethyl(trimethyl)azanium;chloride,octadecanoic acid,0.108,0.892,342.45,343.2131,17.78,0.8568,OUTSIDE_TARGET_RANGE,True,False,False,False,False,False,False,True,,
2-hydroxyethyl(trimethyl)azanium;chloride,3-phenylpropanoic acid,0.45,0.55,342.483,340.1533,17.74,0.8594,REJECTED_DES_RULE,False,False,True,False,True,False,False,True,,57.035
tetraethylazanium;chloride,octadecanoic acid,0.103,0.897,342.52,342.58496,17.48,0.876,PASS_WARMTEMP,True,False,False,False,True,False,False,True,,75.553
tetramethylazanium;chloride,octadecanoic acid,0.195,0.805,342.65,342.2947,17.95,0.8461,PASS_WARMTEMP,True,False,False,False,True,False,False,True,,74.613
2-hydroxyethyl(trimethyl)azanium;chloride,pentanedioic acid,0.552,0.448,342.85,343.3174,17.23,0.8921,OUTSIDE_TARGET_RANGE,True,False,False,False,False,False,False,True,,
2-hydroxyethyl(trimethyl)azanium;chloride,butanedioic acid,0.5,0.5,343.0,342.77945,17.22,0.8928,PASS_WARMTEMP,True,False,False,False,True,False,False,True,,76.054
Glutaric Acid,[N2222]Br,0.508,0.492,343.2,341.21143,15.86,0.9804,PASS_WARMTEMP,True,False,False,False,True,False,False,True,,80.941
Pimelic Acid,[N3333]Br,0.434,0.566,343.2,343.29138,15.85,0.9811,OUTSIDE_TARGET_RANGE,True,False,False,False,False,False,False,True,,
tetramethylazanium;chloride,octadecanoic acid,0.102,0.898,343.25,343.34116,18.28,0.8248,OUTSIDE_TARGET_RANGE,True,False,False,False,False,False,False,True,,
2-hydroxyethyl(trimethyl)azanium;chloride,decanoic acid,0.485,0.515,343.3,340.67285,17.09,0.9011,REJECTED_DES_RULE,False,False,True,False,True,False,False,True,,58.244
2-hydroxyethyl(trimethyl)azanium;chloride,"2-hydroxypropane-1,2,3-tricarboxylic acid",0.686,0.314,343.55,344.4047,17.78,0.8568,OUTSIDE_TARGET_RANGE,True,False,False,False,False,False,False,True,,
2-hydroxyethyl(trimethyl)azanium;chloride,"(2R,3R,4S,5S,6R)-2-[(2S,3S,4S,5R)-3,4-dihydroxy-2,5-bis(hydroxymethyl)oxolan-2-yl]oxy-6-(hydroxymethyl)oxane-3,4,5-triol",0.494,0.506,343.65,343.82648,18.9,0.7846,OUTSIDE_TARGET_RANGE,True,False,False,False,False,False,False,True,,
2-hydroxyethyl(trimethyl)azanium;chloride,"(2R,3R,4R,5S)-hexane-1,2,3,4,5,6-hexol",0.192,0.808,343.75,345.39365,17.99,0.8432,OUTSIDE_TARGET_RANGE,True,False,False,False,False,False,False,True,,
2-hydroxyethyl(trimethyl)azanium;chloride,dodecanoic acid,0.497,0.503,343.85,344.68542,17.28,0.8889,REJECTED_DES_RULE,False,False,True,False,False,False,False,True,,
tetraethylazanium;chloride,decanoic acid,0.508,0.492,344.22,346.09897,17.27,0.8894,REJECTED_DES_RULE,False,False,True,False,False,False,False,True,,
tetrapentylazanium;bromide,"(2S,3R)-butane-1,2,3,4-tetrol",0.588,0.412,344.5,344.82852,17.38,0.8828,OUTSIDE_TARGET_RANGE,True,False,False,False,False,False,False,True,,
2-hydroxyethyl(trimethyl)azanium;chloride,2-[4-(2-methylpropyl)phenyl]propanoic acid,0.111,0.889,344.52,344.59924,19.51,0.7453,OUTSIDE_TARGET_RANGE,True,False,False,False,False,False,False,True,,
[N5555]Br,Erythritol,0.59,0.41,344.7,344.82852,17.39,0.8821,OUTSIDE_TARGET_RANGE,True,False,False,False,False,False,False,True,,
2-hydroxyethyl(trimethyl)azanium;chloride,octadecan-1-ol,0.587,0.413,344.82,344.30176,16.05,0.9679,REJECTED_DES_RULE,False,False,True,False,False,False,False,True,,
"1H-Imidazolium, 3-[2-[(1R,5S)-6,6-dimethylbicyclo[3.1.1]hept-2-en-2-yl]ethyl]-1-methyl-, methanesulfonate (1:1) (ACI)",4-oxopentanoic acid,0.596,0.404,344.928,344.79068,18.9,0.785,REJECTED_DES_RULE,False,False,True,False,False,False,False,True,,
2-hydroxyethyl(trimethyl)azanium;chloride,butanedioic acid,0.55,0.45,345.0,347.2059,17.22,0.8928,OUTSIDE_TARGET_RANGE,True,False,False,False,False,False,False,True,,
2-hydroxyethyl(trimethyl)azanium;chloride,pentanedioic acid,0.201,0.799,345.38,346.4589,17.2,0.8939,OUTSIDE_TARGET_RANGE,True,False,False,False,False,False,False,True,,
2-hydroxyethyl(trimethyl)azanium;chloride,2-hydroxyacetic acid,0.05,0.95,345.42,343.6003,17.92,0.8475,OUTSIDE_TARGET_RANGE,True,False,False,False,False,False,False,True,,
"1H-Imidazolium, 3-[2-[(1R,5S)-6,6-dimethylbicyclo[3.1.1]hept-2-en-2-yl]ethyl]-1-methyl-, methanesulfonate (1:1) (ACI)",urea,0.6,0.4,345.588,345.33255,19.56,0.7421,OUTSIDE_TARGET_RANGE,True,False,False,False,False,False,False,True,,
2-hydroxyethyl(trimethyl)azanium;chloride,2-hydroxybutanedioic acid,0.451,0.549,345.92,344.76547,17.76,0.8582,OUTSIDE_TARGET_RANGE,True,False,False,False,False,False,False,True,,
tetraethylazanium;chloride,decanoic acid,0.5,0.5,346.25,344.48648,17.27,0.8897,REJECTED_DES_RULE,False,False,True,False,False,False,False,True,,
Pimelic Acid,[N3333]Br,0.623,0.377,346.3,345.84717,17.45,0.8778,OUTSIDE_TARGET_RANGE,True,False,False,False,False,False,False,True,,
2-hydroxyethyl(trimethyl)azanium;chloride,"(2R,3R,4R,5S)-hexane-1,2,3,4,5,6-hexol",0.577,0.423,347.458,345.0642,16.42,0.9443,OUTSIDE_TARGET_RANGE,True,False,False,False,False,False,False,True,,
tetrapentylazanium;bromide,heptanedioic acid,0.71,0.29,347.701,347.86472,19.79,0.7279,OUTSIDE_TARGET_RANGE,True,False,False,False,False,False,False,True,,
tetramethylazanium;chloride,decanoic acid,0.31,0.69,347.75,346.13928,17.96,0.8455,REJECTED_DES_RULE,False,False,True,False,False,False,False,True,,
Erythritol,[N3333]Br,0.598,0.402,347.8,347.84546,18.96,0.7811,OUTSIDE_TARGET_RANGE,True,False,False,False,False,False,False,True,,
tetraethylazanium;bromide,hexanedioic acid,0.49,0.51,347.86,347.61353,20.39,0.6889,OUTSIDE_TARGET_RANGE,True,False,False,False,False,False,False,True,,
2-hydroxyethyl(trimethyl)azanium;chloride,"(2S,4R)-pentane-1,2,3,4,5-pentol",0.103,0.897,347.86,348.79077,18.69,0.7986,OUTSIDE_TARGET_RANGE,True,False,False,False,False,False,False,True,,
Glutaric Acid,[N2222]Br,0.743,0.257,348.1,348.5919,16.94,0.9107,OUTSIDE_TARGET_RANGE,True,False,False,False,False,False,False,True,,
Glutaric Acid,[N2222]Br,0.498,0.502,348.2,348.74536,15.84,0.9818,OUTSIDE_TARGET_RANGE,True,False,False,False,False,False,False,True,,
2-hydroxyethyl(trimethyl)azanium;chloride,2-methylphenol,0.454,0.546,348.3,349.0283,17.04,0.9044,REJECTED_DES_RULE,False,False,True,False,False,False,False,True,,
"1H-Imidazolium, 3-[2-[(1R,5S)-6,6-dimethylbicyclo[3.1.1]hept-2-en-2-yl]ethyl]-1-methyl-, methanesulfonate (1:1) (ACI)",urea,0.148,0.852,348.529,348.2889,18.41,0.8164,OUTSIDE_TARGET_RANGE,True,False,False,False,False,False,False,True,,
2-hydroxyethyl(trimethyl)azanium;chloride,5-methyl-2-propan-2-ylphenol,0.5,0.5,348.6,345.87018,17.43,0.8794,REJECTED_DES_RULE,False,False,True,False,False,False,False,True,,
2-hydroxyethyl(trimethyl)azanium;chloride,"ethane-1,2-diol",0.549,0.451,348.678,348.64127,17.47,0.8766,REJECTED_DES_RULE,False,False,True,False,False,False,False,True,,
tetraethylazanium;chloride,dodecanoic acid,0.489,0.511,348.85,348.42554,16.46,0.9417,REJECTED_DES_RULE,False,False,True,False,False,False,False,True,,
tetraethylazanium;chloride,dodecanoic acid,0.4907,0.5093,348.9236,349.27216,16.49,0.9399,REJECTED_DES_RULE,False,False,True,False,False,False,False,True,,
2-hydroxyethyl(trimethyl)azanium;chloride,"2-hydroxypropane-1,2,3-tricarboxylic acid",0.6,0.4,348.98,348.69568,17.7,0.8621,OUTSIDE_TARGET_RANGE,True,False,False,False,False,False,False,True,,
2-hydroxyethyl(trimethyl)azanium;chloride,oxalic acid,0.55,0.45,349.0,345.174,17.22,0.8928,OUTSIDE_TARGET_RANGE,True,False,False,False,False,False,False,True,,
tetraethylazanium;bromide,butanedioic acid,0.5,0.5,349.3,348.98816,20.96,0.6521,OUTSIDE_TARGET_RANGE,True,False,False,False,False,False,False,True,,
2-hydroxyethyl(trimethyl)azanium;chloride,2-(3-benzoylphenyl)propanoic acid,0.31,0.69,349.75,351.94592,18.81,0.7903,OUTSIDE_TARGET_RANGE,True,False,False,False,False,False,False,True,,
tetraethylazanium;chloride,octadecanoic acid,0.505,0.495,349.85,346.78268,17.78,0.857,REJECTED_DES_RULE,False,False,True,False,False,False,False,True,,
2-hydroxyethyl(trimethyl)azanium;chloride,"(2S,4R)-pentane-1,2,3,4,5-pentol",0.2,0.8,349.89,348.37207,17.27,0.8896,OUTSIDE_TARGET_RANGE,True,False,False,False,False,False,False,True,,
2-hydroxyethyl(trimethyl)azanium;chloride,"(2R,3R,4R,5S)-hexane-1,2,3,4,5,6-hexol",0.135,0.865,350.0,350.86908,18.15,0.8333,OUTSIDE_TARGET_RANGE,True,False,False,False,False,False,False,True,,
2-hydroxyethyl(trimethyl)azanium;chloride,"3,4,5-trihydroxybenzoic acid",0.67,0.33,350.15,350.2376,22.54,0.5509,OUTSIDE_TARGET_RANGE,True,False,False,False,False,False,False,True,,
methyl(triphenyl)phosphanium;bromide,"2,2,2-trifluoroacetamide",0.727273,0.272727,350.19,349.9536,21.0,0.65,REJECTED_DES_RULE,False,False,True,False,False,False,False,True,,
Pimelic Acid,[N3333]Br,0.423,0.577,350.2,349.51337,15.91,0.9771,OUTSIDE_TARGET_RANGE,True,False,False,False,False,False,False,True,,
2-hydroxyethyl(trimethyl)azanium;chloride,"(2S,4R)-pentane-1,2,3,4,5-pentol",0.603,0.397,350.973,353.6824,16.95,0.9104,OUTSIDE_TARGET_RANGE,True,False,False,False,False,False,False,True,,
2-hydroxyethyl(trimethyl)azanium;chloride,oxalic acid,0.35,0.65,351.0,350.43967,17.4,0.8813,OUTSIDE_TARGET_RANGE,True,False,False,False,False,False,False,True,,
tetrapropylazanium;bromide,boric acid,0.5,0.5,351.05,352.60544,18.9,0.7851,OUTSIDE_TARGET_RANGE,True,False,False,False,False,False,False,True,,
2-hydroxyethyl(trimethyl)azanium;chloride,benzoic acid,0.28,0.72,351.15,352.00287,18.39,0.8178,OUTSIDE_TARGET_RANGE,True,False,False,False,False,False,False,True,,
2-hydroxyethyl(trimethyl)azanium;chloride,2-[4-(2-methylpropyl)phenyl]propanoic acid,0.513,0.487,351.25,353.89536,18.82,0.7898,REJECTED_DES_RULE,False,False,True,False,False,False,False,True,,
2-hydroxyethyl(trimethyl)azanium;chloride,2-hydroxypropanoic acid,0.599,0.401,351.42,348.8407,17.21,0.8936,REJECTED_DES_RULE,False,False,True,False,False,False,False,True,,
2-hydroxyethyl(trimethyl)azanium;chloride,"(2S,3R)-butane-1,2,3,4-tetrol",0.539,0.461,351.794,349.79773,17.24,0.8918,OUTSIDE_TARGET_RANGE,True,False,False,False,False,False,False,True,,
methyl(triphenyl)phosphanium;bromide,"ethane-1,2-diol",0.5,0.5,352.08,350.86194,19.18,0.7668,REJECTED_DES_RULE,False,False,True,False,False,False,False,True,,
2-hydroxyethyl(trimethyl)azanium;chloride,N-(4-hydroxyphenyl)acetamide,0.407,0.593,352.08,351.56265,17.62,0.8672,OUTSIDE_TARGET_RANGE,True,False,False,False,False,False,False,True,,
2-hydroxyethyl(trimethyl)azanium;chloride,"2,3-dihydroxybutanedioic acid",0.498,0.502,352.35,350.92862,17.19,0.8946,OUTSIDE_TARGET_RANGE,True,False,False,False,False,False,False,True,,
2-hydroxyethyl(trimethyl)azanium;chloride,pentanedioic acid,0.151,0.849,352.58,351.41064,17.22,0.8928,OUTSIDE_TARGET_RANGE,True,False,False,False,False,False,False,True,,
2-hydroxyethyl(trimethyl)azanium;chloride,2-hydroxybenzoic acid,0.403,0.597,352.7,352.83887,17.67,0.8639,OUTSIDE_TARGET_RANGE,True,False,False,False,False,False,False,True,,
2-hydroxyethyl(trimethyl)azanium;chloride,tetradecan-1-ol,0.551,0.449,353.18,353.50668,17.09,0.9011,REJECTED_DES_RULE,False,False,True,False,False,False,False,True,,
Glutaric Acid,[N2222]Br,0.49,0.51,353.2,352.9785,15.82,0.9829,OUTSIDE_TARGET_RANGE,True,False,False,False,False,False,False,True,,
Pimelic Acid,[N3333]Br,0.668,0.332,353.2,352.6892,17.37,0.8832,OUTSIDE_TARGET_RANGE,True,False,False,False,False,False,False,True,,
2-hydroxyethyl(trimethyl)azanium;chloride,"(2S,3R)-butane-1,2,3,4-tetrol",0.35,0.65,353.363,353.76004,17.16,0.8964,OUTSIDE_TARGET_RANGE,True,False,False,False,False,False,False,True,,
methyl(triphenyl)phosphanium;bromide,"propane-1,2,3-triol",0.666667,0.333333,353.58,354.2301,23.23,0.5062,REJECTED_DES_RULE,False,False,True,False,False,False,False,True,,
tetrapropylazanium;chloride,tetradecanoic acid,0.6,0.4,353.75,354.14804,17.89,0.8499,REJECTED_DES_RULE,False,False,True,False,False,False,False,True,,
2-hydroxyethyl(trimethyl)azanium;chloride,2-(3-benzoylphenyl)propanoic acid,0.213,0.787,354.72,354.5913,19.35,0.7557,OUTSIDE_TARGET_RANGE,True,False,False,False,False,False,False,True,,
2-hydroxyethyl(trimethyl)azanium;chloride,2-acetyloxybenzoic acid,0.206,0.794,354.85,352.98682,18.85,0.7883,OUTSIDE_TARGET_RANGE,True,False,False,False,False,False,False,True,,
2-hydroxyethyl(trimethyl)azanium;chloride,urea,0.197,0.803,355.069,353.8578,17.98,0.8438,OUTSIDE_TARGET_RANGE,True,False,False,False,False,False,False,True,,
tetrapentylazanium;bromide,heptanedioic acid,0.78,0.22,355.172,355.2379,19.34,0.7564,OUTSIDE_TARGET_RANGE,True,False,False,False,False,False,False,True,,
2-hydroxyethyl(trimethyl)azanium;chloride,octadecanoic acid,0.452,0.548,355.52,355.19025,17.38,0.8823,REJECTED_DES_RULE,False,False,True,False,False,False,False,True,,
Glutaric Acid,[N2222]Br,0.789,0.211,355.6,355.18875,16.84,0.9175,OUTSIDE_TARGET_RANGE,True,False,False,False,False,False,False,True,,
tetrabutylazanium;bromide,1H-imidazole,0.6,0.4,355.6607,355.64566,22.16,0.5749,OUTSIDE_TARGET_RANGE,True,False,False,False,False,False,False,True,,
tetrapentylazanium;bromide,"(2S,3R)-butane-1,2,3,4-tetrol",0.502,0.498,355.9,354.75946,17.1,0.9007,OUTSIDE_TARGET_RANGE,True,False,False,False,False,False,False,True,,
2-hydroxyethyl(trimethyl)azanium;chloride,1H-imidazole,0.4,0.6,355.979,353.59567,18.89,0.7857,OUTSIDE_TARGET_RANGE,True,False,False,False,False,False,False,True,,
[N5555]Br,Erythritol,0.5,0.5,356.0,356.20282,17.11,0.9,OUTSIDE_TARGET_RANGE,True,False,False,False,False,False,False,True,,
2-hydroxyethyl(trimethyl)azanium;chloride,"2-hydroxypropane-1,2,3-tricarboxylic acid",0.549,0.451,356.75,357.2762,17.43,0.8796,OUTSIDE_TARGET_RANGE,True,False,False,False,False,False,False,True,,
2-hydroxyethyl(trimethyl)azanium;chloride,urea,0.56,0.44,357.283,357.44943,18.1,0.8361,OUTSIDE_TARGET_RANGE,True,False,False,False,False,False,False,True,,
2-hydroxyethyl(trimethyl)azanium;chloride,"2,3-dihydroxybutanedioic acid",0.705,0.295,357.62,357.32397,17.09,0.9011,OUTSIDE_TARGET_RANGE,True,False,False,False,False,False,False,True,,
tetrabutylazanium;bromide,1H-imidazole,0.1,0.9,357.7936,355.76376,21.85,0.5949,OUTSIDE_TARGET_RANGE,True,False,False,False,False,False,False,True,,
imidazole,tetrabutylammonium bromide,0.9,0.1,357.794,355.5708,21.11,0.6428,OUTSIDE_TARGET_RANGE,True,False,False,False,False,False,False,True,,
tetrapentylazanium;bromide,butanedioic acid,0.593,0.407,357.888,358.3723,20.07,0.7099,OUTSIDE_TARGET_RANGE,True,False,False,False,False,False,False,True,,
"1H-Imidazolium, 3-[2-[(1R,5S)-6,6-dimethylbicyclo[3.1.1]hept-2-en-2-yl]ethyl]-1-methyl-, methanesulfonate (1:1) (ACI)",4-oxopentanoic acid,0.705,0.295,357.971,358.81656,18.88,0.7861,REJECTED_DES_RULE,False,False,True,False,False,False,False,True,,
tetrapropylazanium;chloride,dodecanoic acid,0.5047,0.4953,358.0499,359.12997,16.75,0.9234,REJECTED_DES_RULE,False,False,True,False,False,False,False,True,,
2-hydroxyethyl(trimethyl)azanium;chloride,hexanedioic acid,0.5,0.5,358.15,357.38083,18.82,0.7902,OUTSIDE_TARGET_RANGE,True,False,False,False,False,False,False,True,,
Glutaric Acid,[N2222]Br,0.483,0.517,358.2,363.29675,15.81,0.9836,OUTSIDE_TARGET_RANGE,True,False,False,False,False,False,False,True,,
Pimelic Acid,[N3333]Br,0.42,0.58,358.2,358.47528,15.96,0.9739,OUTSIDE_TARGET_RANGE,True,False,False,False,False,False,False,True,,
tetrapentylazanium;bromide,"(2S,3R)-butane-1,2,3,4-tetrol",0.747,0.253,358.3,359.21606,17.55,0.8714,OUTSIDE_TARGET_RANGE,True,False,False,False,False,False,False,True,,
tetrapropylazanium;chloride,dodecanoic acid,0.503,0.497,358.35,355.05545,16.73,0.9241,REJECTED_DES_RULE,False,False,True,False,False,False,False,True,,
[N5555]Br,Erythritol,0.74,0.26,358.4,358.13043,17.55,0.8718,OUTSIDE_TARGET_RANGE,True,False,False,False,False,False,False,True,,
2-hydroxyethyl(trimethyl)azanium;chloride,2-hydroxybutanedioic acid,0.6,0.4,358.52,358.27588,17.77,0.8575,OUTSIDE_TARGET_RANGE,True,False,False,False,False,False,False,True,,
Pimelic Acid,[N3333]Br,0.721,0.279,358.6,358.90134,17.66,0.8643,OUTSIDE_TARGET_RANGE,True,False,False,False,False,False,False,True,,
2-hydroxyethyl(trimethyl)azanium;chloride,pentanedioic acid,0.101,0.899,358.68,358.37643,17.5,0.875,OUTSIDE_TARGET_RANGE,True,False,False,False,False,False,False,True,,
2-hydroxyethyl(trimethyl)azanium;chloride,oxalic acid,0.6,0.4,359.0,359.51822,17.22,0.8928,OUTSIDE_TARGET_RANGE,True,False,False,False,False,False,False,True,,
tetrapentylazanium;bromide,heptanedioic acid,0.28,0.72,359.195,358.4577,20.06,0.7104,OUTSIDE_TARGET_RANGE,True,False,False,False,False,False,False,True,,
2-hydroxyethyl(trimethyl)azanium;chloride,"(2R,3R,4R,5S)-hexane-1,2,3,4,5,6-hexol",0.122,0.878,359.322,356.77228,18.28,0.8245,OUTSIDE_TARGET_RANGE,True,False,False,False,False,False,False,True,,
2-hydroxyethyl(trimethyl)azanium;chloride,"(2S,3R)-butane-1,2,3,4-tetrol",0.59,0.41,359.641,359.47644,17.29,0.8882,OUTSIDE_TARGET_RANGE,True,False,False,False,False,False,False,True,,
2-hydroxyethyl(trimethyl)azanium;chloride,"(3R,4S,5S)-oxane-2,3,4,5-tetrol",0.3,0.7,359.72,360.443,17.26,0.8902,OUTSIDE_TARGET_RANGE,True,False,False,False,False,False,False,True,,
Pimelic Acid,[N2222]Br,0.718,0.282,359.8,360.2125,17.9,0.8488,OUTSIDE_TARGET_RANGE,True,False,False,False,False,False,False,True,,
2-hydroxyethyl(trimethyl)azanium;chloride,"(3R,4S,5R)-oxane-2,3,4,5-tetrol",0.293,0.707,359.82,358.67,17.23,0.8924,OUTSIDE_TARGET_RANGE,True,False,False,False,False,False,False,True,,
2-hydroxyethyl(trimethyl)azanium;chloride,4-hydroxybenzoic acid,0.67,0.33,360.15,359.6058,20.19,0.7017,OUTSIDE_TARGET_RANGE,True,False,False,False,False,False,False,True,,
tetramethylazanium;chloride,tetradecanoic acid,0.398,0.602,360.25,358.13275,17.71,0.8616,REJECTED_DES_RULE,False,False,True,False,False,False,False,True,,
"1H-Imidazolium, 3-[2-[(1R,5S)-6,6-dimethylbicyclo[3.1.1]hept-2-en-2-yl]ethyl]-1-methyl-, methanesulfonate (1:1) (ACI)",urea,0.71,0.29,360.294,359.962,19.26,0.7618,OUTSIDE_TARGET_RANGE,True,False,False,False,False,False,False,True,,
tetrapentylazanium;bromide,butanedioic acid,0.706,0.294,360.87,359.91837,19.51,0.7454,OUTSIDE_TARGET_RANGE,True,False,False,False,False,False,False,True,,
2-hydroxyethyl(trimethyl)azanium;chloride,oxalic acid,0.3,0.7,361.0,361.39407,17.95,0.8461,OUTSIDE_TARGET_RANGE,True,False,False,False,False,False,False,True,,
2-hydroxyethyl(trimethyl)azanium;chloride,2-phenylacetic acid,0.552,0.448,361.15,357.46524,18.28,0.8246,REJECTED_DES_RULE,False,False,True,False,False,False,False,True,,
Glutaric Acid,[N2222]Br,0.82,0.18,361.2,360.78745,16.66,0.9286,OUTSIDE_TARGET_RANGE,True,False,False,False,False,False,False,True,,
2-hydroxyethyl(trimethyl)azanium;chloride,"(2S,3R)-butane-1,2,3,4-tetrol",0.303,0.697,361.211,360.6898,17.18,0.8953,OUTSIDE_TARGET_RANGE,True,False,False,False,False,False,False,True,,
imidazole,Choline chloride,0.5,0.5,361.291,360.68207,22.29,0.5668,REJECTED_DES_RULE,False,True,False,False,False,False,False,True,,
2-hydroxyethyl(trimethyl)azanium;chloride,1H-imidazole,0.5,0.5,361.2913,360.25867,18.89,0.7855,REJECTED_DES_RULE,False,False,True,False,False,False,False,True,,
2-hydroxyethyl(trimethyl)azanium;chloride,2-(3-benzoylphenyl)propanoic acid,0.103,0.897,361.62,361.5397,20.9,0.6562,OUTSIDE_TARGET_RANGE,True,False,False,False,False,False,False,True,,
tetraethylazanium;chloride,tetradecanoic acid,0.511,0.489,361.95,361.4465,17.48,0.8763,REJECTED_DES_RULE,False,False,True,False,False,False,False,True,,
2-hydroxyethyl(trimethyl)azanium;chloride,benzamide,0.42,0.58,362.15,363.19434,18.12,0.8347,OUTSIDE_TARGET_RANGE,True,False,False,False,False,False,False,True,,
tetraethylazanium;chloride,hexadecanoic acid,0.587,0.413,362.95,362.53766,17.27,0.8896,REJECTED_DES_RULE,False,False,True,False,False,False,False,True,,
2-hydroxyethyl(trimethyl)azanium;chloride,butanedioic acid,0.6,0.4,363.0,360.25705,17.22,0.8928,OUTSIDE_TARGET_RANGE,True,False,False,False,False,False,False,True,,
tetrapropylazanium;chloride,hexadecanoic acid,0.7,0.3,363.05,365.6567,17.88,0.8502,REJECTED_DES_RULE,False,False,True,False,False,False,False,True,,
[N5555]Br,Erythritol,0.79,0.21,363.1,362.64148,17.31,0.8868,OUTSIDE_TARGET_RANGE,True,False,False,False,False,False,False,True,,
2-hydroxyethyl(trimethyl)azanium;chloride,"propane-1,2,3-tricarboxylic acid",0.7,0.3,363.15,362.10428,20.9,0.6565,OUTSIDE_TARGET_RANGE,True,False,False,False,False,False,False,True,,
2-hydroxyethyl(trimethyl)azanium;chloride,"propane-1,2,3-tricarboxylic acid",0.5,0.5,363.15,365.19064,20.82,0.6615,OUTSIDE_TARGET_RANGE,True,False,False,False,False,False,False,True,,
Glutaric Acid,[N2222]Br,0.475,0.525,363.2,363.29675,15.8,0.9839,OUTSIDE_TARGET_RANGE,True,False,False,False,False,False,False,True,,
2-hydroxyethyl(trimethyl)azanium;chloride,octadecan-1-ol,0.632,0.368,363.25,361.30667,16.26,0.9543,REJECTED_DES_RULE,False,False,True,False,False,False,False,True,,
Erythritol,[N3333]Br,0.497,0.503,363.3,362.80234,19.52,0.745,OUTSIDE_TARGET_RANGE,True,False,False,False,False,False,False,True,,
methyl(triphenyl)phosphanium;bromide,"2,2,2-trifluoroacetamide",0.666667,0.333333,363.73,363.0866,20.13,0.7056,REJECTED_DES_RULE,False,False,True,False,False,False,False,True,,
2-hydroxyethyl(trimethyl)azanium;chloride,"(2R,3R,4R,5S)-hexane-1,2,3,4,5,6-hexol",0.595,0.405,363.771,363.32507,16.72,0.925,OUTSIDE_TARGET_RANGE,True,False,False,False,False,False,False,True,,
tetraethylazanium;chloride,hexadecanoic acid,0.624,0.376,363.801,365.7701,17.44,0.8787,REJECTED_DES_RULE,False,False,True,False,False,False,False,True,,
2-hydroxyethyl(trimethyl)azanium;chloride,butanedioic acid,0.45,0.55,364.0,364.47668,17.22,0.8928,OUTSIDE_TARGET_RANGE,True,False,False,False,False,False,False,True,,
2-hydroxyethyl(trimethyl)azanium;chloride,"2-hydroxypropane-1,2,3-tricarboxylic acid",0.501,0.499,364.05,363.407,17.23,0.8925,OUTSIDE_TARGET_RANGE,True,False,False,False,False,False,False,True,,
2-hydroxyethyl(trimethyl)azanium;chloride,2-hydroxyacetic acid,0.598,0.402,364.15,364.09702,17.23,0.8925,REJECTED_DES_RULE,False,False,True,False,False,False,False,True,,
2-hydroxyethyl(trimethyl)azanium;chloride,pentanedioic acid,0.05,0.95,364.25,364.5632,18.35,0.8203,OUTSIDE_TARGET_RANGE,True,False,False,False,False,False,False,True,,
2-hydroxyethyl(trimethyl)azanium;chloride,"2,3-dihydroxybutanedioic acid",0.448,0.552,364.32,364.3936,17.18,0.8953,OUTSIDE_TARGET_RANGE,True,False,False,False,False,False,False,True,,
2-hydroxyethyl(trimethyl)azanium;chloride,"(3S,4S,5S,6R)-6-(hydroxymethyl)oxane-2,3,4,5-tetrol",0.3,0.7,364.48,364.3629,19.25,0.7622,OUTSIDE_TARGET_RANGE,True,False,False,False,False,False,False,True,,
Glutaric Acid,[N2222]Br,0.859,0.141,364.5,365.902,16.48,0.9407,OUTSIDE_TARGET_RANGE,True,False,False,False,False,False,False,True,,
tetrapentylazanium;bromide,butanedioic acid,0.822,0.178,364.596,364.37424,19.53,0.7442,OUTSIDE_TARGET_RANGE,True,False,False,False,False,False,False,True,,
2-hydroxyethyl(trimethyl)azanium;chloride,2-hydroxybutanedioic acid,0.351,0.649,364.75,364.4246,17.78,0.8568,OUTSIDE_TARGET_RANGE,True,False,False,False,False,False,False,True,,
2-hydroxyethyl(trimethyl)azanium;chloride,benzamide,0.3333,0.6667,365.15,365.5226,18.12,0.8349,OUTSIDE_TARGET_RANGE,True,False,False,False,False,False,False,True,,
Pimelic Acid,[N3333]Br,0.779,0.221,365.3,364.90298,18.0,0.8425,OUTSIDE_TARGET_RANGE,True,False,False,False,False,False,False,True,,
2-hydroxyethyl(trimethyl)azanium;chloride,"(2S,4R)-pentane-1,2,3,4,5-pentol",0.6,0.4,365.59,361.58267,16.93,0.9114,OUTSIDE_TARGET_RANGE,True,False,False,False,False,False,False,True,,
Glutaric Acid,[N2222]Br,0.873,0.127,365.6,365.0469,16.5,0.9393,OUTSIDE_TARGET_RANGE,True,False,False,False,False,False,False,True,,
2-hydroxyethyl(trimethyl)azanium;chloride,butanedioic acid,0.65,0.35,366.0,368.16528,17.35,0.8843,OUTSIDE_TARGET_RANGE,True,False,False,False,False,False,False,True,,
2-hydroxyethyl(trimethyl)azanium;chloride,octanedioic acid,0.5,0.5,366.15,365.7922,20.16,0.7036,OUTSIDE_TARGET_RANGE,True,False,False,False,False,False,False,True,,
2-hydroxyethyl(trimethyl)azanium;chloride,2-(3-benzoylphenyl)propanoic acid,0.398,0.602,366.25,364.767,18.8,0.7911,OUTSIDE_TARGET_RANGE,True,False,False,False,False,False,False,True,,
2-hydroxyethyl(trimethyl)azanium;chloride,"propane-1,2,3-triol",0.652,0.348,366.622,365.92126,17.42,0.88,REJECTED_DES_RULE,False,False,True,False,False,False,False,True,,
2-hydroxyethyl(trimethyl)azanium;chloride,2-hydroxybenzoic acid,0.295,0.705,366.8,365.58072,17.56,0.8709,OUTSIDE_TARGET_RANGE,True,False,False,False,False,False,False,True,,
2-hydroxyethyl(trimethyl)azanium;chloride,1H-imidazole,0.6,0.4,367.3331,369.87646,19.61,0.7392,REJECTED_DES_RULE,False,False,True,False,False,False,False,True,,
Glutaric Acid,[N2222]Br,0.902,0.098,367.4,367.2027,16.66,0.9289,OUTSIDE_TARGET_RANGE,True,False,False,False,False,False,False,True,,
2-hydroxyethyl(trimethyl)azanium;chloride,"(3R,4S,5S)-oxane-2,3,4,5-tetrol",0.598,0.402,367.68,367.876,17.27,0.8894,OUTSIDE_TARGET_RANGE,True,False,False,False,False,False,False,True,,
2-hydroxyethyl(trimethyl)azanium;chloride,benzoic acid,0.5,0.5,368.15,366.1269,18.96,0.7809,OUTSIDE_TARGET_RANGE,True,False,False,False,False,False,False,True,,
Glutaric Acid,[N2222]Br,0.467,0.533,368.2,363.29675,15.8,0.9839,OUTSIDE_TARGET_RANGE,True,False,False,False,False,False,False,True,,
tetrapentylazanium;bromide,"(2S,3R)-butane-1,2,3,4-tetrol",0.4,0.6,368.8,368.04935,17.92,0.8478,OUTSIDE_TARGET_RANGE,True,False,False,False,False,False,False,True,,
2-hydroxyethyl(trimethyl)azanium;chloride,"(1R,4R)-1,7,7-trimethylbicyclo[2.2.1]heptan-2-one",0.3,0.7,368.9,367.02826,18.85,0.7878,OUTSIDE_TARGET_RANGE,True,False,False,False,False,False,False,True,,
tetrapropylazanium;bromide,boric acid,0.3984,0.6016,369.34,369.32886,18.9,0.7851,OUTSIDE_TARGET_RANGE,True,False,False,False,False,False,False,True,,
Glutaric Acid,[N2222]Br,0.947,0.053,369.6,369.69467,17.41,0.8807,OUTSIDE_TARGET_RANGE,True,False,False,False,False,False,False,True,,
2-hydroxyethyl(trimethyl)azanium;chloride,"(2R,3R,4S,5S,6R)-2-[(2S,3S,4S,5R)-3,4-dihydroxy-2,5-bis(hydroxymethyl)oxolan-2-yl]oxy-6-(hydroxymethyl)oxane-3,4,5-triol",0.395,0.605,369.65,369.54956,18.84,0.7889,OUTSIDE_TARGET_RANGE,True,False,False,False,False,False,False,True,,
Pimelic Acid,[N2222]Br,0.793,0.207,369.7,370.0009,17.89,0.85,REJECTED_DES_RULE,False,True,False,False,False,False,False,True,,
tetrapentylazanium;bromide,"(2S,3R)-butane-1,2,3,4-tetrol",0.904,0.096,370.3,370.6315,17.99,0.8432,OUTSIDE_TARGET_RANGE,True,False,False,False,False,False,False,True,,
[N5555]Br,Erythritol,0.9,0.1,370.4,369.75974,17.93,0.8475,OUTSIDE_TARGET_RANGE,True,False,False,False,False,False,False,True,,
2-hydroxyethyl(trimethyl)azanium;chloride,"ethane-1,2-diol",0.602,0.398,370.485,369.39944,17.24,0.8918,REJECTED_DES_RULE,False,False,True,False,False,False,False,True,,
2-hydroxyethyl(trimethyl)azanium;chloride,"(2R,3R,4S,5S,6R)-2-[(2S,3S,4S,5R)-3,4-dihydroxy-2,5-bis(hydroxymethyl)oxolan-2-yl]oxy-6-(hydroxymethyl)oxane-3,4,5-triol",0.6,0.4,370.52,370.3969,18.95,0.7818,OUTSIDE_TARGET_RANGE,True,False,False,False,False,False,False,True,,
"1H-Imidazolium, 3-[2-[(1R,5S)-6,6-dimethylbicyclo[3.1.1]hept-2-en-2-yl]ethyl]-1-methyl-, methanesulfonate (1:1) (ACI)",urea,0.819,0.181,370.588,371.4097,19.7,0.7334,OUTSIDE_TARGET_RANGE,True,False,False,False,False,False,False,True,,
tetrapentylazanium;bromide,heptanedioic acid,0.89,0.11,370.69,370.4624,19.96,0.7167,REJECTED_DES_RULE,False,False,True,False,False,False,False,True,,
2-hydroxyethyl(trimethyl)azanium;chloride,"2-hydroxypropane-1,2,3-tricarboxylic acid",0.448,0.552,370.98,371.35092,17.22,0.8928,OUTSIDE_TARGET_RANGE,True,False,False,False,False,False,False,True,,
tetrapentylazanium;bromide,butanedioic acid,0.946,0.054,371.304,372.0461,20.6,0.6754,OUTSIDE_TARGET_RANGE,True,False,False,False,False,False,False,True,,
2-hydroxyethyl(trimethyl)azanium;chloride,2-hydroxybutanedioic acid,0.301,0.699,371.42,371.32977,17.51,0.8739,OUTSIDE_TARGET_RANGE,True,False,False,False,False,False,False,True,,
2-hydroxyethyl(trimethyl)azanium;chloride,hexadecan-1-ol,0.681,0.319,371.45,370.90842,17.55,0.8718,REJECTED_DES_RULE,False,False,True,False,False,False,False,True,,
2-hydroxyethyl(trimethyl)azanium;chloride,N-(4-hydroxyphenyl)acetamide,0.302,0.698,371.52,371.56247,17.62,0.8672,OUTSIDE_TARGET_RANGE,True,False,False,False,False,False,False,True,,
"1H-Imidazolium, 3-[2-[(1R,5S)-6,6-dimethylbicyclo[3.1.1]hept-2-en-2-yl]ethyl]-1-methyl-, methanesulfonate (1:1) (ACI)",urea,0.1,0.9,372.059,373.20627,19.21,0.765,OUTSIDE_TARGET_RANGE,True,False,False,False,False,False,False,True,,
2-hydroxyethyl(trimethyl)azanium;chloride,"(1R,4R)-1,7,7-trimethylbicyclo[2.2.1]heptan-2-one",0.599,0.401,372.3,371.92264,18.93,0.7832,OUTSIDE_TARGET_RANGE,True,False,False,False,False,False,False,True,,
Pimelic Acid,[N3333]Br,0.895,0.105,372.5,372.87274,19.88,0.7221,REJECTED_DES_RULE,False,True,False,False,False,False,False,True,,
2-hydroxyethyl(trimethyl)azanium;chloride,pentanedioic acid,0.598,0.402,372.65,371.60706,17.23,0.8925,REJECTED_DES_RULE,False,False,True,False,False,False,False,True,,
2-hydroxyethyl(trimethyl)azanium;chloride,thiourea,0.42,0.58,373.15,370.33633,18.67,0.7998,OUTSIDE_TARGET_RANGE,True,False,False,False,False,False,False,True,,
Glutaric Acid,[N2222]Br,0.461,0.539,373.2,372.5843,15.82,0.9829,REJECTED_DES_RULE,False,True,False,False,False,False,False,True,,
tetraethylazanium;chloride,octadecanoic acid,0.594,0.406,373.35,376.6824,17.88,0.8505,REJECTED_DES_RULE,False,False,True,False,False,False,False,True,,
tetraethylazanium;chloride,decanoic acid,0.59,0.41,373.45,374.78214,17.45,0.8782,REJECTED_DES_RULE,False,False,True,False,False,False,False,True,,
2-hydroxyethyl(trimethyl)azanium;chloride,decanoic acid,0.54,0.46,373.6,370.9409,17.18,0.8953,REJECTED_DES_RULE,False,False,True,False,False,False,False,True,,
2-hydroxyethyl(trimethyl)azanium;chloride,tetradecanoic acid,0.579,0.421,373.62,371.4875,17.06,0.9032,REJECTED_DES_RULE,False,False,True,False,False,False,False,True,,
2-hydroxyethyl(trimethyl)azanium;chloride,dodecanoic acid,0.561,0.439,373.75,374.14154,17.7,0.8622,REJECTED_DES_RULE,False,False,True,False,False,False,False,True,,
2-hydroxyethyl(trimethyl)azanium;chloride,octadecan-1-ol,0.65,0.35,373.95,373.09622,16.41,0.945,REJECTED_DES_RULE,False,False,True,False,False,False,False,True,,
2-hydroxyethyl(trimethyl)azanium;chloride,tetradecanoic acid,0.597,0.403,374.53,378.56915,17.14,0.8977,REJECTED_DES_RULE,False,False,True,False,False,False,False,True,,
2-hydroxyethyl(trimethyl)azanium;chloride,"2,3-dihydroxybutanedioic acid",0.407,0.593,374.55,375.02997,17.21,0.8936,OUTSIDE_TARGET_RANGE,True,False,False,False,False,False,False,True,,
2-hydroxyethyl(trimethyl)azanium;chloride,"(2S,3R)-butane-1,2,3,4-tetrol",0.252,0.748,375.336,374.91028,17.46,0.8771,OUTSIDE_TARGET_RANGE,True,False,False,False,False,False,False,True,,
"1H-Imidazolium, 3-[2-[(1R,5S)-6,6-dimethylbicyclo[3.1.1]hept-2-en-2-yl]ethyl]-1-methyl-, methanesulfonate (1:1) (ACI)",4-oxopentanoic acid,0.788,0.212,375.362,374.4512,19.34,0.7564,REJECTED_DES_RULE,False,False,True,False,False,False,False,True,,
tetrapropylazanium;chloride,decanoic acid,0.6,0.4,375.55,373.98865,18.16,0.8323,REJECTED_DES_RULE,False,False,True,False,False,False,False,True,,
tetrapentylazanium;bromide,heptanedioic acid,0.091,0.909,375.862,376.2681,21.48,0.6188,REJECTED_DES_RULE,False,True,True,False,False,False,False,True,,
2-hydroxyethyl(trimethyl)azanium;chloride,2-hydroxybutanedioic acid,0.249,0.751,376.42,377.159,17.23,0.8921,OUTSIDE_TARGET_RANGE,True,False,False,False,False,False,False,True,,
Erythritol,[N3333]Br,0.694,0.306,376.6,377.3878,19.49,0.7468,OUTSIDE_TARGET_RANGE,True,False,False,False,False,False,False,True,,
2-hydroxyethyl(trimethyl)azanium;chloride,"(1R,2S,5R)-5-methyl-2-propan-2-ylcyclohexan-1-ol",0.6,0.4,376.8,374.78873,17.42,0.8797,REJECTED_DES_RULE,False,False,True,False,False,False,False,True,,
2-hydroxyethyl(trimethyl)azanium;chloride,5-methyl-2-propan-2-ylphenol,0.601,0.399,377.2,379.2537,17.42,0.88,REJECTED_DES_RULE,False,False,True,False,False,False,False,True,,
Erythritol,[N3333]Br,0.394,0.606,377.3,377.12424,21.24,0.6346,OUTSIDE_TARGET_RANGE,True,False,False,False,False,False,False,True,,
2-hydroxyethyl(trimethyl)azanium;chloride,"(3S,4S,5S,6R)-6-(hydroxymethyl)oxane-2,3,4,5-tetrol",0.6,0.4,377.52,378.49393,18.68,0.7991,OUTSIDE_TARGET_RANGE,True,False,False,False,False,False,False,True,,
2-hydroxyethyl(trimethyl)azanium;chloride,hexadecanoic acid,0.53,0.47,377.63,377.78537,16.68,0.9275,REJECTED_DES_RULE,False,False,True,False,False,False,False,True,,
2-hydroxyethyl(trimethyl)azanium;chloride,"(3S,4S,5S,6R)-6-(hydroxymethyl)oxane-2,3,4,5-tetrol",0.2,0.8,377.85,378.14758,19.52,0.7453,OUTSIDE_TARGET_RANGE,True,False,False,False,False,False,False,True,,
tetramethylazanium;chloride,octadecanoic acid,0.486,0.514,378.15,378.60208,17.85,0.8524,REJECTED_DES_RULE,False,False,True,False,False,False,False,True,,
Glutaric Acid,[N2222]Br,0.452,0.548,378.2,378.4638,15.84,0.9814,REJECTED_DES_RULE,False,True,False,False,False,False,False,True,,
tetrapentylazanium;bromide,"(2S,3R)-butane-1,2,3,4-tetrol",0.286,0.714,379.0,379.12686,16.87,0.9154,REJECTED_DES_RULE,False,True,False,False,False,False,False,True,,
2-hydroxyethyl(trimethyl)azanium;chloride,butanedioic acid,0.4,0.6,379.0,378.38052,17.29,0.888,OUTSIDE_TARGET_RANGE,True,False,False,False,False,False,False,True,,
[N5555]Br,Erythritol,0.29,0.71,379.2,379.55634,16.89,0.9139,REJECTED_DES_RULE,False,True,False,False,False,False,False,True,,
2-hydroxyethyl(trimethyl)azanium;chloride,"(3R,4S,5R)-oxane-2,3,4,5-tetrol",0.599,0.401,379.45,378.99506,17.28,0.8891,OUTSIDE_TARGET_RANGE,True,False,False,False,False,False,False,True,,
2-hydroxyethyl(trimethyl)azanium;chloride,"2-hydroxypropane-1,2,3-tricarboxylic acid",0.4,0.6,379.48,378.76663,17.21,0.8932,OUTSIDE_TARGET_RANGE,True,False,False,False,False,False,False,True,,
[N5555]Br,Erythritol,0.22,0.78,380.0,380.96872,17.1,0.9003,REJECTED_DES_RULE,False,True,False,False,False,False,False,True,,
tetrapentylazanium;bromide,"(2S,3R)-butane-1,2,3,4-tetrol",0.233,0.767,380.2,379.48343,17.03,0.905,REJECTED_DES_RULE,False,True,False,False,False,False,False,True,,
tetrapropylazanium;chloride,dodecanoic acid,0.604,0.396,380.75,380.59125,17.27,0.8893,REJECTED_DES_RULE,False,False,True,False,False,False,False,True,,
tetrapropylazanium;chloride,dodecanoic acid,0.6047,0.3953,380.8658,380.59125,17.28,0.8891,REJECTED_DES_RULE,False,False,True,False,False,False,False,True,,
"1H-Imidazolium, 3-[2-[(1R,5S)-6,6-dimethylbicyclo[3.1.1]hept-2-en-2-yl]ethyl]-1-methyl-, methanesulfonate (1:1) (ACI)",urea,0.9,0.1,380.882,380.35138,20.59,0.676,OUTSIDE_TARGET_RANGE,True,False,False,False,False,False,False,True,,
2-hydroxyethyl(trimethyl)azanium;chloride,oxalic acid,0.65,0.35,381.0,379.25912,17.4,0.8813,OUTSIDE_TARGET_RANGE,True,False,False,False,False,False,False,True,,
2-hydroxyethyl(trimethyl)azanium;chloride,2-acetyloxybenzoic acid,0.101,0.899,381.52,381.07132,19.43,0.7507,OUTSIDE_TARGET_RANGE,True,False,False,False,False,False,False,True,,
2-hydroxyethyl(trimethyl)azanium;chloride,"(3R,4S,5S)-oxane-2,3,4,5-tetrol",0.201,0.799,381.58,381.82288,17.25,0.8912,OUTSIDE_TARGET_RANGE,True,False,False,False,False,False,False,True,,
2-hydroxyethyl(trimethyl)azanium;chloride,"(2S,3R)-butane-1,2,3,4-tetrol",0.199,0.801,381.614,381.47897,17.82,0.8543,OUTSIDE_TARGET_RANGE,True,False,False,False,False,False,False,True,,
2-hydroxyethyl(trimethyl)azanium;chloride,"(3R,4S,5R)-oxane-2,3,4,5-tetrol",0.201,0.799,381.62,381.9015,17.24,0.8915,OUTSIDE_TARGET_RANGE,True,False,False,False,False,False,False,True,,
tetramethylazanium;chloride,dodecanoic acid,0.502,0.498,381.95,382.78876,17.69,0.8627,REJECTED_DES_RULE,False,False,True,False,False,False,False,True,,
2-hydroxyethyl(trimethyl)azanium;chloride,2-acetyloxybenzoic acid,0.414,0.586,382.48,383.82562,18.87,0.7867,OUTSIDE_TARGET_RANGE,True,False,False,False,False,False,False,True,,
tetramethylazanium;chloride,tetradecan-1-ol,0.506,0.494,382.6,378.86734,17.83,0.8536,REJECTED_DES_RULE,False,False,True,False,False,False,False,True,,
Glutaric Acid,[N2222]Br,0.442,0.558,383.2,383.44345,15.9,0.9779,REJECTED_DES_RULE,False,True,False,False,False,False,False,True,,
2-hydroxyethyl(trimethyl)azanium;chloride,2-hydroxybutanedioic acid,0.2,0.8,383.62,383.29016,17.21,0.8932,OUTSIDE_TARGET_RANGE,True,False,False,False,False,False,False,True,,
2-hydroxyethyl(trimethyl)azanium;chloride,octadecan-1-ol,0.685,0.315,383.65,387.5498,16.75,0.9229,REJECTED_DES_RULE,False,False,True,False,False,False,False,True,,
2-hydroxyethyl(trimethyl)azanium;chloride,"2-hydroxypropane-1,2,3-tricarboxylic acid",0.35,0.65,384.02,384.12192,17.2,0.8943,OUTSIDE_TARGET_RANGE,True,False,False,False,False,False,False,True,,
"1H-Imidazolium, 3-[2-[(1R,5S)-6,6-dimethylbicyclo[3.1.1]hept-2-en-2-yl]ethyl]-1-methyl-, methanesulfonate (1:1) (ACI)",4-oxopentanoic acid,0.901,0.099,384.058,384.17456,20.83,0.6607,REJECTED_DES_RULE,False,False,True,False,False,False,False,True,,
2-hydroxyethyl(trimethyl)azanium;chloride,"ethane-1,2-diol",0.638,0.362,384.361,385.6613,17.16,0.8964,REJECTED_DES_RULE,False,False,True,False,False,False,False,True,,
2-hydroxyethyl(trimethyl)azanium;chloride,"(2R,3R,4R,5R)-hexane-1,2,3,4,5,6-hexol",0.5,0.5,385.15,382.05414,20.39,0.6892,OUTSIDE_TARGET_RANGE,True,False,False,False,False,False,False,True,,
Erythritol,[N3333]Br,0.81,0.19,385.2,384.9051,21.43,0.6225,OUTSIDE_TARGET_RANGE,True,False,False,False,False,False,False,True,,
2-hydroxyethyl(trimethyl)azanium;chloride,2-hydroxybenzoic acid,0.211,0.789,385.4,384.66623,17.52,0.8737,OUTSIDE_TARGET_RANGE,True,False,False,False,False,False,False,True,,
2-hydroxyethyl(trimethyl)azanium;chloride,"2,3-dihydroxybutanedioic acid",0.348,0.652,385.82,385.6416,17.52,0.8736,OUTSIDE_TARGET_RANGE,True,False,False,False,False,False,False,True,,
Urea,[N2222]Br,0.666666667,0.333333333,386.15,385.21152,23.08,0.5162,OUTSIDE_TARGET_RANGE,True,False,False,False,False,False,False,True,,
2-hydroxyethyl(trimethyl)azanium;chloride,"(2R,3R,4S,5S,6R)-2-[(2S,3S,4S,5R)-3,4-dihydroxy-2,5-bis(hydroxymethyl)oxolan-2-yl]oxy-6-(hydroxymethyl)oxane-3,4,5-triol",0.302,0.698,386.22,386.32532,18.78,0.7925,OUTSIDE_TARGET_RANGE,True,False,False,False,False,False,False,True,,
2-hydroxyethyl(trimethyl)azanium;chloride,2-hydroxypropanoic acid,0.653,0.347,386.65,385.7252,17.2,0.8939,REJECTED_DES_RULE,False,False,True,False,False,False,False,True,,
2-hydroxyethyl(trimethyl)azanium;chloride,"2,3-dihydroxybutanedioic acid",0.749,0.251,386.68,385.21948,17.06,0.9028,OUTSIDE_TARGET_RANGE,True,False,False,False,False,False,False,True,,
2-hydroxyethyl(trimethyl)azanium;chloride,"2-hydroxypropane-1,2,3-tricarboxylic acid",0.75,0.25,387.12,385.46063,17.56,0.8707,OUTSIDE_TARGET_RANGE,True,False,False,False,False,False,False,True,,
2-hydroxyethyl(trimethyl)azanium;chloride,N-(4-hydroxyphenyl)acetamide,0.207,0.793,387.82,388.4358,17.61,0.8678,OUTSIDE_TARGET_RANGE,True,False,False,False,False,False,False,True,,
2-hydroxyethyl(trimethyl)azanium;chloride,2-hydroxybutanedioic acid,0.15,0.85,387.88,388.50708,17.18,0.8957,OUTSIDE_TARGET_RANGE,True,False,False,False,False,False,False,True,,
tetramethylazanium;chloride,hexadecanoic acid,0.49,0.51,387.95,385.33954,17.66,0.8646,REJECTED_DES_RULE,False,False,True,False,False,False,False,True,,
2-hydroxyethyl(trimethyl)azanium;chloride,2-hydroxyacetic acid,0.649,0.351,387.98,389.74176,17.24,0.8918,REJECTED_DES_RULE,False,False,True,False,False,False,False,True,,
Glutaric Acid,[N2222]Br,0.434,0.566,388.2,388.50092,15.94,0.975,REJECTED_DES_RULE,False,True,False,False,False,False,False,True,,
2-hydroxyethyl(trimethyl)azanium;chloride,octadecanoic acid,0.505,0.495,388.62,388.1499,17.19,0.895,REJECTED_DES_RULE,False,False,True,False,False,False,False,True,,
2-hydroxyethyl(trimethyl)azanium;chloride,"(2S,3R)-butane-1,2,3,4-tetrol",0.099,0.901,389.462,389.2238,19.14,0.7691,OUTSIDE_TARGET_RANGE,True,False,False,False,False,False,False,True,,
Pimelic Acid,[N3333]Br,0.33,0.67,390.2,390.17783,17.39,0.8821,REJECTED_DES_RULE,False,True,False,False,False,False,False,True,,
2-hydroxyethyl(trimethyl)azanium;chloride,tetradecan-1-ol,0.6,0.4,390.25,387.826,17.17,0.8963,REJECTED_DES_RULE,False,False,True,False,False,False,False,True,,
2-hydroxyethyl(trimethyl)azanium;chloride,2-(3-benzoylphenyl)propanoic acid,0.505,0.495,390.52,388.78674,18.83,0.7893,REJECTED_DES_RULE,False,False,True,False,False,False,False,True,,
tetramethylazanium;chloride,decanoic acid,0.402,0.598,390.85,385.0808,17.84,0.8529,REJECTED_DES_RULE,False,False,True,False,False,False,False,True,,
2-hydroxyethyl(trimethyl)azanium;chloride,2-hydroxybutanedioic acid,0.101,0.899,391.75,391.29358,17.45,0.8782,OUTSIDE_TARGET_RANGE,True,False,False,False,False,False,False,True,,
2-hydroxyethyl(trimethyl)azanium;chloride,"1,1-dimethylurea",0.38,0.62,392.15,395.79877,18.62,0.8025,OUTSIDE_TARGET_RANGE,True,False,False,False,False,False,False,True,,
tetrapentylazanium;bromide,butanedioic acid,0.393,0.607,392.174,392.2708,19.75,0.7301,REJECTED_DES_RULE,False,True,False,False,False,False,False,True,,
tetraethylazanium;chloride,tetradecanoic acid,0.593,0.407,392.65,392.0159,17.74,0.8594,REJECTED_DES_RULE,False,False,True,False,False,False,False,True,,
tetrapropylazanium;chloride,octadecanoic acid,0.593,0.407,392.85,388.97403,18.05,0.8392,REJECTED_DES_RULE,False,False,True,False,False,False,False,True,,
tetrapentylazanium;bromide,"(2S,3R)-butane-1,2,3,4-tetrol",0.088,0.912,393.1,392.28415,18.2,0.8296,REJECTED_DES_RULE,False,True,False,False,False,False,False,True,,
[N5555]Br,Erythritol,0.09,0.91,393.2,393.5266,18.17,0.8318,REJECTED_DES_RULE,False,True,False,False,False,False,False,True,,
tetraethylazanium;chloride,dodecanoic acid,0.584,0.416,393.45,393.71045,17.22,0.8926,REJECTED_DES_RULE,False,False,True,False,False,False,False,True,,
2-hydroxyethyl(trimethyl)azanium;chloride,"2-hydroxypropane-1,2,3-tricarboxylic acid",0.3,0.7,393.48,393.09375,17.21,0.8936,OUTSIDE_TARGET_RANGE,True,False,False,False,False,False,False,True,,
2-hydroxyethyl(trimethyl)azanium;chloride,2-hydroxybenzoic acid,0.592,0.408,393.6,394.358,17.61,0.8678,OUTSIDE_TARGET_RANGE,True,False,False,False,False,False,False,True,,
2-hydroxyethyl(trimethyl)azanium;chloride,hexadecanoic acid,0.555,0.445,393.63,393.5462,16.5,0.9389,REJECTED_DES_RULE,False,False,True,False,False,False,False,True,,
2-hydroxyethyl(trimethyl)azanium;chloride,"2,3-dihydroxybutanedioic acid",0.3,0.7,393.65,394.1868,17.79,0.8564,OUTSIDE_TARGET_RANGE,True,False,False,False,False,False,False,True,,
tetrapropylazanium;bromide,boric acid,0.2995,0.7005,393.73,393.00867,18.91,0.7842,OUTSIDE_TARGET_RANGE,True,False,False,False,False,False,False,True,,
2-hydroxyethyl(trimethyl)azanium;chloride,hexadecanoic acid,0.554,0.446,393.88,393.69672,16.51,0.9386,REJECTED_DES_RULE,False,False,True,False,False,False,False,True,,
2-hydroxyethyl(trimethyl)azanium;chloride,"(1R,4R)-1,7,7-trimethylbicyclo[2.2.1]heptan-2-one",0.2,0.8,394.2,394.62067,19.41,0.7521,OUTSIDE_TARGET_RANGE,True,False,False,False,False,False,False,True,,
tetraethylazanium;chloride,dodecanoic acid,0.586,0.414,394.2044,393.71045,17.25,0.8912,REJECTED_DES_RULE,False,False,True,False,False,False,False,True,,
tetramethylazanium;chloride,octadecan-1-ol,0.597,0.403,394.3,389.24017,17.82,0.8544,REJECTED_DES_RULE,False,False,True,False,False,False,False,True,,
2-hydroxyethyl(trimethyl)azanium;chloride,2-hydroxybutanedioic acid,0.056,0.944,395.18,395.02676,18.2,0.83,OUTSIDE_TARGET_RANGE,True,False,False,False,False,False,False,True,,
2-hydroxyethyl(trimethyl)azanium;chloride,decanoic acid,0.592,0.408,395.55,394.78976,17.18,0.8957,REJECTED_DES_RULE,False,False,True,False,False,False,False,True,,
2-hydroxyethyl(trimethyl)azanium;chloride,2-[4-(2-methylpropyl)phenyl]propanoic acid,0.613,0.387,395.82,394.74222,18.72,0.7964,REJECTED_DES_RULE,False,False,True,False,False,False,False,True,,
2-hydroxyethyl(trimethyl)azanium;chloride,oxalic acid,0.7,0.3,396.0,397.94037,17.91,0.8487,OUTSIDE_TARGET_RANGE,True,False,False,False,False,False,False,True,,
2-hydroxyethyl(trimethyl)azanium;chloride,pentanedioic acid,0.649,0.351,396.78,395.5167,17.21,0.8932,REJECTED_DES_RULE,False,False,True,False,False,False,False,True,,
Pimelic Acid,[N2222]Br,0.378,0.622,397.7,398.35345,18.34,0.8211,REJECTED_DES_RULE,False,True,False,False,False,False,False,True,,
2-hydroxyethyl(trimethyl)azanium;chloride,"2-hydroxypropane-1,2,3-tricarboxylic acid",0.252,0.748,397.98,398.30542,17.22,0.8928,OUTSIDE_TARGET_RANGE,True,False,False,False,False,False,False,True,,
tetrapropylazanium;chloride,tetradecanoic acid,0.7,0.3,398.05,395.64832,17.89,0.8497,REJECTED_DES_RULE,False,False,True,False,False,False,False,True,,
Glutaric Acid,[N2222]Br,0.417,0.583,398.2,398.16006,16.23,0.9568,REJECTED_DES_RULE,False,True,False,False,False,False,False,True,,
Pimelic Acid,[N3333]Br,0.287,0.713,398.2,398.25278,18.1,0.8361,REJECTED_DES_RULE,False,True,False,False,False,False,False,True,,
tetrapropylazanium;chloride,hexadecanoic acid,0.8,0.2,398.65,402.39548,17.89,0.8495,REJECTED_DES_RULE,False,False,True,False,False,False,False,True,,
2-hydroxyethyl(trimethyl)azanium;chloride,butanedioic acid,0.35,0.65,400.0,400.0919,17.7,0.8617,OUTSIDE_TARGET_RANGE,True,False,False,False,False,False,False,True,,
2-hydroxyethyl(trimethyl)azanium;chloride,butanedioic acid,0.7,0.3,402.0,400.94757,17.91,0.8487,OUTSIDE_TARGET_RANGE,True,False,False,False,False,False,False,True,,
tetramethylazanium;chloride,hexadecan-1-ol,0.699,0.301,402.2,402.1704,17.84,0.8527,REJECTED_DES_RULE,False,False,True,False,False,False,False,True,,
2-hydroxyethyl(trimethyl)azanium;chloride,"(3R,4S,5S)-oxane-2,3,4,5-tetrol",0.1,0.9,402.78,403.2177,17.83,0.8538,OUTSIDE_TARGET_RANGE,True,False,False,False,False,False,False,True,,
tetraethylazanium;chloride,decanoic acid,0.65,0.35,403.28,403.2818,17.21,0.8932,REJECTED_DES_RULE,False,False,True,False,False,False,False,True,,
tetrapropylazanium;chloride,decanoic acid,0.7,0.3,404.05,406.3679,17.9,0.8488,REJECTED_DES_RULE,False,False,True,False,False,False,False,True,,
2-hydroxyethyl(trimethyl)azanium;chloride,"2-hydroxypropane-1,2,3-tricarboxylic acid",0.2,0.8,404.48,403.838,17.22,0.8928,OUTSIDE_TARGET_RANGE,True,False,False,False,False,False,False,True,,
2-hydroxyethyl(trimethyl)azanium;chloride,"(2R,3R,4S,5S,6R)-2-[(2S,3S,4S,5R)-3,4-dihydroxy-2,5-bis(hydroxymethyl)oxolan-2-yl]oxy-6-(hydroxymethyl)oxane-3,4,5-triol",0.201,0.799,404.58,405.48856,19.34,0.7564,OUTSIDE_TARGET_RANGE,True,False,False,False,False,False,False,True,,
2-hydroxyethyl(trimethyl)azanium;chloride,"(3R,4S,5R)-oxane-2,3,4,5-tetrol",0.102,0.898,405.78,405.39926,17.79,0.8561,OUTSIDE_TARGET_RANGE,True,False,False,False,False,False,False,True,,
2-hydroxyethyl(trimethyl)azanium;chloride,2-hydroxypropanoic acid,0.697,0.303,406.45,407.96713,17.2,0.8943,REJECTED_DES_RULE,False,False,True,False,False,False,False,True,,
2-hydroxyethyl(trimethyl)azanium;chloride,2-hydroxybenzoic acid,0.113,0.887,406.9,408.06934,18.08,0.8375,OUTSIDE_TARGET_RANGE,True,False,False,False,False,False,False,True,,
tetraethylazanium;chloride,hexadecanoic acid,0.699,0.301,407.25,405.20374,17.82,0.8545,REJECTED_DES_RULE,False,False,True,False,False,False,False,True,,
2-hydroxyethyl(trimethyl)azanium;chloride,N-(4-hydroxyphenyl)acetamide,0.695,0.305,407.92,406.8531,17.64,0.866,OUTSIDE_TARGET_RANGE,True,False,False,False,False,False,False,True,,
2-hydroxyethyl(trimethyl)azanium;chloride,octadecanoic acid,0.554,0.446,408.6,409.43735,17.16,0.8969,REJECTED_DES_RULE,False,False,True,False,False,False,False,True,,
2-hydroxyethyl(trimethyl)azanium;chloride,"propane-1,2,3-triol",0.697,0.303,411.216,409.53616,17.17,0.8961,REJECTED_DES_RULE,False,False,True,False,False,False,False,True,,
2-hydroxyethyl(trimethyl)azanium;chloride,"2-hydroxypropane-1,2,3-tricarboxylic acid",0.15,0.85,411.35,412.05795,17.15,0.8971,OUTSIDE_TARGET_RANGE,True,False,False,False,False,False,False,True,,
2-hydroxyethyl(trimethyl)azanium;chloride,"2,3-dihydroxybutanedioic acid",0.201,0.799,411.58,411.0434,19.13,0.7702,OUTSIDE_TARGET_RANGE,True,False,False,False,False,False,False,True,,
tetraethylazanium;chloride,octadecanoic acid,0.701,0.299,411.75,412.43402,18.01,0.8419,REJECTED_DES_RULE,False,False,True,False,False,False,False,True,,
2-hydroxyethyl(trimethyl)azanium;chloride,"(2R,3R,4S,5S,6R)-2-[(2S,3S,4S,5R)-3,4-dihydroxy-2,5-bis(hydroxymethyl)oxolan-2-yl]oxy-6-(hydroxymethyl)oxane-3,4,5-triol",0.7,0.3,411.82,412.70535,18.92,0.7836,OUTSIDE_TARGET_RANGE,True,False,False,False,False,False,False,True,,
2-hydroxyethyl(trimethyl)azanium;chloride,octadecan-1-ol,0.751,0.249,413.48,413.1998,16.11,0.9643,REJECTED_DES_RULE,False,False,True,False,False,False,False,True,,
2-hydroxyethyl(trimethyl)azanium;chloride,tetradecanoic acid,0.667,0.333,413.52,413.288,17.08,0.9018,REJECTED_DES_RULE,False,False,True,False,False,False,False,True,,
2-hydroxyethyl(trimethyl)azanium;chloride,decanoic acid,0.642,0.358,413.7,415.43048,17.21,0.8937,REJECTED_DES_RULE,False,False,True,False,False,False,False,True,,
2-hydroxyethyl(trimethyl)azanium;chloride,octadecan-1-ol,0.75,0.25,413.78,415.72574,16.11,0.9639,REJECTED_DES_RULE,False,False,True,False,False,False,False,True,,
2-hydroxyethyl(trimethyl)azanium;chloride,tetradecan-1-ol,0.643,0.357,414.08,414.09216,17.44,0.8785,REJECTED_DES_RULE,False,False,True,False,False,False,False,True,,
2-hydroxyethyl(trimethyl)azanium;chloride,5-methyl-2-propan-2-ylphenol,0.7,0.3,414.2,415.81918,17.42,0.8797,REJECTED_DES_RULE,False,False,True,False,False,False,False,True,,
tetramethylazanium;chloride,tetradecan-1-ol,0.596,0.404,414.5,415.73602,17.75,0.8589,REJECTED_DES_RULE,False,False,True,False,False,False,False,True,,
tetramethylazanium;chloride,tetradecanoic acid,0.504,0.496,415.05,414.68704,17.88,0.8505,REJECTED_DES_RULE,False,False,True,False,False,False,False,True,,
tetrapropylazanium;bromide,boric acid,0.1979,0.8021,415.5,415.0264,19.47,0.7479,OUTSIDE_TARGET_RANGE,True,False,False,False,False,False,False,True,,
2-hydroxyethyl(trimethyl)azanium;chloride,hexadecan-1-ol,0.75,0.25,415.78,413.68204,17.43,0.8792,REJECTED_DES_RULE,False,False,True,False,False,False,False,True,,
tetramethylazanium;chloride,octadecanoic acid,0.577,0.423,415.95,415.48172,17.92,0.8476,REJECTED_DES_RULE,False,False,True,False,False,False,False,True,,
2-hydroxyethyl(trimethyl)azanium;chloride,"ethane-1,2-diol",0.694,0.306,416.079,415.84406,17.28,0.8893,REJECTED_DES_RULE,False,False,True,False,False,False,False,True,,
2-hydroxyethyl(trimethyl)azanium;chloride,"(1R,4R)-1,7,7-trimethylbicyclo[2.2.1]heptan-2-one",0.699,0.301,416.7,415.8303,18.9,0.785,OUTSIDE_TARGET_RANGE,True,False,False,False,False,False,False,True,,
2-hydroxyethyl(trimethyl)azanium;chloride,urea,0.633,0.367,417.061,414.828,18.63,0.8021,REJECTED_DES_RULE,False,False,True,False,False,False,False,True,,
2-hydroxyethyl(trimethyl)azanium;chloride,2-hydroxybutanedioic acid,0.7,0.3,417.18,417.03003,17.76,0.8582,REJECTED_DES_RULE,False,False,True,False,False,False,False,True,,
2-hydroxyethyl(trimethyl)azanium;chloride,"(2S,4R)-pentane-1,2,3,4,5-pentol",0.7,0.3,417.92,419.8799,18.03,0.8411,REJECTED_DES_RULE,False,False,True,False,False,False,False,True,,
2-hydroxyethyl(trimethyl)azanium;chloride,2-acetyloxybenzoic acid,0.499,0.501,418.25,415.3723,18.78,0.7925,REJECTED_DES_RULE,False,False,True,False,False,False,False,True,,
2-hydroxyethyl(trimethyl)azanium;chloride,"2-hydroxypropane-1,2,3-tricarboxylic acid",0.102,0.898,418.28,418.29318,17.42,0.88,OUTSIDE_TARGET_RANGE,True,False,False,False,False,False,False,True,,
2-hydroxyethyl(trimethyl)azanium;chloride,"(1R,2S,5R)-5-methyl-2-propan-2-ylcyclohexan-1-ol",0.7,0.3,418.5,416.16565,17.42,0.88,REJECTED_DES_RULE,False,False,True,False,False,False,False,True,,
2-hydroxyethyl(trimethyl)azanium;chloride,"(2R,3R,4R,5S)-hexane-1,2,3,4,5,6-hexol",0.698,0.302,418.644,419.06296,17.99,0.8432,REJECTED_DES_RULE,False,False,True,False,False,False,False,True,,
2-hydroxyethyl(trimethyl)azanium;chloride,octadecan-1-ol,0.748,0.252,418.65,418.74246,16.15,0.9618,REJECTED_DES_RULE,False,False,True,False,False,False,False,True,,
2-hydroxyethyl(trimethyl)azanium;chloride,2-(3-benzoylphenyl)propanoic acid,0.603,0.397,418.68,420.96744,18.78,0.7925,REJECTED_DES_RULE,False,False,True,False,False,False,False,True,,
2-hydroxyethyl(trimethyl)azanium;chloride,pentanedioic acid,0.699,0.301,418.72,418.8827,17.23,0.8921,REJECTED_DES_RULE,False,False,True,False,False,False,False,True,,
2-hydroxyethyl(trimethyl)azanium;chloride,hexadecanoic acid,0.603,0.397,418.85,414.1473,16.75,0.9229,REJECTED_DES_RULE,False,False,True,False,False,False,False,True,,
2-hydroxyethyl(trimethyl)azanium;chloride,"(2S,3R)-butane-1,2,3,4-tetrol",0.666,0.334,419.283,416.8706,16.74,0.9236,REJECTED_DES_RULE,False,False,True,False,False,False,False,True,,
tetrapropylazanium;chloride,dodecanoic acid,0.713,0.287,419.55,419.71185,17.07,0.9026,REJECTED_DES_RULE,False,False,True,False,False,False,False,True,,
tetrapentylazanium;bromide,butanedioic acid,0.308,0.692,419.752,420.0536,19.6,0.7397,REJECTED_DES_RULE,False,True,False,False,False,False,False,True,,
tetrapropylazanium;chloride,dodecanoic acid,0.7128,0.2872,419.8284,419.71185,17.07,0.9025,REJECTED_DES_RULE,False,False,True,False,False,False,False,True,,
2-hydroxyethyl(trimethyl)azanium;chloride,2-hydroxyacetic acid,0.699,0.301,420.15,418.55508,17.21,0.8932,REJECTED_DES_RULE,False,False,True,False,False,False,False,True,,
tetrapropylazanium;bromide,boric acid,0.599,0.401,420.73,419.87064,18.91,0.7842,OUTSIDE_TARGET_RANGE,True,False,False,False,False,False,False,True,,
2-hydroxyethyl(trimethyl)azanium;chloride,"1,1-dimethylurea",0.3333,0.6667,422.15,416.95905,18.66,0.8001,OUTSIDE_TARGET_RANGE,True,False,False,False,False,False,False,True,,
2-hydroxyethyl(trimethyl)azanium;chloride,"2-hydroxypropane-1,2,3-tricarboxylic acid",0.062,0.938,423.15,422.9493,18.09,0.8371,OUTSIDE_TARGET_RANGE,True,False,False,False,False,False,False,True,,
2-hydroxyethyl(trimethyl)azanium;chloride,dodecanoic acid,0.658,0.342,423.45,423.7949,17.39,0.882,REJECTED_DES_RULE,False,False,True,False,False,False,False,True,,
tetramethylazanium;chloride,decanoic acid,0.499,0.501,423.75,426.53128,18.07,0.8382,REJECTED_DES_RULE,False,False,True,False,False,False,False,True,,
tetrapropylazanium;chloride,octadecanoic acid,0.701,0.299,424.75,424.12958,18.01,0.8423,REJECTED_DES_RULE,False,False,True,False,False,False,False,True,,
2-hydroxyethyl(trimethyl)azanium;chloride,N-(4-hydroxyphenyl)acetamide,0.101,0.899,425.82,425.72574,18.31,0.8229,OUTSIDE_TARGET_RANGE,True,False,False,False,False,False,False,True,,
2-hydroxyethyl(trimethyl)azanium;chloride,"propane-1,2,3-triol",0.752,0.248,427.432,428.83807,17.2,0.8939,REJECTED_DES_RULE,False,False,True,False,False,False,False,True,,
2-hydroxyethyl(trimethyl)azanium;chloride,decanoic acid,0.675,0.325,427.85,426.7001,17.29,0.8882,REJECTED_DES_RULE,False,False,True,False,False,False,False,True,,
2-hydroxyethyl(trimethyl)azanium;chloride,"(3R,4S,5S)-oxane-2,3,4,5-tetrol",0.699,0.301,428.72,431.53815,17.31,0.8873,REJECTED_DES_RULE,False,False,True,False,False,False,False,True,,
tetramethylazanium;chloride,hexadecanoic acid,0.592,0.408,429.25,430.09073,17.81,0.8549,REJECTED_DES_RULE,False,False,True,False,False,False,False,True,,
2-hydroxyethyl(trimethyl)azanium;chloride,tetradecanoic acid,0.706,0.294,429.53,429.2887,17.07,0.9025,REJECTED_DES_RULE,False,False,True,False,False,False,False,True,,
2-hydroxyethyl(trimethyl)azanium;chloride,"(1R,4R)-1,7,7-trimethylbicyclo[2.2.1]heptan-2-one",0.1,0.9,429.6,428.46634,20.99,0.6506,OUTSIDE_TARGET_RANGE,True,False,False,False,False,False,False,True,,
tetraethylazanium;chloride,decanoic acid,0.699,0.301,431.0,428.77768,17.14,0.8982,REJECTED_DES_RULE,False,False,True,False,False,False,False,True,,
2-hydroxyethyl(trimethyl)azanium;chloride,"(2R,3R,4S,5S,6R)-2-[(2S,3S,4S,5R)-3,4-dihydroxy-2,5-bis(hydroxymethyl)oxolan-2-yl]oxy-6-(hydroxymethyl)oxane-3,4,5-triol",0.107,0.893,431.45,430.6174,20.91,0.6557,OUTSIDE_TARGET_RANGE,True,False,False,False,False,False,False,True,,
2-hydroxyethyl(trimethyl)azanium;chloride,"2-hydroxypropane-1,2,3-tricarboxylic acid",0.8,0.2,431.68,434.1478,17.29,0.8886,REJECTED_DES_RULE,False,False,True,False,False,False,False,True,,
tetrapropylazanium;bromide,boric acid,0.0964,0.9036,432.05,432.7299,21.1,0.6436,OUTSIDE_TARGET_RANGE,True,False,False,False,False,False,False,True,,
tetramethylazanium;chloride,dodecanoic acid,0.598,0.402,433.35,433.64023,17.89,0.8498,REJECTED_DES_RULE,False,False,True,False,False,False,False,True,,
tetraethylazanium;chloride,tetradecanoic acid,0.684,0.316,433.45,431.82446,17.92,0.8482,REJECTED_DES_RULE,False,False,True,False,False,False,False,True,,
2-hydroxyethyl(trimethyl)azanium;chloride,octadecanoic acid,0.596,0.404,433.78,431.9949,17.14,0.8978,REJECTED_DES_RULE,False,False,True,False,False,False,False,True,,
2-hydroxyethyl(trimethyl)azanium;chloride,"ethane-1,2-diol",0.747,0.253,433.921,433.94788,17.33,0.8857,REJECTED_DES_RULE,False,False,True,False,False,False,False,True,,
2-hydroxyethyl(trimethyl)azanium;chloride,2-hydroxypropanoic acid,0.749,0.251,434.82,434.99936,17.2,0.8943,REJECTED_DES_RULE,False,False,True,False,False,False,False,True,,
tetramethylazanium;chloride,octadecan-1-ol,0.702,0.298,435.4,434.34366,18.01,0.8419,REJECTED_DES_RULE,False,False,True,False,False,False,False,True,,
2-hydroxyethyl(trimethyl)azanium;chloride,"2,3-dihydroxybutanedioic acid",0.801,0.199,435.52,436.93265,17.19,0.8946,OUTSIDE_TARGET_RANGE,True,False,False,False,False,False,False,True,,
tetraethylazanium;chloride,decanoic acid,0.717,0.283,435.85,435.9422,17.16,0.897,REJECTED_DES_RULE,False,False,True,False,False,False,False,True,,
tetraethylazanium;chloride,dodecanoic acid,0.702,0.298,436.25,437.1943,17.25,0.8912,REJECTED_DES_RULE,False,False,True,False,False,False,False,True,,
tetraethylazanium;chloride,dodecanoic acid,0.7023,0.2977,436.3261,436.59805,17.24,0.8914,REJECTED_DES_RULE,False,False,True,False,False,False,False,True,,
2-hydroxyethyl(trimethyl)azanium;chloride,hexadecanoic acid,0.652,0.348,438.48,439.39832,17.03,0.9053,REJECTED_DES_RULE,False,False,True,False,False,False,False,True,,
2-hydroxyethyl(trimethyl)azanium;chloride,2-hydroxybenzoic acid,0.697,0.303,438.7,439.32388,17.66,0.8648,REJECTED_DES_RULE,False,False,True,False,False,False,False,True,,
2-hydroxyethyl(trimethyl)azanium;chloride,"(3S,4S,5S,6R)-6-(hydroxymethyl)oxane-2,3,4,5-tetrol",0.7,0.3,438.88,435.86462,18.65,0.8007,REJECTED_DES_RULE,False,False,True,False,False,False,False,True,,
2-hydroxyethyl(trimethyl)azanium;chloride,"(3R,4S,5R)-oxane-2,3,4,5-tetrol",0.699,0.301,439.22,436.1747,17.3,0.8876,REJECTED_DES_RULE,False,False,True,False,False,False,False,True,,
tetrapropylazanium;chloride,tetradecanoic acid,0.8,0.2,439.35,437.68826,17.89,0.8499,REJECTED_DES_RULE,False,False,True,False,False,False,False,True,,
2-hydroxyethyl(trimethyl)azanium;chloride,2-hydroxybutanedioic acid,0.749,0.251,441.62,442.7852,17.49,0.8757,REJECTED_DES_RULE,False,False,True,False,False,False,False,True,,
palmitic acid,tetraethylammonium chloride,0.218,0.782,442.25,441.64227,30.52,0.0375,REJECTED_DES_RULE,False,True,False,False,False,False,True,True,,
2-hydroxyethyl(trimethyl)azanium;chloride,"(2S,3R)-butane-1,2,3,4-tetrol",0.688,0.312,442.825,444.88376,16.62,0.9314,REJECTED_DES_RULE,False,False,True,False,False,False,False,True,,
tetrapropylazanium;chloride,dodecanoic acid,0.7953,0.2047,442.9953,443.7622,17.08,0.9017,REJECTED_DES_RULE,False,False,True,False,False,False,False,True,,
2-hydroxyethyl(trimethyl)azanium;chloride,2-[4-(2-methylpropyl)phenyl]propanoic acid,0.695,0.305,443.15,445.0919,18.7,0.7978,REJECTED_DES_RULE,False,False,True,False,False,False,False,True,,
tetrapropylazanium;chloride,dodecanoic acid,0.795,0.205,443.25,443.2383,17.08,0.9019,REJECTED_DES_RULE,False,False,True,False,False,False,False,True,,
2-hydroxyethyl(trimethyl)azanium;chloride,hexadecanoic acid,0.673,0.327,443.48,443.4989,17.05,0.9036,REJECTED_DES_RULE,False,False,True,False,False,False,False,True,,
tetrapentylazanium;bromide,butanedioic acid,0.166,0.834,443.602,443.70032,20.51,0.681,REJECTED_DES_RULE,False,True,False,False,False,False,False,True,,
2-hydroxyethyl(trimethyl)azanium;chloride,octadecanoic acid,0.65,0.35,443.85,444.002,17.17,0.8961,REJECTED_DES_RULE,False,False,True,False,False,False,False,True,,
tetrapropylazanium;chloride,hexadecanoic acid,0.9,0.1,444.22,444.83365,18.46,0.8134,REJECTED_DES_RULE,False,False,True,False,False,False,False,True,,
2-hydroxyethyl(trimethyl)azanium;chloride,dodecanoic acid,0.691,0.309,444.35,444.05658,17.23,0.8921,REJECTED_DES_RULE,False,False,True,False,False,False,False,True,,
tetrapropylazanium;chloride,decanoic acid,0.799,0.201,444.45,444.83405,17.9,0.8489,REJECTED_DES_RULE,False,False,True,False,False,False,False,True,,
2-hydroxyethyl(trimethyl)azanium;chloride,pentanedioic acid,0.75,0.25,444.45,445.28125,17.23,0.8925,REJECTED_DES_RULE,False,False,True,False,False,False,False,True,,
tetraethylazanium;chloride,octadecanoic acid,0.794,0.206,447.45,447.93027,18.4,0.8172,REJECTED_DES_RULE,False,False,True,False,False,False,False,True,,
2-hydroxyethyl(trimethyl)azanium;chloride,2-hydroxyacetic acid,0.75,0.25,450.18,448.81238,17.2,0.8943,REJECTED_DES_RULE,False,False,True,False,False,False,False,True,,
2-hydroxyethyl(trimethyl)azanium;chloride,2-acetyloxybenzoic acid,0.595,0.405,450.78,450.38525,18.78,0.7925,REJECTED_DES_RULE,False,False,True,False,False,False,False,True,,
tetramethylazanium;chloride,tetradecan-1-ol,0.686,0.314,450.9,451.77545,17.89,0.85,REJECTED_DES_RULE,False,False,True,False,False,False,False,True,,
2-hydroxyethyl(trimethyl)azanium;chloride,tetradecanoic acid,0.745,0.255,451.33,453.91028,17.01,0.9061,REJECTED_DES_RULE,False,False,True,False,False,False,False,True,,
2-hydroxyethyl(trimethyl)azanium;chloride,hexadecan-1-ol,0.808,0.192,451.65,453.54456,17.23,0.8922,REJECTED_DES_RULE,False,False,True,False,False,False,False,True,,
2-hydroxyethyl(trimethyl)azanium;chloride,decanoic acid,0.761,0.239,453.7,457.28522,17.29,0.8885,REJECTED_DES_RULE,False,False,True,False,False,False,False,True,,
tetramethylazanium;chloride,hexadecan-1-ol,0.8,0.2,453.8,456.85468,17.85,0.852,REJECTED_DES_RULE,False,False,True,False,False,False,False,True,,
2-hydroxyethyl(trimethyl)azanium;chloride,"(2S,3R)-butane-1,2,3,4-tetrol",0.7,0.3,453.812,453.56818,16.62,0.9314,REJECTED_DES_RULE,False,False,True,False,False,False,False,True,,
2-hydroxyethyl(trimethyl)azanium;chloride,tetradecan-1-ol,0.742,0.258,456.58,456.15698,17.49,0.8752,REJECTED_DES_RULE,False,False,True,False,False,False,False,True,,
2-hydroxyethyl(trimethyl)azanium;chloride,octadecan-1-ol,0.8,0.2,456.75,454.4945,16.34,0.9493,REJECTED_DES_RULE,False,False,True,False,False,False,False,True,,
2-hydroxyethyl(trimethyl)azanium;chloride,"propane-1,2,3-triol",0.794,0.206,457.838,457.32788,17.27,0.8896,REJECTED_DES_RULE,False,False,True,False,False,False,False,True,,
tetrapropylazanium;chloride,octadecanoic acid,0.778,0.222,458.55,456.8649,18.25,0.8263,REJECTED_DES_RULE,False,False,True,False,False,False,False,True,,
tetramethylazanium;chloride,tetradecanoic acid,0.603,0.397,459.25,459.34537,17.81,0.8551,REJECTED_DES_RULE,False,False,True,False,False,False,False,True,,
tetrapropylazanium;bromide,boric acid,0.7005,0.2995,459.92,460.29895,19.47,0.7479,REJECTED_DES_RULE,False,False,True,False,False,False,False,True,,
2-hydroxyethyl(trimethyl)azanium;chloride,octadecan-1-ol,0.798,0.202,460.15,459.29874,16.33,0.95,REJECTED_DES_RULE,False,False,True,False,False,False,False,True,,
2-hydroxyethyl(trimethyl)azanium;chloride,N-(4-hydroxyphenyl)acetamide,0.794,0.206,461.02,464.49927,17.63,0.8663,REJECTED_DES_RULE,False,False,True,False,False,False,False,True,,
tetramethylazanium;chloride,octadecanoic acid,0.701,0.299,461.55,463.7666,17.96,0.8452,REJECTED_DES_RULE,False,False,True,False,False,False,False,True,,
tetramethylazanium;chloride,decanoic acid,0.601,0.399,463.25,462.78763,18.07,0.838,REJECTED_DES_RULE,False,False,True,False,False,False,False,True,,
2-hydroxyethyl(trimethyl)azanium;chloride,"(1R,2S,5R)-5-methyl-2-propan-2-ylcyclohexan-1-ol",0.8,0.2,463.4,467.9233,17.42,0.8797,REJECTED_DES_RULE,False,False,True,False,False,False,False,True,,
2-hydroxyethyl(trimethyl)azanium;chloride,octadecanoic acid,0.695,0.305,463.58,463.12277,17.15,0.8975,REJECTED_DES_RULE,False,False,True,False,False,False,False,True,,
tetraethylazanium;chloride,tetradecanoic acid,0.802,0.198,463.65,463.6478,17.98,0.8442,REJECTED_DES_RULE,False,False,True,False,False,False,False,True,,
2-hydroxyethyl(trimethyl)azanium;chloride,"ethane-1,2-diol",0.803,0.197,463.656,464.499,17.27,0.8896,REJECTED_DES_RULE,False,False,True,False,False,False,False,True,,
tetraethylazanium;chloride,decanoic acid,0.808,0.192,465.25,464.97217,17.81,0.8551,REJECTED_DES_RULE,False,False,True,False,False,False,False,True,,
2-hydroxyethyl(trimethyl)azanium;chloride,2-(3-benzoylphenyl)propanoic acid,0.695,0.305,465.85,464.6876,18.68,0.7993,REJECTED_DES_RULE,False,False,True,False,False,False,False,True,,
2-hydroxyethyl(trimethyl)azanium;chloride,2-hydroxypropanoic acid,0.799,0.201,466.85,466.9851,17.2,0.8939,REJECTED_DES_RULE,False,False,True,False,False,False,False,True,,
tetraethylazanium;chloride,dodecanoic acid,0.7988,0.2012,467.2153,467.26364,17.15,0.897,REJECTED_DES_RULE,False,False,True,False,False,False,False,True,,
tetraethylazanium;chloride,dodecanoic acid,0.798,0.202,467.35,467.49405,17.15,0.8973,REJECTED_DES_RULE,False,False,True,False,False,False,False,True,,
2-hydroxyethyl(trimethyl)azanium;chloride,"(1R,4R)-1,7,7-trimethylbicyclo[2.2.1]heptan-2-one",0.802,0.198,468.3,466.98416,19.47,0.7482,REJECTED_DES_RULE,False,False,True,False,False,False,False,True,,
2-hydroxyethyl(trimethyl)azanium;chloride,"2,3-dihydroxybutanedioic acid",0.849,0.151,471.75,471.46387,17.2,0.8939,OUTSIDE_TARGET_RANGE,True,False,False,False,False,False,False,True,,
tetrapropylazanium;chloride,tetradecanoic acid,0.9,0.1,473.35,473.04852,18.16,0.8324,REJECTED_DES_RULE,False,False,True,False,False,False,False,True,,
2-hydroxyethyl(trimethyl)azanium;chloride,dodecanoic acid,0.748,0.252,473.4,470.60016,17.13,0.8989,REJECTED_DES_RULE,False,False,True,False,False,False,False,True,,
2-hydroxyethyl(trimethyl)azanium;chloride,decanoic acid,0.786,0.214,473.55,471.10284,17.28,0.8893,REJECTED_DES_RULE,False,False,True,False,False,False,False,True,,
2-hydroxyethyl(trimethyl)azanium;chloride,hexadecanoic acid,0.75,0.25,473.58,473.3665,17.38,0.8828,REJECTED_DES_RULE,False,False,True,False,False,False,False,True,,
tetramethylazanium;chloride,hexadecanoic acid,0.684,0.316,473.75,472.5118,17.86,0.8514,REJECTED_DES_RULE,False,False,True,False,False,False,False,True,,
2-hydroxyethyl(trimethyl)azanium;chloride,2-hydroxybutanedioic acid,0.799,0.201,474.48,474.2481,17.22,0.8928,REJECTED_DES_RULE,False,False,True,False,False,False,False,True,,
2-hydroxyethyl(trimethyl)azanium;chloride,pentanedioic acid,0.799,0.201,475.42,475.52283,17.21,0.8932,REJECTED_DES_RULE,False,False,True,False,False,False,False,True,,
2-hydroxyethyl(trimethyl)azanium;chloride,tetradecanoic acid,0.792,0.208,475.83,475.71536,17.16,0.897,REJECTED_DES_RULE,False,False,True,False,False,False,False,True,,
2-hydroxyethyl(trimethyl)azanium;chloride,octadecan-1-ol,0.85,0.15,477.25,479.11005,16.38,0.9471,REJECTED_DES_RULE,False,False,True,False,False,False,False,True,,
2-hydroxyethyl(trimethyl)azanium;chloride,"(2S,3R)-butane-1,2,3,4-tetrol",0.748,0.252,477.354,476.88757,16.89,0.9143,REJECTED_DES_RULE,False,False,True,False,False,False,False,True,,
2-hydroxyethyl(trimethyl)azanium;chloride,2-hydroxyacetic acid,0.796,0.204,477.55,477.51965,17.21,0.8936,REJECTED_DES_RULE,False,False,True,False,False,False,False,True,,
2-hydroxyethyl(trimethyl)azanium;chloride,"(2R,3R,4S,5S,6R)-2-[(2S,3S,4S,5R)-3,4-dihydroxy-2,5-bis(hydroxymethyl)oxolan-2-yl]oxy-6-(hydroxymethyl)oxane-3,4,5-triol",0.8,0.2,477.88,476.70392,19.48,0.7478,REJECTED_DES_RULE,False,False,True,False,False,False,False,True,,
tetramethylazanium;chloride,dodecanoic acid,0.701,0.299,478.45,477.26535,17.9,0.8493,REJECTED_DES_RULE,False,False,True,False,False,False,False,True,,
2-hydroxyethyl(trimethyl)azanium;chloride,"2-hydroxypropane-1,2,3-tricarboxylic acid",0.849,0.151,478.98,477.25806,17.2,0.8939,REJECTED_DES_RULE,False,False,True,False,False,False,False,True,,
2-hydroxyethyl(trimethyl)azanium;chloride,octadecan-1-ol,0.841,0.159,480.75,479.7779,16.33,0.95,REJECTED_DES_RULE,False,False,True,False,False,False,False,True,,
tetrapropylazanium;chloride,dodecanoic acid,0.908,0.092,481.25,481.51028,18.04,0.8401,REJECTED_DES_RULE,False,False,True,False,False,False,False,True,,
2-hydroxyethyl(trimethyl)azanium;chloride,5-methyl-2-propan-2-ylphenol,0.801,0.199,482.0,479.92166,17.42,0.88,REJECTED_DES_RULE,False,False,True,False,False,False,False,True,,
tetrapropylazanium;chloride,decanoic acid,0.9,0.1,483.45,481.9542,18.43,0.8147,REJECTED_DES_RULE,False,False,True,False,False,False,False,True,,
2-hydroxyethyl(trimethyl)azanium;chloride,tetradecan-1-ol,0.796,0.204,483.52,483.71747,17.18,0.8952,REJECTED_DES_RULE,False,False,True,False,False,False,False,True,,
tetraethylazanium;chloride,hexadecanoic acid,0.907,0.093,483.65,482.3582,18.49,0.8111,REJECTED_DES_RULE,False,False,True,False,False,False,False,True,,
2-hydroxyethyl(trimethyl)azanium;chloride,dodecanoic acid,0.792,0.208,483.78,484.02753,17.1,0.9007,REJECTED_DES_RULE,False,False,True,False,False,False,False,True,,
2-hydroxyethyl(trimethyl)azanium;chloride,octadecanoic acid,0.746,0.254,483.82,481.15247,17.14,0.8978,REJECTED_DES_RULE,False,False,True,False,False,False,False,True,,
2-hydroxyethyl(trimethyl)azanium;chloride,"(2R,3R,4R,5S)-hexane-1,2,3,4,5,6-hexol",0.798,0.202,486.864,486.18176,17.86,0.8514,REJECTED_DES_RULE,False,False,True,False,False,False,False,True,,
2-hydroxyethyl(trimethyl)azanium;chloride,"(3R,4S,5R)-oxane-2,3,4,5-tetrol",0.799,0.201,487.45,488.53555,17.28,0.889,REJECTED_DES_RULE,False,False,True,False,False,False,False,True,,
2-hydroxyethyl(trimethyl)azanium;chloride,hexadecan-1-ol,0.86,0.14,488.25,487.00342,17.09,0.9014,REJECTED_DES_RULE,False,False,True,False,False,False,False,True,,
tetraethylazanium;chloride,tetradecanoic acid,0.9,0.1,488.45,491.1405,18.15,0.8328,REJECTED_DES_RULE,False,False,True,False,False,False,False,True,,
tetrapropylazanium;bromide,boric acid,0.8021,0.1979,491.28,491.34113,21.1,0.6434,REJECTED_DES_RULE,False,False,True,False,False,False,False,True,,
2-hydroxyethyl(trimethyl)azanium;chloride,"(3R,4S,5S)-oxane-2,3,4,5-tetrol",0.801,0.199,492.65,491.53583,17.27,0.8893,REJECTED_DES_RULE,False,False,True,False,False,False,False,True,,
2-hydroxyethyl(trimethyl)azanium;chloride,"(2S,4R)-pentane-1,2,3,4,5-pentol",0.8,0.2,492.92,492.2602,19.51,0.7459,REJECTED_DES_RULE,False,False,True,False,False,False,False,True,,
tetraethylazanium;chloride,dodecanoic acid,0.893,0.107,493.45,492.47266,17.84,0.8531,REJECTED_DES_RULE,False,False,True,False,False,False,False,True,,
tetraethylazanium;chloride,octadecanoic acid,0.911,0.089,493.55,492.51096,19.2,0.7658,REJECTED_DES_RULE,False,False,True,False,False,False,False,True,,
2-hydroxyethyl(trimethyl)azanium;chloride,octadecanoic acid,0.787,0.213,493.68,496.77692,17.17,0.8959,REJECTED_DES_RULE,False,False,True,False,False,False,False,True,,
2-hydroxyethyl(trimethyl)azanium;chloride,"(2R,3R,4R,5S)-hexane-1,2,3,4,5,6-hexol",0.813,0.187,494.28,494.69873,17.93,0.8472,REJECTED_DES_RULE,False,False,True,False,False,False,False,True,,
2-hydroxyethyl(trimethyl)azanium;chloride,"(2S,3R)-butane-1,2,3,4-tetrol",0.798,0.202,494.619,494.93982,17.58,0.87,REJECTED_DES_RULE,False,False,True,False,False,False,False,True,,
2-hydroxyethyl(trimethyl)azanium;chloride,tetradecan-1-ol,0.835,0.165,494.78,495.33188,17.19,0.8951,REJECTED_DES_RULE,False,False,True,False,False,False,False,True,,
tetraethylazanium;chloride,decanoic acid,0.902,0.098,495.25,495.62088,18.39,0.8178,REJECTED_DES_RULE,False,False,True,False,False,False,False,True,,
2-hydroxyethyl(trimethyl)azanium;chloride,"ethane-1,2-diol",0.849,0.151,495.374,495.83258,17.22,0.8928,REJECTED_DES_RULE,False,False,True,False,False,False,False,True,,
2-hydroxyethyl(trimethyl)azanium;chloride,2-acetyloxybenzoic acid,0.696,0.304,495.55,495.46313,18.88,0.7861,REJECTED_DES_RULE,False,False,True,False,False,False,False,True,,
2-hydroxyethyl(trimethyl)azanium;chloride,2-[4-(2-methylpropyl)phenyl]propanoic acid,0.797,0.203,495.92,495.5634,18.82,0.7901,REJECTED_DES_RULE,False,False,True,False,False,False,False,True,,
2-hydroxyethyl(trimethyl)azanium;chloride,"(3S,4S,5S,6R)-6-(hydroxymethyl)oxane-2,3,4,5-tetrol",0.798,0.202,496.65,497.26602,18.86,0.7875,REJECTED_DES_RULE,False,False,True,False,False,False,False,True,,
tetramethylazanium;chloride,decanoic acid,0.692,0.308,497.45,498.17688,18.15,0.833,REJECTED_DES_RULE,False,False,True,False,False,False,False,True,,
2-hydroxyethyl(trimethyl)azanium;chloride,"propane-1,2,3-triol",0.852,0.148,498.378,496.40945,17.31,0.8871,REJECTED_DES_RULE,False,False,True,False,False,False,False,True,,
2-hydroxyethyl(trimethyl)azanium;chloride,decanoic acid,0.85,0.15,499.8,499.51538,17.15,0.8975,REJECTED_DES_RULE,False,False,True,False,False,False,False,True,,
2-hydroxyethyl(trimethyl)azanium;chloride,2-(3-benzoylphenyl)propanoic acid,0.789,0.211,500.92,501.1452,19.2,0.7657,REJECTED_DES_RULE,False,False,True,False,False,False,False,True,,
2-hydroxyethyl(trimethyl)azanium;chloride,2-hydroxypropanoic acid,0.847,0.153,501.55,501.5375,17.21,0.8936,REJECTED_DES_RULE,False,False,True,False,False,False,False,True,,
2-hydroxyethyl(trimethyl)azanium;chloride,hexadecanoic acid,0.803,0.197,502.18,500.86765,17.19,0.8951,REJECTED_DES_RULE,False,False,True,False,False,False,False,True,,
tetramethylazanium;chloride,tetradecanoic acid,0.696,0.304,503.85,503.4339,17.84,0.8528,REJECTED_DES_RULE,False,False,True,False,False,False,False,True,,
2-hydroxyethyl(trimethyl)azanium;chloride,tetradecanoic acid,0.844,0.156,504.25,504.57437,17.27,0.8896,REJECTED_DES_RULE,False,False,True,False,False,False,False,True,,
2-hydroxyethyl(trimethyl)azanium;chloride,pentanedioic acid,0.85,0.15,504.28,505.93466,17.21,0.8936,REJECTED_DES_RULE,False,False,True,False,False,False,False,True,,
2-hydroxyethyl(trimethyl)azanium;chloride,2-hydroxyacetic acid,0.848,0.152,504.58,505.33957,17.21,0.8932,REJECTED_DES_RULE,False,False,True,False,False,False,False,True,,
2-hydroxyethyl(trimethyl)azanium;chloride,2-hydroxybutanedioic acid,0.849,0.151,505.68,505.45407,17.23,0.8921,REJECTED_DES_RULE,False,False,True,False,False,False,False,True,,
2-hydroxyethyl(trimethyl)azanium;chloride,dodecanoic acid,0.84,0.16,505.7,503.12857,17.15,0.8975,REJECTED_DES_RULE,False,False,True,False,False,False,False,True,,
2-hydroxyethyl(trimethyl)azanium;chloride,2-hydroxybenzoic acid,0.794,0.206,505.7,502.42175,17.65,0.8653,REJECTED_DES_RULE,False,False,True,False,False,False,False,True,,
tetramethylazanium;chloride,tetradecan-1-ol,0.8,0.2,506.6,503.016,17.94,0.8468,REJECTED_DES_RULE,False,False,True,False,False,False,False,True,,
2-hydroxyethyl(trimethyl)azanium;chloride,octadecan-1-ol,0.888,0.112,508.55,507.66797,16.38,0.9468,REJECTED_DES_RULE,False,False,True,False,False,False,False,True,,
2-hydroxyethyl(trimethyl)azanium;chloride,octadecan-1-ol,0.901,0.099,510.18,511.49866,16.45,0.9421,REJECTED_DES_RULE,False,False,True,False,False,False,False,True,,
2-hydroxyethyl(trimethyl)azanium;chloride,"2-hydroxypropane-1,2,3-tricarboxylic acid",0.899,0.101,512.35,513.18774,17.48,0.8761,REJECTED_DES_RULE,False,False,True,False,False,False,False,True,,
tetramethylazanium;chloride,octadecanoic acid,0.799,0.201,513.15,512.1787,18.04,0.8402,REJECTED_DES_RULE,False,False,True,False,False,False,False,True,,
2-hydroxyethyl(trimethyl)azanium;chloride,hexadecan-1-ol,0.898,0.102,513.25,512.28827,17.09,0.9015,REJECTED_DES_RULE,False,False,True,False,False,False,False,True,,
2-hydroxyethyl(trimethyl)azanium;chloride,dodecanoic acid,0.877,0.123,513.35,517.22437,17.28,0.8891,REJECTED_DES_RULE,False,False,True,False,False,False,False,True,,
2-hydroxyethyl(trimethyl)azanium;chloride,"2,3-dihydroxybutanedioic acid",0.9,0.1,514.45,514.5729,17.49,0.8757,REJECTED_DES_RULE,False,False,True,False,False,False,False,True,,
2-hydroxyethyl(trimethyl)azanium;chloride,"(1R,4R)-1,7,7-trimethylbicyclo[2.2.1]heptan-2-one",0.898,0.102,516.9,518.0609,20.98,0.6509,REJECTED_DES_RULE,False,False,True,False,False,False,False,True,,
2-hydroxyethyl(trimethyl)azanium;chloride,hexadecanoic acid,0.85,0.15,517.95,517.81116,17.19,0.8949,REJECTED_DES_RULE,False,False,True,False,False,False,False,True,,
2-hydroxyethyl(trimethyl)azanium;chloride,5-methyl-2-propan-2-ylphenol,0.9,0.1,518.0,519.7788,17.97,0.8443,REJECTED_DES_RULE,False,False,True,False,False,False,False,True,,
tetramethylazanium;chloride,dodecanoic acid,0.798,0.202,518.85,519.896,17.89,0.8496,REJECTED_DES_RULE,False,False,True,False,False,False,False,True,,
2-hydroxyethyl(trimethyl)azanium;chloride,tetradecan-1-ol,0.893,0.107,520.08,519.14465,17.61,0.8678,REJECTED_DES_RULE,False,False,True,False,False,False,False,True,,
2-hydroxyethyl(trimethyl)azanium;chloride,decanoic acid,0.896,0.104,520.95,522.31384,17.28,0.8889,REJECTED_DES_RULE,False,False,True,False,False,False,False,True,,
2-hydroxyethyl(trimethyl)azanium;chloride,"propane-1,2,3-triol",0.906,0.094,522.703,522.5191,17.61,0.8678,REJECTED_DES_RULE,False,False,True,False,False,False,False,True,,
2-hydroxyethyl(trimethyl)azanium;chloride,octadecanoic acid,0.844,0.156,523.92,524.3158,17.26,0.89,REJECTED_DES_RULE,False,False,True,False,False,False,False,True,,
tetramethylazanium;chloride,hexadecanoic acid,0.806,0.194,525.25,525.20056,17.84,0.8527,REJECTED_DES_RULE,False,False,True,False,False,False,False,True,,
2-hydroxyethyl(trimethyl)azanium;chloride,2-acetyloxybenzoic acid,0.8,0.2,527.48,524.52625,18.91,0.784,REJECTED_DES_RULE,False,False,True,False,False,False,False,True,,
2-hydroxyethyl(trimethyl)azanium;chloride,"(1R,2S,5R)-5-methyl-2-propan-2-ylcyclohexan-1-ol",0.9,0.1,529.3,527.07117,17.97,0.8443,REJECTED_DES_RULE,False,False,True,False,False,False,False,True,,
2-hydroxyethyl(trimethyl)azanium;chloride,"(2R,3R,4R,5S)-hexane-1,2,3,4,5,6-hexol",0.896,0.104,531.356,531.5841,18.96,0.7807,REJECTED_DES_RULE,False,False,True,False,False,False,False,True,,
2-hydroxyethyl(trimethyl)azanium;chloride,2-hydroxyacetic acid,0.899,0.101,532.58,532.50134,17.41,0.8803,REJECTED_DES_RULE,False,False,True,False,False,False,False,True,,
2-hydroxyethyl(trimethyl)azanium;chloride,"ethane-1,2-diol",0.901,0.099,533.04,533.22144,17.4,0.8812,REJECTED_DES_RULE,False,False,True,False,False,False,False,True,,
2-hydroxyethyl(trimethyl)azanium;chloride,hexadecan-1-ol,0.944,0.056,536.25,538.379,17.51,0.874,REJECTED_DES_RULE,False,False,True,False,False,False,False,True,,
2-hydroxyethyl(trimethyl)azanium;chloride,tetradecanoic acid,0.9,0.1,536.7,535.4103,17.3,0.888,REJECTED_DES_RULE,False,False,True,False,False,False,False,True,,
2-hydroxyethyl(trimethyl)azanium;chloride,2-hydroxypropanoic acid,0.896,0.104,537.15,536.3597,17.41,0.8807,REJECTED_DES_RULE,False,False,True,False,False,False,False,True,,
tetramethylazanium;chloride,tetradecanoic acid,0.801,0.199,537.55,536.9703,17.89,0.8498,REJECTED_DES_RULE,False,False,True,False,False,False,False,True,,
2-hydroxyethyl(trimethyl)azanium;chloride,N-(4-hydroxyphenyl)acetamide,0.893,0.107,537.55,534.5001,18.19,0.8303,REJECTED_DES_RULE,False,False,True,False,False,False,False,True,,
2-hydroxyethyl(trimethyl)azanium;chloride,2-hydroxybutanedioic acid,0.9,0.1,538.38,538.1435,17.51,0.8739,REJECTED_DES_RULE,False,False,True,False,False,False,False,True,,
2-hydroxyethyl(trimethyl)azanium;chloride,hexadecanoic acid,0.895,0.105,539.52,541.23663,17.48,0.8763,REJECTED_DES_RULE,False,False,True,False,False,False,False,True,,
2-hydroxyethyl(trimethyl)azanium;chloride,pentanedioic acid,0.898,0.102,539.75,538.4908,17.48,0.8764,REJECTED_DES_RULE,False,False,True,False,False,False,False,True,,
2-hydroxyethyl(trimethyl)azanium;chloride,"(3R,4S,5S)-oxane-2,3,4,5-tetrol",0.9,0.1,539.75,539.63995,17.86,0.8517,REJECTED_DES_RULE,False,False,True,False,False,False,False,True,,
2-hydroxyethyl(trimethyl)azanium;chloride,"(3R,4S,5R)-oxane-2,3,4,5-tetrol",0.896,0.104,540.15,540.2884,17.79,0.8559,REJECTED_DES_RULE,False,False,True,False,False,False,False,True,,
2-hydroxyethyl(trimethyl)azanium;chloride,octadecan-1-ol,0.939,0.061,541.55,540.5118,17.09,0.9014,REJECTED_DES_RULE,False,False,True,False,False,False,False,True,,
2-hydroxyethyl(trimethyl)azanium;chloride,2-(3-benzoylphenyl)propanoic acid,0.881,0.119,541.85,542.15967,20.59,0.6761,REJECTED_DES_RULE,False,False,True,False,False,False,False,True,,
2-hydroxyethyl(trimethyl)azanium;chloride,"(2R,3R,4S,5S,6R)-2-[(2S,3S,4S,5R)-3,4-dihydroxy-2,5-bis(hydroxymethyl)oxolan-2-yl]oxy-6-(hydroxymethyl)oxane-3,4,5-triol",0.9,0.1,541.95,542.7423,21.14,0.6407,REJECTED_DES_RULE,False,False,True,False,False,False,False,True,,
2-hydroxyethyl(trimethyl)azanium;chloride,octadecanoic acid,0.896,0.104,543.68,543.13525,17.57,0.8703,REJECTED_DES_RULE,False,False,True,False,False,False,False,True,,
2-hydroxyethyl(trimethyl)azanium;chloride,decanoic acid,0.938,0.062,543.95,542.46045,17.61,0.8681,REJECTED_DES_RULE,False,False,True,False,False,False,False,True,,
tetramethylazanium;chloride,decanoic acid,0.811,0.189,544.65,544.92865,18.12,0.8347,REJECTED_DES_RULE,False,False,True,False,False,False,False,True,,
2-hydroxyethyl(trimethyl)azanium;chloride,"(2S,3R)-butane-1,2,3,4-tetrol",0.904,0.096,544.843,545.4847,19.2,0.7657,REJECTED_DES_RULE,False,False,True,False,False,False,False,True,,
tetramethylazanium;chloride,tetradecan-1-ol,0.9,0.1,547.5,551.9563,18.0,0.8425,REJECTED_DES_RULE,False,False,True,False,False,False,False,True,,
2-hydroxyethyl(trimethyl)azanium;chloride,2-[4-(2-methylpropyl)phenyl]propanoic acid,0.895,0.105,547.62,546.51044,19.48,0.7473,REJECTED_DES_RULE,False,False,True,False,False,False,False,True,,
2-hydroxyethyl(trimethyl)azanium;chloride,"(3S,4S,5S,6R)-6-(hydroxymethyl)oxane-2,3,4,5-tetrol",0.9,0.1,547.75,547.492,19.66,0.736,REJECTED_DES_RULE,False,False,True,False,False,False,False,True,,
2-hydroxyethyl(trimethyl)azanium;chloride,dodecanoic acid,0.953,0.047,548.53,550.346,17.84,0.853,REJECTED_DES_RULE,False,False,True,False,False,False,False,True,,
2-hydroxyethyl(trimethyl)azanium;chloride,"propane-1,2,3-triol",0.956,0.044,549.054,550.6335,18.3,0.8237,REJECTED_DES_RULE,False,False,True,False,False,False,False,True,,
2-hydroxyethyl(trimethyl)azanium;chloride,2-hydroxybenzoic acid,0.896,0.104,550.7,553.1444,18.23,0.8279,REJECTED_DES_RULE,False,False,True,False,False,False,False,True,,
2-hydroxyethyl(trimethyl)azanium;chloride,2-acetyloxybenzoic acid,0.893,0.107,555.58,559.5439,19.43,0.7508,REJECTED_DES_RULE,False,False,True,False,False,False,False,True,,
tetramethylazanium;chloride,hexadecan-1-ol,0.9,0.1,557.5,552.5197,17.99,0.8433,REJECTED_DES_RULE,False,False,True,False,False,False,False,True,,
2-hydroxyethyl(trimethyl)azanium;chloride,"2-hydroxypropane-1,2,3-tricarboxylic acid",0.948,0.052,557.85,557.4454,18.28,0.8245,REJECTED_DES_RULE,False,False,True,False,False,False,False,True,,
2-hydroxyethyl(trimethyl)azanium;chloride,"2,3-dihydroxybutanedioic acid",0.947,0.053,557.95,557.48645,18.26,0.8263,REJECTED_DES_RULE,False,False,True,False,False,False,False,True,,
2-hydroxyethyl(trimethyl)azanium;chloride,tetradecanoic acid,0.946,0.054,562.6,561.0945,17.63,0.8663,REJECTED_DES_RULE,False,False,True,False,False,False,False,True,,
2-hydroxyethyl(trimethyl)azanium;chloride,2-hydroxyacetic acid,0.946,0.054,563.15,564.16034,17.9,0.8492,REJECTED_DES_RULE,False,False,True,False,False,False,False,True,,
2-hydroxyethyl(trimethyl)azanium;chloride,2-hydroxypropanoic acid,0.95,0.05,565.55,565.0106,17.92,0.848,REJECTED_DES_RULE,False,False,True,False,False,False,False,True,,
2-hydroxyethyl(trimethyl)azanium;chloride,"ethane-1,2-diol",0.949,0.051,568.722,567.3757,17.92,0.8475,REJECTED_DES_RULE,False,False,True,False,False,False,False,True,,
2-hydroxyethyl(trimethyl)azanium;chloride,2-hydroxybutanedioic acid,0.95,0.05,570.35,570.0999,18.34,0.8208,REJECTED_DES_RULE,False,False,True,False,False,False,False,True,,
2-hydroxyethyl(trimethyl)azanium;chloride,pentanedioic acid,0.949,0.051,571.62,571.4262,18.33,0.8218,REJECTED_DES_RULE,False,False,True,False,False,False,False,True,,
tetramethylazanium;chloride,hexadecanoic acid,0.897,0.103,573.25,573.71,17.84,0.8528,REJECTED_DES_RULE,False,False,True,False,False,False,False,True,,
tetramethylazanium;chloride,decanoic acid,0.9,0.1,573.35,573.7225,18.66,0.8002,REJECTED_DES_RULE,False,False,True,False,False,False,False,True,,
tetramethylazanium;chloride,dodecanoic acid,0.9,0.1,573.45,571.23865,18.05,0.8395,REJECTED_DES_RULE,False,False,True,False,False,False,False,True,,
tetramethylazanium;chloride,tetradecanoic acid,0.903,0.097,573.65,575.378,17.92,0.8479,REJECTED_DES_RULE,False,False,True,False,False,False,False,True,,
tetramethylazanium;chloride,octadecanoic acid,0.899,0.101,574.55,574.3701,18.45,0.8136,REJECTED_DES_RULE,False,False,True,False,False,False,False,True,,
"(E)-1-N'-[2-[[5-[(dimethylamino)methyl]furan-2-yl]methylsulfanyl]ethyl]-1-N-methyl-2-nitroethene-1,1-diamine","propane-1,2,3-triol",0.33,0.67,186.15,186.70578,30.66,0.0285,OUTSIDE_TARGET_RANGE,True,False,False,False,False,False,True,True,,
"2-(diethylamino)-N-(2,6-dimethylphenyl)acetamide","(9Z,12Z)-octadeca-9,12-dienoic acid",0.5,0.5,202.15,203.55582,20.25,0.6981,OUTSIDE_TARGET_RANGE,True,False,False,False,False,False,False,True,,
1-(diaminomethylidene)-2-(2-phenylethyl)guanidine,"propane-1,2,3-triol",0.333333,0.666667,204.15,204.38802,31.68,0.0,OUTSIDE_TARGET_RANGE,True,False,False,False,False,True,True,True,,
5-methyl-2-propan-2-ylphenol,"2-methylpentane-2,4-diol",0.6667,0.3333,206.48,206.97658,22.86,0.5305,OUTSIDE_TARGET_RANGE,True,False,False,False,False,False,False,True,,
"2-(diethylamino)-N-(2,6-dimethylphenyl)acetamide",decanoic acid,0.5,0.5,212.15,217.32713,20.84,0.6601,OUTSIDE_TARGET_RANGE,True,False,False,False,False,False,False,True,,
"2-(diethylamino)-N-(2,6-dimethylphenyl)acetamide",hexanoic acid,0.5,0.5,217.15,216.47383,22.72,0.5394,OUTSIDE_TARGET_RANGE,True,False,False,False,False,False,False,True,,
"2-(diethylamino)-N-(2,6-dimethylphenyl)acetamide",(Z)-octadec-9-enoic acid,0.5,0.5,226.15,224.5049,19.9,0.7204,OUTSIDE_TARGET_RANGE,True,False,False,False,False,False,False,True,,
Adiphenine,Urea,0.33,0.67,228.15,228.61458,29.1,0.1288,OUTSIDE_TARGET_RANGE,True,False,False,False,False,False,True,True,,
"1,7,7-trimethylbicyclo[2.2.1]heptan-2-one",5-methyl-2-propan-2-ylphenol,0.5,0.5,229.15,228.9337,17.71,0.8614,OUTSIDE_TARGET_RANGE,True,False,False,False,False,False,False,True,,
"1,7,7-trimethylbicyclo[2.2.1]heptan-2-one",5-methyl-2-propan-2-ylphenol,0.508,0.492,229.616,229.39642,17.75,0.8586,OUTSIDE_TARGET_RANGE,True,False,False,False,False,False,False,True,,
2-(trimethylazaniumyl)acetate,"1,1,1,3,3,3-hexafluoropropan-2-ol",0.3333,0.6667,233.75,235.68211,20.21,0.7004,OUTSIDE_TARGET_RANGE,True,False,False,False,False,False,False,True,,
"(E)-1-N'-[2-[[5-[(dimethylamino)methyl]furan-2-yl]methylsulfanyl]ethyl]-1-N-methyl-2-nitroethene-1,1-diamine",2-acetyloxybenzoic acid,0.67,0.33,236.15,236.17455,32.05,0.0,OUTSIDE_TARGET_RANGE,True,False,False,False,False,True,True,True,,
"1,7,7-trimethylbicyclo[2.2.1]heptan-2-one",5-methyl-2-propan-2-ylphenol,0.4,0.6,236.15,236.09554,17.83,0.8534,OUTSIDE_TARGET_RANGE,True,False,False,False,False,False,False,True,,
(3R)-3-hydroxy-4-(trimethylazaniumyl)butanoate,"1,1,1,3,3,3-hexafluoropropan-2-ol",0.2857,0.7143,236.65,240.28526,20.2,0.7013,OUTSIDE_TARGET_RANGE,True,False,False,False,False,False,False,True,,
2-(trimethylazaniumyl)acetate,2-hydroxyacetic acid,0.333,0.667,237.15,237.17044,18.02,0.8412,OUTSIDE_TARGET_RANGE,True,False,False,False,False,False,False,True,,
"1,7,7-trimethylbicyclo[2.2.1]heptan-2-one",5-methyl-2-propan-2-ylphenol,0.399,0.601,238.236,237.86717,17.84,0.8528,OUTSIDE_TARGET_RANGE,True,False,False,False,False,False,False,True,,
2-(trimethylazaniumyl)acetate,"1,1,1,3,3,3-hexafluoropropan-2-ol",0.25,0.75,238.45,239.63293,20.1,0.7076,OUTSIDE_TARGET_RANGE,True,False,False,False,False,False,False,True,,
2-(trimethylazaniumyl)acetate,"1,1,1,3,3,3-hexafluoropropan-2-ol",0.2857,0.7143,239.85,236.57205,19.9,0.7208,OUTSIDE_TARGET_RANGE,True,False,False,False,False,False,False,True,,
trioctylphosphine oxide,phenol,0.3333,0.6667,240.15,240.02454,19.73,0.7315,OUTSIDE_TARGET_RANGE,True,False,False,False,False,False,False,True,,
"1,7,7-trimethylbicyclo[2.2.1]heptan-2-one",5-methyl-2-propan-2-ylphenol,0.3,0.7,240.15,240.16464,20.78,0.6642,OUTSIDE_TARGET_RANGE,True,False,False,False,False,False,False,True,,
"(E)-1-N'-[2-[[5-[(dimethylamino)methyl]furan-2-yl]methylsulfanyl]ethyl]-1-N-methyl-2-nitroethene-1,1-diamine",urea,0.67,0.33,242.15,242.30806,30.18,0.0596,OUTSIDE_TARGET_RANGE,True,False,False,False,False,False,True,True,,
5-methyl-2-propan-2-ylphenol,"(1R,2S,5R)-5-methyl-2-propan-2-ylcyclohexan-1-ol",0.4008,0.5992,242.55,246.07355,17.31,0.8868,OUTSIDE_TARGET_RANGE,True,False,False,False,False,False,False,True,,
2-methyl-5-propan-2-ylphenol,"(1R,2S,5R)-5-methyl-2-propan-2-ylcyclohexan-1-ol",0.58,0.42,243.3,244.23169,19.26,0.762,OUTSIDE_TARGET_RANGE,True,False,False,False,False,False,False,True,,
2-methyl-5-propan-2-ylphenol,"(1R,2S,5R)-5-methyl-2-propan-2-ylcyclohexan-1-ol",0.6943,0.3057,243.55,244.38531,17.67,0.8639,OUTSIDE_TARGET_RANGE,True,False,False,False,False,False,False,True,,
2-methyl-5-propan-2-ylphenol,"(1R,2S,5R)-5-methyl-2-propan-2-ylcyclohexan-1-ol",0.5038,0.4962,244.05,244.60739,17.47,0.8768,OUTSIDE_TARGET_RANGE,True,False,False,False,False,False,False,True,,
2-methyl-5-propan-2-ylphenol,"(1R,2S,5R)-5-methyl-2-propan-2-ylcyclohexan-1-ol",0.6019,0.3981,244.25,245.02167,17.51,0.874,OUTSIDE_TARGET_RANGE,True,False,False,False,False,False,False,True,,
"1,7,7-trimethylbicyclo[2.2.1]heptan-2-one",5-methyl-2-propan-2-ylphenol,0.679,0.321,244.702,244.55437,18.74,0.795,OUTSIDE_TARGET_RANGE,True,False,False,False,False,False,False,True,,
"2-(diethylamino)-N-(2,6-dimethylphenyl)acetamide",2-[4-(2-methylpropyl)phenyl]propanoic acid,0.5,0.5,246.15,246.40295,22.61,0.5462,OUTSIDE_TARGET_RANGE,True,False,False,False,False,False,False,True,,
2-(trimethylazaniumyl)acetate,2-hydroxyacetic acid,0.3,0.7,246.38,247.60973,18.33,0.8217,OUTSIDE_TARGET_RANGE,True,False,False,False,False,False,False,True,,
5-methyl-2-propan-2-ylphenol,"(1R,2S,5R)-5-methyl-2-propan-2-ylcyclohexan-1-ol",0.5,0.5,247.95,250.8074,17.26,0.8905,OUTSIDE_TARGET_RANGE,True,False,False,False,False,False,False,True,,
2-(trimethylazaniumyl)acetate,2-hydroxyacetic acid,0.4,0.6,248.31,246.97044,18.01,0.8419,OUTSIDE_TARGET_RANGE,True,False,False,False,False,False,False,True,,
Adiphenine,Acetylsalicylic Acid,0.33,0.67,250.15,249.99535,28.06,0.1956,OUTSIDE_TARGET_RANGE,True,False,False,False,False,False,True,True,,
"1,7,7-trimethylbicyclo[2.2.1]heptan-2-one",5-methyl-2-propan-2-ylphenol,0.756,0.244,251.167,251.4657,19.17,0.7675,OUTSIDE_TARGET_RANGE,True,False,False,False,False,False,False,True,,
(3R)-3-hydroxy-4-(trimethylazaniumyl)butanoate,"1,1,1,3,3,3-hexafluoropropan-2-ol",0.3333,0.6667,254.45,252.86124,20.47,0.6838,OUTSIDE_TARGET_RANGE,True,False,False,False,False,False,False,True,,
"(1R,2S,5R)-5-methyl-2-propan-2-ylcyclohexan-1-ol",decan-1-ol,0.6667,0.3333,255.23,255.14484,19.0,0.7784,OUTSIDE_TARGET_RANGE,True,False,False,False,False,False,False,True,,
(3R)-3-hydroxy-4-(trimethylazaniumyl)butanoate,"1,1,1,3,3,3-hexafluoropropan-2-ol",0.25,0.75,255.95,253.35934,20.4,0.6885,OUTSIDE_TARGET_RANGE,True,False,False,False,False,False,False,True,,
5-methyl-2-propan-2-ylphenol,decan-1-ol,0.6667,0.3333,257.91,258.0699,19.03,0.7766,OUTSIDE_TARGET_RANGE,True,False,False,False,False,False,False,True,,
2-(trimethylazaniumyl)acetate,2-hydroxyacetic acid,0.5,0.5,257.99,259.05338,19.12,0.7709,OUTSIDE_TARGET_RANGE,True,False,False,False,False,False,False,True,,
2-(trimethylazaniumyl)acetate,5-methyl-2-propan-2-ylphenol,0.25,0.75,258.15,259.51752,20.16,0.7037,OUTSIDE_TARGET_RANGE,True,False,False,False,False,False,False,True,,
"1,7,7-trimethylbicyclo[2.2.1]heptan-2-one",5-methyl-2-propan-2-ylphenol,0.826,0.174,259.788,259.89218,20.34,0.6925,OUTSIDE_TARGET_RANGE,True,False,False,False,False,False,False,True,,
"1,3,3-trimethyl-2-oxabicyclo[2.2.2]octane",2-[4-(2-methylpropyl)phenyl]propanoic acid,0.6,0.4,260.15,259.74374,23.99,0.4578,OUTSIDE_TARGET_RANGE,True,False,False,False,False,False,False,True,,
"(1r,2s,5r)-5-methyl-2-propan-2-ylcyclohexan-1-ol",3-cyclohexylpropanoic acid,0.5,0.5,262.1,262.5612,18.2,0.83,OUTSIDE_TARGET_RANGE,True,False,False,False,False,False,False,True,,
trioctylphosphine oxide,phenol,0.5,0.5,262.15,262.89096,18.96,0.7809,OUTSIDE_TARGET_RANGE,True,False,False,False,False,False,False,True,,
2-methyl-5-propan-2-ylphenol,"(1R,2S,5R)-5-methyl-2-propan-2-ylcyclohexan-1-ol",0.7996,0.2004,263.05,263.1027,17.74,0.8592,OUTSIDE_TARGET_RANGE,True,False,False,False,False,False,False,True,,
5-methyl-2-propan-2-ylphenol,"(1R,2S,5R)-5-methyl-2-propan-2-ylcyclohexan-1-ol",0.352,0.648,263.9,263.06937,17.06,0.9028,OUTSIDE_TARGET_RANGE,True,False,False,False,False,False,False,True,,
"(1R,2S,5R)-5-methyl-2-propan-2-ylcyclohexan-1-ol",cyclohexanecarboxylic acid,0.5,0.5,264.22,264.5712,17.95,0.8459,OUTSIDE_TARGET_RANGE,True,False,False,False,False,False,False,True,,
cyclohexanecarboxylic acid,menthol,0.5,0.5,265.0,264.25787,20.01,0.7132,OUTSIDE_TARGET_RANGE,True,False,False,False,False,False,False,True,,
"(1R,2S,5R)-5-methyl-2-propan-2-ylcyclohexan-1-ol",acetic acid,0.5,0.5,265.34,265.09338,22.4,0.5596,OUTSIDE_TARGET_RANGE,True,False,False,False,False,False,False,True,,
5-methyl-2-propan-2-ylphenol,"(1R,2S,5R)-5-methyl-2-propan-2-ylcyclohexan-1-ol",0.537,0.463,265.4,263.77374,17.06,0.9028,OUTSIDE_TARGET_RANGE,True,False,False,False,False,False,False,True,,
2-methyl-5-propan-2-ylphenol,"(1R,2S,5R)-5-methyl-2-propan-2-ylcyclohexan-1-ol",0.4013,0.5987,266.25,263.35672,17.54,0.872,OUTSIDE_TARGET_RANGE,True,False,False,False,False,False,False,True,,
"(1R,2S,5R)-5-methyl-2-propan-2-ylcyclohexan-1-ol",octanoic acid,0.5,0.5,266.75,269.60834,17.35,0.8846,OUTSIDE_TARGET_RANGE,True,False,False,False,False,False,False,True,,
"(1R,2S,5R)-5-methyl-2-propan-2-ylcyclohexan-1-ol",3-cyclohexylpropanoic acid,0.4,0.6,267.91,268.50824,17.85,0.8526,OUTSIDE_TARGET_RANGE,True,False,False,False,False,False,False,True,,
5-methyl-2-propan-2-ylcyclohexan-1-ol,octanoic acid,0.5,0.5,269.73,269.88263,19.0,0.7786,OUTSIDE_TARGET_RANGE,True,False,False,False,False,False,False,True,,
2-methyl-5-propan-2-ylphenol,"(1R,2S,5R)-5-methyl-2-propan-2-ylcyclohexan-1-ol",0.8997,0.1003,270.05,270.86826,17.93,0.8472,OUTSIDE_TARGET_RANGE,True,False,False,False,False,False,False,True,,
5-methyl-2-propan-2-ylphenol,"(1R,2S,5R)-5-methyl-2-propan-2-ylcyclohexan-1-ol",0.3,0.7,272.4,274.27237,17.34,0.8853,OUTSIDE_TARGET_RANGE,True,False,False,False,False,False,False,True,,
(Z)-octadec-9-enoic acid,5-methyl-2-propan-2-ylcyclohexan-1-ol,0.5,0.5,272.64,272.60757,21.13,0.6415,OUTSIDE_TARGET_RANGE,True,False,False,False,False,False,False,True,,
decanoic acid,(Z)-octadec-9-enoic acid,0.4,0.6,272.78,273.37274,18.89,0.7857,OUTSIDE_TARGET_RANGE,True,False,False,False,False,False,False,True,,
"(1R,2S,5R)-5-methyl-2-propan-2-ylcyclohexan-1-ol",2-cyclohexylacetic acid,0.45,0.55,272.9,272.93756,18.3,0.8236,OUTSIDE_TARGET_RANGE,True,False,False,False,False,False,False,True,,
"(1R,2S,5R)-5-methyl-2-propan-2-ylcyclohexan-1-ol",3-cyclohexylpropanoic acid,0.3,0.7,273.434,273.81583,17.7,0.8619,OUTSIDE_TARGET_RANGE,True,False,False,False,False,False,False,True,,
"(1R,2S,5R)-5-methyl-2-propan-2-ylcyclohexan-1-ol",octanoic acid,0.4,0.6,274.0,273.24463,17.4,0.8815,OUTSIDE_TARGET_RANGE,True,False,False,False,False,False,False,True,,
5-methyl-2-propan-2-ylphenol,octanoic acid,0.41,0.59,274.98,275.80014,17.36,0.884,PASS_ROOMTEMP,True,False,False,True,False,False,False,True,85.919,
5-methyl-2-propan-2-ylphenol,octanoic acid,0.35,0.65,275.0,275.68387,19.46,0.7489,PASS_ROOMTEMP,True,False,False,True,False,False,False,True,80.412,
5-methyl-2-propan-2-ylphenol,octanoic acid,0.3,0.7,275.45,275.97903,17.42,0.8797,PASS_ROOMTEMP,True,False,False,True,False,False,False,True,85.905,
"(1R,2S,5R)-5-methyl-2-propan-2-ylcyclohexan-1-ol",3-cyclohexylpropanoic acid,0.6,0.4,275.455,274.33008,17.85,0.8526,OUTSIDE_TARGET_RANGE,True,False,False,False,False,False,False,True,,
"(1R,2S,5R)-5-methyl-2-propan-2-ylcyclohexan-1-ol",cyclohexanecarboxylic acid,0.4,0.6,275.48,274.6267,17.82,0.8543,OUTSIDE_TARGET_RANGE,True,False,False,False,False,False,False,True,,
"(1R,2S,5R)-5-methyl-2-propan-2-ylcyclohexan-1-ol",octanoic acid,0.6,0.4,276.0,276.2418,17.39,0.8821,PASS_ROOMTEMP,True,False,False,True,False,False,False,True,86.233,
"(1R,2S,5R)-5-methyl-2-propan-2-ylcyclohexan-1-ol",cyclohexanecarboxylic acid,0.6,0.4,277.25,276.4333,17.82,0.8543,PASS_ROOMTEMP,True,False,False,True,False,False,False,True,85.29,
decanoic acid,(Z)-octadec-9-enoic acid,0.3,0.7,277.48,277.5575,18.89,0.7857,PASS_ROOMTEMP,True,False,False,True,False,False,False,True,83.538,
5-methyl-2-propan-2-ylphenol,cyclohexanecarboxylic acid,0.29,0.71,277.6,276.71942,19.62,0.7386,PASS_ROOMTEMP,True,False,False,True,False,False,False,True,80.914,
"(1R,2S,5R)-5-methyl-2-propan-2-ylcyclohexan-1-ol",decanoic acid,0.5963,0.4037,278.1,278.5486,16.35,0.9487,PASS_ROOMTEMP,True,False,False,True,False,False,False,True,90.932,
5-methyl-2-propan-2-ylphenol,"(1R,2S,5R)-5-methyl-2-propan-2-ylcyclohexan-1-ol",0.602,0.398,278.3,275.88562,17.4,0.881,PASS_ROOMTEMP,True,False,False,True,False,False,False,True,85.874,
Caprylic Acid,Capric Acid,0.6997,0.3003,278.36,278.52402,18.41,0.8161,PASS_ROOMTEMP,True,False,False,True,False,False,False,True,85.606,
"(1R,2S,5R)-5-methyl-2-propan-2-ylcyclohexan-1-ol",3-cyclohexylpropanoic acid,0.2,0.8,278.687,278.35013,17.79,0.8559,PASS_ROOMTEMP,True,False,False,True,False,False,False,True,87.045,
"(1R,2S,5R)-5-methyl-2-propan-2-ylcyclohexan-1-ol",decanoic acid,0.6,0.4,279.0,282.3394,16.37,0.9477,PASS_ROOMTEMP,True,False,False,True,False,False,False,True,94.237,
"2-(diethylamino)-N-(2,6-dimethylphenyl)acetamide",dodecanoic acid,0.43,0.57,279.15,277.6157,21.1,0.6433,PASS_ROOMTEMP,True,False,False,True,False,False,False,True,77.893,
5-methyl-2-propan-2-ylcyclohexan-1-ol,2-oxopropanoic acid,0.334,0.666,279.15,279.59174,22.45,0.5564,PASS_ROOMTEMP,True,False,False,True,False,False,False,True,76.16,
"(1R,2S,5R)-5-methyl-2-propan-2-ylcyclohexan-1-ol",octanoic acid,0.3026,0.6974,279.55,278.39548,17.42,0.8803,PASS_ROOMTEMP,True,False,False,True,False,False,False,True,88.061,
5-methyl-2-propan-2-ylphenol,octanoic acid,0.2,0.8,280.16,280.6279,17.4,0.8812,PASS_ROOMTEMP,True,False,False,True,False,False,False,True,90.067,
"1,10-phenanthroline",5-methyl-2-propan-2-ylphenol,0.2026,0.7974,280.2893,283.25128,18.5,0.8102,PASS_ROOMTEMP,True,False,False,True,False,False,False,True,89.541,
Caprylic Acid,Capric Acid,0.5994,0.4006,280.63,280.36353,18.19,0.8307,PASS_ROOMTEMP,True,False,False,True,False,False,False,True,87.813,
5-methyl-2-propan-2-ylphenol,undec-10-enoic acid,0.2,0.8,280.65,281.31073,16.74,0.924,PASS_ROOMTEMP,True,False,False,True,False,False,False,True,92.381,
1-methyl-4-prop-1-en-2-ylcyclohexene,decanoic acid,0.666667,0.333333,280.95,281.00952,21.1,0.6434,REJECTED_DES_RULE,False,True,False,True,False,False,False,True,60.891,
5-methyl-2-propan-2-ylphenol,"(1R,2S,5R)-5-methyl-2-propan-2-ylcyclohexan-1-ol",0.7,0.3,281.3,283.37122,17.69,0.8625,PASS_ROOMTEMP,True,False,False,True,False,False,False,True,91.739,
decanoic acid,(Z)-octadec-9-enoic acid,0.5,0.5,281.33,280.86307,18.89,0.7857,PASS_ROOMTEMP,True,False,False,True,False,False,False,True,86.454,
Caprylic Acid,Capric Acid,0.7998,0.2002,281.91,282.01923,18.05,0.8394,PASS_ROOMTEMP,True,False,False,True,False,False,False,True,89.622,
"(1R,2S,5R)-5-methyl-2-propan-2-ylcyclohexan-1-ol",cyclohexanecarboxylic acid,0.3,0.7,282.0,282.69464,18.0,0.8425,PASS_ROOMTEMP,True,False,False,True,False,False,False,True,90.342,
dodecanoic acid,nonanoic acid,0.25,0.75,282.0,281.79837,18.46,0.8131,PASS_ROOMTEMP,True,False,False,True,False,False,False,True,88.376,
5-methyl-2-propan-2-ylphenol,undec-10-enoic acid,0.25,0.75,282.15,281.78754,17.04,0.9045,PASS_ROOMTEMP,True,False,False,True,False,False,False,True,92.022,
decanoic acid,(Z)-octadec-9-enoic acid,0.2,0.8,282.82,282.16916,19.44,0.75,PASS_ROOMTEMP,True,False,False,True,False,False,False,True,86.179,
5-methyl-2-propan-2-ylphenol,undec-10-enoic acid,0.3333,0.6667,283.15,282.9783,16.92,0.9119,PASS_ROOMTEMP,True,False,False,True,False,False,False,True,93.369,
octanoic acid,dodecanoic acid,0.804,0.196,283.275,283.36984,17.79,0.8561,PASS_ROOMTEMP,True,False,False,True,False,False,False,True,91.482,
"(1R,2S,5R)-5-methyl-2-propan-2-ylcyclohexan-1-ol",3-cyclohexylpropanoic acid,0.1,0.9,283.535,283.2911,17.85,0.8526,PASS_ROOMTEMP,True,False,False,True,False,False,False,True,91.273,
"1,3-dithiane","1,2,3,5-tetrafluoro-4,6-diiodobenzene",0.37,0.63,283.55,283.60873,19.83,0.7252,PASS_ROOMTEMP,True,False,False,True,False,False,False,True,86.457,
decanoic acid,(Z)-octadec-9-enoic acid,0.6,0.4,283.68,283.9715,18.89,0.7857,PASS_ROOMTEMP,True,False,False,True,False,False,False,True,89.197,
"(1R,2S,5R)-5-methyl-2-propan-2-ylcyclohexan-1-ol",octanoic acid,0.2,0.8,284.0,283.38013,17.42,0.8803,PASS_ROOMTEMP,True,False,False,True,False,False,False,True,92.459,
5-methyl-2-propan-2-ylphenol,octanoic acid,0.5,0.5,284.16,280.69412,17.35,0.8848,PASS_ROOMTEMP,True,False,False,True,False,False,False,True,90.269,
"(1R,2S,5R)-5-methyl-2-propan-2-ylcyclohexan-1-ol",3-phenylpropanoic acid,0.6,0.4,284.21,286.38583,17.64,0.8659,PASS_ROOMTEMP,True,False,False,True,False,False,False,True,94.535,
dodecanoic acid,nonanoic acid,0.333,0.667,285.0,284.87384,18.05,0.8393,PASS_ROOMTEMP,True,False,False,True,False,False,False,True,92.137,
5-methyl-2-propan-2-ylphenol,octanoic acid,0.1,0.9,285.13,285.30408,17.48,0.8763,PASS_ROOMTEMP,True,False,False,True,False,False,False,True,93.997,
nonanoic acid,dodecanoic acid,0.86,0.14,285.15,286.19864,17.2,0.8943,REJECTED_DES_RULE,False,True,False,True,False,False,False,True,75.506,
octanoic acid,dodecanoic acid,0.904,0.096,285.275,285.23288,17.8,0.8553,PASS_ROOMTEMP,True,False,False,True,False,False,False,True,93.094,
decanoic acid,(Z)-octadec-9-enoic acid,0.1,0.9,285.39,285.67767,20.58,0.6768,PASS_ROOMTEMP,True,False,False,True,False,False,False,True,86.346,
2-methyl-5-propan-2-ylphenol,"(1R,2S,5R)-5-methyl-2-propan-2-ylcyclohexan-1-ol",0.2979,0.7021,285.58,285.72122,17.52,0.8737,REJECTED_DES_RULE,False,True,False,True,False,False,False,True,74.261,
5-methyl-2-propan-2-ylcyclohexan-1-ol,decanoic acid,0.5,0.5,285.69,283.52307,19.14,0.7697,PASS_ROOMTEMP,True,False,False,True,False,False,False,True,88.161,
Caprylic Acid,Capric Acid,0.8998,0.1002,285.96,285.8338,18.27,0.8254,PASS_ROOMTEMP,True,False,False,True,False,False,False,True,92.428,
trioctylphosphine oxide,"(1R,2S,5R)-5-methyl-2-propan-2-ylcyclohexan-1-ol",0.349,0.651,285.981,286.27322,18.73,0.7955,PASS_ROOMTEMP,True,False,False,True,False,False,False,True,91.62,
"(1R,2S,5R)-5-methyl-2-propan-2-ylcyclohexan-1-ol",octanoic acid,0.1,0.9,286.0,286.2126,17.48,0.8763,PASS_ROOMTEMP,True,False,False,True,False,False,False,True,94.798,
Caprylic Acid,Capric Acid,0.5,0.5,286.84,287.26,18.08,0.8378,PASS_ROOMTEMP,True,False,False,True,False,False,False,True,92.841,
"1,3-dithiane","1,2,3,4-tetrafluoro-5,6-diiodobenzene",0.496,0.504,286.873,287.0493,18.86,0.7871,PASS_ROOMTEMP,True,False,False,True,False,False,False,True,90.999,
"(1R,2S,5R)-5-methyl-2-propan-2-ylcyclohexan-1-ol",octanoic acid,0.6975,0.3025,286.9,286.9619,17.41,0.8806,PASS_ROOMTEMP,True,False,False,True,False,False,False,True,94.816,
"(1R,2S,5R)-5-methyl-2-propan-2-ylcyclohexan-1-ol",decanoic acid,0.5,0.5,287.0,285.86176,16.52,0.9378,PASS_ROOMTEMP,True,False,False,True,False,False,False,True,96.949,
"(1R,2S,5R)-5-methyl-2-propan-2-ylcyclohexan-1-ol",4-phenylbutanoic acid,0.61,0.39,287.2,287.3511,18.88,0.7858,PASS_ROOMTEMP,True,False,False,True,False,False,False,True,90.681,
1-methyl-4-prop-1-en-2-ylcyclohexene,decanoic acid,0.5,0.5,287.45,287.37695,20.17,0.7029,REJECTED_DES_RULE,False,True,False,True,False,False,False,True,67.342,
5-methyl-2-propan-2-ylphenol,decanoic acid,0.49,0.51,287.84,288.4073,16.33,0.9499,PASS_ROOMTEMP,True,False,False,True,False,False,False,True,96.313,
"(1R,2S,5R)-5-methyl-2-propan-2-ylcyclohexan-1-ol",cyclohexanecarboxylic acid,0.7,0.3,287.92,287.9666,18.0,0.8425,PASS_ROOMTEMP,True,False,False,True,False,False,False,True,92.406,
"(1R,2S,5R)-5-methyl-2-propan-2-ylcyclohexan-1-ol",decanoic acid,0.7,0.3,288.0,288.1313,16.59,0.9336,PASS_ROOMTEMP,True,False,False,True,False,False,False,True,95.905,
dodecanoic acid,nonanoic acid,0.435,0.565,288.0,288.09912,17.95,0.846,REJECTED_DES_RULE,False,False,True,True,False,False,False,True,72.429,
1-naphthalen-1-yloxy-3-(propan-2-ylamino)propan-2-ol,decanoic acid,0.35,0.65,288.15,287.11877,23.51,0.4886,PASS_ROOMTEMP,True,False,False,True,False,False,False,True,78.998,
trioctylphosphine oxide,"(1R,2S,5R)-5-methyl-2-propan-2-ylcyclohexan-1-ol",0.207,0.793,288.232,288.90228,17.87,0.8511,PASS_ROOMTEMP,True,False,False,True,False,False,False,True,91.924,
"(1R,2S,5R)-5-methyl-2-propan-2-ylcyclohexan-1-ol",decanoic acid,0.6977,0.3023,288.4,287.9302,16.58,0.9338,PASS_ROOMTEMP,True,False,False,True,False,False,False,True,96.09,
"(1R,2S,5R)-5-methyl-2-propan-2-ylcyclohexan-1-ol",dodecanoic acid,0.7,0.3,289.0,291.879,17.25,0.8912,PASS_ROOMTEMP,True,False,False,True,False,False,False,True,90.902,
1-naphthalen-1-yloxy-3-(propan-2-ylamino)propan-2-ol,dodecanoic acid,0.3,0.7,289.15,289.89517,23.96,0.4597,PASS_ROOMTEMP,True,False,False,True,False,False,False,True,75.392,
"(1R,2S,5R)-5-methyl-2-propan-2-ylcyclohexan-1-ol",3-cyclohexylpropanoic acid,0.7,0.3,289.19,288.00198,17.7,0.8619,PASS_ROOMTEMP,True,False,False,True,False,False,False,True,93.151,
5-methyl-2-propan-2-ylphenol,undec-10-enoic acid,0.6,0.4,289.65,289.22028,16.84,0.9172,PASS_ROOMTEMP,True,False,False,True,False,False,False,True,94.288,
5-methyl-2-propan-2-ylphenol,decanoic acid,0.45,0.55,289.87,289.096,16.69,0.9267,PASS_ROOMTEMP,True,False,False,True,False,False,False,True,94.777,
decanoic acid,(Z)-octadec-9-enoic acid,0.7,0.3,289.87,289.98462,18.89,0.7857,REJECTED_DES_RULE,False,False,True,True,False,False,False,True,68.353,
5-methyl-2-propan-2-ylphenol,tetradecan-1-ol,0.499,0.501,289.9,289.46744,17.81,0.8548,PASS_ROOMTEMP,True,False,False,True,False,False,False,True,91.574,
5-methyl-2-propan-2-ylphenol,tetradecan-1-ol,0.599,0.401,290.0,292.10016,17.4,0.881,PASS_ROOMTEMP,True,False,False,True,False,False,False,True,90.299,
5-methyl-2-propan-2-ylphenol,decanoic acid,0.5,0.5,290.15,290.71616,16.32,0.9505,PASS_ROOMTEMP,True,False,False,True,False,False,False,True,94.3,
octanoic acid,dodecanoic acid,0.568,0.432,290.275,289.96005,18.03,0.8408,REJECTED_DES_RULE,False,True,False,True,False,False,False,True,70.579,
"(1R,2S,5R)-5-methyl-2-propan-2-ylcyclohexan-1-ol",3-phenylpropanoic acid,0.5,0.5,290.35,289.50296,17.91,0.8484,PASS_ROOMTEMP,True,False,False,True,False,False,False,True,91.286,
"(1R,2S,5R)-5-methyl-2-propan-2-ylcyclohexan-1-ol",tetradecan-1-ol,0.7,0.3,290.6,290.64233,17.4,0.8814,PASS_ROOMTEMP,True,False,False,True,False,False,False,True,91.601,
Lidocaine,DL-camphor,0.46,0.54,290.6,290.71033,16.83,0.9182,PASS_ROOMTEMP,True,False,False,True,False,False,False,True,93.013,
"1,3-dithiane","1,2,3,4-tetrafluoro-5,6-diiodobenzene",0.399,0.601,290.703,290.64633,18.76,0.794,PASS_ROOMTEMP,True,False,False,True,False,False,False,True,88.101,
"(1R,2S,5R)-5-methyl-2-propan-2-ylcyclohexan-1-ol",2-phenylacetic acid,0.65,0.35,290.8,290.46454,19.45,0.7493,PASS_ROOMTEMP,True,False,False,True,False,False,False,True,86.474,
Menthol,Ibuprofen,0.75,0.25,291.138,292.64175,17.05,0.9036,PASS_ROOMTEMP,True,False,False,True,False,False,False,True,90.725,
decanoic acid,dodecanoic acid,0.6667,0.3333,291.15,291.59564,18.05,0.8396,PASS_ROOMTEMP,True,False,False,True,False,False,False,True,89.088,
"2-(diethylamino)-N-(2,6-dimethylphenyl)acetamide",N-(2-methylphenyl)-2-(propylamino)propanamide,0.5,0.5,291.15,290.21628,22.97,0.5232,PASS_ROOMTEMP,True,False,False,True,False,False,False,True,77.649,
Caprylic Acid,Capric Acid,0.4001,0.5999,291.21,290.8657,18.1,0.8363,REJECTED_DES_RULE,False,True,False,True,False,False,False,True,69.6,
"2-(diethylamino)-N-(2,6-dimethylphenyl)acetamide",phenyl 2-hydroxybenzoate,0.43,0.57,291.35,291.73877,24.6,0.4183,PASS_ROOMTEMP,True,False,False,True,False,False,False,True,72.11,
5-methyl-2-propan-2-ylphenol,3-phenylpropanoic acid,0.44,0.56,291.6,291.64606,18.46,0.813,PASS_ROOMTEMP,True,False,False,True,False,False,False,True,87.979,
"(1R,2S,5R)-5-methyl-2-propan-2-ylcyclohexan-1-ol",3-phenylpropanoic acid,0.7,0.3,291.67,291.349,17.64,0.8659,PASS_ROOMTEMP,True,False,False,True,False,False,False,True,90.357,
"(1R,2S,5R)-5-methyl-2-propan-2-ylcyclohexan-1-ol",decanoic acid,0.4,0.6,292.0,292.62817,16.67,0.9283,PASS_ROOMTEMP,True,False,False,True,False,False,False,True,91.725,
5-methyl-2-propan-2-ylphenol,undec-10-enoic acid,0.7,0.3,292.15,294.1052,16.88,0.9149,PASS_ROOMTEMP,True,False,False,True,False,False,False,True,89.886,
2-[4-(2-methylpropyl)phenyl]propanoic acid,5-methyl-2-propan-2-ylcyclohexan-1-ol,0.3,0.7,292.15,292.77682,18.95,0.7818,PASS_ROOMTEMP,True,False,False,True,False,False,False,True,85.734,
5-methyl-2-propan-2-ylphenol,decanoic acid,0.36,0.64,292.35,291.8874,16.71,0.9254,PASS_ROOMTEMP,True,False,False,True,False,False,False,True,92.262,
"(1R,2S,5R)-5-methyl-2-propan-2-ylcyclohexan-1-ol",decanoic acid,0.3934,0.6066,292.65,293.2387,16.65,0.9298,PASS_ROOMTEMP,True,False,False,True,False,False,False,True,91.246,
decanoic acid,dodecanoic acid,0.568,0.432,293.025,293.40228,17.6,0.8687,PASS_ROOMTEMP,True,False,False,True,False,False,False,True,88.658,
Lidocaine,DL-camphor,0.438,0.562,293.1,292.86667,16.7,0.9261,PASS_ROOMTEMP,True,False,False,True,False,False,False,True,91.426,
decanoic acid,dodecanoic acid,0.732,0.268,293.275,292.82864,17.73,0.8599,PASS_ROOMTEMP,True,False,False,True,False,False,False,True,88.812,
5-methyl-2-propan-2-ylphenol,decanoic acid,0.3,0.7,293.36,293.96692,16.36,0.9481,PASS_ROOMTEMP,True,False,False,True,False,False,False,True,91.336,
dodecanoic acid,nonanoic acid,0.5,0.5,294.0,293.8424,17.9,0.849,REJECTED_DES_RULE,False,False,True,True,False,False,False,True,67.481,
"(1R,2S,5R)-5-methyl-2-propan-2-ylcyclohexan-1-ol",tetradecan-1-ol,0.598,0.402,294.0,292.31885,17.43,0.8796,PASS_ROOMTEMP,True,False,False,True,False,False,False,True,90.05,
1-methyl-4-prop-1-en-2-ylcyclohexene,decanoic acid,0.333333,0.666667,294.05,294.2148,21.1,0.6434,REJECTED_DES_RULE,False,True,False,True,False,False,False,True,58.929,
nonanoic acid,dodecanoic acid,0.501,0.499,294.275,294.44977,17.24,0.8917,REJECTED_DES_RULE,False,True,False,True,False,False,False,True,68.653,
"(1R,2S,5R)-5-methyl-2-propan-2-ylcyclohexan-1-ol",tetradecan-1-ol,0.798,0.202,294.6,295.7618,17.37,0.8829,PASS_ROOMTEMP,True,False,False,True,False,False,False,True,87.144,
"(1R,2S,5R)-5-methyl-2-propan-2-ylcyclohexan-1-ol",dodecanoic acid,0.667,0.333,294.64,293.9169,19.58,0.7412,PASS_ROOMTEMP,True,False,False,True,False,False,False,True,83.104,
Menthol,Ibuprofen,0.8,0.2,294.7,294.93417,17.28,0.8893,PASS_ROOMTEMP,True,False,False,True,False,False,False,True,88.13,
5-methyl-2-propan-2-ylphenol,decanoic acid,0.55,0.45,294.95,295.56464,16.73,0.9243,PASS_ROOMTEMP,True,False,False,True,False,False,False,True,88.974,
Caprylic Acid,Capric Acid,0.3,0.7,294.98,294.34515,17.99,0.8435,REJECTED_DES_RULE,False,True,False,True,False,False,False,True,66.818,
"(1R,2S,5R)-5-methyl-2-propan-2-ylcyclohexan-1-ol",cyclohexanecarboxylic acid,0.1,0.9,295.03,295.69974,18.23,0.8281,PASS_ROOMTEMP,True,False,False,True,False,False,False,True,85.007,
dodecanoic acid,dodecanoic acid,0.333333,0.666667,295.05,295.52542,20.24,0.6988,PASS_ROOMTEMP,True,False,False,True,False,False,False,True,79.988,
decanoic acid,dodecanoic acid,0.802,0.198,295.275,295.36957,17.33,0.8855,PASS_ROOMTEMP,True,False,False,True,False,False,False,True,87.594,
5-methyl-2-propan-2-ylcyclohexan-1-ol,phenyl 2-hydroxybenzoate,0.5,0.5,295.43,296.1716,24.36,0.4341,PASS_ROOMTEMP,True,False,False,True,False,False,False,True,68.83,
5-methyl-2-propan-2-ylphenol,"(1R,2S,5R)-5-methyl-2-propan-2-ylcyclohexan-1-ol",0.2,0.8,295.5,295.14282,17.68,0.8633,PASS_ROOMTEMP,True,False,False,True,False,False,False,True,86.906,
5-methyl-2-propan-2-ylphenol,decanoic acid,0.19,0.81,295.671,296.0563,16.59,0.9332,PASS_ROOMTEMP,True,False,False,True,False,False,False,True,88.896,
"1,3-dithiane","1,2,3,4-tetrafluoro-5,6-diiodobenzene",0.601,0.399,295.81,295.67273,19.19,0.7664,PASS_ROOMTEMP,True,False,False,True,False,False,False,True,82.562,
"(1R,2S,5R)-5-methyl-2-propan-2-ylcyclohexan-1-ol",decanoic acid,0.3,0.7,296.0,295.9767,16.11,0.9644,PASS_ROOMTEMP,True,False,False,True,False,False,False,True,90.214,
decanoic acid,dodecanoic acid,0.503,0.497,296.15,296.4075,17.14,0.8983,PASS_ROOMTEMP,True,False,False,True,False,False,False,True,87.19,
"(1R,2S,5R)-5-methyl-2-propan-2-ylcyclohexan-1-ol",tetradecanoic acid,0.8,0.2,296.17,298.55405,17.4,0.8814,PASS_WARMTEMP,True,False,False,False,True,False,False,True,,75.892
"(1R,2S,5R)-5-methyl-2-propan-2-ylcyclohexan-1-ol",decanoic acid,0.2961,0.7039,296.19,296.50772,16.13,0.9632,PASS_ROOMTEMP,True,False,False,True,False,False,False,True,89.698,
2-methyl-5-propan-2-ylphenol,"(1R,2S,5R)-5-methyl-2-propan-2-ylcyclohexan-1-ol",0.203,0.797,296.35,295.27634,17.69,0.8625,REJECTED_DES_RULE,False,True,False,True,False,False,False,True,66.756,
"(1R,2S,5R)-5-methyl-2-propan-2-ylcyclohexan-1-ol",decanoic acid,0.2986,0.7014,296.6,296.29218,16.1,0.9647,PASS_ROOMTEMP,True,False,False,True,False,False,False,True,89.948,
decanoic acid,(Z)-octadec-9-enoic acid,0.8,0.2,296.71,296.91504,19.44,0.75,REJECTED_DES_RULE,False,False,True,True,False,False,False,True,60.81,
tetradecanoic acid,decanoic acid,0.2008,0.7992,296.78,298.39023,17.56,0.871,PASS_WARMTEMP,True,False,False,False,True,False,False,True,,75.331
"(1R,2S,5R)-5-methyl-2-propan-2-ylcyclohexan-1-ol",3-phenylpropanoic acid,0.4,0.6,296.93,297.247,17.64,0.8659,PASS_ROOMTEMP,True,False,False,True,False,False,False,True,85.153,
5-methyl-2-propan-2-ylphenol,octanoic acid,0.6,0.4,296.95,296.92987,17.39,0.882,REJECTED_DES_RULE,False,False,True,True,False,False,False,True,66.077,
"(1R,2S,5R)-5-methyl-2-propan-2-ylcyclohexan-1-ol",dodecanoic acid,0.6,0.4,297.0,296.1029,17.04,0.9044,PASS_ROOMTEMP,True,False,False,True,False,False,False,True,87.703,
trioctylphosphine oxide,"(1R,2S,5R)-5-methyl-2-propan-2-ylcyclohexan-1-ol",0.423,0.577,297.235,297.6508,18.71,0.7972,PASS_ROOMTEMP,True,False,False,True,False,False,False,True,82.049,
trioctylphosphine oxide,phenol,0.1,0.9,297.35,298.00543,19.46,0.7487,PASS_WARMTEMP,True,False,False,False,True,False,False,True,,70.1
"1,3-dithiane","1,2,3,4-tetrafluoro-5,6-diiodobenzene",0.694,0.306,297.405,297.80136,19.51,0.7455,PASS_ROOMTEMP,True,False,False,True,False,False,False,True,79.848,
"1,10-phenanthroline",4-chloro-5-methyl-2-propan-2-ylphenol,0.5016,0.4984,297.6446,297.234,18.31,0.8227,PASS_ROOMTEMP,True,False,False,True,False,False,False,True,83.437,
"(1R,2S,5R)-5-methyl-2-propan-2-ylcyclohexan-1-ol",2-hydroxybenzoic acid,0.85,0.15,297.9,297.9677,23.56,0.4855,PASS_ROOMTEMP,True,False,False,True,False,False,False,True,69.301,
"1,4-dithiane","1,2,3,5-tetrafluoro-4,6-diiodobenzene",0.07,0.93,297.95,297.49554,20.24,0.6988,PASS_ROOMTEMP,True,False,False,True,False,False,False,True,78.25,
"(1R,2S,5R)-5-methyl-2-propan-2-ylcyclohexan-1-ol",decanoic acid,0.8,0.2,298.0,299.11737,16.78,0.9212,PASS_WARMTEMP,True,False,False,False,True,False,False,True,,77.981
decanoic acid,dodecanoic acid,0.436,0.564,298.025,299.196,17.33,0.886,PASS_WARMTEMP,True,False,False,False,True,False,False,True,,76.642
2-(trimethylazaniumyl)acetate,2-hydroxypropanoic acid,0.5,0.5,298.15,297.7456,21.31,0.6297,REJECTED_DES_RULE,False,False,True,True,False,False,False,True,55.265,
tetradecanoic acid,decanoic acid,0.1525,0.8475,298.2,297.48422,17.31,0.8871,PASS_ROOMTEMP,True,False,False,True,False,False,False,True,85.792,
5-methyl-2-propan-2-ylphenol,tetradecan-1-ol,0.399,0.601,298.2,297.93817,17.38,0.8826,PASS_ROOMTEMP,True,False,False,True,False,False,False,True,85.211,
decanoic acid,dodecanoic acid,0.855,0.145,298.275,297.07227,17.56,0.8711,PASS_ROOMTEMP,True,False,False,True,False,False,False,True,85.516,
Caprylic Acid,Capric Acid,0.1999,0.8001,298.54,299.00003,17.99,0.8433,REJECTED_DES_RULE,False,True,False,False,True,False,False,True,,54.761
"(1R,2S,5R)-5-methyl-2-propan-2-ylcyclohexan-1-ol",decanoic acid,0.7984,0.2016,298.85,297.01157,16.79,0.9207,PASS_ROOMTEMP,True,False,False,True,False,False,False,True,87.553,
"(1R,2S,5R)-5-methyl-2-propan-2-ylcyclohexan-1-ol",3-cyclohexylpropanoic acid,0.8,0.2,298.9,299.57043,17.79,0.8559,REJECTED_DES_RULE,False,False,True,False,True,False,False,True,,55.769
"(1R,2S,5R)-5-methyl-2-propan-2-ylcyclohexan-1-ol",decanoic acid,0.2,0.8,299.0,299.1122,16.47,0.9411,PASS_WARMTEMP,True,False,False,False,True,False,False,True,,78.772
dodecanoic acid,nonanoic acid,0.565,0.435,299.0,298.96286,17.95,0.8458,REJECTED_DES_RULE,False,False,True,False,True,False,False,True,,54.829
trioctylphosphine oxide,"(1R,2S,5R)-5-methyl-2-propan-2-ylcyclohexan-1-ol",0.531,0.469,299.035,299.29077,18.66,0.8001,PASS_WARMTEMP,True,False,False,False,True,False,False,True,,73.29
nonanoic acid,dodecanoic acid,0.436,0.564,299.275,298.50827,17.32,0.8861,REJECTED_DES_RULE,False,True,False,False,True,False,False,True,,56.04
hexadecanoic acid,decanoic acid,0.1516,0.8484,299.28,300.13452,17.26,0.8901,PASS_WARMTEMP,True,False,False,False,True,False,False,True,,77.634
"(1R,2S,5R)-5-methyl-2-propan-2-ylcyclohexan-1-ol",3-phenylpropanoic acid,0.8,0.2,299.56,298.92978,17.79,0.8561,PASS_WARMTEMP,True,False,False,False,True,False,False,True,,75.211
"(1R,2S,5R)-5-methyl-2-propan-2-ylcyclohexan-1-ol",decanoic acid,0.1975,0.8025,300.15,299.77713,16.47,0.9408,PASS_WARMTEMP,True,False,False,False,True,False,False,True,,79.347
hexadecanoic acid,decanoic acid,0.0991,0.9009,300.2,300.874,17.33,0.8858,PASS_WARMTEMP,True,False,False,False,True,False,False,True,,78.115
5-methyl-2-propan-2-ylphenol,tetradecan-1-ol,0.7,0.3,300.2,300.28555,17.4,0.8815,PASS_WARMTEMP,True,False,False,False,True,False,False,True,,77.424
Menthol,Ibuprofen,0.7,0.3,300.206,297.89755,17.33,0.8857,PASS_ROOMTEMP,True,False,False,True,False,False,False,True,85.371,
tetradecanoic acid,decanoic acid,0.3004,0.6996,300.26,301.03677,17.57,0.8706,PASS_WARMTEMP,True,False,False,False,True,False,False,True,,77.651
tetradecanoic acid,decanoic acid,0.0987,0.9013,301.1,300.2629,17.31,0.8871,PASS_WARMTEMP,True,False,False,False,True,False,False,True,,77.628
"1,10-phenanthroline",5-methyl-2-propan-2-ylphenol,0.1093,0.8907,301.1157,300.4509,19.03,0.7762,PASS_WARMTEMP,True,False,False,False,True,False,False,True,,73.358
hexadecan-1-ol,"(1R,2S,5R)-5-methyl-2-propan-2-ylcyclohexan-1-ol",0.199,0.801,301.2,303.1062,17.42,0.88,PASS_WARMTEMP,True,False,False,False,True,False,False,True,,79.853
decanoic acid,(Z)-octadec-9-enoic acid,0.9,0.1,301.2,301.0053,20.58,0.6768,REJECTED_DES_RULE,False,False,True,False,True,False,False,True,,49.871
5-methyl-2-propan-2-ylphenol,decanoic acid,0.1,0.9,301.25,300.39105,17.35,0.8842,PASS_WARMTEMP,True,False,False,False,True,False,False,True,,77.625
octanoic acid,dodecanoic acid,0.335,0.665,301.275,302.23444,17.5,0.8747,REJECTED_DES_RULE,False,True,False,False,True,False,False,True,,58.871
5-methyl-2-propan-2-ylphenol,tetradecan-1-ol,0.3,0.7,301.4,301.00168,17.39,0.8819,PASS_WARMTEMP,True,False,False,False,True,False,False,True,,78.072
5-methyl-2-propan-2-ylphenol,decanoic acid,0.6,0.4,301.49,298.8227,16.42,0.9442,PASS_WARMTEMP,True,False,False,False,True,False,False,True,,78.641
Menthol,Ibuprofen,0.84,0.16,301.502,301.3989,17.5,0.875,PASS_WARMTEMP,True,False,False,False,True,False,False,True,,78.146
5-methyl-2-propan-2-ylphenol,dodecanoic acid,0.55,0.45,301.54,301.7852,16.98,0.9084,PASS_WARMTEMP,True,False,False,False,True,False,False,True,,79.823
"1,10-phenanthroline",4-chloro-5-methyl-2-propan-2-ylphenol,0.5981,0.4019,301.6942,302.15378,18.06,0.8389,PASS_WARMTEMP,True,False,False,False,True,False,False,True,,77.368
octadecanoic acid,decanoic acid,0.05,0.95,301.72,304.17996,17.74,0.8597,PASS_WARMTEMP,True,False,False,False,True,False,False,True,,79.988
hexadecan-1-ol,5-methyl-2-propan-2-ylphenol,0.398,0.602,301.8,304.38754,17.41,0.8804,PASS_WARMTEMP,True,False,False,False,True,False,False,True,,80.999
Caprylic Acid,Capric Acid,0.1,0.9,301.89,302.2835,18.21,0.8295,REJECTED_DES_RULE,False,True,False,False,True,False,False,True,,57.107
"(1R,2S,5R)-5-methyl-2-propan-2-ylcyclohexan-1-ol",dodecanoic acid,0.5,0.5,302.0,301.2062,17.56,0.8708,PASS_WARMTEMP,True,False,False,False,True,False,False,True,,77.808
dodecanoic acid,nonanoic acid,0.667,0.333,302.0,301.73935,18.13,0.8341,REJECTED_DES_RULE,False,False,True,False,True,False,False,True,,56.81
Lidocaine,DL-camphor,0.501,0.499,302.1,302.9719,17.13,0.8986,PASS_WARMTEMP,True,False,False,False,True,False,False,True,,80.478
2-[4-(2-methylpropyl)phenyl]propanoic acid,5-methyl-2-propan-2-ylcyclohexan-1-ol,0.2,0.8,302.15,301.7754,19.5,0.746,PASS_WARMTEMP,True,False,False,False,True,False,False,True,,73.318
nonanoic acid,dodecanoic acid,0.335,0.665,302.275,302.1899,17.22,0.893,REJECTED_DES_RULE,False,True,False,False,True,False,False,True,,59.564
tetradecanoic acid,decanoic acid,0.0497,0.9503,302.31,302.4268,17.69,0.8627,PASS_WARMTEMP,True,False,False,False,True,False,False,True,,78.561
5-methyl-2-propan-2-ylphenol,octanoic acid,0.7,0.3,302.51,303.07553,17.4,0.8811,REJECTED_DES_RULE,False,False,True,False,True,False,False,True,,59.869
"(1R,2S,5R)-5-methyl-2-propan-2-ylcyclohexan-1-ol",tetradecan-1-ol,0.399,0.601,302.6,301.84265,17.4,0.8814,PASS_WARMTEMP,True,False,False,False,True,False,False,True,,78.794
"(1R,2S,5R)-5-methyl-2-propan-2-ylcyclohexan-1-ol",decanoic acid,0.1,0.9,303.0,302.37152,17.33,0.8855,PASS_WARMTEMP,True,False,False,False,True,False,False,True,,79.424
hexadecanoic acid,decanoic acid,0.0498,0.9502,303.08,302.19144,17.62,0.8668,PASS_WARMTEMP,True,False,False,False,True,False,False,True,,78.517
"2-(diethylamino)-N-(2,6-dimethylphenyl)acetamide",2-(dimethylamino)ethyl 4-(butylamino)benzoate,0.5,0.5,303.15,303.33936,25.42,0.3659,PASS_WARMTEMP,True,False,False,False,True,False,True,True,,59.494
5-methyl-2-propan-2-ylphenol,dodecanoic acid,0.6,0.4,303.22,304.05188,16.97,0.909,PASS_WARMTEMP,True,False,False,False,True,False,False,True,,81.847
decanoic acid,dodecanoic acid,0.335,0.665,303.275,302.6549,17.49,0.8753,PASS_WARMTEMP,True,False,False,False,True,False,False,True,,79.266
trioctylphosphine oxide,phenol,0.6,0.4,303.45,302.25967,18.03,0.8409,PASS_WARMTEMP,True,False,False,False,True,False,False,True,,77.542
"(1R,2S,5R)-5-methyl-2-propan-2-ylcyclohexan-1-ol",tetradecanoic acid,0.7,0.3,303.76,303.456,17.4,0.8814,PASS_WARMTEMP,True,False,False,False,True,False,False,True,,80.217
"(1R,2S,5R)-5-methyl-2-propan-2-ylcyclohexan-1-ol",3-phenylpropanoic acid,0.3,0.7,303.95,302.26492,17.64,0.8659,PASS_WARMTEMP,True,False,False,False,True,False,False,True,,78.546
"(1R,2S,5R)-5-methyl-2-propan-2-ylcyclohexan-1-ol",tetradecan-1-ol,0.302,0.698,304.2,304.48322,17.39,0.882,PASS_WARMTEMP,True,False,False,False,True,False,False,True,,81.148
5-methyl-2-propan-2-ylphenol,"(1R,2S,5R)-5-methyl-2-propan-2-ylcyclohexan-1-ol",0.105,0.895,304.4,304.1093,17.82,0.854,PASS_WARMTEMP,True,False,False,False,True,False,False,True,,79.698
trioctylphosphine oxide,"(1R,2S,5R)-5-methyl-2-propan-2-ylcyclohexan-1-ol",0.138,0.862,304.437,304.15668,16.72,0.925,PASS_WARMTEMP,True,False,False,False,True,False,False,True,,82.579
hexadecanoic acid,decanoic acid,0.2063,0.7937,304.68,304.7451,17.19,0.8945,PASS_WARMTEMP,True,False,False,False,True,False,False,True,,81.879
Menthol,Ibuprofen,0.67,0.33,304.741,306.25284,17.5,0.875,PASS_WARMTEMP,True,False,False,False,True,False,False,True,,82.429
5-methyl-2-propan-2-ylphenol,dodecanoic acid,0.4,0.6,304.76,305.14078,17.41,0.8807,PASS_WARMTEMP,True,False,False,False,True,False,False,True,,81.676
hexadecan-1-ol,"(1R,2S,5R)-5-methyl-2-propan-2-ylcyclohexan-1-ol",0.3,0.7,304.9,304.50165,17.41,0.8807,PASS_WARMTEMP,True,False,False,False,True,False,False,True,,81.112
dodecanoic acid,nonanoic acid,0.75,0.25,305.0,305.07462,18.16,0.8324,REJECTED_DES_RULE,False,False,True,False,True,False,False,True,,59.685
tetradecanoic acid,decanoic acid,0.351,0.649,305.12,304.59998,17.41,0.8807,PASS_WARMTEMP,True,False,False,False,True,False,False,True,,81.199
2-[4-(2-methylpropyl)phenyl]propanoic acid,5-methyl-2-propan-2-ylphenol,0.33,0.67,305.15,304.1679,19.15,0.7688,PASS_WARMTEMP,True,False,False,False,True,False,False,True,,76.341
nonanoic acid,dodecanoic acid,0.252,0.748,305.275,305.74902,17.22,0.893,REJECTED_DES_RULE,False,True,False,False,True,False,False,True,,62.704
5-methyl-2-propan-2-ylphenol,tetradecan-1-ol,0.2,0.8,305.6,306.19473,17.81,0.8548,PASS_WARMTEMP,True,False,False,False,True,False,False,True,,81.57
octadecanoic acid,decanoic acid,0.0998,0.9002,305.78,304.85806,17.61,0.8675,REJECTED_DES_RULE,False,False,True,False,True,False,False,True,,60.898
Lidocaine,DL-camphor,0.405,0.595,305.8,306.6531,16.89,0.9143,PASS_WARMTEMP,True,False,False,False,True,False,False,True,,84.354
2-methyl-5-propan-2-ylphenol,"(1R,2S,5R)-5-methyl-2-propan-2-ylcyclohexan-1-ol",0.0998,0.9002,305.85,306.0914,17.95,0.8462,REJECTED_DES_RULE,False,True,False,False,True,False,False,True,,61.135
"(1R,2S,5R)-5-methyl-2-propan-2-ylcyclohexan-1-ol",dodecanoic acid,0.4,0.6,306.0,305.77142,17.4,0.8812,PASS_WARMTEMP,True,False,False,False,True,False,False,True,,82.252
hexadecan-1-ol,5-methyl-2-propan-2-ylphenol,0.3,0.7,306.1,305.88956,17.4,0.8815,PASS_WARMTEMP,True,False,False,False,True,False,False,True,,82.368
trioctylphosphine oxide,"(1R,2S,5R)-5-methyl-2-propan-2-ylcyclohexan-1-ol",0.116,0.884,306.238,305.8123,16.5,0.9389,PASS_WARMTEMP,True,False,False,False,True,False,False,True,,84.596
"(1R,2S,5R)-5-methyl-2-propan-2-ylcyclohexan-1-ol",cyclohexanecarboxylic acid,0.9,0.1,306.29,306.51718,18.23,0.8281,REJECTED_DES_RULE,False,False,True,False,True,False,False,True,,60.786
"(1R,2S,5R)-5-methyl-2-propan-2-ylcyclohexan-1-ol",tetradecanoic acid,0.9,0.1,306.35,306.43552,17.42,0.88,PASS_WARMTEMP,True,False,False,False,True,False,False,True,,82.79
5-methyl-2-propan-2-ylphenol,decanoic acid,0.7,0.3,306.47,303.5411,16.7,0.9264,PASS_WARMTEMP,True,False,False,False,True,False,False,True,,82.092
hexadecan-1-ol,5-methyl-2-propan-2-ylphenol,0.5,0.5,306.6,306.68518,17.47,0.8765,PASS_WARMTEMP,True,False,False,False,True,False,False,True,,82.87
pyridine-3-carboxamide,2-hydroxyacetic acid,0.5026,0.4974,306.8966,307.37286,20.02,0.7128,PASS_WARMTEMP,True,False,False,False,True,False,False,True,,76.929
"1,10-phenanthroline",4-chloro-5-methyl-2-propan-2-ylphenol,0.7042,0.2958,306.9008,308.11765,17.9,0.8493,PASS_WARMTEMP,True,False,False,False,True,False,False,True,,83.046
5-methyl-2-propan-2-ylphenol,dodecanoic acid,0.7,0.3,306.96,304.57608,17.19,0.8947,PASS_WARMTEMP,True,False,False,False,True,False,False,True,,81.737
"(1R,2S,5R)-5-methyl-2-propan-2-ylcyclohexan-1-ol",decanoic acid,0.9,0.1,307.0,307.26166,16.32,0.9506,REJECTED_DES_RULE,False,False,True,False,True,False,False,True,,66.343
"2-(diethylamino)-N-(2,6-dimethylphenyl)acetamide","1,7,7-trimethylbicyclo[2.2.1]heptan-2-one",0.5,0.5,307.0,306.0399,19.63,0.7376,PASS_WARMTEMP,True,False,False,False,True,False,False,True,,76.745
"(1R,2S,5R)-5-methyl-2-propan-2-ylcyclohexan-1-ol",decanoic acid,0.8985,0.1015,307.1,307.5015,16.31,0.9517,REJECTED_DES_RULE,False,False,True,False,True,False,False,True,,66.599
octanoic acid,dodecanoic acid,0.252,0.748,307.15,307.1547,17.34,0.8854,REJECTED_DES_RULE,False,True,False,False,True,False,False,True,,63.641
Menthol,Ibuprofen,0.92,0.08,307.332,306.9759,18.61,0.8036,PASS_WARMTEMP,True,False,False,False,True,False,False,True,,80.211
"(1R,2S,5R)-5-methyl-2-propan-2-ylcyclohexan-1-ol",3-phenylpropanoic acid,0.9,0.1,307.46,307.378,17.78,0.8566,PASS_WARMTEMP,True,False,False,False,True,False,False,True,,82.686
"(1R,2S,5R)-5-methyl-2-propan-2-ylcyclohexan-1-ol",tetradecan-1-ol,0.897,0.103,307.6,307.1037,17.4,0.8813,PASS_WARMTEMP,True,False,False,False,True,False,False,True,,83.432
"(1R,2S,5R)-5-methyl-2-propan-2-ylcyclohexan-1-ol",decanoic acid,0.8918,0.1082,307.65,306.9377,16.31,0.9513,REJECTED_DES_RULE,False,False,True,False,True,False,False,True,,66.085
tetradecanoic acid,decanoic acid,0.4014,0.5986,307.94,307.52826,17.57,0.8703,REJECTED_DES_RULE,False,False,True,False,True,False,False,True,,63.366
"(1R,2S,5R)-5-methyl-2-propan-2-ylcyclohexan-1-ol",octanoic acid,0.9,0.1,308.0,308.07904,16.96,0.9096,REJECTED_DES_RULE,False,False,True,False,True,False,False,True,,65.424
"(1R,2S,5R)-5-methyl-2-propan-2-ylcyclohexan-1-ol",3-cyclohexylpropanoic acid,0.9,0.1,308.182,308.35907,17.85,0.8526,REJECTED_DES_RULE,False,False,True,False,True,False,False,True,,63.391
5-methyl-2-propan-2-ylphenol,"(1R,2S,5R)-5-methyl-2-propan-2-ylcyclohexan-1-ol",0.799,0.201,308.3,305.81262,17.71,0.8611,PASS_WARMTEMP,True,False,False,False,True,False,False,True,,81.485
2-[4-(2-methylpropyl)phenyl]propanoic acid,dodecanoic acid,0.3,0.7,308.39,308.8436,20.23,0.6994,PASS_WARMTEMP,True,False,False,False,True,False,False,True,,77.691
decanoic acid,dodecanoic acid,0.252,0.748,308.4,307.90854,17.53,0.8732,REJECTED_DES_RULE,False,True,False,False,True,False,False,True,,63.818
Lidocaine,DL-camphor,0.585,0.415,308.5,308.08047,17.74,0.8593,PASS_WARMTEMP,True,False,False,False,True,False,False,True,,83.414
"(1R,2S,5R)-5-methyl-2-propan-2-ylcyclohexan-1-ol",hexadecanoic acid,0.9,0.1,308.53,308.70398,17.45,0.8779,PASS_WARMTEMP,True,False,False,False,True,False,False,True,,84.708
"(1R,2S,5R)-5-methyl-2-propan-2-ylcyclohexan-1-ol",octadecanoic acid,0.9,0.1,308.6,309.41348,17.45,0.8779,PASS_WARMTEMP,True,False,False,False,True,False,False,True,,85.334
"(1R,2S,5R)-5-methyl-2-propan-2-ylcyclohexan-1-ol",hexadecanoic acid,0.8,0.2,308.61,306.635,17.4,0.8812,PASS_WARMTEMP,True,False,False,False,True,False,False,True,,83.014
tetradecanoic acid,dodecanoic acid,0.2999,0.7001,308.85,308.75552,17.56,0.8712,PASS_WARMTEMP,True,False,False,False,True,False,False,True,,84.485
octadecan-1-ol,"(1R,2S,5R)-5-methyl-2-propan-2-ylcyclohexan-1-ol",0.1,0.9,309.0,310.22168,17.58,0.8696,PASS_WARMTEMP,True,False,False,False,True,False,False,True,,85.715
"(1R,2S,5R)-5-methyl-2-propan-2-ylcyclohexan-1-ol",octanoic acid,0.905,0.095,309.028,308.15472,16.98,0.9083,REJECTED_DES_RULE,False,False,True,False,True,False,False,True,,65.439
5-methyl-2-propan-2-ylphenol,tetradecanoic acid,0.7,0.3,309.05,310.00687,17.4,0.8814,PASS_WARMTEMP,True,False,False,False,True,False,False,True,,85.997
hexadecan-1-ol,"(1R,2S,5R)-5-methyl-2-propan-2-ylcyclohexan-1-ol",0.398,0.602,309.1,306.97195,17.41,0.8804,PASS_WARMTEMP,True,False,False,False,True,False,False,True,,83.279
5-methyl-2-propan-2-ylphenol,dodecanoic acid,0.3,0.7,309.36,308.3149,17.24,0.8918,PASS_WARMTEMP,True,False,False,False,True,False,False,True,,84.92
5-methyl-2-propan-2-ylphenol,tetradecan-1-ol,0.1,0.9,309.4,309.4372,17.44,0.8788,PASS_WARMTEMP,True,False,False,False,True,False,False,True,,85.391
trioctylphosphine oxide,phenol,0.67,0.33,309.55,309.225,17.78,0.8571,PASS_WARMTEMP,True,False,False,False,True,False,False,True,,84.335
octadecan-1-ol,5-methyl-2-propan-2-ylphenol,0.299,0.701,309.6,310.46738,17.42,0.8801,PASS_WARMTEMP,True,False,False,False,True,False,False,True,,86.352
"(1R,2S,5R)-5-methyl-2-propan-2-ylcyclohexan-1-ol",3-phenylpropanoic acid,0.2,0.8,309.65,310.33276,17.79,0.8561,PASS_WARMTEMP,True,False,False,False,True,False,False,True,,85.273
tetradecanoic acid,dodecanoic acid,0.35,0.65,309.68,309.5959,17.4,0.881,PASS_WARMTEMP,True,False,False,False,True,False,False,True,,85.619
hexadecan-1-ol,"(1R,2S,5R)-5-methyl-2-propan-2-ylcyclohexan-1-ol",0.1,0.9,309.9,309.585,17.48,0.8758,PASS_WARMTEMP,True,False,False,False,True,False,False,True,,85.401
2-(trimethylazaniumyl)acetate,"(2S,4R)-pentane-1,2,3,4,5-pentol",0.45,0.55,309.92,313.7032,18.89,0.7857,PASS_WARMTEMP,True,False,False,False,True,False,False,True,,85.431
"(1R,2S,5R)-5-methyl-2-propan-2-ylcyclohexan-1-ol",dodecanoic acid,0.3,0.7,310.0,309.2924,17.29,0.8885,PASS_WARMTEMP,True,False,False,False,True,False,False,True,,85.651
dodecanoic acid,nonanoic acid,0.857,0.143,310.0,310.04773,18.75,0.7947,REJECTED_DES_RULE,False,False,True,False,True,False,False,True,,62.565
"(1R,2S,5R)-5-methyl-2-propan-2-ylcyclohexan-1-ol",tetradecan-1-ol,0.101,0.899,310.0,310.31104,17.46,0.8777,PASS_WARMTEMP,True,False,False,False,True,False,False,True,,86.118
2-(trimethylazaniumyl)acetate,"(1R,2S,5R)-5-methyl-2-propan-2-ylcyclohexan-1-ol",0.101,0.899,310.1,310.86673,18.67,0.7997,PASS_WARMTEMP,True,False,False,False,True,False,False,True,,83.488
hexadecanoic acid,decanoic acid,0.2504,0.7496,310.15,310.0721,17.26,0.8901,REJECTED_DES_RULE,False,False,True,False,True,False,False,True,,66.403
nonanoic acid,dodecanoic acid,0.145,0.855,310.15,310.8617,17.15,0.8973,REJECTED_DES_RULE,False,True,False,False,True,False,False,True,,67.388
octadecan-1-ol,5-methyl-2-propan-2-ylphenol,0.202,0.798,310.2,309.92123,17.82,0.8543,PASS_WARMTEMP,True,False,False,False,True,False,False,True,,84.838
octanoic acid,dodecanoic acid,0.169,0.831,310.275,310.02124,17.15,0.8975,REJECTED_DES_RULE,False,True,False,False,True,False,False,True,,66.654
tetradecanoic acid,dodecanoic acid,0.3998,0.6002,310.42,310.70267,17.56,0.8711,PASS_WARMTEMP,True,False,False,False,True,False,False,True,,86.199
hexadecanoic acid,dodecanoic acid,0.2002,0.7998,310.44,311.06845,17.53,0.8729,PASS_WARMTEMP,True,False,False,False,True,False,False,True,,86.594
tetradecanoic acid,dodecanoic acid,0.2004,0.7996,310.61,310.0544,17.9,0.8493,PASS_WARMTEMP,True,False,False,False,True,False,False,True,,84.755
hexadecanoic acid,dodecanoic acid,0.1519,0.8481,310.64,309.7889,17.32,0.8865,PASS_WARMTEMP,True,False,False,False,True,False,False,True,,86.009
2-(trimethylazaniumyl)acetate,5-methyl-2-propan-2-ylphenol,0.099,0.901,310.9,309.80826,18.73,0.7959,PASS_WARMTEMP,True,False,False,False,True,False,False,True,,82.402
"(1R,2S,5R)-5-methyl-2-propan-2-ylcyclohexan-1-ol",tetradecanoic acid,0.6,0.4,310.93,309.78497,17.42,0.88,PASS_WARMTEMP,True,False,False,False,True,False,False,True,,85.746
tetradecanoic acid,dodecanoic acid,0.4998,0.5002,310.96,311.68518,17.9,0.849,PASS_WARMTEMP,True,False,False,False,True,False,False,True,,86.182
trioctylphosphine oxide,"(1R,2S,5R)-5-methyl-2-propan-2-ylcyclohexan-1-ol",0.09,0.91,311.19,311.24344,16.36,0.9482,PASS_WARMTEMP,True,False,False,False,True,False,False,True,,89.76
5-methyl-2-propan-2-ylphenol,dodecanoic acid,0.2,0.8,311.51,311.1709,17.2,0.8942,PASS_WARMTEMP,True,False,False,False,True,False,False,True,,87.536
5-methyl-2-propan-2-ylphenol,dodecanoic acid,0.79,0.21,311.6,311.95712,17.8,0.8554,PASS_WARMTEMP,True,False,False,False,True,False,False,True,,86.678
5-methyl-2-propan-2-ylphenol,hexadecanoic acid,0.8,0.2,311.83,314.50076,17.4,0.8812,PASS_WARMTEMP,True,False,False,False,True,False,False,True,,89.955
trioctylphosphine oxide,phenol,0.7,0.3,311.85,312.60397,17.84,0.8531,PASS_WARMTEMP,True,False,False,False,True,False,False,True,,87.157
"(1R,2S,5R)-5-methyl-2-propan-2-ylcyclohexan-1-ol",dodecanoic acid,0.2,0.8,312.0,312.18967,17.25,0.8908,PASS_WARMTEMP,True,False,False,False,True,False,False,True,,88.299
5-methyl-2-propan-2-ylphenol,octanoic acid,0.8,0.2,312.05,312.2289,17.88,0.8502,REJECTED_DES_RULE,False,False,True,False,True,False,False,True,,66.71
5-methyl-2-propan-2-ylphenol,tetradecanoic acid,0.6,0.4,312.14,312.43112,17.4,0.8814,PASS_WARMTEMP,True,False,False,False,True,False,False,True,,88.136
"(1R,2S,5R)-5-methyl-2-propan-2-ylcyclohexan-1-ol",dodecanoic acid,0.25,0.75,312.22,312.9973,19.62,0.7384,PASS_WARMTEMP,True,False,False,False,True,False,False,True,,82.916
tetradecanoic acid,decanoic acid,0.5021,0.4979,312.27,312.04492,17.9,0.849,REJECTED_DES_RULE,False,False,True,False,True,False,False,True,,66.5
2-(trimethylazaniumyl)acetate,"(1R,2S,5R)-5-methyl-2-propan-2-ylcyclohexan-1-ol",0.199,0.801,312.3,311.85452,18.27,0.8254,PASS_WARMTEMP,True,False,False,False,True,False,False,True,,85.388
5-methyl-2-propan-2-ylphenol,tetradecanoic acid,0.8,0.2,312.3,310.8968,17.4,0.8814,PASS_WARMTEMP,True,False,False,False,True,False,False,True,,86.783
octadecanoic acid,dodecanoic acid,0.1515,0.8485,312.31,313.2234,17.29,0.8885,PASS_WARMTEMP,True,False,False,False,True,False,False,True,,89.119
Menthol,Testosterone,0.811,0.189,312.365,313.1387,19.51,0.7457,PASS_WARMTEMP,True,False,False,False,True,False,False,True,,83.333
2-[4-(2-methylpropyl)phenyl]propanoic acid,dodecanoic acid,0.1068,0.8932,312.46,312.51392,20.37,0.6902,PASS_WARMTEMP,True,False,False,False,True,False,False,True,,80.561
hexadecan-1-ol,"(1R,2S,5R)-5-methyl-2-propan-2-ylcyclohexan-1-ol",0.5,0.5,312.5,310.41895,17.45,0.8783,PASS_WARMTEMP,True,False,False,False,True,False,False,True,,86.237
trioctylphosphine oxide,"(1R,2S,5R)-5-methyl-2-propan-2-ylcyclohexan-1-ol",0.067,0.933,312.54,311.15842,16.49,0.94,PASS_WARMTEMP,True,False,False,False,True,False,False,True,,89.357
hexadecan-1-ol,5-methyl-2-propan-2-ylphenol,0.201,0.799,312.6,310.66,17.42,0.88,PASS_WARMTEMP,True,False,False,False,True,False,False,True,,86.518
2-[4-(2-methylpropyl)phenyl]propanoic acid,dodecanoic acid,0.5041,0.4959,312.78,312.34763,19.59,0.7407,PASS_WARMTEMP,True,False,False,False,True,False,False,True,,82.435
octadecanoic acid,dodecanoic acid,0.1001,0.8999,313.04,313.7836,17.29,0.8885,PASS_WARMTEMP,True,False,False,False,True,False,False,True,,89.614
"(8R,9S,10R,13S,14S,17S)-17-hydroxy-10,13-dimethyl-1,2,6,7,8,9,11,12,14,15,16,17-dodecahydrocyclopenta[a]phenanthren-3-one",5-methyl-2-propan-2-ylcyclohexan-1-ol,0.2,0.8,313.05,313.1268,25.68,0.3489,REJECTED_DES_RULE,False,False,True,False,True,False,True,True,,47.45
octanoic acid,dodecanoic acid,0.125,0.875,313.15,312.8598,17.39,0.8816,REJECTED_DES_RULE,False,True,False,False,True,False,False,True,,68.523
hexadecanoic acid,decanoic acid,0.2957,0.7043,313.38,313.13113,17.5,0.875,REJECTED_DES_RULE,False,False,True,False,True,False,False,True,,68.498
decanoic acid,dodecanoic acid,0.145,0.855,313.4,312.72513,17.77,0.8576,REJECTED_DES_RULE,False,True,False,False,True,False,False,True,,67.444
octadecan-1-ol,"(1R,2S,5R)-5-methyl-2-propan-2-ylcyclohexan-1-ol",0.299,0.701,313.4,312.1966,17.45,0.8782,PASS_WARMTEMP,True,False,False,False,True,False,False,True,,87.801
hexadecanoic acid,dodecanoic acid,0.1032,0.8968,313.5,313.49545,17.59,0.8691,PASS_WARMTEMP,True,False,False,False,True,False,False,True,,88.584
5-methyl-2-propan-2-ylphenol,tetradecan-1-ol,0.8,0.2,313.7,313.7997,17.39,0.8822,REJECTED_DES_RULE,False,False,True,False,True,False,False,True,,69.376
hexadecanoic acid,dodecanoic acid,0.3002,0.6998,313.89,313.17896,17.89,0.8498,PASS_WARMTEMP,True,False,False,False,True,False,False,True,,87.532
trioctylphosphine oxide,"(1R,2S,5R)-5-methyl-2-propan-2-ylcyclohexan-1-ol",0.042,0.958,313.891,315.116,16.9,0.9132,PASS_WARMTEMP,True,False,False,False,True,False,False,True,,91.777
5-methyl-2-propan-2-ylphenol,tetradecanoic acid,0.5,0.5,313.95,312.6113,17.82,0.8545,PASS_WARMTEMP,True,False,False,False,True,False,False,True,,87.219
octadecan-1-ol,5-methyl-2-propan-2-ylphenol,0.399,0.601,314.0,313.44305,17.46,0.8776,PASS_WARMTEMP,True,False,False,False,True,False,False,True,,88.877
hexadecan-1-ol,5-methyl-2-propan-2-ylphenol,0.699,0.301,314.1,314.35306,17.45,0.8783,PASS_WARMTEMP,True,False,False,False,True,False,False,True,,89.708
5-methyl-2-propan-2-ylphenol,dodecanoic acid,0.1,0.9,314.17,315.05746,17.46,0.8776,PASS_WARMTEMP,True,False,False,False,True,False,False,True,,90.302
hexadecanoic acid,dodecanoic acid,0.4001,0.5999,314.39,315.1336,17.89,0.8498,PASS_WARMTEMP,True,False,False,False,True,False,False,True,,89.257
5-methyl-2-propan-2-ylphenol,decanoic acid,0.8,0.2,314.51,314.81995,16.96,0.9095,REJECTED_DES_RULE,False,False,True,False,True,False,False,True,,71.368
"1,3-dithiane","1,2,3,4-tetrafluoro-5,6-diiodobenzene",0.3,0.7,314.639,313.57706,18.82,0.7901,PASS_WARMTEMP,True,False,False,False,True,False,False,True,,85.496
hexadecan-1-ol,"(1R,2S,5R)-5-methyl-2-propan-2-ylcyclohexan-1-ol",0.6,0.4,314.7,315.692,17.82,0.8543,PASS_WARMTEMP,True,False,False,False,True,False,False,True,,89.93
tetradecanoic acid,dodecanoic acid,0.1004,0.8996,315.03,314.80252,18.03,0.8411,PASS_WARMTEMP,True,False,False,False,True,False,False,True,,88.617
2-(trimethylazaniumyl)acetate,"(1R,2S,5R)-5-methyl-2-propan-2-ylcyclohexan-1-ol",0.3,0.7,315.2,314.26083,18.81,0.7908,PASS_WARMTEMP,True,False,False,False,True,False,False,True,,86.127
"(1R,2S,5R)-5-methyl-2-propan-2-ylcyclohexan-1-ol",3-phenylpropanoic acid,0.1,0.9,315.35,315.85867,17.78,0.8566,REJECTED_DES_RULE,False,True,False,False,True,False,False,True,,70.169
Lidocaine,DL-camphor,0.65,0.35,315.4,316.2426,17.76,0.8582,PASS_WARMTEMP,True,False,False,False,True,False,False,True,,90.571
trioctylphosphine oxide,phenol,0.8,0.2,315.95,315.96176,18.39,0.8176,REJECTED_DES_RULE,False,False,True,False,True,False,False,True,,68.7
"(1R,2S,5R)-5-methyl-2-propan-2-ylcyclohexan-1-ol",dodecanoic acid,0.1,0.9,316.0,315.4985,17.46,0.8776,PASS_WARMTEMP,True,False,False,False,True,False,False,True,,90.691
"(1R,2S,5R)-5-methyl-2-propan-2-ylcyclohexan-1-ol",octadecanoic acid,0.8,0.2,316.14,314.95435,17.4,0.8812,PASS_WARMTEMP,True,False,False,False,True,False,False,True,,90.355
trioctylphosphine oxide,"(1R,2S,5R)-5-methyl-2-propan-2-ylcyclohexan-1-ol",0.624,0.376,316.141,316.13535,18.75,0.7945,REJECTED_DES_RULE,False,False,True,False,True,False,False,True,,67.929
"2-(diethylamino)-N-(2,6-dimethylphenyl)acetamide",octadecanoic acid,0.5,0.5,316.15,315.65942,20.47,0.6841,PASS_WARMTEMP,True,False,False,False,True,False,False,True,,83.093
octadecanoic acid,dodecanoic acid,0.2001,0.7999,316.17,316.7625,17.55,0.8718,PASS_WARMTEMP,True,False,False,False,True,False,False,True,,91.574
octadecanoic acid,dodecanoic acid,0.0501,0.9499,316.23,315.18872,17.69,0.8626,PASS_WARMTEMP,True,False,False,False,True,False,False,True,,89.818
tetradecanoic acid,dodecanoic acid,0.5999,0.4001,316.37,316.12912,18.11,0.8358,PASS_WARMTEMP,True,False,False,False,True,False,False,True,,89.575
tetradecanoic acid,decanoic acid,0.6015,0.3985,316.49,316.21915,17.89,0.8497,REJECTED_DES_RULE,False,False,True,False,True,False,False,True,,70.211
2-[4-(2-methylpropyl)phenyl]propanoic acid,dodecanoic acid,0.6023,0.3977,316.65,317.99155,19.01,0.7778,REJECTED_DES_RULE,False,False,True,False,True,False,False,True,,68.899
5-methyl-2-propan-2-ylphenol,octadecanoic acid,0.9,0.1,316.71,316.69785,17.45,0.8779,PASS_WARMTEMP,True,False,False,False,True,False,False,True,,91.761
trioctylphosphine oxide,"(1R,2S,5R)-5-methyl-2-propan-2-ylcyclohexan-1-ol",0.751,0.249,316.854,316.53543,19.33,0.7569,REJECTED_DES_RULE,False,False,True,False,True,False,False,True,,66.778
"(1R,2S,5R)-5-methyl-2-propan-2-ylcyclohexan-1-ol",hexadecanoic acid,0.7,0.3,317.07,317.00684,17.4,0.8812,REJECTED_DES_RULE,False,True,False,False,True,False,False,True,,72.166
"(1R,2S,5R)-5-methyl-2-propan-2-ylcyclohexan-1-ol",tetradecanoic acid,0.4,0.6,317.1,317.42188,17.42,0.88,REJECTED_DES_RULE,False,True,False,False,True,False,False,True,,72.484
"1,10-phenanthroline",5-methyl-2-propan-2-ylphenol,0.492,0.508,317.314,317.5944,18.17,0.8318,PASS_WARMTEMP,True,False,False,False,True,False,False,True,,90.708
5-methyl-2-propan-2-ylphenol,tetradecanoic acid,0.4,0.6,317.42,317.0948,17.4,0.8814,PASS_WARMTEMP,True,False,False,False,True,False,False,True,,92.251
hexadecan-1-ol,"(1R,2S,5R)-5-methyl-2-propan-2-ylcyclohexan-1-ol",0.699,0.301,317.7,317.6759,17.42,0.88,REJECTED_DES_RULE,False,False,True,False,True,False,False,True,,72.708
5-methyl-2-propan-2-ylphenol,hexadecanoic acid,0.9,0.1,317.7,316.89166,17.45,0.8779,PASS_WARMTEMP,True,False,False,False,True,False,False,True,,91.932
"1,3-dithiane","1,2,3,4-tetrafluoro-5,6-diiodobenzene",0.198,0.802,317.831,318.1843,18.88,0.7858,PASS_WARMTEMP,True,False,False,False,True,False,False,True,,89.389
5-methyl-2-propan-2-ylphenol,"(1R,2S,5R)-5-methyl-2-propan-2-ylcyclohexan-1-ol",0.899,0.101,317.9,317.17026,17.86,0.8519,REJECTED_DES_RULE,False,False,True,False,True,False,False,True,,71.138
octadecanoic acid,decanoic acid,0.1988,0.8012,317.93,316.23834,17.88,0.8507,REJECTED_DES_RULE,False,False,True,False,True,False,False,True,,70.268
5-methyl-2-propan-2-ylphenol,decanoic acid,0.9,0.1,318.01,319.29102,16.59,0.9332,REJECTED_DES_RULE,False,False,True,False,True,False,False,True,,76.261
2-(trimethylazaniumyl)acetate,2-hydroxybutanedioic acid,0.5,0.5,318.15,318.43155,23.98,0.4585,PASS_WARMTEMP,True,False,False,False,True,False,False,True,,76.515
hexadecan-1-ol,5-methyl-2-propan-2-ylphenol,0.1,0.9,318.2,318.2564,17.49,0.8758,PASS_WARMTEMP,True,False,False,False,True,False,False,True,,93.052
5-methyl-2-propan-2-ylphenol,dodecanoic acid,0.9,0.1,318.22,317.8284,18.03,0.841,REJECTED_DES_RULE,False,False,True,False,True,False,False,True,,71.283
5-methyl-2-propan-2-ylphenol,hexadecanoic acid,0.7,0.3,318.25,318.7425,17.4,0.8812,PASS_WARMTEMP,True,False,False,False,True,False,False,True,,93.697
5-methyl-2-propan-2-ylphenol,tetradecanoic acid,0.9,0.1,318.44,318.95786,17.42,0.88,PASS_WARMTEMP,True,False,False,False,True,False,False,True,,93.839
5-methyl-2-propan-2-ylphenol,octanoic acid,0.91,0.09,318.49,319.12164,17.13,0.8988,REJECTED_DES_RULE,False,False,True,False,True,False,False,True,,74.736
octadecan-1-ol,5-methyl-2-propan-2-ylphenol,0.1,0.9,318.6,318.1474,17.55,0.8714,PASS_WARMTEMP,True,False,False,False,True,False,False,True,,92.78
hexadecan-1-ol,5-methyl-2-propan-2-ylphenol,0.797,0.203,318.8,318.91754,17.4,0.881,PASS_WARMTEMP,True,False,False,False,True,False,False,True,,93.844
octadecan-1-ol,"(1R,2S,5R)-5-methyl-2-propan-2-ylcyclohexan-1-ol",0.401,0.599,318.9,318.46283,17.44,0.8786,REJECTED_DES_RULE,False,False,True,False,True,False,False,True,,73.346
5-methyl-2-propan-2-ylphenol,tetradecan-1-ol,0.9,0.1,319.0,318.80847,17.43,0.8792,REJECTED_DES_RULE,False,False,True,False,True,False,False,True,,73.675
tetradecanoic acid,dodecanoic acid,0.6998,0.3002,319.37,319.71225,17.9,0.8489,REJECTED_DES_RULE,False,False,True,False,True,False,False,True,,73.261
hexadecan-1-ol,"(1R,2S,5R)-5-methyl-2-propan-2-ylcyclohexan-1-ol",0.801,0.199,319.4,319.11597,17.39,0.882,REJECTED_DES_RULE,False,False,True,False,True,False,False,True,,74.059
Lidocaine,DL-camphor,0.705,0.295,319.4,319.66953,17.67,0.8639,PASS_WARMTEMP,True,False,False,False,True,False,False,True,,93.823
5-methyl-2-propan-2-ylphenol,tetradecanoic acid,0.3,0.7,319.51,319.39917,17.4,0.8814,PASS_WARMTEMP,True,False,False,False,True,False,False,True,,94.285
tetradecanoic acid,decanoic acid,0.7003,0.2997,319.72,319.74313,17.91,0.8485,REJECTED_DES_RULE,False,False,True,False,True,False,False,True,,73.272
"(1R,2S,5R)-5-methyl-2-propan-2-ylcyclohexan-1-ol",tetradecanoic acid,0.3,0.7,319.74,320.50058,17.4,0.8814,REJECTED_DES_RULE,False,True,False,False,True,False,False,True,,75.255
hexadecanoic acid,tetradecanoic acid,0.2797,0.7203,319.96,320.96237,17.33,0.8856,PASS_WARMTEMP,True,False,False,False,True,False,False,True,,95.016
Menthol,Ibuprofen,0.56,0.44,319.964,318.7113,18.52,0.8096,REJECTED_DES_RULE,False,True,False,False,True,False,False,True,,70.806
hexadecanoic acid,decanoic acid,0.4002,0.5998,320.07,319.9694,17.9,0.8489,REJECTED_DES_RULE,False,False,True,False,True,False,False,True,,73.488
hexadecanoic acid,tetradecanoic acid,0.3016,0.6984,320.42,320.3917,17.08,0.902,PASS_WARMTEMP,True,False,False,False,True,False,False,True,,95.984
5-methyl-2-propan-2-ylphenol,hexadecanoic acid,0.6,0.4,320.48,322.01282,17.4,0.8812,PASS_WARMTEMP,True,False,False,False,True,False,False,True,,93.913
hexadecanoic acid,tetradecanoic acid,0.3502,0.6498,320.64,320.8368,17.02,0.9058,PASS_WARMTEMP,True,False,False,False,True,False,False,True,,95.935
1-methyl-4-prop-1-en-2-ylcyclohexene,tetradecanoic acid,0.666667,0.333333,320.65,319.74692,21.1,0.6434,REJECTED_DES_RULE,False,True,False,False,True,False,False,True,,65.072
hexadecan-1-ol,5-methyl-2-propan-2-ylphenol,0.897,0.103,320.8,320.67087,17.46,0.8772,PASS_WARMTEMP,True,False,False,False,True,False,False,True,,94.937
"1,3-dithiane","1,3,5-trifluoro-2,4,6-triiodobenzene",0.88,0.12,320.85,321.3685,23.34,0.4992,PASS_WARMTEMP,True,False,False,False,True,False,False,True,,79.202
1-methyl-4-prop-1-en-2-ylcyclohexene,tetradecanoic acid,0.5,0.5,320.85,321.41876,20.17,0.7029,REJECTED_DES_RULE,False,True,False,False,True,False,False,True,,67.305
hexadecan-1-ol,"(1R,2S,5R)-5-methyl-2-propan-2-ylcyclohexan-1-ol",0.896,0.104,321.0,321.8501,17.45,0.8779,REJECTED_DES_RULE,False,False,True,False,True,False,False,True,,73.925
hexadecanoic acid,tetradecanoic acid,0.3956,0.6044,321.18,320.7914,17.19,0.8945,PASS_WARMTEMP,True,False,False,False,True,False,False,True,,95.523
hexadecanoic acid,tetradecanoic acid,0.5501,0.4499,321.27,321.19473,17.24,0.8916,PASS_WARMTEMP,True,False,False,False,True,False,False,True,,95.051
hexadecanoic acid,tetradecanoic acid,0.4977,0.5023,321.75,321.69962,17.25,0.8911,PASS_WARMTEMP,True,False,False,False,True,False,False,True,,94.586
octadecan-1-ol,5-methyl-2-propan-2-ylphenol,0.6,0.4,321.8,321.2695,17.45,0.8783,PASS_WARMTEMP,True,False,False,False,True,False,False,True,,94.453
hexadecanoic acid,dodecanoic acid,0.5,0.5,321.88,321.96652,17.95,0.8458,REJECTED_DES_RULE,False,False,True,False,True,False,False,True,,72.538
"1,10-phenanthroline",5-methyl-2-propan-2-ylphenol,0.4051,0.5949,321.9421,321.3471,19.13,0.7703,PASS_WARMTEMP,True,False,False,False,True,False,False,True,,90.065
hexadecanoic acid,tetradecanoic acid,0.4495,0.5505,321.99,321.60196,17.23,0.8921,PASS_WARMTEMP,True,False,False,False,True,False,False,True,,94.712
octadecanoic acid,dodecanoic acid,0.2998,0.7002,322.13,321.4098,17.89,0.8495,REJECTED_DES_RULE,False,False,True,False,True,False,False,True,,73.177
octadecan-1-ol,"(1R,2S,5R)-5-methyl-2-propan-2-ylcyclohexan-1-ol",0.5,0.5,322.3,322.37674,17.83,0.8536,REJECTED_DES_RULE,False,False,True,False,True,False,False,True,,72.488
5-methyl-2-propan-2-ylphenol,tetradecanoic acid,0.2,0.8,322.41,322.1799,17.4,0.8814,PASS_WARMTEMP,True,False,False,False,True,False,False,True,,93.774
5-methyl-2-propan-2-ylphenol,octadecanoic acid,0.8,0.2,322.48,321.8966,17.4,0.8812,PASS_WARMTEMP,True,False,False,False,True,False,False,True,,94.016
tetradecanoic acid,decanoic acid,0.8032,0.1968,322.49,322.80133,17.91,0.8487,REJECTED_DES_RULE,False,False,True,False,True,False,False,True,,71.917
"1,10-phenanthroline",4-chloro-5-methyl-2-propan-2-ylphenol,0.209,0.791,322.5207,320.8128,18.66,0.8001,PASS_WARMTEMP,True,False,False,False,True,False,False,True,,91.728
hexadecanoic acid,decanoic acid,0.4968,0.5032,322.75,322.2777,17.9,0.8491,REJECTED_DES_RULE,False,False,True,False,True,False,False,True,,72.395
"(1R,2S,5R)-5-methyl-2-propan-2-ylcyclohexan-1-ol",hexadecanoic acid,0.6,0.4,322.82,322.1146,17.4,0.8812,REJECTED_DES_RULE,False,True,False,False,True,False,False,True,,73.823
"(1R,2S,5R)-5-methyl-2-propan-2-ylcyclohexan-1-ol",tetradecanoic acid,0.2,0.8,322.84,322.4111,17.4,0.8812,REJECTED_DES_RULE,False,True,False,False,True,False,False,True,,73.562
"(1R,2S,5R)-5-methyl-2-propan-2-ylcyclohexan-1-ol",octadecanoic acid,0.7,0.3,322.99,323.25528,17.4,0.8812,REJECTED_DES_RULE,False,True,False,False,True,False,False,True,,72.817
tetradecanoic acid,dodecanoic acid,0.8003,0.1997,323.24,322.82138,17.9,0.8491,REJECTED_DES_RULE,False,False,True,False,True,False,False,True,,71.916
"1,3-dithiane","1,2,3,4-tetrafluoro-5,6-diiodobenzene",0.898,0.102,323.256,323.25748,22.0,0.5855,PASS_WARMTEMP,True,False,False,False,True,False,False,True,,80.987
trioctylphosphine oxide,phenol,0.9,0.1,323.45,323.07443,19.77,0.7289,REJECTED_DES_RULE,False,False,True,False,True,False,False,True,,66.884
Menthol,Ibuprofen,0.46,0.54,323.526,323.4139,18.79,0.7922,REJECTED_DES_RULE,False,True,False,False,True,False,False,True,,69.117
2-[4-(2-methylpropyl)phenyl]propanoic acid,hexadecanoic acid,0.5,0.5,323.69,324.48264,18.97,0.7802,PASS_WARMTEMP,True,False,False,False,True,False,False,True,,87.694
hexadecanoic acid,tetradecanoic acid,0.1501,0.8499,324.04,323.8094,17.78,0.8568,PASS_WARMTEMP,True,False,False,False,True,False,False,True,,91.352
"1,3-dithiane","1,2,3,4-tetrafluoro-5,6-diiodobenzene",0.099,0.901,324.214,324.88602,19.49,0.7471,REJECTED_DES_RULE,False,False,True,False,True,False,False,True,,66.014
5-methyl-2-propan-2-ylphenol,hexadecanoic acid,0.5,0.5,324.31,323.7049,17.35,0.8846,REJECTED_DES_RULE,False,True,False,False,True,False,False,True,,72.556
octadecanoic acid,decanoic acid,0.2956,0.7044,324.43,323.76996,17.92,0.8478,REJECTED_DES_RULE,False,False,True,False,True,False,False,True,,71.027
octadecan-1-ol,5-methyl-2-propan-2-ylphenol,0.699,0.301,324.6,324.65292,17.41,0.8804,REJECTED_DES_RULE,False,False,True,False,True,False,False,True,,71.552
1-methyl-4-prop-1-en-2-ylcyclohexene,tetradecanoic acid,0.333333,0.666667,324.75,325.18536,21.1,0.6434,REJECTED_DES_RULE,False,True,False,False,True,False,False,True,,61.602
"(1R,2S,5R)-5-methyl-2-propan-2-ylcyclohexan-1-ol",tetradecanoic acid,0.1,0.9,324.97,325.5041,17.42,0.88,REJECTED_DES_RULE,False,True,False,False,True,False,False,True,,70.785
tetradecanoic acid,decanoic acid,0.9014,0.0986,325.01,325.017,18.11,0.8357,REJECTED_DES_RULE,False,False,True,False,True,False,False,True,,69.442
2-[4-(2-methylpropyl)phenyl]propanoic acid,dodecanoic acid,0.7077,0.2923,325.03,324.229,18.85,0.7879,REJECTED_DES_RULE,False,False,True,False,True,False,False,True,,68.226
octadecan-1-ol,"(1R,2S,5R)-5-methyl-2-propan-2-ylcyclohexan-1-ol",0.6,0.4,325.1,326.45355,17.42,0.88,REJECTED_DES_RULE,False,False,True,False,True,False,False,True,,69.947
"(1R,2S,5R)-5-methyl-2-propan-2-ylcyclohexan-1-ol",hexadecanoic acid,0.5,0.5,325.36,325.02283,17.35,0.8848,REJECTED_DES_RULE,False,True,False,False,True,False,False,True,,71.401
5-methyl-2-propan-2-ylphenol,octadecanoic acid,0.7,0.3,325.51,324.57462,17.4,0.8812,REJECTED_DES_RULE,False,True,False,False,True,False,False,True,,71.653
hexadecanoic acid,tetradecanoic acid,0.0996,0.9004,325.54,325.2058,17.95,0.8459,PASS_WARMTEMP,True,False,False,False,True,False,False,True,,89.684
tetradecanoic acid,dodecanoic acid,0.8996,0.1004,325.72,325.30026,18.16,0.8324,REJECTED_DES_RULE,False,False,True,False,True,False,False,True,,69.06
5-methyl-2-propan-2-ylphenol,tetradecanoic acid,0.1,0.9,325.83,325.88586,17.42,0.88,REJECTED_DES_RULE,False,True,False,False,True,False,False,True,,70.448
hexadecanoic acid,tetradecanoic acid,0.5998,0.4002,326.0,326.03326,17.22,0.8927,PASS_WARMTEMP,True,False,False,False,True,False,False,True,,90.826
hexadecanoic acid,decanoic acid,0.6009,0.3991,326.06,326.5559,17.92,0.8479,REJECTED_DES_RULE,False,False,True,False,True,False,False,True,,68.573
"1,4-dithiane","1,2,3,4-tetrafluoro-5,6-diiodobenzene",0.17,0.83,326.15,326.09616,19.61,0.7392,REJECTED_DES_RULE,False,False,True,False,True,False,False,True,,64.63
2-(trimethylazaniumyl)acetate,benzoic acid,0.4,0.6,326.15,328.32394,18.19,0.8303,PASS_WARMTEMP,True,False,False,False,True,False,False,True,,86.309
Lidocaine,DL-camphor,0.778,0.222,326.5,325.73083,17.81,0.855,PASS_WARMTEMP,True,False,False,False,True,False,False,True,,89.585
octadecan-1-ol,"(1R,2S,5R)-5-methyl-2-propan-2-ylcyclohexan-1-ol",0.7,0.3,327.3,326.16693,17.45,0.8783,REJECTED_DES_RULE,False,False,True,False,True,False,False,True,,70.132
"(1R,2S,5R)-5-methyl-2-propan-2-ylcyclohexan-1-ol",hexadecanoic acid,0.41,0.59,327.3,327.85934,17.36,0.8841,REJECTED_DES_RULE,False,True,False,False,True,False,False,True,,68.87
5-methyl-2-propan-2-ylphenol,hexadecanoic acid,0.4,0.6,327.45,327.15787,17.41,0.8806,REJECTED_DES_RULE,False,True,False,False,True,False,False,True,,69.349
Menthol,Testosterone,0.756,0.244,327.603,326.5523,18.59,0.8046,REJECTED_DES_RULE,False,True,False,False,True,False,False,True,,66.844
octadecanoic acid,decanoic acid,0.4028,0.5972,327.79,328.62582,17.91,0.8488,REJECTED_DES_RULE,False,False,True,False,True,False,False,True,,66.782
octadecan-1-ol,5-methyl-2-propan-2-ylphenol,0.799,0.201,327.9,328.55966,17.83,0.8536,REJECTED_DES_RULE,False,False,True,False,True,False,False,True,,67.033
hexadecanoic acid,tetradecanoic acid,0.6509,0.3491,328.01,327.5265,17.2,0.8944,REJECTED_DES_RULE,False,False,True,False,True,False,False,True,,69.576
"1,10-phenanthroline",4-chloro-5-methyl-2-propan-2-ylphenol,0.1061,0.8939,328.3058,328.61533,19.18,0.7668,PASS_WARMTEMP,True,False,False,False,True,False,False,True,,83.511
2-(trimethylazaniumyl)acetate,5-methyl-2-propan-2-ylphenol,0.397,0.603,328.5,327.72668,18.39,0.8177,REJECTED_DES_RULE,False,False,True,False,True,False,False,True,,66.332
octadecanoic acid,dodecanoic acid,0.3993,0.6007,328.53,327.47528,17.9,0.8491,REJECTED_DES_RULE,False,False,True,False,True,False,False,True,,67.809
2-[4-(2-methylpropyl)phenyl]propanoic acid,hexadecanoic acid,0.4034,0.5966,328.79,328.91547,18.87,0.787,PASS_WARMTEMP,True,False,False,False,True,False,False,True,,84.055
hexadecanoic acid,decanoic acid,0.7007,0.2993,328.87,328.8697,17.9,0.849,REJECTED_DES_RULE,False,False,True,False,True,False,False,True,,66.575
5-methyl-2-propan-2-ylphenol,hexadecanoic acid,0.3,0.7,329.0,328.6473,17.35,0.8848,REJECTED_DES_RULE,False,True,False,False,True,False,False,True,,68.203
octadecanoic acid,hexadecanoic acid,0.3004,0.6996,329.06,330.31036,18.4,0.8168,PASS_WARMTEMP,True,False,False,False,True,False,False,True,,84.016
hexadecanoic acid,dodecanoic acid,0.7,0.3,329.19,328.934,17.95,0.8458,REJECTED_DES_RULE,False,False,True,False,True,False,False,True,,66.39
Lidocaine,DL-camphor,0.349,0.651,329.4,329.16534,17.35,0.8846,PASS_WARMTEMP,True,False,False,False,True,False,False,True,,87.738
5-methyl-2-propan-2-ylphenol,octadecanoic acid,0.6,0.4,329.42,329.41028,17.4,0.8812,REJECTED_DES_RULE,False,True,False,False,True,False,False,True,,67.386
hexadecanoic acid,tetradecanoic acid,0.6973,0.3027,329.63,329.89185,17.2,0.8944,REJECTED_DES_RULE,False,False,True,False,True,False,False,True,,67.489
Lidocaine,DL-camphor,0.838,0.162,329.8,329.99774,17.88,0.8503,PASS_WARMTEMP,True,False,False,False,True,False,False,True,,85.632
octadecanoic acid,hexadecanoic acid,0.2009,0.7991,329.86,330.00058,18.45,0.8139,PASS_WARMTEMP,True,False,False,False,True,False,False,True,,84.173
"(1R,2S,5R)-5-methyl-2-propan-2-ylcyclohexan-1-ol",hexadecanoic acid,0.3,0.7,329.91,329.3544,17.37,0.8832,REJECTED_DES_RULE,False,True,False,False,True,False,False,True,,67.515
octadecan-1-ol,"(1R,2S,5R)-5-methyl-2-propan-2-ylcyclohexan-1-ol",0.9,0.1,330.1,331.0917,17.58,0.8699,REJECTED_DES_RULE,False,False,True,False,True,False,False,True,,65.45
octadecanoic acid,hexadecanoic acid,0.4002,0.5998,330.38,330.48843,18.44,0.8143,PASS_WARMTEMP,True,False,False,False,True,False,False,True,,83.759
octadecan-1-ol,5-methyl-2-propan-2-ylphenol,0.899,0.101,330.6,329.698,17.54,0.8721,REJECTED_DES_RULE,False,False,True,False,True,False,False,True,,66.768
Menthol,Ibuprofen,0.35,0.65,330.652,330.5184,18.84,0.7888,REJECTED_DES_RULE,False,True,False,False,True,False,False,True,,62.712
octadecanoic acid,hexadecanoic acid,0.5003,0.4997,330.76,330.36398,18.44,0.8144,PASS_WARMTEMP,True,False,False,False,True,False,False,True,,83.872
"(1R,2S,5R)-5-methyl-2-propan-2-ylcyclohexan-1-ol",octadecanoic acid,0.6,0.4,330.76,330.87006,17.4,0.8812,REJECTED_DES_RULE,False,True,False,False,True,False,False,True,,66.098
hexadecanoic acid,tetradecanoic acid,0.7483,0.2517,330.77,331.58594,17.21,0.8933,REJECTED_DES_RULE,False,False,True,False,True,False,False,True,,65.95
octadecanoic acid,decanoic acid,0.4968,0.5032,330.81,330.53705,17.91,0.8484,REJECTED_DES_RULE,False,False,True,False,True,False,False,True,,65.08
2-[4-(2-methylpropyl)phenyl]propanoic acid,hexadecanoic acid,0.6005,0.3995,331.22,330.74435,19.48,0.7475,PASS_WARMTEMP,True,False,False,False,True,False,False,True,,80.861
hexadecanoic acid,decanoic acid,0.8019,0.1981,331.23,331.48804,17.78,0.857,REJECTED_DES_RULE,False,False,True,False,True,False,False,True,,64.585
2-[4-(2-methylpropyl)phenyl]propanoic acid,hexadecanoic acid,0.302,0.698,331.38,330.82236,18.72,0.7966,PASS_WARMTEMP,True,False,False,False,True,False,False,True,,82.756
5-methyl-2-propan-2-ylphenol,hexadecanoic acid,0.21,0.79,331.72,332.4493,17.3,0.8876,REJECTED_DES_RULE,False,True,False,False,True,False,False,True,,64.96
hexadecanoic acid,dodecanoic acid,0.8,0.2,331.76,332.0564,17.89,0.8498,REJECTED_DES_RULE,False,False,True,False,True,False,False,True,,63.795
2-[4-(2-methylpropyl)phenyl]propanoic acid,dodecanoic acid,0.8008,0.1992,331.8,332.31323,18.94,0.782,REJECTED_DES_RULE,False,False,True,False,True,False,False,True,,60.857
hexadecanoic acid,tetradecanoic acid,0.798,0.202,331.87,331.6338,17.23,0.892,REJECTED_DES_RULE,False,False,True,False,True,False,False,True,,65.856
octadecanoic acid,dodecanoic acid,0.5001,0.4999,331.93,331.68024,17.9,0.8492,REJECTED_DES_RULE,False,False,True,False,True,False,False,True,,64.103
2-(trimethylazaniumyl)acetate,octadecan-1-ol,0.1,0.9,332.1,331.10934,18.57,0.8061,PASS_WARMTEMP,True,False,False,False,True,False,False,True,,82.883
"(1R,2S,5R)-5-methyl-2-propan-2-ylcyclohexan-1-ol",hexadecanoic acid,0.2,0.8,332.2,331.84772,17.36,0.884,REJECTED_DES_RULE,False,True,False,False,True,False,False,True,,65.347
2-[4-(2-methylpropyl)phenyl]propanoic acid,hexadecanoic acid,0.2021,0.7979,332.53,332.0529,18.86,0.7872,PASS_WARMTEMP,True,False,False,False,True,False,False,True,,81.294
5-methyl-2-propan-2-ylphenol,octadecanoic acid,0.5,0.5,332.62,332.98743,17.4,0.8812,REJECTED_DES_RULE,False,True,False,False,True,False,False,True,,64.23
"(1R,2S,5R)-5-methyl-2-propan-2-ylcyclohexan-1-ol",octadecanoic acid,0.5,0.5,332.85,334.3035,17.4,0.8812,REJECTED_DES_RULE,False,True,False,False,True,False,False,True,,63.068
hexadecanoic acid,decanoic acid,0.8793,0.1207,332.87,332.70413,17.87,0.8513,REJECTED_DES_RULE,False,False,True,False,True,False,False,True,,63.284
hexadecanoic acid,tetradecanoic acid,0.849,0.151,332.87,332.81638,17.24,0.8915,REJECTED_DES_RULE,False,False,True,False,True,False,False,True,,64.793
"(1R,2S,5R)-5-methyl-2-propan-2-ylcyclohexan-1-ol",hexadecanoic acid,0.1,0.9,333.43,333.9735,17.5,0.8751,REJECTED_DES_RULE,False,True,False,False,True,False,False,True,,63.116
octadecanoic acid,hexadecanoic acid,0.1185,0.8815,333.64,333.23438,18.78,0.7925,PASS_WARMTEMP,True,False,False,False,True,False,False,True,,80.464
2-[4-(2-methylpropyl)phenyl]propanoic acid,hexadecanoic acid,0.1318,0.8682,333.69,333.95883,19.38,0.7541,PASS_WARMTEMP,True,False,False,False,True,False,False,True,,78.289
octadecanoic acid,hexadecanoic acid,0.5999,0.4001,333.9,333.68433,18.44,0.8143,PASS_WARMTEMP,True,False,False,False,True,False,False,True,,80.939
hexadecanoic acid,dodecanoic acid,0.8999,0.1001,333.95,333.60254,17.95,0.8458,REJECTED_DES_RULE,False,False,True,False,True,False,False,True,,62.271
hexadecanoic acid,tetradecanoic acid,0.899,0.101,334.06,334.16547,17.29,0.8882,REJECTED_DES_RULE,False,False,True,False,True,False,False,True,,63.47
5-methyl-2-propan-2-ylphenol,hexadecanoic acid,0.11,0.89,334.1,334.7741,17.41,0.8806,REJECTED_DES_RULE,False,True,False,False,True,False,False,True,,62.629
octadecanoic acid,decanoic acid,0.605,0.395,334.28,334.19116,17.94,0.8469,REJECTED_DES_RULE,False,False,True,False,True,False,False,True,,61.796
"1,10-phenanthroline",4-chloro-5-methyl-2-propan-2-ylphenol,0.8006,0.1994,334.6694,334.13843,17.9,0.849,REJECTED_DES_RULE,False,False,True,False,True,False,False,True,,61.926
5-methyl-2-propan-2-ylphenol,octadecanoic acid,0.4,0.6,334.71,334.64832,17.35,0.8846,REJECTED_DES_RULE,False,True,False,False,True,False,False,True,,62.9
2-(trimethylazaniumyl)acetate,octadecan-1-ol,0.2,0.8,334.8,335.2992,18.01,0.8418,REJECTED_DES_RULE,False,False,True,False,True,False,False,True,,60.614
octadecanoic acid,dodecanoic acid,0.5995,0.4005,334.86,334.45786,18.11,0.8356,REJECTED_DES_RULE,False,False,True,False,True,False,False,True,,61.108
"1,3-dithiane","1,2,4,5-tetrafluoro-3,6-diiodobenzene",0.74,0.26,335.05,334.02347,21.42,0.6227,REJECTED_DES_RULE,False,True,False,False,True,False,False,True,,52.976
2-(trimethylazaniumyl)acetate,"(2S,4R)-pentane-1,2,3,4,5-pentol",0.35,0.65,335.08,335.64362,19.0,0.7786,PASS_WARMTEMP,True,False,False,False,True,False,False,True,,77.782
"(4S,4aS,5aS,6S,12aR)-4-(dimethylamino)-1,6,10,11,12a-pentahydroxy-6-methyl-3,12-dioxo-4,4a,5,5a-tetrahydrotetracene-2-carboxamide","propane-1,2,3-triol",0.33,0.67,335.15,334.8712,48.34,0.0,REJECTED_DES_RULE,False,False,True,False,True,True,True,True,,17.32
"(1R,2S,5R)-5-methyl-2-propan-2-ylcyclohexan-1-ol",octadecanoic acid,0.4,0.6,335.17,335.0495,17.35,0.8848,REJECTED_DES_RULE,False,True,False,False,True,False,False,True,,62.554
2-(trimethylazaniumyl)acetate,octadecan-1-ol,0.3,0.7,335.4,335.73672,18.01,0.8422,REJECTED_DES_RULE,False,False,True,False,True,False,False,True,,60.244
hexadecanoic acid,tetradecanoic acid,0.951,0.049,335.41,335.6328,17.93,0.847,REJECTED_DES_RULE,False,False,True,False,True,False,False,True,,60.528
pyridine-3-carboxamide,2-hydroxyacetic acid,0.3041,0.6959,335.7143,335.47928,22.89,0.5285,PASS_WARMTEMP,True,False,False,False,True,False,False,True,,67.923
octadecanoic acid,decanoic acid,0.7033,0.2967,336.62,336.7193,17.88,0.8506,REJECTED_DES_RULE,False,False,True,False,True,False,False,True,,59.713
"(1R,2S,5R)-5-methyl-2-propan-2-ylcyclohexan-1-ol",octadecanoic acid,0.31,0.69,336.77,336.7152,17.36,0.8841,REJECTED_DES_RULE,False,True,False,False,True,False,False,True,,61.056
Lidocaine,DL-camphor,0.923,0.077,337.1,337.5144,18.35,0.82,PASS_WARMTEMP,True,False,False,False,True,False,False,True,,77.787
Menthol,Ibuprofen,0.24,0.76,337.13,337.95074,18.84,0.7886,REJECTED_DES_RULE,False,True,False,False,True,False,False,True,,56.146
octadecanoic acid,dodecanoic acid,0.7001,0.2999,337.16,337.42813,17.9,0.8488,REJECTED_DES_RULE,False,False,True,False,True,False,False,True,,59.015
2-(trimethylazaniumyl)acetate,benzoic acid,0.5,0.5,337.35,337.48172,19.3,0.7589,PASS_WARMTEMP,True,False,False,False,True,False,False,True,,75.372
5-methyl-2-propan-2-ylphenol,octadecanoic acid,0.3,0.7,337.45,338.33243,17.41,0.8806,REJECTED_DES_RULE,False,True,False,False,True,False,False,True,,59.49
octadecanoic acid,hexadecanoic acid,0.7001,0.2999,337.49,338.06796,18.44,0.8144,REJECTED_DES_RULE,False,False,True,False,True,False,False,True,,57.075
octadecanoic acid,decanoic acid,0.8011,0.1989,338.62,338.45377,17.87,0.8509,REJECTED_DES_RULE,False,False,True,False,True,False,False,True,,58.194
2-[4-(2-methylpropyl)phenyl]propanoic acid,dodecanoic acid,0.8994,0.1006,338.64,339.2216,19.66,0.7361,REJECTED_DES_RULE,False,False,True,False,True,False,False,True,,52.925
"(1R,2S,5R)-5-methyl-2-propan-2-ylcyclohexan-1-ol",octadecanoic acid,0.2,0.8,338.68,339.25775,17.42,0.8798,REJECTED_DES_RULE,False,True,False,False,True,False,False,True,,58.641
5-methyl-2-propan-2-ylphenol,octadecanoic acid,0.2,0.8,339.37,339.20828,17.4,0.8812,REJECTED_DES_RULE,False,True,False,False,True,False,False,True,,58.741
octadecanoic acid,dodecanoic acid,0.8006,0.1994,339.38,339.60037,17.9,0.8494,REJECTED_DES_RULE,False,False,True,False,True,False,False,True,,57.123
octadecanoic acid,hexadecanoic acid,0.8,0.2,339.79,339.01205,18.44,0.8145,REJECTED_DES_RULE,False,False,True,False,True,False,False,True,,56.246
pyridine-3-carboxamide,2-hydroxyacetic acid,0.6057,0.3943,340.1478,338.96802,19.45,0.7496,PASS_WARMTEMP,True,False,False,False,True,False,False,True,,73.689
2-[4-(2-methylpropyl)phenyl]propanoic acid,hexadecanoic acid,0.8065,0.1935,340.64,340.52808,19.58,0.741,REJECTED_DES_RULE,False,False,True,False,True,False,False,True,,51.968
octadecanoic acid,decanoic acid,0.8987,0.1013,340.66,340.5557,18.16,0.8327,REJECTED_DES_RULE,False,False,True,False,True,False,False,True,,55.612
"(1R,2S,5R)-5-methyl-2-propan-2-ylcyclohexan-1-ol",octadecanoic acid,0.1,0.9,340.88,340.12613,17.45,0.8779,REJECTED_DES_RULE,False,True,False,False,True,False,False,True,,57.799
5-methyl-2-propan-2-ylphenol,octadecanoic acid,0.1,0.9,341.05,340.27884,17.45,0.8778,REJECTED_DES_RULE,False,True,False,False,True,False,False,True,,57.66
octadecanoic acid,dodecanoic acid,0.8997,0.1003,341.47,341.78497,18.16,0.8321,REJECTED_DES_RULE,False,False,True,False,True,False,False,True,,54.503
octadecanoic acid,hexadecanoic acid,0.8996,0.1004,341.61,342.14896,18.8,0.7913,REJECTED_DES_RULE,False,False,True,False,True,False,False,True,,52.55
Lidocaine,DL-camphor,0.979,0.021,341.7,341.01575,19.29,0.76,PASS_WARMTEMP,True,False,False,False,True,False,False,True,,72.298
Menthol,Ibuprofen,0.13,0.87,342.636,342.7754,19.28,0.7605,REJECTED_DES_RULE,False,True,False,False,True,False,False,True,,50.765
2-(trimethylazaniumyl)acetate,octadecanoic acid,0.1,0.9,343.0,344.03415,18.57,0.8061,REJECTED_DES_RULE,False,False,True,False,False,False,False,True,,
2-[4-(2-methylpropyl)phenyl]propanoic acid,hexadecanoic acid,0.9029,0.0971,343.91,343.775,19.83,0.7253,REJECTED_DES_RULE,False,False,True,False,False,False,False,True,,
2-(trimethylazaniumyl)acetate,octadecan-1-ol,0.399,0.601,344.2,346.2127,18.0,0.8428,REJECTED_DES_RULE,False,False,True,False,False,False,False,True,,
2-(trimethylazaniumyl)acetate,"(2S,4R)-pentane-1,2,3,4,5-pentol",0.25,0.75,344.76,343.45743,19.67,0.7355,OUTSIDE_TARGET_RANGE,True,False,False,False,False,False,False,True,,
"1,10-phenanthroline",5-methyl-2-propan-2-ylphenol,0.6334,0.3666,346.2397,345.41595,18.05,0.8393,REJECTED_DES_RULE,False,False,True,False,False,False,False,True,,
pyridine-3-carboxamide,2-hydroxyacetic acid,0.701,0.299,346.798,348.12112,19.98,0.7156,OUTSIDE_TARGET_RANGE,True,False,False,False,False,False,False,True,,
2-(trimethylazaniumyl)acetate,2-hydroxybenzoic acid,0.298,0.702,347.8,348.64227,18.87,0.7868,OUTSIDE_TARGET_RANGE,True,False,False,False,False,False,False,True,,
2-(trimethylazaniumyl)acetate,benzoic acid,0.333,0.667,347.98,347.66367,18.24,0.8275,OUTSIDE_TARGET_RANGE,True,False,False,False,False,False,False,True,,
2-(trimethylazaniumyl)acetate,octadecanoic acid,0.2,0.8,351.0,350.37155,18.01,0.8418,REJECTED_DES_RULE,False,False,True,False,False,False,False,True,,
2-(trimethylazaniumyl)acetate,benzoic acid,0.3,0.7,353.8,352.10782,18.59,0.805,OUTSIDE_TARGET_RANGE,True,False,False,False,False,False,False,True,,
2-(trimethylazaniumyl)acetate,octadecanoic acid,0.3,0.7,355.0,355.31125,18.01,0.8421,REJECTED_DES_RULE,False,False,True,False,False,False,False,True,,
"1,10-phenanthroline",5-methyl-2-propan-2-ylphenol,0.717,0.283,356.6529,355.98816,17.76,0.8579,REJECTED_DES_RULE,False,False,True,False,False,False,False,True,,
Lidocaine,DL-camphor,0.282,0.718,357.8,356.2101,17.27,0.8896,REJECTED_DES_RULE,False,True,False,False,False,False,False,True,,
2-(trimethylazaniumyl)acetate,5-methyl-2-propan-2-ylphenol,0.499,0.501,359.2,361.89713,17.42,0.8797,REJECTED_DES_RULE,False,False,True,False,False,False,False,True,,
2-(trimethylazaniumyl)acetate,urea,0.192,0.808,359.3,361.45752,18.84,0.7885,OUTSIDE_TARGET_RANGE,True,False,False,False,False,False,False,True,,
2-(trimethylazaniumyl)acetate,2-hydroxybenzoic acid,0.199,0.801,359.7,359.83752,19.07,0.7736,OUTSIDE_TARGET_RANGE,True,False,False,False,False,False,False,True,,
2-(trimethylazaniumyl)acetate,2-hydroxybenzoic acid,0.398,0.602,360.8,361.17676,18.87,0.7868,OUTSIDE_TARGET_RANGE,True,False,False,False,False,False,False,True,,
2-(trimethylazaniumyl)acetate;hydrate,propanoic acid,0.335,0.665,360.871,361.79312,18.2,0.8299,REJECTED_DES_RULE,False,False,True,False,False,False,False,True,,
"1,4-dithiane","1,2,4,5-tetrafluoro-3,6-diiodobenzene",0.42,0.58,362.15,362.40643,20.63,0.6737,OUTSIDE_TARGET_RANGE,True,False,False,False,False,False,False,True,,
"1,10-phenanthroline",4-chloro-5-methyl-2-propan-2-ylphenol,0.9003,0.0997,363.595,362.97302,18.5,0.8103,REJECTED_DES_RULE,False,False,True,False,False,False,False,True,,
2-(trimethylazaniumyl)acetate,"(2R,3R,4R,5S)-hexane-1,2,3,4,5,6-hexol",0.1,0.9,363.9,365.4766,20.32,0.6937,REJECTED_DES_RULE,False,False,True,False,False,False,False,True,,
pyridine-3-carboxamide,2-hydroxyacetic acid,0.8067,0.1933,366.0099,364.8919,21.56,0.6139,REJECTED_DES_RULE,False,False,True,False,False,False,False,True,,
"(3S,4R,5R)-2-(hydroxymethyl)oxane-2,3,4,5-tetrol","(2R,3R,4S,5S,6R)-2-[(2S,3S,4S,5R)-3,4-dihydroxy-2,5-bis(hydroxymethyl)oxolan-2-yl]oxy-6-(hydroxymethyl)oxane-3,4,5-triol",0.8021,0.1979,367.5159,368.09402,17.68,0.8634,OUTSIDE_TARGET_RANGE,True,False,False,False,False,False,False,True,,
"1,10-phenanthroline",5-methyl-2-propan-2-ylphenol,0.8039,0.1961,368.2231,368.26822,17.88,0.8505,REJECTED_DES_RULE,False,False,True,False,False,False,False,True,,
Menthol,Testosterone,0.672,0.328,368.238,367.7372,18.13,0.8346,REJECTED_DES_RULE,False,True,False,False,False,False,False,True,,
2-(trimethylazaniumyl)acetate,urea,0.299,0.701,369.5,368.95337,18.55,0.8071,OUTSIDE_TARGET_RANGE,True,False,False,False,False,False,False,True,,
Lidocaine,DL-camphor,0.22,0.78,370.5,371.6576,16.59,0.9332,REJECTED_DES_RULE,False,True,False,False,False,False,False,True,,
"(3S,4R,5R)-2-(hydroxymethyl)oxane-2,3,4,5-tetrol","(3R,4S,5S,6R)-6-(hydroxymethyl)oxane-2,3,4,5-tetrol",0.7046,0.2954,370.61,370.58026,18.91,0.7844,OUTSIDE_TARGET_RANGE,True,False,False,False,False,False,False,True,,
2-(trimethylazaniumyl)acetate,"(1R,2S,5R)-5-methyl-2-propan-2-ylcyclohexan-1-ol",0.498,0.502,371.7,370.07693,17.46,0.8776,REJECTED_DES_RULE,False,False,True,False,False,False,False,True,,
"1,4-dithiane","1,3,5-trifluoro-2,4,6-triiodobenzene",0.65,0.35,373.15,373.18582,23.03,0.5195,OUTSIDE_TARGET_RANGE,True,False,False,False,False,False,False,True,,
Lidocaine,DL-camphor,0.203,0.797,374.8,374.1927,16.5,0.9393,REJECTED_DES_RULE,False,True,False,False,False,False,False,True,,
2-(trimethylazaniumyl)acetate;hydrate,propanoic acid,0.25,0.75,376.242,375.71017,18.24,0.8272,REJECTED_DES_RULE,False,False,True,False,False,False,False,True,,
"(3S,4R,5R)-2-(hydroxymethyl)oxane-2,3,4,5-tetrol","(3R,4S,5S,6R)-6-(hydroxymethyl)oxane-2,3,4,5-tetrol",0.7989,0.2011,376.9226,375.8435,19.43,0.7507,OUTSIDE_TARGET_RANGE,True,False,False,False,False,False,False,True,,
Menthol,Testosterone,0.602,0.398,377.127,377.382,18.47,0.8125,REJECTED_DES_RULE,False,True,False,False,False,False,False,True,,
"(3S,4R,5R)-2-(hydroxymethyl)oxane-2,3,4,5-tetrol","(3R,4S,5S,6R)-6-(hydroxymethyl)oxane-2,3,4,5-tetrol",0.904,0.096,377.651,377.98126,21.18,0.6381,REJECTED_DES_RULE,False,True,False,False,False,False,False,True,,
"1,10-phenanthroline",5-methyl-2-propan-2-ylphenol,0.9003,0.0997,378.0579,378.85062,18.43,0.8153,REJECTED_DES_RULE,False,False,True,False,False,False,False,True,,
2-(trimethylazaniumyl)acetate;hydrate,"propane-1,2,3-triol",0.332,0.668,378.59,379.81073,18.64,0.8017,REJECTED_DES_RULE,False,False,True,False,False,False,False,True,,
"(3S,4R,5R)-2-(hydroxymethyl)oxane-2,3,4,5-tetrol","(2R,3R,4S,5S,6R)-2-[(2S,3S,4S,5R)-3,4-dihydroxy-2,5-bis(hydroxymethyl)oxolan-2-yl]oxy-6-(hydroxymethyl)oxane-3,4,5-triol",0.8942,0.1058,379.8608,380.17203,18.17,0.8317,REJECTED_DES_RULE,False,True,False,False,False,False,False,True,,
2-(trimethylazaniumyl)acetate,"(2R,3R,4R,5S)-hexane-1,2,3,4,5,6-hexol",0.198,0.802,381.0,379.62418,19.0,0.7783,REJECTED_DES_RULE,False,False,True,False,False,False,False,True,,
"(3S,4R,5R)-2-(hydroxymethyl)oxane-2,3,4,5-tetrol","(3R,4S,5S,6R)-6-(hydroxymethyl)oxane-2,3,4,5-tetrol",0.6022,0.3978,381.7785,382.09952,18.94,0.7824,REJECTED_DES_RULE,False,True,False,False,False,False,False,True,,
2-(trimethylazaniumyl)acetate,"(1R,4R)-1,7,7-trimethylbicyclo[2.2.1]heptan-2-one",0.297,0.703,384.0,385.15768,18.88,0.7861,OUTSIDE_TARGET_RANGE,True,False,False,False,False,False,False,True,,
2-(trimethylazaniumyl)acetate;hydrate,"propane-1,2,3-triol",0.251,0.749,384.17,383.72412,19.51,0.7459,REJECTED_DES_RULE,False,False,True,False,False,False,False,True,,
"(3S,4R,5R)-2-(hydroxymethyl)oxane-2,3,4,5-tetrol","(2R,3R,4S,5S,6R)-2-[(2S,3S,4S,5R)-3,4-dihydroxy-2,5-bis(hydroxymethyl)oxolan-2-yl]oxy-6-(hydroxymethyl)oxane-3,4,5-triol",0.6968,0.3032,384.2179,384.3325,17.49,0.8755,REJECTED_DES_RULE,False,True,False,False,False,False,False,True,,
2-(trimethylazaniumyl)acetate,octadecanoic acid,0.4,0.6,385.0,383.14597,18.01,0.8423,REJECTED_DES_RULE,False,False,True,False,False,False,False,True,,
2-(trimethylazaniumyl)acetate,urea,0.38,0.62,386.3,385.37448,18.63,0.8021,OUTSIDE_TARGET_RANGE,True,False,False,False,False,False,False,True,,
Lidocaine,DL-camphor,0.181,0.819,387.2,387.9162,16.4,0.9457,REJECTED_DES_RULE,False,True,False,False,False,False,False,True,,
2-(trimethylazaniumyl)acetate,2-hydroxybenzoic acid,0.497,0.503,388.5,387.57693,18.88,0.7861,OUTSIDE_TARGET_RANGE,True,False,False,False,False,False,False,True,,
2-(trimethylazaniumyl)acetate,octadecan-1-ol,0.498,0.502,389.0,388.3635,18.0,0.8427,REJECTED_DES_RULE,False,False,True,False,False,False,False,True,,
Menthol,Testosterone,0.502,0.498,389.825,390.53345,19.03,0.7768,REJECTED_DES_RULE,False,True,False,False,False,False,False,True,,
2-(trimethylazaniumyl)acetate;hydrate,"propane-1,2,3-triol",0.4,0.6,390.57,389.5708,18.43,0.8153,REJECTED_DES_RULE,False,False,True,False,False,False,False,True,,
2-(trimethylazaniumyl)acetate,urea,0.1,0.9,390.7,389.0748,20.2,0.7013,OUTSIDE_TARGET_RANGE,True,False,False,False,False,False,False,True,,
"(3S,4R,5R)-2-(hydroxymethyl)oxane-2,3,4,5-tetrol","(3R,4S,5S,6R)-6-(hydroxymethyl)oxane-2,3,4,5-tetrol",0.497,0.503,391.0046,390.88452,18.94,0.7824,REJECTED_DES_RULE,False,True,False,False,False,False,False,True,,
"4-amino-N-(1,3-thiazol-2-yl)benzenesulfonamide",urea,0.2,0.8,391.15,390.8104,32.05,0.0,OUTSIDE_TARGET_RANGE,True,False,False,False,False,True,True,True,,
2-(trimethylazaniumyl)acetate;hydrate,"propane-1,2,3-triol",0.5,0.5,392.0,392.7868,18.71,0.7971,REJECTED_DES_RULE,False,False,True,False,False,False,False,True,,
2-(trimethylazaniumyl)acetate;hydrate,acetic acid,0.332,0.668,393.15,393.16544,18.16,0.8323,REJECTED_DES_RULE,False,False,True,False,False,False,False,True,,
2-(trimethylazaniumyl)acetate,"(1R,4R)-1,7,7-trimethylbicyclo[2.2.1]heptan-2-one",0.198,0.802,393.8,392.94815,19.43,0.7507,OUTSIDE_TARGET_RANGE,True,False,False,False,False,False,False,True,,
2-(trimethylazaniumyl)acetate,2-hydroxybenzoic acid,0.099,0.901,395.4,394.54794,20.5,0.6818,OUTSIDE_TARGET_RANGE,True,False,False,False,False,False,False,True,,
Menthol,Testosterone,0.401,0.599,396.175,395.25742,19.88,0.7221,REJECTED_DES_RULE,False,True,False,False,False,False,False,True,,
2-(trimethylazaniumyl)acetate;hydrate,acetic acid,0.252,0.748,396.253,396.366,18.38,0.8181,REJECTED_DES_RULE,False,False,True,False,False,False,False,True,,
"benzene-1,4-diol","(1R,2S,5R)-5-methyl-2-propan-2-ylcyclohexan-1-ol",0.2,0.8,398.5,398.1958,25.24,0.3769,REJECTED_DES_RULE,False,False,True,False,False,False,True,True,,
Lidocaine,DL-camphor,0.151,0.849,399.2,399.12122,16.56,0.935,REJECTED_DES_RULE,False,True,False,False,False,False,False,True,,
2-(trimethylazaniumyl)acetate,"(2R,3R,4R,5S)-hexane-1,2,3,4,5,6-hexol",0.299,0.701,399.3,399.71805,18.88,0.7861,REJECTED_DES_RULE,False,False,True,False,False,False,False,True,,
"(3S,4R,5R)-2-(hydroxymethyl)oxane-2,3,4,5-tetrol","(2R,3R,4S,5S,6R)-2-[(2S,3S,4S,5R)-3,4-dihydroxy-2,5-bis(hydroxymethyl)oxolan-2-yl]oxy-6-(hydroxymethyl)oxane-3,4,5-triol",0.6021,0.3979,400.5567,399.2929,17.35,0.8843,REJECTED_DES_RULE,False,True,False,False,False,False,False,True,,
"(3R,4S,5S,6R)-6-(hydroxymethyl)oxane-2,3,4,5-tetrol","(2R,3R,4S,5S,6R)-2-[(2S,3S,4S,5R)-3,4-dihydroxy-2,5-bis(hydroxymethyl)oxolan-2-yl]oxy-6-(hydroxymethyl)oxane-3,4,5-triol",0.6459,0.3541,402.2723,402.4296,17.02,0.9055,OUTSIDE_TARGET_RANGE,True,False,False,False,False,False,False,True,,
Urea,Sulfathiazole,0.93,0.07,402.5,403.0909,25.09,0.387,OUTSIDE_TARGET_RANGE,True,False,False,False,False,False,True,True,,
"(3S,4R,5R)-2-(hydroxymethyl)oxane-2,3,4,5-tetrol","(3R,4S,5S,6R)-6-(hydroxymethyl)oxane-2,3,4,5-tetrol",0.3973,0.6027,403.8725,403.88614,18.86,0.7872,REJECTED_DES_RULE,False,True,False,False,False,False,False,True,,
2-(trimethylazaniumyl)acetate;hydrate,"propane-1,2-diol",0.252,0.748,405.273,407.1614,18.35,0.8203,REJECTED_DES_RULE,False,False,True,False,False,False,False,True,,
"(3S,4R,5R)-2-(hydroxymethyl)oxane-2,3,4,5-tetrol","(3R,4S,5S,6R)-6-(hydroxymethyl)oxane-2,3,4,5-tetrol",0.3003,0.6997,405.8149,405.74573,18.82,0.7901,REJECTED_DES_RULE,False,True,False,False,False,False,False,True,,
"(3R,4S,5S,6R)-6-(hydroxymethyl)oxane-2,3,4,5-tetrol","(2R,3R,4S,5S,6R)-2-[(2S,3S,4S,5R)-3,4-dihydroxy-2,5-bis(hydroxymethyl)oxolan-2-yl]oxy-6-(hydroxymethyl)oxane-3,4,5-triol",0.7013,0.2987,406.1452,406.12366,17.34,0.8851,OUTSIDE_TARGET_RANGE,True,False,False,False,False,False,False,True,,
Urea,Sulfathiazole,0.97,0.03,406.2,405.89737,25.55,0.3571,REJECTED_DES_RULE,False,True,False,False,False,False,True,True,,
Lidocaine,DL-camphor,0.12,0.88,407.3,406.82043,16.66,0.9286,REJECTED_DES_RULE,False,True,False,False,False,False,False,True,,
2-(trimethylazaniumyl)acetate,urea,0.497,0.503,408.1,408.1066,18.89,0.7856,REJECTED_DES_RULE,False,False,True,False,False,False,False,True,,
"(3R,4S,5S,6R)-6-(hydroxymethyl)oxane-2,3,4,5-tetrol","(2R,3R,4S,5S,6R)-2-[(2S,3S,4S,5R)-3,4-dihydroxy-2,5-bis(hydroxymethyl)oxolan-2-yl]oxy-6-(hydroxymethyl)oxane-3,4,5-triol",0.7989,0.2011,408.5658,408.58646,17.67,0.8636,OUTSIDE_TARGET_RANGE,True,False,False,False,False,False,False,True,,
2-(trimethylazaniumyl)acetate,"(1R,2S,5R)-5-methyl-2-propan-2-ylcyclohexan-1-ol",0.598,0.402,408.6,408.51074,17.41,0.8804,REJECTED_DES_RULE,False,False,True,False,False,False,False,True,,
2-(trimethylazaniumyl)acetate,octadecanoic acid,0.5,0.5,410.0,410.20352,18.01,0.8423,REJECTED_DES_RULE,False,False,True,False,False,False,False,True,,
"(3R,4S,5S,6R)-6-(hydroxymethyl)oxane-2,3,4,5-tetrol","(2R,3R,4S,5S,6R)-2-[(2S,3S,4S,5R)-3,4-dihydroxy-2,5-bis(hydroxymethyl)oxolan-2-yl]oxy-6-(hydroxymethyl)oxane-3,4,5-triol",0.5984,0.4016,410.9864,411.45505,17.0,0.9068,OUTSIDE_TARGET_RANGE,True,False,False,False,False,False,False,True,,
2-(trimethylazaniumyl)acetate;hydrate,"propane-1,2-diol",0.201,0.799,411.273,411.13248,18.76,0.7935,REJECTED_DES_RULE,False,False,True,False,False,False,False,True,,
2-(trimethylazaniumyl)acetate,2-hydroxybenzoic acid,0.597,0.403,411.8,410.98837,18.88,0.7861,OUTSIDE_TARGET_RANGE,True,False,False,False,False,False,False,True,,
Menthol,Testosterone,0.196,0.804,412.048,411.87613,23.29,0.5025,REJECTED_DES_RULE,False,True,False,False,False,False,False,True,,
2-(trimethylazaniumyl)acetate,"(2R,3R,4R,5S)-hexane-1,2,3,4,5,6-hexol",0.399,0.601,412.4,411.65598,18.88,0.7864,REJECTED_DES_RULE,False,False,True,False,False,False,False,True,,
2-(trimethylazaniumyl)acetate;hydrate,"propane-1,2,3-triol",0.6,0.4,412.61,411.75534,18.89,0.7857,REJECTED_DES_RULE,False,False,True,False,False,False,False,True,,
2-(trimethylazaniumyl)acetate,"(1R,4R)-1,7,7-trimethylbicyclo[2.2.1]heptan-2-one",0.397,0.603,413.4,412.80576,18.9,0.785,OUTSIDE_TARGET_RANGE,True,False,False,False,False,False,False,True,,
"(3S,4R,5R)-2-(hydroxymethyl)oxane-2,3,4,5-tetrol","(3R,4S,5S,6R)-6-(hydroxymethyl)oxane-2,3,4,5-tetrol",0.2032,0.7968,414.0698,414.2081,19.36,0.7554,REJECTED_DES_RULE,False,True,False,False,False,False,False,True,,
2-(trimethylazaniumyl)acetate,octadecan-1-ol,0.598,0.402,415.0,414.84308,18.01,0.8423,REJECTED_DES_RULE,False,False,True,False,False,False,False,True,,
2-(trimethylazaniumyl)acetate,"(1R,4R)-1,7,7-trimethylbicyclo[2.2.1]heptan-2-one",0.099,0.901,415.9,417.38745,20.99,0.6506,OUTSIDE_TARGET_RANGE,True,False,False,False,False,False,False,True,,
"(3R,4S,5S,6R)-6-(hydroxymethyl)oxane-2,3,4,5-tetrol","(2R,3R,4S,5S,6R)-2-[(2S,3S,4S,5R)-3,4-dihydroxy-2,5-bis(hydroxymethyl)oxolan-2-yl]oxy-6-(hydroxymethyl)oxane-3,4,5-triol",0.9018,0.0982,416.7958,416.07526,18.27,0.8255,OUTSIDE_TARGET_RANGE,True,False,False,False,False,False,False,True,,
"(3S,4R,5R)-2-(hydroxymethyl)oxane-2,3,4,5-tetrol","(2R,3R,4S,5S,6R)-2-[(2S,3S,4S,5R)-3,4-dihydroxy-2,5-bis(hydroxymethyl)oxolan-2-yl]oxy-6-(hydroxymethyl)oxane-3,4,5-triol",0.5021,0.4979,417.2587,416.82175,17.47,0.8765,REJECTED_DES_RULE,False,True,False,False,False,False,False,True,,
"(3S,4R,5R)-2-(hydroxymethyl)oxane-2,3,4,5-tetrol","(3R,4S,5S,6R)-6-(hydroxymethyl)oxane-2,3,4,5-tetrol",0.1035,0.8965,418.1973,417.87717,21.02,0.6486,REJECTED_DES_RULE,False,True,False,False,False,False,False,True,,
Lidocaine,DL-camphor,0.078,0.922,420.5,422.92346,16.63,0.9307,REJECTED_DES_RULE,False,True,False,False,False,False,False,True,,
"(3R,4S,5S,6R)-6-(hydroxymethyl)oxane-2,3,4,5-tetrol","(2R,3R,4S,5S,6R)-2-[(2S,3S,4S,5R)-3,4-dihydroxy-2,5-bis(hydroxymethyl)oxolan-2-yl]oxy-6-(hydroxymethyl)oxane-3,4,5-triol",0.5483,0.4517,421.6369,421.79373,17.01,0.9062,OUTSIDE_TARGET_RANGE,True,False,False,False,False,False,False,True,,
2-(trimethylazaniumyl)acetate;hydrate,"propane-1,2-diol",0.331,0.669,426.0,424.61,18.64,0.8017,REJECTED_DES_RULE,False,False,True,False,False,False,False,True,,
2-(trimethylazaniumyl)acetate,5-methyl-2-propan-2-ylphenol,0.598,0.402,426.4,425.83417,17.41,0.8808,REJECTED_DES_RULE,False,False,True,False,False,False,False,True,,
2-(trimethylazaniumyl)acetate;hydrate,"propane-1,2,3-triol",0.7,0.3,427.54,427.66476,18.89,0.7857,REJECTED_DES_RULE,False,False,True,False,False,False,False,True,,
2-(trimethylazaniumyl)acetate;hydrate,"propane-1,2,3-triol",0.8,0.2,428.27,427.64273,19.1,0.7721,REJECTED_DES_RULE,False,False,True,False,False,False,False,True,,
"(3R,4S,5S,6R)-6-(hydroxymethyl)oxane-2,3,4,5-tetrol","(2R,3R,4S,5S,6R)-2-[(2S,3S,4S,5R)-3,4-dihydroxy-2,5-bis(hydroxymethyl)oxolan-2-yl]oxy-6-(hydroxymethyl)oxane-3,4,5-triol",0.5008,0.4992,428.4145,428.58548,17.27,0.8899,REJECTED_DES_RULE,False,True,False,False,False,False,False,True,,
Lidocaine,DL-camphor,0.054,0.946,428.5,430.19315,16.76,0.9221,REJECTED_DES_RULE,False,True,False,False,False,False,False,True,,
Urea,Sulfathiazole,0.6,0.4,429.6,429.4332,24.96,0.3955,REJECTED_DES_RULE,False,True,False,False,False,False,False,True,,
2-(trimethylazaniumyl)acetate,"(2R,3R,4R,5S)-hexane-1,2,3,4,5,6-hexol",0.498,0.502,430.1,428.89975,18.87,0.7868,REJECTED_DES_RULE,False,False,True,False,False,False,False,True,,
"(3S,4R,5R)-2-(hydroxymethyl)oxane-2,3,4,5-tetrol","(2R,3R,4S,5S,6R)-2-[(2S,3S,4S,5R)-3,4-dihydroxy-2,5-bis(hydroxymethyl)oxolan-2-yl]oxy-6-(hydroxymethyl)oxane-3,4,5-triol",0.4021,0.5979,432.5083,433.2231,17.66,0.8644,REJECTED_DES_RULE,False,True,False,False,False,False,False,True,,
2-(trimethylazaniumyl)acetate;hydrate,"propane-1,2,3-triol",0.9,0.1,432.51,433.73096,19.98,0.7154,REJECTED_DES_RULE,False,False,True,False,False,False,False,True,,
2-(trimethylazaniumyl)acetate;hydrate,"propane-1,2-diol",0.6,0.4,432.545,433.59393,18.9,0.7848,REJECTED_DES_RULE,False,False,True,False,False,False,False,True,,
2-(trimethylazaniumyl)acetate,"(2S,4R)-pentane-1,2,3,4,5-pentol",0.55,0.45,433.79,431.3831,18.89,0.7857,REJECTED_DES_RULE,False,False,True,False,False,False,False,True,,
2-(trimethylazaniumyl)acetate;hydrate,acetic acid,0.5,0.5,434.012,434.39893,19.23,0.7638,REJECTED_DES_RULE,False,False,True,False,False,False,False,True,,
2-(trimethylazaniumyl)acetate;hydrate,"propane-1,2-diol",0.702,0.298,434.182,433.69632,18.77,0.7929,REJECTED_DES_RULE,False,False,True,False,False,False,False,True,,
2-(trimethylazaniumyl)acetate;hydrate,"propane-1,2-diol",0.799,0.201,435.273,435.18793,18.77,0.793,REJECTED_DES_RULE,False,False,True,False,False,False,False,True,,
2-(trimethylazaniumyl)acetate,urea,0.615,0.385,435.5,436.62158,18.76,0.7936,REJECTED_DES_RULE,False,False,True,False,False,False,False,True,,
2-(trimethylazaniumyl)acetate;hydrate,"propane-1,2-diol",0.5,0.5,437.455,436.5281,19.15,0.7684,REJECTED_DES_RULE,False,False,True,False,False,False,False,True,,
Lidocaine,DL-camphor,0.023,0.977,437.8,433.4062,17.28,0.8889,REJECTED_DES_RULE,False,True,False,False,False,False,False,True,,
2-(trimethylazaniumyl)acetate;hydrate,"propane-1,2-diol",0.899,0.101,438.545,439.00876,19.81,0.7264,REJECTED_DES_RULE,False,False,True,False,False,False,False,True,,
"(3R,4S,5S,6R)-6-(hydroxymethyl)oxane-2,3,4,5-tetrol","(2R,3R,4S,5S,6R)-2-[(2S,3S,4S,5R)-3,4-dihydroxy-2,5-bis(hydroxymethyl)oxolan-2-yl]oxy-6-(hydroxymethyl)oxane-3,4,5-triol",0.4032,0.5968,439.5492,438.96152,17.66,0.8646,REJECTED_DES_RULE,False,True,False,False,False,False,False,True,,
"(3S,4R,5R)-2-(hydroxymethyl)oxane-2,3,4,5-tetrol","(2R,3R,4S,5S,6R)-2-[(2S,3S,4S,5R)-3,4-dihydroxy-2,5-bis(hydroxymethyl)oxolan-2-yl]oxy-6-(hydroxymethyl)oxane-3,4,5-triol",0.3047,0.6953,439.77,439.71378,17.69,0.8629,REJECTED_DES_RULE,False,True,False,False,False,False,False,True,,
2-(trimethylazaniumyl)acetate;hydrate,propanoic acid,0.504,0.496,439.846,439.95337,19.1,0.7719,REJECTED_DES_RULE,False,False,True,False,False,False,False,True,,
2-(trimethylazaniumyl)acetate,octadecanoic acid,0.6,0.4,443.0,442.51416,18.01,0.8423,REJECTED_DES_RULE,False,False,True,False,False,False,False,True,,
2-(trimethylazaniumyl)acetate,2-hydroxybenzoic acid,0.698,0.302,444.6,444.99344,18.88,0.7861,REJECTED_DES_RULE,False,False,True,False,False,False,False,True,,
"(3R,4S,5S,6R)-6-(hydroxymethyl)oxane-2,3,4,5-tetrol","(2R,3R,4S,5S,6R)-2-[(2S,3S,4S,5R)-3,4-dihydroxy-2,5-bis(hydroxymethyl)oxolan-2-yl]oxy-6-(hydroxymethyl)oxane-3,4,5-triol",0.3055,0.6945,444.8744,444.96118,17.69,0.8623,REJECTED_DES_RULE,False,True,False,False,False,False,False,True,,
2-(trimethylazaniumyl)acetate,"(1R,2S,5R)-5-methyl-2-propan-2-ylcyclohexan-1-ol",0.698,0.302,447.5,450.3332,17.31,0.8868,REJECTED_DES_RULE,False,False,True,False,False,False,False,True,,
2-(trimethylazaniumyl)acetate,"(1R,4R)-1,7,7-trimethylbicyclo[2.2.1]heptan-2-one",0.499,0.501,448.6,446.03906,18.9,0.785,OUTSIDE_TARGET_RANGE,True,False,False,False,False,False,False,True,,
"(3S,4R,5R)-2-(hydroxymethyl)oxane-2,3,4,5-tetrol","(2R,3R,4S,5S,6R)-2-[(2S,3S,4S,5R)-3,4-dihydroxy-2,5-bis(hydroxymethyl)oxolan-2-yl]oxy-6-(hydroxymethyl)oxane-3,4,5-triol",0.2021,0.7979,451.3888,450.70782,17.69,0.8625,REJECTED_DES_RULE,False,True,False,False,False,False,False,True,,
2-(trimethylazaniumyl)acetate,"(2R,3R,4R,5S)-hexane-1,2,3,4,5,6-hexol",0.597,0.403,453.3,455.59933,18.89,0.7857,REJECTED_DES_RULE,False,False,True,False,False,False,False,True,,
"(3S,4R,5R)-2-(hydroxymethyl)oxane-2,3,4,5-tetrol","(2R,3R,4S,5S,6R)-2-[(2S,3S,4S,5R)-3,4-dihydroxy-2,5-bis(hydroxymethyl)oxolan-2-yl]oxy-6-(hydroxymethyl)oxane-3,4,5-triol",0.1047,0.8953,454.6566,455.12213,18.21,0.829,REJECTED_DES_RULE,False,True,False,False,False,False,False,True,,
"(3R,4S,5S,6R)-6-(hydroxymethyl)oxane-2,3,4,5-tetrol","(2R,3R,4S,5S,6R)-2-[(2S,3S,4S,5R)-3,4-dihydroxy-2,5-bis(hydroxymethyl)oxolan-2-yl]oxy-6-(hydroxymethyl)oxane-3,4,5-triol",0.2,0.8,455.2829,455.49158,17.69,0.8627,REJECTED_DES_RULE,False,True,False,False,False,False,False,True,,
Urea,Sulfathiazole,0.33,0.67,456.5,456.3346,28.03,0.198,REJECTED_DES_RULE,False,True,False,False,False,False,True,True,,
2-(trimethylazaniumyl)acetate,urea,0.688,0.312,458.2,457.915,18.79,0.7921,REJECTED_DES_RULE,False,False,True,False,False,False,False,True,,
"(3R,4S,5S,6R)-6-(hydroxymethyl)oxane-2,3,4,5-tetrol","(2R,3R,4S,5S,6R)-2-[(2S,3S,4S,5R)-3,4-dihydroxy-2,5-bis(hydroxymethyl)oxolan-2-yl]oxy-6-(hydroxymethyl)oxane-3,4,5-triol",0.1024,0.8976,458.4297,458.5956,18.25,0.8266,REJECTED_DES_RULE,False,True,False,False,False,False,False,True,,
2-(trimethylazaniumyl)acetate,octadecan-1-ol,0.698,0.302,459.7,458.96796,18.25,0.8268,REJECTED_DES_RULE,False,False,True,False,False,False,False,True,,
2-(trimethylazaniumyl)acetate,"(1R,4R)-1,7,7-trimethylbicyclo[2.2.1]heptan-2-one",0.598,0.402,468.4,468.94638,18.89,0.7853,REJECTED_DES_RULE,False,False,True,False,False,False,False,True,,
2-(trimethylazaniumyl)acetate,octadecanoic acid,0.7,0.3,475.0,475.63858,18.02,0.8413,REJECTED_DES_RULE,False,False,True,False,False,False,False,True,,
2-(trimethylazaniumyl)acetate,"(2S,4R)-pentane-1,2,3,4,5-pentol",0.65,0.35,482.18,482.0243,19.0,0.7786,REJECTED_DES_RULE,False,False,True,False,False,False,False,True,,
2-(trimethylazaniumyl)acetate;hydrate,propanoic acid,0.751,0.249,482.249,481.4838,19.41,0.7521,REJECTED_DES_RULE,False,False,True,False,False,False,False,True,,
2-(trimethylazaniumyl)acetate;hydrate,acetic acid,0.752,0.248,483.15,482.96127,19.85,0.724,REJECTED_DES_RULE,False,False,True,False,False,False,False,True,,
2-(trimethylazaniumyl)acetate,"(2R,3R,4R,5S)-hexane-1,2,3,4,5,6-hexol",0.698,0.302,484.6,483.21683,18.9,0.7846,REJECTED_DES_RULE,False,False,True,False,False,False,False,True,,
2-(trimethylazaniumyl)acetate,2-hydroxybenzoic acid,0.796,0.204,488.8,489.67725,19.43,0.7511,REJECTED_DES_RULE,False,False,True,False,False,False,False,True,,
2-(trimethylazaniumyl)acetate,5-methyl-2-propan-2-ylphenol,0.696,0.304,489.7,486.76968,17.34,0.8848,REJECTED_DES_RULE,False,False,True,False,False,False,False,True,,
2-(trimethylazaniumyl)acetate,urea,0.793,0.207,490.4,489.57608,19.37,0.7546,REJECTED_DES_RULE,False,False,True,False,False,False,False,True,,
2-(trimethylazaniumyl)acetate,"(1R,4R)-1,7,7-trimethylbicyclo[2.2.1]heptan-2-one",0.698,0.302,494.3,493.69403,18.89,0.7857,REJECTED_DES_RULE,False,False,True,False,False,False,False,True,,
2-(trimethylazaniumyl)acetate,"(1R,2S,5R)-5-methyl-2-propan-2-ylcyclohexan-1-ol",0.784,0.216,497.203,497.01202,16.81,0.9192,REJECTED_DES_RULE,False,False,True,False,False,False,False,True,,
2-(trimethylazaniumyl)acetate,"(1R,2S,5R)-5-methyl-2-propan-2-ylcyclohexan-1-ol",0.797,0.203,497.3,497.14383,16.91,0.9129,REJECTED_DES_RULE,False,False,True,False,False,False,False,True,,
2-(trimethylazaniumyl)acetate,octadecanoic acid,0.8,0.2,502.0,501.81506,18.25,0.8268,REJECTED_DES_RULE,False,False,True,False,False,False,False,True,,
2-(trimethylazaniumyl)acetate,"(2R,3R,4R,5S)-hexane-1,2,3,4,5,6-hexol",0.799,0.201,507.4,508.99857,19.01,0.7775,REJECTED_DES_RULE,False,False,True,False,False,False,False,True,,
2-(trimethylazaniumyl)acetate,"(1R,4R)-1,7,7-trimethylbicyclo[2.2.1]heptan-2-one",0.799,0.201,512.2,513.1377,19.45,0.7496,REJECTED_DES_RULE,False,False,True,False,False,False,False,True,,
2-(trimethylazaniumyl)acetate,5-methyl-2-propan-2-ylphenol,0.795,0.205,518.8,518.7993,17.03,0.9051,REJECTED_DES_RULE,False,False,True,False,False,False,False,True,,
2-(trimethylazaniumyl)acetate,urea,0.901,0.099,522.2,522.2353,21.15,0.64,REJECTED_DES_RULE,False,False,True,False,False,False,False,True,,
2-(trimethylazaniumyl)acetate,"(2S,4R)-pentane-1,2,3,4,5-pentol",0.75,0.25,528.63,527.70844,19.67,0.7355,REJECTED_DES_RULE,False,False,True,False,False,False,False,True,,
2-(trimethylazaniumyl)acetate,octadecan-1-ol,0.899,0.101,529.6,530.01764,19.25,0.762,REJECTED_DES_RULE,False,False,True,False,False,False,False,True,,
2-(trimethylazaniumyl)acetate,"(2R,3R,4R,5S)-hexane-1,2,3,4,5,6-hexol",0.899,0.101,534.7,533.8077,20.35,0.6914,REJECTED_DES_RULE,False,False,True,False,False,False,False,True,,
2-(trimethylazaniumyl)acetate,2-hydroxybenzoic acid,0.897,0.103,534.8,533.7988,20.88,0.6576,REJECTED_DES_RULE,False,False,True,False,False,False,False,True,,
2-(trimethylazaniumyl)acetate,octadecanoic acid,0.9,0.1,537.0,537.1611,19.03,0.7762,REJECTED_DES_RULE,False,False,True,False,False,False,False,True,,
2-(trimethylazaniumyl)acetate,"(1R,2S,5R)-5-methyl-2-propan-2-ylcyclohexan-1-ol",0.897,0.103,541.5,540.76263,17.51,0.8744,REJECTED_DES_RULE,False,False,True,False,False,False,False,True,,
2-(trimethylazaniumyl)acetate,5-methyl-2-propan-2-ylphenol,0.896,0.104,547.9,548.57715,17.52,0.8738,REJECTED_DES_RULE,False,False,True,False,False,False,False,True,,
2-(trimethylazaniumyl)acetate,"(1R,4R)-1,7,7-trimethylbicyclo[2.2.1]heptan-2-one",0.898,0.102,549.5,549.2916,21.01,0.6491,REJECTED_DES_RULE,False,False,True,False,False,False,False,True,,
2-hydroxyethyl(trimethyl)azanium;chloride,1-ethyl-3-methylimidazol-3-ium;chloride,0.4,0.6,303.4,305.17245,18.18,0.831,PASS_WARMTEMP,True,False,False,False,True,False,False,True,,79.716
2-hydroxyethyl(trimethyl)azanium;chloride,benzyl-(2-hydroxyethyl)-dimethylazanium;chloride,0.399,0.601,305.7,306.65482,17.33,0.8861,PASS_WARMTEMP,True,False,False,False,True,False,False,True,,83.228
2-hydroxyethyl(trimethyl)azanium;chloride,benzyl-(2-hydroxyethyl)-dimethylazanium;chloride,0.356,0.644,307.7,308.0318,17.04,0.9046,PASS_WARMTEMP,True,False,False,False,True,False,False,True,,85.183
2-hydroxyethyl(trimethyl)azanium;chloride,2-hydroxyethyl(trimethyl)azanium;acetate,0.406,0.594,313.3,313.81,17.75,0.8589,PASS_WARMTEMP,True,False,False,False,True,False,False,True,,88.453
2-hydroxyethyl(trimethyl)azanium;chloride,2-hydroxyethyl(trimethyl)azanium;acetate,0.408,0.592,313.6,313.62207,17.74,0.8596,PASS_WARMTEMP,True,False,False,False,True,False,False,True,,88.315
2-hydroxyethyl(trimethyl)azanium;chloride,benzyl-(2-hydroxyethyl)-dimethylazanium;chloride,0.319,0.681,316.0,315.22955,16.83,0.9179,PASS_WARMTEMP,True,False,False,False,True,False,False,True,,92.066
2-hydroxyethyl(trimethyl)azanium;chloride,tetrabutylazanium;chloride,0.49,0.51,316.3,317.9921,17.0,0.9068,PASS_WARMTEMP,True,False,False,False,True,False,False,True,,94.059
2-hydroxyethyl(trimethyl)azanium;chloride,benzyl-(2-hydroxyethyl)-dimethylazanium;chloride,0.303,0.697,317.6,317.4924,16.92,0.9121,PASS_WARMTEMP,True,False,False,False,True,False,False,True,,93.83
2-hydroxyethyl(trimethyl)azanium;chloride,tetrabutylazanium;chloride,0.488,0.512,317.7,318.42706,16.99,0.9075,PASS_WARMTEMP,True,False,False,False,True,False,False,True,,94.471
2-hydroxyethyl(trimethyl)azanium;chloride,1-ethyl-3-methylimidazol-3-ium;chloride,0.299,0.701,321.5,322.10764,17.21,0.8932,PASS_WARMTEMP,True,False,False,False,True,False,False,True,,94.309
2-hydroxyethyl(trimethyl)azanium;chloride,1-ethyl-3-methylimidazol-3-ium;chloride,0.301,0.699,322.5,321.53006,17.23,0.8925,PASS_WARMTEMP,True,False,False,False,True,False,False,True,,94.791
2-hydroxyethyl(trimethyl)azanium;chloride,2-(3-methylimidazol-3-ium-1-yl)ethanol;chloride,0.501,0.499,323.5,322.6971,18.33,0.8217,PASS_WARMTEMP,True,False,False,False,True,False,False,True,,90.929
2-hydroxyethyl(trimethyl)azanium;chloride,2-hydroxyethyl(trimethyl)azanium;acetate,0.302,0.698,323.6,324.66513,18.31,0.8225,PASS_WARMTEMP,True,False,False,False,True,False,False,True,,89.225
2-hydroxyethyl(trimethyl)azanium;chloride,tetrabutylazanium;chloride,0.425,0.575,326.9,326.47253,17.05,0.9036,PASS_WARMTEMP,True,False,False,False,True,False,False,True,,90.874
2-hydroxyethyl(trimethyl)azanium;chloride,tetrabutylazanium;chloride,0.412,0.588,328.3,327.9175,17.13,0.8989,PASS_WARMTEMP,True,False,False,False,True,False,False,True,,89.411
2-hydroxyethyl(trimethyl)azanium;chloride,benzyl-(2-hydroxyethyl)-dimethylazanium;chloride,0.222,0.778,330.5,330.41486,17.28,0.8889,PASS_WARMTEMP,True,False,False,False,True,False,False,True,,86.808
2-hydroxyethyl(trimethyl)azanium;chloride,benzyl-(2-hydroxyethyl)-dimethylazanium;chloride,0.197,0.803,331.5,331.77286,17.28,0.8893,PASS_WARMTEMP,True,False,False,False,True,False,False,True,,85.625
2-hydroxyethyl(trimethyl)azanium;chloride,tetrabutylazanium;chloride,0.296,0.704,331.6,333.0432,17.54,0.8725,PASS_WARMTEMP,True,False,False,False,True,False,False,True,,83.832
2-hydroxyethyl(trimethyl)azanium;chloride,tetrabutylazanium;chloride,0.289,0.711,333.3,331.80072,17.58,0.87,PASS_WARMTEMP,True,False,False,False,True,False,False,True,,84.829
2-hydroxyethyl(trimethyl)azanium;chloride,1-ethyl-3-methylimidazol-3-ium;chloride,0.202,0.798,333.4,333.2551,17.2,0.8939,PASS_WARMTEMP,True,False,False,False,True,False,False,True,,84.502
2-hydroxyethyl(trimethyl)azanium;chloride,2-(3-methylimidazol-3-ium-1-yl)ethanol;chloride,0.398,0.602,333.5,334.1384,17.21,0.8936,PASS_WARMTEMP,True,False,False,False,True,False,False,True,,83.71
2-hydroxyethyl(trimethyl)azanium;chloride,2-(3-methylimidazol-3-ium-1-yl)ethanol;chloride,0.4,0.6,333.7,332.0534,17.22,0.8928,PASS_WARMTEMP,True,False,False,False,True,False,False,True,,85.518
2-hydroxyethyl(trimethyl)azanium;chloride,1-ethyl-3-methylimidazol-3-ium;chloride,0.2,0.8,334.3,334.18207,17.21,0.8936,PASS_WARMTEMP,True,False,False,False,True,False,False,True,,83.672
2-hydroxyethyl(trimethyl)azanium;chloride,1-ethyl-3-methylimidazol-3-ium;chloride,0.501,0.499,337.1,336.51404,18.18,0.8314,PASS_WARMTEMP,True,False,False,False,True,False,False,True,,79.126
2-hydroxyethyl(trimethyl)azanium;chloride,benzyl-(2-hydroxyethyl)-dimethylazanium;chloride,0.114,0.886,338.8,340.55576,17.74,0.8596,PASS_WARMTEMP,True,False,False,False,True,False,False,True,,76.688
2-hydroxyethyl(trimethyl)azanium;chloride,2-hydroxyethyl(trimethyl)azanium;acetate,0.198,0.802,338.9,338.62997,18.89,0.7853,PASS_WARMTEMP,True,False,False,False,True,False,False,True,,75.415
2-hydroxyethyl(trimethyl)azanium;chloride,2-(3-methylimidazol-3-ium-1-yl)ethanol;chloride,0.302,0.698,340.5,339.6045,17.2,0.8943,PASS_WARMTEMP,True,False,False,False,True,False,False,True,,78.915
2-hydroxyethyl(trimethyl)azanium;chloride,2-hydroxyethyl(trimethyl)azanium;acetate,0.501,0.499,340.8,339.5613,17.7,0.8618,PASS_WARMTEMP,True,False,False,False,True,False,False,True,,77.653
2-hydroxyethyl(trimethyl)azanium;chloride,2-(3-methylimidazol-3-ium-1-yl)ethanol;chloride,0.301,0.699,340.9,341.3433,17.2,0.8939,PASS_WARMTEMP,True,False,False,False,True,False,False,True,,77.365
2-hydroxyethyl(trimethyl)azanium;chloride,tetrabutylazanium;chloride,0.191,0.809,341.3,341.08173,18.34,0.8211,PASS_WARMTEMP,True,False,False,False,True,False,False,True,,74.684
2-hydroxyethyl(trimethyl)azanium;chloride,tetrabutylazanium;chloride,0.114,0.886,341.6,341.19467,19.62,0.7386,PASS_WARMTEMP,True,False,False,False,True,False,False,True,,71.284
2-hydroxyethyl(trimethyl)azanium;chloride,benzyl-(2-hydroxyethyl)-dimethylazanium;chloride,0.499,0.501,341.7,341.19287,18.03,0.8411,PASS_WARMTEMP,True,False,False,False,True,False,False,True,,75.386
2-hydroxyethyl(trimethyl)azanium;chloride,1-ethyl-3-methylimidazol-3-ium;chloride,0.1,0.9,343.5,343.68613,17.65,0.8653,OUTSIDE_TARGET_RANGE,True,False,False,False,False,False,False,True,,
2-hydroxyethyl(trimethyl)azanium;chloride,1-ethyl-3-methylimidazol-3-ium;chloride,0.103,0.897,344.1,343.43256,17.61,0.8675,OUTSIDE_TARGET_RANGE,True,False,False,False,False,False,False,True,,
2-hydroxyethyl(trimethyl)azanium;chloride,2-(3-methylimidazol-3-ium-1-yl)ethanol;chloride,0.201,0.799,345.5,345.88632,17.23,0.8925,OUTSIDE_TARGET_RANGE,True,False,False,False,False,False,False,True,,
2-hydroxyethyl(trimethyl)azanium;chloride,benzyl-(2-hydroxyethyl)-dimethylazanium;chloride,0.101,0.899,345.8,343.79626,17.92,0.8478,OUTSIDE_TARGET_RANGE,True,False,False,False,False,False,False,True,,
2-hydroxyethyl(trimethyl)azanium;chloride,2-(3-methylimidazol-3-ium-1-yl)ethanol;chloride,0.2,0.8,346.1,345.78397,17.22,0.8928,OUTSIDE_TARGET_RANGE,True,False,False,False,False,False,False,True,,
2-hydroxyethyl(trimethyl)azanium;chloride,2-(3-methylimidazol-3-ium-1-yl)ethanol;chloride,0.6,0.4,351.7,353.22437,18.83,0.7891,OUTSIDE_TARGET_RANGE,True,False,False,False,False,False,False,True,,
2-hydroxyethyl(trimethyl)azanium;chloride,2-(3-methylimidazol-3-ium-1-yl)ethanol;chloride,0.102,0.898,352.6,353.43506,17.75,0.8588,OUTSIDE_TARGET_RANGE,True,False,False,False,False,False,False,True,,
2-hydroxyethyl(trimethyl)azanium;chloride,2-(3-methylimidazol-3-ium-1-yl)ethanol;chloride,0.1,0.9,352.8,352.1174,17.77,0.8574,OUTSIDE_TARGET_RANGE,True,False,False,False,False,False,False,True,,
2-hydroxyethyl(trimethyl)azanium;chloride,2-hydroxyethyl(trimethyl)azanium;acetate,0.119,0.881,353.5,352.18204,20.21,0.7007,OUTSIDE_TARGET_RANGE,True,False,False,False,False,False,False,True,,
tetramethylazanium;chloride,tetrapropylazanium;chloride,0.401,0.599,360.7,363.80353,18.87,0.7868,OUTSIDE_TARGET_RANGE,True,False,False,False,False,False,False,True,,
2-hydroxyethyl(trimethyl)azanium;chloride,1-butylpyridin-1-ium;chloride,0.399,0.601,363.32,364.20398,17.18,0.8953,OUTSIDE_TARGET_RANGE,True,False,False,False,False,False,False,True,,
2-hydroxyethyl(trimethyl)azanium;chloride,tetrabutylazanium;chloride,0.606,0.394,368.4,369.54825,17.83,0.8536,REJECTED_DES_RULE,False,False,True,False,False,False,False,True,,
2-hydroxyethyl(trimethyl)azanium;chloride,1-butylpyridin-1-ium;chloride,0.351,0.649,368.52,367.94806,17.19,0.895,OUTSIDE_TARGET_RANGE,True,False,False,False,False,False,False,True,,
2-hydroxyethyl(trimethyl)azanium;chloride,1-butylpyridin-1-ium;chloride,0.449,0.551,373.9,374.6354,17.21,0.8936,OUTSIDE_TARGET_RANGE,True,False,False,False,False,False,False,True,,
2-hydroxyethyl(trimethyl)azanium;chloride,1-butylpyridin-1-ium;chloride,0.303,0.697,375.15,374.67514,17.2,0.8939,OUTSIDE_TARGET_RANGE,True,False,False,False,False,False,False,True,,
2-hydroxyethyl(trimethyl)azanium;chloride,1-ethyl-3-methylimidazol-3-ium;chloride,0.6,0.4,377.0,375.7561,17.2,0.8939,REJECTED_DES_RULE,False,False,True,False,False,False,False,True,,
2-hydroxyethyl(trimethyl)azanium;chloride,1-ethyl-3-methylimidazol-3-ium;chloride,0.601,0.399,377.5,378.31403,17.2,0.8943,REJECTED_DES_RULE,False,False,True,False,False,False,False,True,,
2-hydroxyethyl(trimethyl)azanium;chloride,2-hydroxyethyl(trimethyl)azanium;acetate,0.6,0.4,382.9,382.85236,16.86,0.9161,REJECTED_DES_RULE,False,False,True,False,False,False,False,True,,
2-hydroxyethyl(trimethyl)azanium;chloride,2-hydroxyethyl(trimethyl)azanium;acetate,0.601,0.399,383.6,383.62305,16.85,0.9164,REJECTED_DES_RULE,False,False,True,False,False,False,False,True,,
2-hydroxyethyl(trimethyl)azanium;chloride,1-butylpyridin-1-ium;chloride,0.251,0.749,384.48,384.73627,17.23,0.8921,OUTSIDE_TARGET_RANGE,True,False,False,False,False,False,False,True,,
2-hydroxyethyl(trimethyl)azanium;chloride,1-butylpyridin-1-ium;chloride,0.498,0.502,386.6,385.74918,17.22,0.8928,OUTSIDE_TARGET_RANGE,True,False,False,False,False,False,False,True,,
2-hydroxyethyl(trimethyl)azanium;chloride,1-butylpyridin-1-ium;chloride,0.202,0.798,387.58,387.665,17.24,0.8918,OUTSIDE_TARGET_RANGE,True,False,False,False,False,False,False,True,,
2-hydroxyethyl(trimethyl)azanium;chloride,benzyl-(2-hydroxyethyl)-dimethylazanium;chloride,0.599,0.401,393.5,393.79144,16.96,0.9096,REJECTED_DES_RULE,False,False,True,False,False,False,False,True,,
2-hydroxyethyl(trimethyl)azanium;chloride,1-butylpyridin-1-ium;chloride,0.15,0.85,393.78,393.3785,17.23,0.8921,OUTSIDE_TARGET_RANGE,True,False,False,False,False,False,False,True,,
2-hydroxyethyl(trimethyl)azanium;chloride,benzyl-(2-hydroxyethyl)-dimethylazanium;chloride,0.601,0.399,397.5,397.2736,16.95,0.9104,REJECTED_DES_RULE,False,False,True,False,False,False,False,True,,
2-hydroxyethyl(trimethyl)azanium;chloride,1-butylpyridin-1-ium;chloride,0.101,0.899,397.98,397.51508,17.48,0.8762,OUTSIDE_TARGET_RANGE,True,False,False,False,False,False,False,True,,
2-hydroxyethyl(trimethyl)azanium;chloride,2-(3-methylimidazol-3-ium-1-yl)ethanol;chloride,0.699,0.301,403.2,404.64926,18.3,0.8234,REJECTED_DES_RULE,False,False,True,False,False,False,False,True,,
2-hydroxyethyl(trimethyl)azanium;chloride,1-butylpyridin-1-ium;chloride,0.55,0.45,403.4,401.67935,17.23,0.8921,OUTSIDE_TARGET_RANGE,True,False,False,False,False,False,False,True,,
2-hydroxyethyl(trimethyl)azanium;chloride,1-butylpyridin-1-ium;chloride,0.05,0.95,403.55,404.2237,18.13,0.8345,OUTSIDE_TARGET_RANGE,True,False,False,False,False,False,False,True,,
tetramethylazanium;chloride,tetrapropylazanium;chloride,0.303,0.697,405.6,405.51614,18.88,0.7864,OUTSIDE_TARGET_RANGE,True,False,False,False,False,False,False,True,,
2-hydroxyethyl(trimethyl)azanium;chloride,2-methoxyethyl(trimethyl)azanium;chloride,0.498,0.502,411.7,413.6937,18.86,0.7871,OUTSIDE_TARGET_RANGE,True,False,False,False,False,False,False,True,,
2-hydroxyethyl(trimethyl)azanium;chloride,2-hydroxyethyl(trimethyl)azanium;acetate,0.667,0.333,415.5,416.25876,16.78,0.9211,REJECTED_DES_RULE,False,False,True,False,False,False,False,True,,
2-hydroxyethyl(trimethyl)azanium;chloride,2-methoxyethyl(trimethyl)azanium;chloride,0.399,0.601,416.4,414.7635,19.15,0.7686,OUTSIDE_TARGET_RANGE,True,False,False,False,False,False,False,True,,
2-hydroxyethyl(trimethyl)azanium;chloride,2-hydroxyethyl(trimethyl)azanium;acetate,0.668,0.332,416.7,416.25876,16.79,0.9207,REJECTED_DES_RULE,False,False,True,False,False,False,False,True,,
2-hydroxyethyl(trimethyl)azanium;chloride,2-methoxyethyl(trimethyl)azanium;chloride,0.301,0.699,417.7,417.6306,19.13,0.7703,OUTSIDE_TARGET_RANGE,True,False,False,False,False,False,False,True,,
2-hydroxyethyl(trimethyl)azanium;chloride,1-butylpyridin-1-ium;chloride,0.598,0.402,418.9,420.2674,17.23,0.8921,REJECTED_DES_RULE,False,False,True,False,False,False,False,True,,
2-hydroxyethyl(trimethyl)azanium;chloride,1-butyl-1-methylpyrrolidin-1-ium;chloride,0.622,0.378,419.6,419.25247,17.09,0.9011,OUTSIDE_TARGET_RANGE,True,False,False,False,False,False,False,True,,
2-hydroxyethyl(trimethyl)azanium;chloride,1-butyl-1-methylpyrrolidin-1-ium;chloride,0.626,0.374,419.9,420.41797,17.07,0.9025,OUTSIDE_TARGET_RANGE,True,False,False,False,False,False,False,True,,
2-hydroxyethyl(trimethyl)azanium;chloride,tetrabutylazanium;chloride,0.696,0.304,421.4,422.561,17.81,0.855,REJECTED_DES_RULE,False,False,True,False,False,False,False,True,,
tetramethylazanium;chloride,tetrapropylazanium;chloride,0.502,0.498,421.5,422.10858,18.86,0.7875,OUTSIDE_TARGET_RANGE,True,False,False,False,False,False,False,True,,
2-hydroxyethyl(trimethyl)azanium;chloride,tetrabutylazanium;chloride,0.692,0.308,422.7,419.80908,17.79,0.8561,REJECTED_DES_RULE,False,False,True,False,False,False,False,True,,
2-hydroxyethyl(trimethyl)azanium;chloride,1-ethyl-3-methylimidazol-3-ium;chloride,0.699,0.301,425.5,424.82352,17.2,0.8939,REJECTED_DES_RULE,False,False,True,False,False,False,False,True,,
2-hydroxyethyl(trimethyl)azanium;chloride,1-ethyl-3-methylimidazol-3-ium;chloride,0.698,0.302,427.6,428.26346,17.2,0.8943,REJECTED_DES_RULE,False,False,True,False,False,False,False,True,,
2-hydroxyethyl(trimethyl)azanium;chloride,1-butyl-1-methylpyrrolidin-1-ium;chloride,0.523,0.477,429.4,429.3035,17.22,0.8928,OUTSIDE_TARGET_RANGE,True,False,False,False,False,False,False,True,,
2-hydroxyethyl(trimethyl)azanium;chloride,1-butyl-1-methylpyrrolidin-1-ium;chloride,0.537,0.463,430.0,431.12326,17.19,0.895,OUTSIDE_TARGET_RANGE,True,False,False,False,False,False,False,True,,
2-hydroxyethyl(trimethyl)azanium;chloride,benzyl-(2-hydroxyethyl)-dimethylazanium;chloride,0.672,0.328,431.6,432.0216,17.08,0.9018,REJECTED_DES_RULE,False,False,True,False,False,False,False,True,,
2-hydroxyethyl(trimethyl)azanium;chloride,benzyl-(2-hydroxyethyl)-dimethylazanium;chloride,0.677,0.323,432.1,431.7875,17.11,0.9,REJECTED_DES_RULE,False,False,True,False,False,False,False,True,,
2-hydroxyethyl(trimethyl)azanium;chloride,2-methoxyethyl(trimethyl)azanium;chloride,0.106,0.894,433.1,434.3709,20.37,0.6901,OUTSIDE_TARGET_RANGE,True,False,False,False,False,False,False,True,,
2-hydroxyethyl(trimethyl)azanium;chloride,2-methoxyethyl(trimethyl)azanium;chloride,0.148,0.852,433.3,432.60272,19.91,0.7201,OUTSIDE_TARGET_RANGE,True,False,False,False,False,False,False,True,,
2-hydroxyethyl(trimethyl)azanium;chloride,1-butyl-1-methylpyrrolidin-1-ium;chloride,0.431,0.569,437.3,437.45975,17.27,0.8896,OUTSIDE_TARGET_RANGE,True,False,False,False,False,False,False,True,,
2-hydroxyethyl(trimethyl)azanium;chloride,1-butyl-1-methylpyrrolidin-1-ium;chloride,0.428,0.572,437.8,437.45975,17.29,0.8886,OUTSIDE_TARGET_RANGE,True,False,False,False,False,False,False,True,,
tetramethylazanium;chloride,tetrapropylazanium;chloride,0.202,0.798,439.8,439.6763,18.59,0.805,OUTSIDE_TARGET_RANGE,True,False,False,False,False,False,False,True,,
2-hydroxyethyl(trimethyl)azanium;chloride,1-butylpyridin-1-ium;chloride,0.651,0.349,443.1,442.57523,17.34,0.8853,REJECTED_DES_RULE,False,False,True,False,False,False,False,True,,
2-hydroxyethyl(trimethyl)azanium;chloride,1-butyl-1-methylpyrrolidin-1-ium;chloride,0.315,0.685,445.5,446.19626,17.44,0.8786,OUTSIDE_TARGET_RANGE,True,False,False,False,False,False,False,True,,
2-hydroxyethyl(trimethyl)azanium;chloride,1-butyl-1-methylpyrrolidin-1-ium;chloride,0.323,0.677,445.9,446.57645,17.4,0.8814,OUTSIDE_TARGET_RANGE,True,False,False,False,False,False,False,True,,
tetramethylazanium;chloride,tetraethylazanium;chloride,0.4,0.6,447.7,446.73944,18.88,0.7861,OUTSIDE_TARGET_RANGE,True,False,False,False,False,False,False,True,,
2-hydroxyethyl(trimethyl)azanium;chloride,2-methoxyethyl(trimethyl)azanium;chloride,0.599,0.401,453.7,453.5909,18.89,0.7857,REJECTED_DES_RULE,False,False,True,False,False,False,False,True,,
2-hydroxyethyl(trimethyl)azanium;chloride,1-butyl-1-methylpyrrolidin-1-ium;chloride,0.717,0.283,456.6,459.00253,17.09,0.9014,OUTSIDE_TARGET_RANGE,True,False,False,False,False,False,False,True,,
2-hydroxyethyl(trimethyl)azanium;chloride,1-butyl-1-methylpyrrolidin-1-ium;chloride,0.715,0.285,456.7,453.36157,17.08,0.9021,OUTSIDE_TARGET_RANGE,True,False,False,False,False,False,False,True,,
2-hydroxyethyl(trimethyl)azanium;chloride,1-butyl-1-methylpyrrolidin-1-ium;chloride,0.212,0.788,458.6,457.6178,17.75,0.8586,OUTSIDE_TARGET_RANGE,True,False,False,False,False,False,False,True,,
tetramethylazanium;chloride,tetraethylazanium;chloride,0.3,0.7,459.0,459.71347,18.83,0.7896,OUTSIDE_TARGET_RANGE,True,False,False,False,False,False,False,True,,
2-hydroxyethyl(trimethyl)azanium;chloride,2-hydroxyethyl(trimethyl)azanium;acetate,0.754,0.246,459.4,458.28607,17.17,0.8961,REJECTED_DES_RULE,False,False,True,False,False,False,False,True,,
2-hydroxyethyl(trimethyl)azanium;chloride,1-butyl-1-methylpyrrolidin-1-ium;chloride,0.122,0.878,463.3,463.28165,17.69,0.8625,OUTSIDE_TARGET_RANGE,True,False,False,False,False,False,False,True,,
2-hydroxyethyl(trimethyl)azanium;chloride,1-butyl-1-methylpyrrolidin-1-ium;chloride,0.12,0.88,463.4,463.28165,17.7,0.8618,OUTSIDE_TARGET_RANGE,True,False,False,False,False,False,False,True,,
2-hydroxyethyl(trimethyl)azanium;chloride,1-butylpyridin-1-ium;chloride,0.699,0.301,463.6,464.13763,17.34,0.885,REJECTED_DES_RULE,False,False,True,False,False,False,False,True,,
tetramethylazanium;chloride,tetrapropylazanium;chloride,0.6,0.4,465.5,463.4958,18.85,0.7878,OUTSIDE_TARGET_RANGE,True,False,False,False,False,False,False,True,,
2-hydroxyethyl(trimethyl)azanium;chloride,tetrabutylazanium;chloride,0.803,0.197,471.2,471.96255,17.88,0.8503,REJECTED_DES_RULE,False,False,True,False,False,False,False,True,,
2-hydroxyethyl(trimethyl)azanium;chloride,2-hydroxyethyl(trimethyl)azanium;acetate,0.785,0.215,471.4,471.9047,17.33,0.8861,REJECTED_DES_RULE,False,False,True,False,False,False,False,True,,
2-hydroxyethyl(trimethyl)azanium;chloride,tetramethylazanium;chloride,0.495,0.505,473.4,472.75204,18.73,0.7957,OUTSIDE_TARGET_RANGE,True,False,False,False,False,False,False,True,,
2-hydroxyethyl(trimethyl)azanium;chloride,2-(3-methylimidazol-3-ium-1-yl)ethanol;chloride,0.799,0.201,473.6,472.69574,17.77,0.8578,REJECTED_DES_RULE,False,False,True,False,False,False,False,True,,
2-hydroxyethyl(trimethyl)azanium;chloride,azanium;chloride,0.494,0.506,473.8,474.50717,19.88,0.7221,OUTSIDE_TARGET_RANGE,True,False,False,False,False,False,False,True,,
2-hydroxyethyl(trimethyl)azanium;chloride,2-(3-methylimidazol-3-ium-1-yl)ethanol;chloride,0.797,0.203,473.9,472.98236,17.77,0.8578,REJECTED_DES_RULE,False,False,True,False,False,False,False,True,,
tetramethylazanium;chloride,tetraethylazanium;chloride,0.5,0.5,475.7,475.89056,18.86,0.7875,OUTSIDE_TARGET_RANGE,True,False,False,False,False,False,False,True,,
tetramethylazanium;chloride,tetrapropylazanium;chloride,0.103,0.897,477.5,477.78662,19.14,0.7696,OUTSIDE_TARGET_RANGE,True,False,False,False,False,False,False,True,,
2-hydroxyethyl(trimethyl)azanium;chloride,tetrapropylazanium;chloride,0.511,0.489,478.2,477.2319,20.11,0.7068,OUTSIDE_TARGET_RANGE,True,False,False,False,False,False,False,True,,
2-hydroxyethyl(trimethyl)azanium;chloride,1-ethyl-3-methylimidazol-3-ium;chloride,0.798,0.202,478.8,479.24915,17.78,0.8568,REJECTED_DES_RULE,False,False,True,False,False,False,False,True,,
2-hydroxyethyl(trimethyl)azanium;chloride,benzyl-(2-hydroxyethyl)-dimethylazanium;chloride,0.8,0.2,479.5,479.56702,17.39,0.8821,REJECTED_DES_RULE,False,False,True,False,False,False,False,True,,
2-hydroxyethyl(trimethyl)azanium;chloride,benzyl-(2-hydroxyethyl)-dimethylazanium;chloride,0.798,0.202,482.0,482.42587,17.4,0.8814,REJECTED_DES_RULE,False,False,True,False,False,False,False,True,,
2-hydroxyethyl(trimethyl)azanium;chloride,1-butylpyridin-1-ium;chloride,0.77,0.23,483.6,483.74768,17.21,0.8932,REJECTED_DES_RULE,False,False,True,False,False,False,False,True,,
2-hydroxyethyl(trimethyl)azanium;chloride,tetrapropylazanium;chloride,0.404,0.596,484.8,482.8014,20.65,0.6721,OUTSIDE_TARGET_RANGE,True,False,False,False,False,False,False,True,,
tetramethylazanium;chloride,tetrapropylazanium;chloride,0.055,0.945,489.7,488.44815,19.94,0.7182,OUTSIDE_TARGET_RANGE,True,False,False,False,False,False,False,True,,
tetramethylazanium;chloride,tetraethylazanium;chloride,0.2,0.8,490.9,491.91852,18.45,0.8139,OUTSIDE_TARGET_RANGE,True,False,False,False,False,False,False,True,,
2-hydroxyethyl(trimethyl)azanium;chloride,2-methoxyethyl(trimethyl)azanium;chloride,0.697,0.303,491.2,490.79596,18.9,0.785,REJECTED_DES_RULE,False,False,True,False,False,False,False,True,,
2-hydroxyethyl(trimethyl)azanium;chloride,1-butyl-1-methylpyrrolidin-1-ium;chloride,0.805,0.195,493.5,495.39447,17.47,0.8768,REJECTED_DES_RULE,False,False,True,False,False,False,False,True,,
2-hydroxyethyl(trimethyl)azanium;chloride,tetramethylazanium;chloride,0.581,0.419,493.6,494.26593,18.91,0.7843,OUTSIDE_TARGET_RANGE,True,False,False,False,False,False,False,True,,
2-hydroxyethyl(trimethyl)azanium;chloride,tetrapropylazanium;chloride,0.2,0.8,496.6,495.1327,20.88,0.6575,OUTSIDE_TARGET_RANGE,True,False,False,False,False,False,False,True,,
2-hydroxyethyl(trimethyl)azanium;chloride,tetramethylazanium;chloride,0.397,0.603,497.7,497.87674,18.7,0.7978,OUTSIDE_TARGET_RANGE,True,False,False,False,False,False,False,True,,
[N1111]Cl,[NH4]Cl,0.4,0.6,497.82,498.30988,18.87,0.7868,OUTSIDE_TARGET_RANGE,True,False,False,False,False,False,False,True,,
2-hydroxyethyl(trimethyl)azanium;chloride,2-hydroxyethyl(trimethyl)azanium;acetate,0.841,0.159,498.7,499.48557,17.01,0.9061,REJECTED_DES_RULE,False,False,True,False,False,False,False,True,,
2-hydroxyethyl(trimethyl)azanium;chloride,tetrapropylazanium;chloride,0.101,0.899,500.4,502.5118,21.63,0.6093,REJECTED_DES_RULE,False,False,True,False,False,False,False,True,,
2-hydroxyethyl(trimethyl)azanium;chloride,1-butylpyridin-1-ium;chloride,0.801,0.199,503.1,503.0089,17.09,0.9011,REJECTED_DES_RULE,False,False,True,False,False,False,False,True,,
2-hydroxyethyl(trimethyl)azanium;chloride,tetraethylazanium;chloride,0.497,0.503,503.3,503.0603,18.46,0.8132,OUTSIDE_TARGET_RANGE,True,False,False,False,False,False,False,True,,
2-hydroxyethyl(trimethyl)azanium;chloride,azanium;chloride,0.695,0.305,503.8,504.0993,19.6,0.7399,OUTSIDE_TARGET_RANGE,True,False,False,False,False,False,False,True,,
tetramethylazanium;chloride,tetraethylazanium;chloride,0.599,0.401,507.7,507.28784,18.87,0.7868,OUTSIDE_TARGET_RANGE,True,False,False,False,False,False,False,True,,
2-hydroxyethyl(trimethyl)azanium;chloride,azanium;chloride,0.384,0.616,510.0,508.60297,19.21,0.7651,OUTSIDE_TARGET_RANGE,True,False,False,False,False,False,False,True,,
tetramethylazanium;chloride,tetraethylazanium;chloride,0.111,0.889,512.9,510.15225,18.94,0.7821,OUTSIDE_TARGET_RANGE,True,False,False,False,False,False,False,True,,
2-hydroxyethyl(trimethyl)azanium;chloride,azanium;chloride,0.763,0.237,513.6,513.77295,19.62,0.7388,OUTSIDE_TARGET_RANGE,True,False,False,False,False,False,False,True,,
2-hydroxyethyl(trimethyl)azanium;chloride,tetraethylazanium;chloride,0.403,0.597,514.6,515.213,18.76,0.7939,OUTSIDE_TARGET_RANGE,True,False,False,False,False,False,False,True,,
tetramethylazanium;chloride,tetrapropylazanium;chloride,0.699,0.301,515.2,515.53455,18.86,0.7875,REJECTED_DES_RULE,False,False,True,False,False,False,False,True,,
2-hydroxyethyl(trimethyl)azanium;chloride,tetraethylazanium;chloride,0.596,0.404,515.8,515.6034,17.59,0.8689,OUTSIDE_TARGET_RANGE,True,False,False,False,False,False,False,True,,
2-hydroxyethyl(trimethyl)azanium;chloride,2-(3-methylimidazol-3-ium-1-yl)ethanol;chloride,0.899,0.101,517.4,517.6661,18.86,0.7877,REJECTED_DES_RULE,False,False,True,False,False,False,False,True,,
2-hydroxyethyl(trimethyl)azanium;chloride,tetrabutylazanium;chloride,0.906,0.094,518.3,519.00464,18.51,0.81,REJECTED_DES_RULE,False,False,True,False,False,False,False,True,,
2-hydroxyethyl(trimethyl)azanium;chloride,tetrapropylazanium;chloride,0.708,0.292,518.8,519.9337,18.3,0.8236,REJECTED_DES_RULE,False,False,True,False,False,False,False,True,,
[N1111]Cl,[NH4]Cl,0.499,0.501,518.9,518.55743,18.88,0.7861,OUTSIDE_TARGET_RANGE,True,False,False,False,False,False,False,True,,
2-hydroxyethyl(trimethyl)azanium;chloride,tetramethylazanium;chloride,0.694,0.306,520.0,519.89624,19.03,0.7764,OUTSIDE_TARGET_RANGE,True,False,False,False,False,False,False,True,,
2-hydroxyethyl(trimethyl)azanium;chloride,tetrabutylazanium;chloride,0.901,0.099,520.4,519.93054,18.43,0.8153,REJECTED_DES_RULE,False,False,True,False,False,False,False,True,,
tetramethylazanium;chloride,tetraethylazanium;chloride,0.068,0.932,520.9,521.31134,19.66,0.7361,OUTSIDE_TARGET_RANGE,True,False,False,False,False,False,False,True,,
2-hydroxyethyl(trimethyl)azanium;chloride,tetraethylazanium;chloride,0.642,0.358,522.3,523.152,17.34,0.8853,OUTSIDE_TARGET_RANGE,True,False,False,False,False,False,False,True,,
2-hydroxyethyl(trimethyl)azanium;chloride,2-methoxyethyl(trimethyl)azanium;chloride,0.8,0.2,523.0,521.80493,19.47,0.7482,REJECTED_DES_RULE,False,False,True,False,False,False,False,True,,
2-hydroxyethyl(trimethyl)azanium;chloride,1-butylpyridin-1-ium;chloride,0.848,0.152,523.7,523.44037,17.33,0.8855,REJECTED_DES_RULE,False,False,True,False,False,False,False,True,,
2-hydroxyethyl(trimethyl)azanium;chloride,1-ethyl-3-methylimidazol-3-ium;chloride,0.898,0.102,525.6,525.64343,18.07,0.8381,REJECTED_DES_RULE,False,False,True,False,False,False,False,True,,
2-hydroxyethyl(trimethyl)azanium;chloride,1-ethyl-3-methylimidazol-3-ium;chloride,0.9,0.1,525.7,525.49243,18.09,0.8372,REJECTED_DES_RULE,False,False,True,False,False,False,False,True,,
2-hydroxyethyl(trimethyl)azanium;chloride,tetramethylazanium;chloride,0.306,0.694,525.7,526.4377,18.81,0.7907,OUTSIDE_TARGET_RANGE,True,False,False,False,False,False,False,True,,
2-hydroxyethyl(trimethyl)azanium;chloride,tetraethylazanium;chloride,0.312,0.688,526.4,524.11664,18.74,0.795,OUTSIDE_TARGET_RANGE,True,False,False,False,False,False,False,True,,
[N1111]Cl,[NH4]Cl,0.301,0.699,527.35,527.68915,18.88,0.7864,OUTSIDE_TARGET_RANGE,True,False,False,False,False,False,False,True,,
2-hydroxyethyl(trimethyl)azanium;chloride,1-butyl-1-methylpyrrolidin-1-ium;chloride,0.867,0.133,528.9,527.4672,17.38,0.8826,REJECTED_DES_RULE,False,False,True,False,False,False,False,True,,
2-hydroxyethyl(trimethyl)azanium;chloride,tetraethylazanium;chloride,0.204,0.796,530.4,531.6968,18.94,0.7823,OUTSIDE_TARGET_RANGE,True,False,False,False,False,False,False,True,,
2-hydroxyethyl(trimethyl)azanium;chloride,tetrapropylazanium;chloride,0.755,0.245,531.7,533.0425,17.77,0.8575,REJECTED_DES_RULE,False,False,True,False,False,False,False,True,,
tetramethylazanium;chloride,tetraethylazanium;chloride,0.696,0.304,532.3,533.8419,18.9,0.785,OUTSIDE_TARGET_RANGE,True,False,False,False,False,False,False,True,,
2-hydroxyethyl(trimethyl)azanium;chloride,tetraethylazanium;chloride,0.684,0.316,532.6,532.2493,17.14,0.8978,OUTSIDE_TARGET_RANGE,True,False,False,False,False,False,False,True,,
2-hydroxyethyl(trimethyl)azanium;chloride,tetraethylazanium;chloride,0.122,0.878,534.5,535.4837,19.6,0.7397,OUTSIDE_TARGET_RANGE,True,False,False,False,False,False,False,True,,
2-hydroxyethyl(trimethyl)azanium;chloride,benzyl-(2-hydroxyethyl)-dimethylazanium;chloride,0.906,0.094,535.4,535.5636,17.87,0.8509,REJECTED_DES_RULE,False,False,True,False,False,False,False,True,,
2-hydroxyethyl(trimethyl)azanium;chloride,2-hydroxyethyl(trimethyl)azanium;acetate,0.9,0.1,535.5,534.8535,16.75,0.9229,REJECTED_DES_RULE,False,False,True,False,False,False,False,True,,
2-hydroxyethyl(trimethyl)azanium;chloride,2-hydroxyethyl(trimethyl)azanium;acetate,0.902,0.098,535.6,535.2323,16.76,0.9221,REJECTED_DES_RULE,False,False,True,False,False,False,False,True,,
2-hydroxyethyl(trimethyl)azanium;chloride,benzyl-(2-hydroxyethyl)-dimethylazanium;chloride,0.899,0.101,535.7,534.9522,17.79,0.856,REJECTED_DES_RULE,False,False,True,False,False,False,False,True,,
2-hydroxyethyl(trimethyl)azanium;chloride,azanium;chloride,0.296,0.704,537.2,536.7309,18.73,0.7957,OUTSIDE_TARGET_RANGE,True,False,False,False,False,False,False,True,,
2-hydroxyethyl(trimethyl)azanium;chloride,azanium;chloride,0.879,0.121,539.9,540.05133,20.34,0.6924,OUTSIDE_TARGET_RANGE,True,False,False,False,False,False,False,True,,
[N1111]Cl,[NH4]Cl,0.6,0.4,540.6,541.3861,18.9,0.785,OUTSIDE_TARGET_RANGE,True,False,False,False,False,False,False,True,,
2-hydroxyethyl(trimethyl)azanium;chloride,tetraethylazanium;chloride,0.73,0.27,540.8,539.75415,17.3,0.8875,OUTSIDE_TARGET_RANGE,True,False,False,False,False,False,False,True,,
2-hydroxyethyl(trimethyl)azanium;chloride,tetramethylazanium;chloride,0.804,0.196,541.8,542.55804,19.15,0.7686,OUTSIDE_TARGET_RANGE,True,False,False,False,False,False,False,True,,
2-hydroxyethyl(trimethyl)azanium;chloride,tetrapropylazanium;chloride,0.784,0.216,542.9,540.9991,17.61,0.8678,REJECTED_DES_RULE,False,False,True,False,False,False,False,True,,
2-hydroxyethyl(trimethyl)azanium;chloride,1-butylpyridin-1-ium;chloride,0.898,0.102,543.6,543.85486,17.89,0.85,REJECTED_DES_RULE,False,False,True,False,False,False,False,True,,
2-hydroxyethyl(trimethyl)azanium;chloride,1-butyl-1-methylpyrrolidin-1-ium;chloride,0.91,0.09,546.4,547.2727,17.37,0.8829,REJECTED_DES_RULE,False,False,True,False,False,False,False,True,,
2-hydroxyethyl(trimethyl)azanium;chloride,tetraethylazanium;chloride,0.794,0.206,548.4,548.7609,17.48,0.8761,OUTSIDE_TARGET_RANGE,True,False,False,False,False,False,False,True,,
tetramethylazanium;chloride,tetrapropylazanium;chloride,0.798,0.202,551.8,551.3093,18.6,0.8039,REJECTED_DES_RULE,False,False,True,False,False,False,False,True,,
[N1111]Cl,[NH4]Cl,0.7,0.3,552.2,551.3375,18.9,0.785,OUTSIDE_TARGET_RANGE,True,False,False,False,False,False,False,True,,
2-hydroxyethyl(trimethyl)azanium;chloride,2-methoxyethyl(trimethyl)azanium;chloride,0.899,0.101,553.1,554.08984,20.77,0.6648,REJECTED_DES_RULE,False,False,True,False,False,False,False,True,,
2-hydroxyethyl(trimethyl)azanium;chloride,2-hydroxyethyl(trimethyl)azanium;acetate,0.94,0.06,557.2,557.2146,17.4,0.8814,REJECTED_DES_RULE,False,False,True,False,False,False,False,True,,
2-hydroxyethyl(trimethyl)azanium;chloride,tetraethylazanium;chloride,0.847,0.153,558.7,558.9021,17.38,0.8828,OUTSIDE_TARGET_RANGE,True,False,False,False,False,False,False,True,,
2-hydroxyethyl(trimethyl)azanium;chloride,1-butyl-1-methylpyrrolidin-1-ium;chloride,0.945,0.055,560.7,559.5541,17.8,0.8554,REJECTED_DES_RULE,False,False,True,False,False,False,False,True,,
tetramethylazanium;chloride,tetraethylazanium;chloride,0.801,0.199,563.1,563.23804,18.61,0.8032,OUTSIDE_TARGET_RANGE,True,False,False,False,False,False,False,True,,
2-hydroxyethyl(trimethyl)azanium;chloride,tetrapropylazanium;chloride,0.882,0.118,563.2,562.5466,18.15,0.8328,REJECTED_DES_RULE,False,False,True,False,False,False,False,True,,
2-hydroxyethyl(trimethyl)azanium;chloride,tetramethylazanium;chloride,0.204,0.796,563.6,562.96936,18.98,0.7794,OUTSIDE_TARGET_RANGE,True,False,False,False,False,False,False,True,,
2-hydroxyethyl(trimethyl)azanium;chloride,tetraethylazanium;chloride,0.914,0.086,564.0,564.1884,17.75,0.8589,OUTSIDE_TARGET_RANGE,True,False,False,False,False,False,False,True,,
[N1111]Cl,[NH4]Cl,0.801,0.199,565.6,565.71893,18.58,0.8053,OUTSIDE_TARGET_RANGE,True,False,False,False,False,False,False,True,,
2-hydroxyethyl(trimethyl)azanium;chloride,tetramethylazanium;chloride,0.898,0.102,567.5,566.1738,19.68,0.7346,OUTSIDE_TARGET_RANGE,True,False,False,False,False,False,False,True,,
2-hydroxyethyl(trimethyl)azanium;chloride,azanium;chloride,0.2,0.8,568.6,570.9127,19.16,0.7681,OUTSIDE_TARGET_RANGE,True,False,False,False,False,False,False,True,,
2-hydroxyethyl(trimethyl)azanium;chloride,tetraethylazanium;chloride,0.938,0.062,568.7,568.84375,18.15,0.8332,OUTSIDE_TARGET_RANGE,True,False,False,False,False,False,False,True,,
2-hydroxyethyl(trimethyl)azanium;chloride,tetrapropylazanium;chloride,0.951,0.049,573.4,574.4361,19.3,0.7589,REJECTED_DES_RULE,False,False,True,False,False,False,False,True,,
[N1111]Cl,[NH4]Cl,0.201,0.799,573.78,572.6582,19.43,0.7507,OUTSIDE_TARGET_RANGE,True,False,False,False,False,False,False,True,,
2-hydroxyethyl(trimethyl)azanium;chloride,tetramethylazanium;chloride,0.102,0.898,586.9,587.0776,19.83,0.7248,REJECTED_DES_RULE,False,True,False,False,False,False,False,True,,
tetramethylazanium;chloride,tetrapropylazanium;chloride,0.899,0.101,589.2,590.2584,19.16,0.7678,REJECTED_DES_RULE,False,False,True,False,False,False,False,True,,
[N1111]Cl,[NH4]Cl,0.9,0.1,593.8,594.17773,19.13,0.77,OUTSIDE_TARGET_RANGE,True,False,False,False,False,False,False,True,,
tetramethylazanium;chloride,tetraethylazanium;chloride,0.9,0.1,596.4,595.8106,19.16,0.7678,OUTSIDE_TARGET_RANGE,True,False,False,False,False,False,False,True,,
[N1111]Cl,[NH4]Cl,0.1,0.9,597.88,598.2066,20.81,0.6618,OUTSIDE_TARGET_RANGE,True,False,False,False,False,False,False,True,,
2-hydroxyethyl(trimethyl)azanium;chloride,azanium;chloride,0.106,0.894,598.8,597.2031,20.2,0.7009,REJECTED_DES_RULE,False,True,False,False,False,False,False,True,,
[N1111]Cl,[NH4]Cl,0.945,0.055,601.7,600.9879,19.88,0.7218,OUTSIDE_TARGET_RANGE,True,False,False,False,False,False,False,True,,
tetramethylazanium;chloride,tetraethylazanium;chloride,0.946,0.054,601.9,602.34174,19.92,0.7193,OUTSIDE_TARGET_RANGE,True,False,False,False,False,False,False,True,,
tetramethylazanium;chloride,tetrapropylazanium;chloride,0.949,0.051,603.0,601.99927,19.97,0.7158,REJECTED_DES_RULE,False,False,True,False,False,False,False,True,,
