Component#1,Component#2,X#1 (molar fraction),X#2 (molar fraction),"Tmelt, K",predicted_Tmelt_K,uncertainty_K,similarity_score,screening_status,passes_DES_rule,violation_T1,violation_T2,RoomTemp_flag,WarmTemp_flag,feature_extrapolation,high_uncertainty,physically_reasonable,ranking_score_room,ranking_score_warm
butyl(triphenyl)phosphanium;bromide,"ethane-1,2-diol",0.076923,0.923077,182.51,182.43736,21.82,0.7459,OUTSIDE_TARGET_RANGE,True,False,False,False,False,False,False,True,,
methyl(trioctyl)azanium;chloride,"benzene-1,4-diol",0.5,0.5,195.15,195.49387,27.31,0.4306,OUTSIDE_TARGET_RANGE,True,False,False,False,False,False,True,True,,
tetrabutylazanium;bromide,2-[bis(2-hydroxyethyl)amino]ethanol,0.25,0.75,196.57,198.23154,19.82,0.8609,OUTSIDE_TARGET_RANGE,True,False,False,False,False,False,False,True,,
tetraheptylazanium;chloride,2-[4-(2-methylpropyl)phenyl]propanoic acid,0.7,0.3,200.33,200.7011,27.77,0.404,OUTSIDE_TARGET_RANGE,True,False,False,False,False,False,True,True,,
methyl(triphenyl)phosphanium;bromide,"2,2,2-trifluoroacetamide",0.111111,0.888889,203.86,204.90443,19.17,0.8982,OUTSIDE_TARGET_RANGE,True,False,False,False,False,False,False,True,,
methyl(triphenyl)phosphanium;bromide,"2,2,2-trifluoroacetamide",0.1111,0.8889,203.9,203.54518,19.17,0.8982,OUTSIDE_TARGET_RANGE,True,False,False,False,False,False,False,True,,
tetrabutylazanium;bromide,2-(2-hydroxyethylamino)ethanol,0.142857,0.857143,205.39,206.09378,21.12,0.7865,OUTSIDE_TARGET_RANGE,True,False,False,False,False,False,False,True,,
methyl(triphenyl)phosphanium;bromide,"2,2,2-trifluoroacetamide",0.090909,0.909091,206.11,205.51602,19.54,0.8769,OUTSIDE_TARGET_RANGE,True,False,False,False,False,False,False,True,,
methyl(triphenyl)phosphanium;bromide,"2,2,2-trifluoroacetamide",0.066667,0.933333,206.37,206.90604,20.88,0.8001,OUTSIDE_TARGET_RANGE,True,False,False,False,False,False,False,True,,
methyl(trioctyl)azanium;chloride,4-hydroxybenzonitrile,0.3333,0.6667,210.15,210.35545,28.57,0.3579,OUTSIDE_TARGET_RANGE,True,False,False,False,False,False,True,True,,
methyl(trioctyl)azanium;chloride,4-hydroxybenzonitrile,0.5,0.5,211.15,210.94037,27.68,0.409,OUTSIDE_TARGET_RANGE,True,False,False,False,False,False,True,True,,
methyl(triphenyl)phosphanium;bromide,"2,2,2-trifluoroacetamide",0.142857,0.857143,211.16,210.70552,20.57,0.8177,OUTSIDE_TARGET_RANGE,True,False,False,False,False,False,False,True,,
azanium;thiocyanate,"propane-1,2,3-triol",0.25,0.75,212.3,212.0999,21.09,0.7877,OUTSIDE_TARGET_RANGE,True,False,False,False,False,False,False,True,,
azanium;thiocyanate,"propane-1,2,3-triol",0.2,0.8,213.6,215.04797,21.08,0.7882,OUTSIDE_TARGET_RANGE,True,False,False,False,False,False,False,True,,
benzyl(tripropyl)azanium;chloride,2-hydroxypropanoic acid,0.245,0.755,216.279,216.78998,21.41,0.7697,OUTSIDE_TARGET_RANGE,True,False,False,False,False,False,False,True,,
benzyl(tripropyl)azanium;chloride,2-hydroxypropanoic acid,0.199,0.801,220.155,219.95908,21.59,0.759,OUTSIDE_TARGET_RANGE,True,False,False,False,False,False,False,True,,
benzyl(tripropyl)azanium;chloride,2-hydroxypropanoic acid,0.284,0.716,221.705,221.29774,21.14,0.7851,OUTSIDE_TARGET_RANGE,True,False,False,False,False,False,False,True,,
azanium;thiocyanate,"propane-1,2,3-triol",0.3333,0.6667,221.8,221.72244,21.13,0.7857,OUTSIDE_TARGET_RANGE,True,False,False,False,False,False,False,True,,
methyl(triphenyl)phosphanium;bromide,"ethane-1,2-diol",0.2,0.8,223.81,223.07077,19.68,0.869,OUTSIDE_TARGET_RANGE,True,False,False,False,False,False,False,True,,
methyl(triphenyl)phosphanium;bromide,"2,2,2-trifluoroacetamide",0.2,0.8,223.88,224.79175,22.64,0.6991,OUTSIDE_TARGET_RANGE,True,False,False,False,False,False,False,True,,
methyl(triphenyl)phosphanium;bromide,"ethane-1,2-diol",0.166667,0.833333,224.6,224.78374,19.78,0.8632,OUTSIDE_TARGET_RANGE,True,False,False,False,False,False,False,True,,
azanium;thiocyanate,"ethane-1,2-diol",0.25,0.75,225.7,224.17381,22.17,0.7257,OUTSIDE_TARGET_RANGE,True,False,False,False,False,False,False,True,,
benzyl(tripropyl)azanium;chloride,2-hydroxypropanoic acid,0.331,0.669,226.357,226.68991,22.1,0.7301,OUTSIDE_TARGET_RANGE,True,False,False,False,False,False,False,True,,
methyl(triphenyl)phosphanium;bromide,"ethane-1,2-diol",0.25,0.75,226.9,230.2681,20.9,0.7989,OUTSIDE_TARGET_RANGE,True,False,False,False,False,False,False,True,,
2-hydroxyethyl(trimethyl)azanium;chloride,"2,2,2-trifluoroacetamide",0.29,0.71,229.0,230.77602,20.42,0.8263,OUTSIDE_TARGET_RANGE,True,False,False,False,False,False,False,True,,
methyl(triphenyl)phosphanium;bromide,"ethane-1,2-diol",0.333333,0.666667,230.03,230.30682,22.08,0.731,OUTSIDE_TARGET_RANGE,True,False,False,False,False,False,False,True,,
tetrabutylazanium;chloride,"propane-1,2,3-triol",0.166667,0.833333,230.37,230.138,21.89,0.7422,OUTSIDE_TARGET_RANGE,True,False,False,False,False,False,False,True,,
tetrabutylazanium;chloride,"propane-1,2,3-triol",0.2,0.8,230.54,231.8539,21.21,0.7811,OUTSIDE_TARGET_RANGE,True,False,False,False,False,False,False,True,,
tetrabutylazanium;chloride,"propane-1,2,3-triol",0.25,0.75,231.51,230.41008,21.86,0.7439,OUTSIDE_TARGET_RANGE,True,False,False,False,False,False,False,True,,
azanium;thiocyanate,"propane-1,2,3-triol",0.4,0.6,234.5,234.22784,23.2,0.6665,OUTSIDE_TARGET_RANGE,True,False,False,False,False,False,False,True,,
2-hydroxyethyl(trimethyl)azanium;chloride,"ethane-1,2-diol",0.2,0.8,236.71,238.73048,17.91,0.9706,OUTSIDE_TARGET_RANGE,True,False,False,False,False,False,False,True,,
2-hydroxyethyl(trimethyl)azanium;chloride,"propane-1,2,3-triol",0.333,0.667,237.0,238.00063,18.93,0.9123,OUTSIDE_TARGET_RANGE,True,False,False,False,False,False,False,True,,
2-hydroxyethyl(trimethyl)azanium;chloride,furan-2-ylmethanol,0.25,0.75,237.4,239.74283,18.08,0.961,OUTSIDE_TARGET_RANGE,True,False,False,False,False,False,False,True,,
2-hydroxyethyl(trimethyl)azanium;chloride,"ethane-1,2-diol",0.167,0.833,237.71,237.83127,18.19,0.9545,OUTSIDE_TARGET_RANGE,True,False,False,False,False,False,False,True,,
butyl(trimethyl)azanium;chloride,pentanoic acid,0.3333,0.6667,237.84,237.80177,22.98,0.6791,OUTSIDE_TARGET_RANGE,True,False,False,False,False,False,False,True,,
butyl(trimethyl)azanium;chloride,pentanoic acid,0.25,0.75,238.19,237.04555,21.92,0.74,OUTSIDE_TARGET_RANGE,True,False,False,False,False,False,False,True,,
butyl(trimethyl)azanium;chloride,pentanoic acid,0.2,0.8,238.26,239.45781,21.92,0.74,REJECTED_DES_RULE,False,False,True,False,False,False,False,True,,
2-hydroxyethyl(trimethyl)azanium;chloride,furan-2-ylmethanol,0.2,0.8,238.6,236.49669,18.08,0.961,OUTSIDE_TARGET_RANGE,True,False,False,False,False,False,False,True,,
2-hydroxyethyl(trimethyl)azanium;chloride,furan-2-ylmethanol,0.166667,0.833333,239.4,239.41162,18.32,0.9473,OUTSIDE_TARGET_RANGE,True,False,False,False,False,False,False,True,,
benzyl-(2-hydroxyethyl)-dimethylazanium;chloride,urea,0.3333,0.6667,240.15,240.99002,22.31,0.7177,OUTSIDE_TARGET_RANGE,True,False,False,False,False,False,False,True,,
2-hydroxyethyl(trimethyl)azanium;chloride,"propane-1,2,3-triol",0.25,0.75,240.5,241.5011,18.68,0.9266,OUTSIDE_TARGET_RANGE,True,False,False,False,False,False,False,True,,
2-hydroxyethyl(trimethyl)azanium;chloride,"butane-1,4-diol",0.25,0.75,241.15,240.508,18.54,0.9345,OUTSIDE_TARGET_RANGE,True,False,False,False,False,False,False,True,,
methyl(triphenyl)phosphanium;bromide,"2,2,2-trifluoroacetamide",0.25,0.75,241.36,238.5844,23.8,0.6321,OUTSIDE_TARGET_RANGE,True,False,False,False,False,False,False,True,,
2-hydroxyethyl(trimethyl)azanium;chloride,"ethane-1,2-diol",0.398,0.602,241.63,241.93968,24.29,0.6042,OUTSIDE_TARGET_RANGE,True,False,False,False,False,False,False,True,,
diethyl(2-hydroxyethyl)azanium;chloride,"ethane-1,2-diol",0.333333,0.666667,242.15,242.16086,20.34,0.831,OUTSIDE_TARGET_RANGE,True,False,False,False,False,False,False,True,,
tetrabutylazanium;chloride,"ethane-1,2-diol",0.25,0.75,242.27,243.63754,22.03,0.7339,OUTSIDE_TARGET_RANGE,True,False,False,False,False,False,False,True,,
2-hydroxyethyl(trimethyl)azanium;chloride,"2,2,2-trifluoroacetamide",0.33,0.67,243.0,242.31667,18.32,0.947,OUTSIDE_TARGET_RANGE,True,False,False,False,False,False,False,True,,
tetrabutylazanium;chloride,"ethane-1,2-diol",0.333333,0.666667,243.02,242.92471,21.79,0.7478,OUTSIDE_TARGET_RANGE,True,False,False,False,False,False,False,True,,
2-hydroxyethyl(trimethyl)azanium;chloride,"2,2,2-trifluoroacetamide",0.333,0.667,243.14,242.85677,18.28,0.9494,OUTSIDE_TARGET_RANGE,True,False,False,False,False,False,False,True,,
benzyl(tripropyl)azanium;chloride,2-hydroxypropanoic acid,0.496,0.504,244.961,244.87444,22.95,0.6813,OUTSIDE_TARGET_RANGE,True,False,False,False,False,False,False,True,,
"1H-Imidazolium, 3-[2-[(1R,5S)-6,6-dimethylbicyclo[3.1.1]hept-2-en-2-yl]ethyl]-1-methyl-, methanesulfonate (1:1) (ACI)",4-oxopentanoic acid,0.186,0.814,246.377,246.65503,23.45,0.6523,OUTSIDE_TARGET_RANGE,True,False,False,False,False,False,False,True,,
2-hydroxyethyl(trimethyl)azanium;chloride,"ethane-1,2-diol",0.303,0.697,247.577,247.83374,24.63,0.5845,OUTSIDE_TARGET_RANGE,True,False,False,False,False,False,False,True,,
tetrabutylazanium;bromide,"ethane-1,2-diol",0.33,0.67,248.22,249.57838,20.49,0.8225,OUTSIDE_TARGET_RANGE,True,False,False,False,False,False,False,True,,
2-hydroxyethyl(trimethyl)azanium;chloride,"butane-1,4-diol",0.28,0.72,249.07,249.13942,19.65,0.8707,OUTSIDE_TARGET_RANGE,True,False,False,False,False,False,False,True,,
tetrabutylazanium;bromide,"propane-1,2,3-triol",0.2,0.8,249.09,244.63206,19.38,0.8862,OUTSIDE_TARGET_RANGE,True,False,False,False,False,False,False,True,,
triphenyl(prop-2-enyl)phosphanium;bromide,"propane-1,2,3-triol",0.0667,0.9333,249.39,249.428,23.67,0.6398,OUTSIDE_TARGET_RANGE,True,False,False,False,False,False,False,True,,
2-hydroxyethyl(trimethyl)azanium;chloride,2-methylphenol,0.25,0.75,249.4,250.14426,18.76,0.9216,OUTSIDE_TARGET_RANGE,True,False,False,False,False,False,False,True,,
2-hydroxyethyl(trimethyl)azanium;chloride,"ethane-1,2-diol",0.184,0.816,249.559,249.28142,23.77,0.6337,OUTSIDE_TARGET_RANGE,True,False,False,False,False,False,False,True,,
tetrapropylazanium;bromide,"ethane-1,2-diol",0.2,0.8,249.75,250.07574,17.98,0.9664,OUTSIDE_TARGET_RANGE,True,False,False,False,False,False,False,True,,
2-hydroxyethyl(trimethyl)azanium;chloride,2-methylphenol,0.203,0.797,250.3,250.24553,19.07,0.904,OUTSIDE_TARGET_RANGE,True,False,False,False,False,False,False,True,,
diethyl(2-hydroxyethyl)azanium;chloride,"ethane-1,2-diol",0.25,0.75,250.9,250.94037,21.32,0.7747,OUTSIDE_TARGET_RANGE,True,False,False,False,False,False,False,True,,
tetrabutylazanium;bromide,oxalic acid,0.5,0.5,250.99,252.39244,23.97,0.6223,OUTSIDE_TARGET_RANGE,True,False,False,False,False,False,False,True,,
2-hydroxyethyl(trimethyl)azanium;chloride,"propane-1,2,3-triol",0.198,0.802,251.081,251.62964,20.72,0.8091,OUTSIDE_TARGET_RANGE,True,False,False,False,False,False,False,True,,
2-hydroxyethyl(trimethyl)azanium;chloride,2-methylphenol,0.166,0.834,251.4,253.39731,18.91,0.9131,OUTSIDE_TARGET_RANGE,True,False,False,False,False,False,False,True,,
diethyl(2-hydroxyethyl)azanium;chloride,"ethane-1,2-diol",0.2,0.8,251.48,251.46858,21.4,0.7702,OUTSIDE_TARGET_RANGE,True,False,False,False,False,False,False,True,,
methyl(triphenyl)phosphanium;bromide,2-[2-(2-hydroxyethoxy)ethoxy]ethanol,0.166667,0.833333,251.6,251.7964,19.79,0.8627,OUTSIDE_TARGET_RANGE,True,False,False,False,False,False,False,True,,
butyl(trimethyl)azanium;chloride,butanoic acid,0.25,0.75,252.94,253.91756,20.47,0.8238,OUTSIDE_TARGET_RANGE,True,False,False,False,False,False,False,True,,
2-hydroxyethyl(trimethyl)azanium;chloride,phenol,0.25,0.75,253.1,253.48459,19.76,0.8644,OUTSIDE_TARGET_RANGE,True,False,False,False,False,False,False,True,,
didodecyl(dimethyl)azanium;chloride,5-methyl-2-propan-2-ylphenol,0.3333,0.6667,253.15,254.62767,21.03,0.7913,OUTSIDE_TARGET_RANGE,True,False,False,False,False,False,False,True,,
bis(trifluoromethylsulfonyl)azanide;trimethylsulfanium,formamide,0.2857,0.7143,253.5205,254.02663,24.52,0.591,OUTSIDE_TARGET_RANGE,True,False,False,False,False,False,False,True,,
2-hydroxyethyl(trimethyl)azanium;chloride,"ethane-1,2-diol",0.104,0.896,253.524,253.68317,23.2,0.6666,OUTSIDE_TARGET_RANGE,True,False,False,False,False,False,False,True,,
triphenyl(prop-2-enyl)phosphanium;bromide,2-[2-(2-hydroxyethoxy)ethoxy]ethanol,0.0909,0.9091,253.63,253.73784,21.51,0.7636,OUTSIDE_TARGET_RANGE,True,False,False,False,False,False,False,True,,
tetrapropylazanium;bromide,2-[2-(2-hydroxyethoxy)ethoxy]ethanol,0.25,0.75,253.95,256.60416,18.07,0.9613,OUTSIDE_TARGET_RANGE,True,False,False,False,False,False,False,True,,
tetrabutylazanium;bromide,propanoic acid,0.5,0.5,254.01,253.32416,24.98,0.5643,REJECTED_DES_RULE,False,False,True,False,False,False,False,True,,
hydrogen sulfate;tetrabutylazanium,"2-hydroxy-2,2-diphenylacetic acid",0.5,0.5,254.09,254.23997,24.39,0.5982,OUTSIDE_TARGET_RANGE,True,False,False,False,False,False,False,True,,
methyl(triphenyl)phosphanium;bromide,2-[2-(2-hydroxyethoxy)ethoxy]ethanol,0.2,0.8,254.3,253.91634,19.68,0.869,OUTSIDE_TARGET_RANGE,True,False,False,False,False,False,False,True,,
tetrabutylazanium;bromide,acetic acid,0.5,0.5,254.7,255.95326,22.86,0.6861,OUTSIDE_TARGET_RANGE,True,False,False,False,False,False,False,True,,
tetrabutylazanium;bromide,propanedioic acid,0.5,0.5,255.17,254.5242,24.71,0.5801,OUTSIDE_TARGET_RANGE,True,False,False,False,False,False,False,True,,
butyl(trimethyl)azanium;chloride,butanoic acid,0.3333,0.6667,255.19,254.75232,21.02,0.7919,OUTSIDE_TARGET_RANGE,True,False,False,False,False,False,False,True,,
tetrabutylazanium;bromide,2-aminoethanol,0.2,0.8,255.45,257.8616,19.53,0.8775,OUTSIDE_TARGET_RANGE,True,False,False,False,False,False,False,True,,
2-hydroxyethyl(trimethyl)azanium;chloride,phenol,0.167,0.833,255.6,257.04306,19.28,0.8919,OUTSIDE_TARGET_RANGE,True,False,False,False,False,False,False,True,,
tetrapropylazanium;bromide,"ethane-1,2-diol",0.166667,0.833333,255.65,255.46939,18.33,0.9464,OUTSIDE_TARGET_RANGE,True,False,False,False,False,False,False,True,,
tetrabutylazanium;chloride,"ethane-1,2-diol",0.2,0.8,256.31,254.991,21.92,0.7401,OUTSIDE_TARGET_RANGE,True,False,False,False,False,False,False,True,,
tetraheptylazanium;chloride,decanoic acid,0.33,0.67,256.5,258.4447,19.61,0.873,OUTSIDE_TARGET_RANGE,True,False,False,False,False,False,False,True,,
tetrapropylazanium;bromide,"propane-1,2,3-triol",0.25,0.75,257.05,256.53278,18.78,0.9209,OUTSIDE_TARGET_RANGE,True,False,False,False,False,False,False,True,,
2-hydroxyethyl(trimethyl)azanium;chloride,"2-hydroxy-2,2-diphenylacetic acid",0.5,0.5,257.09,258.55524,18.73,0.9234,OUTSIDE_TARGET_RANGE,True,False,False,False,False,False,False,True,,
tetrabutylazanium;bromide,2-aminoethanol,0.166667,0.833333,257.6,257.727,19.83,0.8606,OUTSIDE_TARGET_RANGE,True,False,False,False,False,False,False,True,,
tetrapropylazanium;bromide,"propane-1,2,3-triol",0.333333,0.666667,258.15,257.993,18.99,0.9085,OUTSIDE_TARGET_RANGE,True,False,False,False,False,False,False,True,,
2-hydroxyethyl(trimethyl)azanium;chloride,2-[2-(2-hydroxyethoxy)ethoxy]ethanol,0.143,0.857,258.77,259.77704,19.25,0.8937,OUTSIDE_TARGET_RANGE,True,False,False,False,False,False,False,True,,
2-acetyloxyethyl(trimethyl)azanium;chloride,urea,0.3333,0.6667,259.15,258.965,24.53,0.5903,OUTSIDE_TARGET_RANGE,True,False,False,False,False,False,False,True,,
tetrapropylazanium;bromide,"ethane-1,2-diol",0.25,0.75,259.85,259.39984,17.98,0.9664,OUTSIDE_TARGET_RANGE,True,False,False,False,False,False,False,True,,
butyl(trimethyl)azanium;chloride,butanoic acid,0.2,0.8,260.0,259.3088,20.47,0.8238,OUTSIDE_TARGET_RANGE,True,False,False,False,False,False,False,True,,
2-hydroxyethyl(trimethyl)azanium;chloride,phenol,0.2,0.8,260.2,259.96948,19.39,0.8859,OUTSIDE_TARGET_RANGE,True,False,False,False,False,False,False,True,,
2-hydroxyethyl(trimethyl)azanium;chloride,2-[2-(2-hydroxyethoxy)ethoxy]ethanol,0.167,0.833,260.46,260.29163,18.35,0.9456,OUTSIDE_TARGET_RANGE,True,False,False,False,False,False,False,True,,
tetrapropylazanium;bromide,2-[2-(2-hydroxyethoxy)ethoxy]ethanol,0.285714,0.714286,261.15,260.71997,20.07,0.8464,OUTSIDE_TARGET_RANGE,True,False,False,False,False,False,False,True,,
tetrabutylazanium;chloride,decanoic acid,0.33,0.67,261.2,261.69183,20.31,0.8326,OUTSIDE_TARGET_RANGE,True,False,False,False,False,False,False,True,,
2-hydroxyethyl(trimethyl)azanium;chloride,"butane-1,4-diol",0.34,0.66,261.71,261.42603,18.77,0.9213,OUTSIDE_TARGET_RANGE,True,False,False,False,False,False,False,True,,
2-hydroxyethyl(trimethyl)azanium;chloride,4-oxopentanoic acid,0.25,0.75,262.0,260.7216,18.84,0.9173,OUTSIDE_TARGET_RANGE,True,False,False,False,False,False,False,True,,
tetraethylazanium;bromide,"2-hydroxy-2,2-diphenylacetic acid",0.5,0.5,262.09,263.16122,21.34,0.7738,OUTSIDE_TARGET_RANGE,True,False,False,False,False,False,False,True,,
2-hydroxyethyl(trimethyl)azanium;chloride,"ethane-1,2-diol",0.333,0.667,262.28,262.40094,21.92,0.7403,REJECTED_DES_RULE,False,False,True,False,False,False,False,True,,
2-hydroxyethyl(trimethyl)azanium;chloride,4-oxopentanoic acid,0.2,0.8,263.0,263.8834,19.0,0.908,OUTSIDE_TARGET_RANGE,True,False,False,False,False,False,False,True,,
2-hydroxyethyl(trimethyl)azanium;chloride,4-oxopentanoic acid,0.166667,0.833333,263.2,262.95966,18.84,0.9174,OUTSIDE_TARGET_RANGE,True,False,False,False,False,False,False,True,,
tetrapropylazanium;bromide,2-[2-(2-hydroxyethoxy)ethoxy]ethanol,0.2,0.8,263.55,262.57712,18.07,0.9613,OUTSIDE_TARGET_RANGE,True,False,False,False,False,False,False,True,,
2-hydroxyethyl(trimethyl)azanium;chloride,2-[2-(2-hydroxyethoxy)ethoxy]ethanol,0.2,0.8,263.96,263.5066,18.03,0.9635,OUTSIDE_TARGET_RANGE,True,False,False,False,False,False,False,True,,
methyl(triphenyl)phosphanium;bromide,2-[2-(2-hydroxyethoxy)ethoxy]ethanol,0.25,0.75,264.9,263.60977,20.9,0.7989,OUTSIDE_TARGET_RANGE,True,False,False,False,False,False,False,True,,
tetrabutylazanium;bromide,2-aminoethanol,0.25,0.75,265.15,263.50766,19.96,0.8531,OUTSIDE_TARGET_RANGE,True,False,False,False,False,False,False,True,,
2-hydroxyethyl(trimethyl)azanium;chloride,"ethane-1,2-diol",0.25,0.75,265.19,261.18097,17.91,0.9706,REJECTED_DES_RULE,False,False,True,False,False,False,False,True,,
tetrapropylazanium;bromide,"2-hydroxy-2,2-diphenylacetic acid",0.5,0.5,265.61,264.11865,18.8,0.9198,OUTSIDE_TARGET_RANGE,True,False,False,False,False,False,False,True,,
didodecyl(dimethyl)azanium;chloride,2-phenylacetic acid,0.3333,0.6667,266.15,265.88678,23.46,0.6517,OUTSIDE_TARGET_RANGE,True,False,False,False,False,False,False,True,,
benzyl-bis(2-hydroxyethyl)-methylazanium;chloride,urea,0.3333,0.6667,267.15,266.60538,23.31,0.6606,OUTSIDE_TARGET_RANGE,True,False,False,False,False,False,False,True,,
butyl(trimethyl)azanium;chloride,hexanoic acid,0.2,0.8,267.44,267.4119,20.65,0.813,OUTSIDE_TARGET_RANGE,True,False,False,False,False,False,False,True,,
butyl(trimethyl)azanium;chloride,hexanoic acid,0.3333,0.6667,267.7,268.55338,21.02,0.792,OUTSIDE_TARGET_RANGE,True,False,False,False,False,False,False,True,,
butyl(trimethyl)azanium;chloride,hexanoic acid,0.25,0.75,267.79,267.61316,20.65,0.813,OUTSIDE_TARGET_RANGE,True,False,False,False,False,False,False,True,,
tetrapropylazanium;bromide,"propane-1,2,3-triol",0.2,0.8,268.45,268.34122,20.01,0.8502,OUTSIDE_TARGET_RANGE,True,False,False,False,False,False,False,True,,
bis(trifluoromethylsulfonyl)azanide;trimethylsulfanium,formamide,0.4032,0.5968,268.6784,268.5363,24.84,0.5725,OUTSIDE_TARGET_RANGE,True,False,False,False,False,False,False,True,,
Xylitol,ChCl,0.333333333,0.666666667,269.15,269.1681,25.63,0.5273,OUTSIDE_TARGET_RANGE,True,False,False,False,False,False,True,True,,
methyl(triphenyl)phosphanium;bromide,"ethane-1,2-diol",0.111111,0.888889,269.37,268.38885,20.79,0.805,REJECTED_DES_RULE,False,False,True,False,False,False,False,True,,
2-hydroxyethyl(trimethyl)azanium;chloride,"2,2,2-trifluoroacetamide",0.36,0.64,270.0,271.5297,19.16,0.8987,OUTSIDE_TARGET_RANGE,True,False,False,False,False,False,False,True,,
Xylitol,ChCl,0.5,0.5,270.15,271.91733,21.27,0.7777,OUTSIDE_TARGET_RANGE,True,False,False,False,False,False,False,True,,
bis(trifluoromethylsulfonyl)azanide;trimethylsulfanium,formamide,0.2063,0.7937,271.71,271.38522,24.47,0.5934,OUTSIDE_TARGET_RANGE,True,False,False,False,False,False,False,True,,
diethyl(2-hydroxyethyl)azanium;chloride,"propane-1,2,3-triol",0.333333,0.666667,271.82,271.3616,18.97,0.91,OUTSIDE_TARGET_RANGE,True,False,False,False,False,False,False,True,,
benzyl(trimethyl)azanium;chloride,4-methylbenzenesulfonic acid,0.7,0.3,272.15,272.48676,23.61,0.6433,OUTSIDE_TARGET_RANGE,True,False,False,False,False,False,False,True,,
methyl(trioctyl)azanium;chloride,decanoic acid,0.33,0.67,273.1,273.4136,23.14,0.6699,REJECTED_DES_RULE,False,True,False,False,False,False,False,True,,
methyl(triphenyl)phosphanium;bromide,"2,2,2-trifluoroacetamide",0.333333,0.666667,273.15,274.1186,24.12,0.6139,OUTSIDE_TARGET_RANGE,True,False,False,False,False,False,False,True,,
2-hydroxyethyl(trimethyl)azanium;chloride,"3,4-dimethylphenol",0.33,0.67,273.16,274.54395,19.29,0.8913,OUTSIDE_TARGET_RANGE,True,False,False,False,False,False,False,True,,
tetrabutylazanium;bromide,2-aminoethanol,0.142857,0.857143,273.58,273.06702,20.65,0.8132,OUTSIDE_TARGET_RANGE,True,False,False,False,False,False,False,True,,
2-hydroxyethyl(trimethyl)azanium;chloride,2-[2-(2-hydroxyethoxy)ethoxy]ethanol,0.25,0.75,273.65,273.3435,18.03,0.9635,REJECTED_DES_RULE,False,False,True,False,False,False,False,True,,
tetrabutylazanium;bromide,octanoic acid,0.3333,0.6667,273.73,274.64145,19.13,0.9007,OUTSIDE_TARGET_RANGE,True,False,False,False,False,False,False,True,,
diethyl(2-hydroxyethyl)azanium;chloride,"propane-1,2,3-triol",0.25,0.75,274.85,274.39117,19.78,0.8631,OUTSIDE_TARGET_RANGE,True,False,False,False,False,False,False,True,,
tetrabutylazanium;bromide,(Z)-octadec-9-enoic acid,0.3333,0.6667,275.01,274.71616,19.02,0.9069,OUTSIDE_TARGET_RANGE,True,False,False,False,False,False,False,True,,
tetraoctylazanium;chloride,decanoic acid,0.33,0.67,275.1,273.6758,19.81,0.8617,OUTSIDE_TARGET_RANGE,True,False,False,False,False,False,False,True,,
diethyl(2-hydroxyethyl)azanium;chloride,"propane-1,2,3-triol",0.2,0.8,275.15,275.93146,19.5,0.8795,PASS_ROOMTEMP,True,False,False,True,False,False,False,True,85.855,
benzyl(trimethyl)azanium;chloride,oxalic acid,0.5,0.5,275.15,275.58307,24.01,0.62,PASS_ROOMTEMP,True,False,False,True,False,False,False,True,75.167,
Xylitol,ChCl,0.4,0.6,275.15,275.0729,24.15,0.6123,PASS_ROOMTEMP,True,False,False,True,False,False,False,True,74.409,
"1H-Imidazolium, 3-[2-[(1R,5S)-6,6-dimethylbicyclo[3.1.1]hept-2-en-2-yl]ethyl]-1-methyl-, methanesulfonate (1:1) (ACI)",4-oxopentanoic acid,0.103,0.897,275.362,275.27698,22.79,0.6903,PASS_ROOMTEMP,True,False,False,True,False,False,False,True,77.709,
2-hydroxyethyl(trimethyl)azanium;chloride,2-aminoethanol,0.125,0.875,276.69,275.99265,19.58,0.8749,PASS_ROOMTEMP,True,False,False,True,False,False,False,True,85.725,
bis(trifluoromethylsulfonyl)azanide;trimethylsulfanium,formamide,0.5016,0.4984,276.7626,277.02625,24.5,0.5921,REJECTED_DES_RULE,False,False,True,True,False,False,False,True,55.325,
2-hydroxyethyl(trimethyl)azanium;chloride,2-aminoethanol,0.142857,0.857143,276.84,277.04886,19.51,0.8789,PASS_ROOMTEMP,True,False,False,True,False,False,False,True,86.817,
2-hydroxyethyl(trimethyl)azanium;chloride,2-aminoethanol,0.166667,0.833333,276.95,275.73898,20.05,0.8475,PASS_ROOMTEMP,True,False,False,True,False,False,False,True,84.405,
Xylitol,ChCl,0.6,0.4,277.15,276.99783,21.57,0.7602,PASS_ROOMTEMP,True,False,False,True,False,False,False,True,82.024,
azanium;thiocyanate,acetamide,0.25,0.75,278.15,278.91928,24.7,0.5807,PASS_ROOMTEMP,True,False,False,True,False,False,False,True,76.539,
didodecyl(dimethyl)azanium;chloride,2-hydroxyacetic acid,0.25,0.75,278.15,278.09106,23.18,0.6678,PASS_ROOMTEMP,True,False,False,True,False,False,False,True,79.292,
2-hydroxyethyl(trimethyl)azanium;chloride,4-oxopentanoic acid,0.333333,0.666667,278.15,279.59338,19.49,0.8799,PASS_ROOMTEMP,True,False,False,True,False,False,False,True,89.102,
benzyl(triethyl)azanium;chloride,oxalic acid,0.5,0.5,278.15,276.18262,23.93,0.6247,PASS_ROOMTEMP,True,False,False,True,False,False,False,True,75.884,
2-hydroxyethyl(trimethyl)azanium;chloride,2-aminoethanol,0.111111,0.888889,278.23,279.25595,20.07,0.8465,PASS_ROOMTEMP,True,False,False,True,False,False,False,True,87.468,
2-hydroxyethyl(trimethyl)azanium;chloride,phenol,0.119,0.881,279.3,279.37286,19.86,0.8588,PASS_ROOMTEMP,True,False,False,True,False,False,False,True,88.063,
2-hydroxyethyl(trimethyl)azanium;chloride,2-methylphenol,0.143,0.857,279.5,276.57748,19.43,0.8832,PASS_ROOMTEMP,True,False,False,True,False,False,False,True,86.573,
"1H-Imidazolium, 3-[2-[(1R,5S)-6,6-dimethylbicyclo[3.1.1]hept-2-en-2-yl]ethyl]-1-methyl-, methanesulfonate (1:1) (ACI)",4-oxopentanoic acid,0.301,0.699,279.71,279.5093,23.5,0.6497,PASS_ROOMTEMP,True,False,False,True,False,False,False,True,79.82,
bis(trifluoromethylsulfonyl)azanide;trimethylsulfanium,formamide,0.5968,0.4032,279.7942,279.517,24.78,0.576,REJECTED_DES_RULE,False,False,True,True,False,False,False,True,56.879,
Xylitol,ChCl,0.666666667,0.333333333,280.15,279.81433,21.16,0.7836,PASS_ROOMTEMP,True,False,False,True,False,False,False,True,85.445,
2-hydroxyethyl(trimethyl)azanium;chloride,"propane-1,2,3-triol",0.5,0.5,281.18,281.15793,23.56,0.6459,PASS_ROOMTEMP,True,False,False,True,False,False,False,True,81.122,
methyl(trioctyl)azanium;bromide,decanoic acid,0.33,0.67,282.1,280.34525,19.63,0.8721,PASS_ROOMTEMP,True,False,False,True,False,False,False,True,89.453,
tetraoctylazanium;bromide,decanoic acid,0.3333,0.6667,282.1,282.11874,20.04,0.8483,PASS_ROOMTEMP,True,False,False,True,False,False,False,True,90.066,
"1H-Imidazolium, 3-[2-[(1R,5S)-6,6-dimethylbicyclo[3.1.1]hept-2-en-2-yl]ethyl]-1-methyl-, methanesulfonate (1:1) (ACI)",4-oxopentanoic acid,0.048,0.952,282.609,282.3607,23.82,0.631,PASS_ROOMTEMP,True,False,False,True,False,False,False,True,81.588,
2-hydroxyethyl(trimethyl)azanium;chloride,2-methylphenol,0.091,0.909,283.0,283.11835,20.29,0.834,PASS_ROOMTEMP,True,False,False,True,False,False,False,True,90.376,
2-hydroxyethyl(trimethyl)azanium;chloride,"(3S,4R,5R)-2-(hydroxymethyl)oxane-2,3,4,5-tetrol",0.666667,0.333333,283.15,283.46664,22.63,0.6993,PASS_ROOMTEMP,True,False,False,True,False,False,False,True,85.296,
2-hydroxyethyl(trimethyl)azanium;chloride,propanedioic acid,0.5,0.5,283.15,286.03226,17.9,0.9713,PASS_ROOMTEMP,True,False,False,True,False,False,False,True,98.439,
benzyl(tripropyl)azanium;chloride,2-hydroxypropanoic acid,0.66,0.34,283.721,283.6594,23.09,0.6731,PASS_ROOMTEMP,True,False,False,True,False,False,False,True,84.418,
sorbitol,Choline chloride,0.5,0.5,284.15,283.502,21.29,0.7765,PASS_ROOMTEMP,True,False,False,True,False,False,False,True,88.415,
2-hydroxyethyl(trimethyl)azanium;chloride,urea,0.333,0.667,284.22,286.1941,19.16,0.899,PASS_ROOMTEMP,True,False,False,True,False,False,False,True,95.69,
tetrabutylazanium;chloride,tetradecanoic acid,0.506,0.494,285.1,284.82388,19.03,0.9065,PASS_ROOMTEMP,True,False,False,True,False,False,False,True,94.781,
2-hydroxyethyl(trimethyl)azanium;chloride,propanedioic acid,0.48,0.52,285.15,285.1492,19.94,0.8538,PASS_ROOMTEMP,True,False,False,True,False,False,False,True,92.96,
2-hydroxyethyl(trimethyl)azanium;chloride,"(3S,4R,5R)-2-(hydroxymethyl)oxane-2,3,4,5-tetrol",0.6,0.4,286.15,286.0578,22.72,0.6944,PASS_ROOMTEMP,True,False,False,True,False,False,False,True,87.386,
2-hydroxyethyl(trimethyl)azanium;acetate,"propane-1,2,3-triol",0.4,0.6,286.15,286.47382,22.37,0.7145,PASS_ROOMTEMP,True,False,False,True,False,False,False,True,88.557,
2-hydroxyethyl(trimethyl)azanium;acetate,"propane-1,2,3-triol",0.444444,0.555556,287.15,287.7693,22.31,0.7177,PASS_ROOMTEMP,True,False,False,True,False,False,False,True,87.588,
2-hydroxyethyl(trimethyl)azanium;chloride,2-hydroxyacetic acid,0.451,0.549,287.45,287.48343,19.43,0.8834,PASS_ROOMTEMP,True,False,False,True,False,False,False,True,94.468,
butyl(trimethyl)azanium;chloride,octanoic acid,0.3333,0.6667,287.54,286.92648,20.96,0.7956,REJECTED_DES_RULE,False,True,False,True,False,False,False,True,71.448,
2-hydroxyethyl(trimethyl)azanium;chloride,2-hydroxypropanoic acid,0.099,0.901,287.75,286.9101,20.72,0.8094,PASS_ROOMTEMP,True,False,False,True,False,False,False,True,92.014,
2-hydroxyethyl(trimethyl)azanium;chloride,"(3R,4S,5S,6R)-6-(hydroxymethyl)oxane-2,3,4,5-tetrol",0.666667,0.333333,288.15,288.13736,21.87,0.7434,PASS_ROOMTEMP,True,False,False,True,False,False,False,True,88.291,
Urea,"2-Chloro-N,N,N-trimethylethanaminium chloride",0.666666667,0.333333333,288.15,288.89966,28.48,0.3632,PASS_ROOMTEMP,True,False,False,True,False,False,True,True,72.411,
2-hydroxyethyl(trimethyl)azanium;chloride,2-hydroxypropanoic acid,0.05,0.95,288.35,288.61502,22.12,0.729,PASS_ROOMTEMP,True,False,False,True,False,False,False,True,87.294,
methyl(triphenyl)phosphanium;bromide,"ethane-1,2-diol",0.363636,0.636364,288.8,287.9564,22.18,0.7251,REJECTED_DES_RULE,False,False,True,True,False,False,False,True,67.719,
Xylitol,ChCl,0.285714286,0.714285714,289.15,289.22522,26.17,0.4961,PASS_ROOMTEMP,True,False,False,True,False,False,True,True,77.439,
tetrabutylazanium;bromide,decanoic acid,0.3333,0.6667,289.65,288.54053,19.74,0.8658,PASS_ROOMTEMP,True,False,False,True,False,False,False,True,92.832,
"1H-Imidazolium, 3-[2-[(1R,5S)-6,6-dimethylbicyclo[3.1.1]hept-2-en-2-yl]ethyl]-1-methyl-, methanesulfonate (1:1) (ACI)",urea,0.355,0.645,289.706,290.5579,20.81,0.804,PASS_ROOMTEMP,True,False,False,True,False,False,False,True,88.58,
2-hydroxyethyl(trimethyl)azanium;chloride,"2,3-dimethylphenol",0.25,0.75,290.8,292.9959,21.48,0.7656,PASS_ROOMTEMP,True,False,False,True,False,False,False,True,84.892,
2-hydroxyethyl(trimethyl)azanium;acetate,urea,0.333333,0.666667,291.15,290.92023,22.12,0.7289,PASS_ROOMTEMP,True,False,False,True,False,False,False,True,85.256,
tetrabutylazanium;chloride,tetradecan-1-ol,0.399,0.601,291.6,291.2367,20.31,0.833,PASS_ROOMTEMP,True,False,False,True,False,False,False,True,89.141,
2-hydroxyethyl(trimethyl)azanium;chloride,2-phenylacetic acid,0.37,0.63,291.6589,290.62494,19.4,0.8849,PASS_ROOMTEMP,True,False,False,True,False,False,False,True,91.756,
phenylacetic acid,Choline chloride,0.63,0.37,291.659,291.9357,21.09,0.7879,PASS_ROOMTEMP,True,False,False,True,False,False,False,True,86.72,
tetrabutylazanium;chloride,(2S)-2-amino-4-methylsulfanylbutanoic acid,0.916667,0.083333,292.26,293.8372,18.86,0.9159,PASS_ROOMTEMP,True,False,False,True,False,False,False,True,90.162,
tetrapropylazanium;chloride,dodecanoic acid,0.4023,0.5977,292.4103,295.21265,19.45,0.8823,PASS_ROOMTEMP,True,False,False,True,False,False,False,True,87.604,
bis(trifluoromethylsulfonyl)azanide;trimethylsulfanium,formamide,0.7968,0.2032,292.4258,292.4692,25.31,0.5452,REJECTED_DES_RULE,False,False,True,True,False,False,True,True,56.541,
2-hydroxyethyl(trimethyl)azanium;chloride,5-phenylpentanoic acid,0.4,0.6,293.15,293.54993,20.1,0.8449,PASS_ROOMTEMP,True,False,False,True,False,False,False,True,87.575,
ethanamine;hydrochloride,acetamide,0.4,0.6,293.15,295.1681,20.52,0.821,PASS_ROOMTEMP,True,False,False,True,False,False,False,True,85.192,
2-hydroxyethyl(trimethyl)azanium;chloride,"(3S,4R,5R)-2-(hydroxymethyl)oxane-2,3,4,5-tetrol",0.5,0.5,293.15,294.60318,21.25,0.7787,PASS_ROOMTEMP,True,False,False,True,False,False,False,True,83.998,
2-hydroxyethyl(trimethyl)azanium;acetate,"propane-1,2,3-triol",0.5,0.5,293.15,291.64062,22.69,0.6958,REJECTED_DES_RULE,False,False,True,True,False,False,False,True,63.296,
tetrabutylazanium;chloride,"(2S,3R)-2-amino-3-hydroxybutanoic acid",0.9,0.1,293.36,294.6901,18.81,0.9188,PASS_ROOMTEMP,True,False,False,True,False,False,False,True,89.525,
2-hydroxyethyl(trimethyl)azanium;chloride,3-phenylpropanoic acid,0.33,0.67,293.9791,293.86557,19.4,0.885,PASS_ROOMTEMP,True,False,False,True,False,False,False,True,88.901,
2-hydroxyethyl(trimethyl)azanium;chloride,"2,2,2-trifluoroacetamide",0.4,0.6,294.0,292.77246,19.39,0.8854,PASS_ROOMTEMP,True,False,False,True,False,False,False,True,89.881,
ethanamine;hydrochloride,"2,2,2-trifluoroacetamide",0.4,0.6,294.0,292.8285,20.56,0.8185,PASS_ROOMTEMP,True,False,False,True,False,False,False,True,87.156,
2-hydroxyethyl(trimethyl)azanium;chloride,urea,0.294,0.706,294.183,296.71152,18.07,0.9615,PASS_ROOMTEMP,True,False,False,True,False,False,False,True,89.45,
2-hydroxyethyl(trimethyl)azanium;chloride,phenol,0.4,0.6,294.2,294.605,20.34,0.8311,PASS_ROOMTEMP,True,False,False,True,False,False,False,True,86.093,
tetrabutylazanium;bromide,1H-imidazole,0.3,0.7,294.4966,294.08536,20.47,0.8235,PASS_ROOMTEMP,True,False,False,True,False,False,False,True,86.247,
imidazole,tetrabutylammonium bromide,0.7,0.3,294.497,294.3609,25.04,0.5607,PASS_ROOMTEMP,True,False,False,True,False,False,True,True,75.492,
tetrabutylazanium;chloride,tetradecan-1-ol,0.494,0.506,294.7,295.72202,20.3,0.8335,PASS_ROOMTEMP,True,False,False,True,False,False,False,True,85.203,
2-hydroxyethyl(trimethyl)azanium;chloride,3-phenylpropanoic acid,0.331,0.669,295.15,295.56628,18.61,0.9305,PASS_ROOMTEMP,True,False,False,True,False,False,False,True,89.22,
tetrabutylazanium;chloride,"(2S,3R)-2-amino-3-hydroxybutanoic acid",0.888889,0.111111,295.3,295.32385,18.96,0.9102,PASS_ROOMTEMP,True,False,False,True,False,False,False,True,88.622,
2-hydroxyethyl(trimethyl)azanium;chloride,2-methylphenol,0.357,0.643,295.3,296.3323,19.69,0.8682,PASS_ROOMTEMP,True,False,False,True,False,False,False,True,86.052,
tetrapropylazanium;chloride,decanoic acid,0.202,0.798,295.57,295.70462,19.73,0.866,PASS_ROOMTEMP,True,False,False,True,False,False,False,True,86.518,
tetrapropylazanium;chloride,dodecanoic acid,0.298,0.702,295.7,295.99646,18.65,0.9281,PASS_ROOMTEMP,True,False,False,True,False,False,False,True,88.745,
tetrapropylazanium;chloride,dodecanoic acid,0.2988,0.7012,295.9204,296.46265,18.66,0.9278,PASS_ROOMTEMP,True,False,False,True,False,False,False,True,88.321,
tetraethylazanium;bromide,"1,3-dimethylurea",0.333333,0.666667,296.15,296.10403,23.74,0.6359,PASS_ROOMTEMP,True,False,False,True,False,False,False,True,76.962,
2-hydroxyethyl(trimethyl)azanium;acetate,"ethane-1,2-diol",0.33,0.67,296.15,295.38007,20.56,0.8181,REJECTED_DES_RULE,False,False,True,True,False,False,False,True,64.889,
tetrabutylazanium;chloride,tetradecan-1-ol,0.296,0.704,296.2,296.2921,20.3,0.8331,PASS_ROOMTEMP,True,False,False,True,False,False,False,True,84.684,
tetrapropylazanium;chloride,dodecanoic acid,0.364,0.636,296.26,296.24573,20.13,0.8433,PASS_ROOMTEMP,True,False,False,True,False,False,False,True,85.133,
tetrabutylazanium;chloride,tetradecan-1-ol,0.208,0.792,296.7,296.6576,20.39,0.8284,PASS_ROOMTEMP,True,False,False,True,False,False,False,True,84.173,
2-hydroxyethyl(trimethyl)azanium;chloride,3-phenylpropanoic acid,0.302,0.698,296.817,299.53967,18.02,0.9642,PASS_WARMTEMP,True,False,False,False,True,False,False,True,,80.074
2-hydroxyethyl(trimethyl)azanium;chloride,2-hydroxypropanoic acid,0.502,0.498,296.95,296.65793,20.67,0.812,REJECTED_DES_RULE,False,False,True,True,False,False,False,True,63.517,
azanium;thiocyanate,acetamide,0.4,0.6,297.0,296.7005,25.66,0.5253,PASS_ROOMTEMP,True,False,False,True,False,False,True,True,72.012,
2-hydroxyethyl(trimethyl)azanium;chloride,"ethane-1,2-diol",0.48,0.52,297.137,297.216,23.07,0.674,REJECTED_DES_RULE,False,False,True,True,False,False,False,True,57.505,
2-hydroxyethyl(trimethyl)azanium;chloride,"(3R,4S,5S,6R)-6-(hydroxymethyl)oxane-2,3,4,5-tetrol",0.6,0.4,297.15,296.9773,22.9,0.684,PASS_ROOMTEMP,True,False,False,True,False,False,False,True,78.115,
azanium;thiocyanate,urea,0.4,0.6,297.15,297.17935,24.66,0.5825,PASS_ROOMTEMP,True,False,False,True,False,False,False,True,73.877,
tetrabutylazanium;chloride,tetradecanoic acid,0.389,0.611,297.2,298.15332,18.91,0.9135,PASS_WARMTEMP,True,False,False,False,True,False,False,True,,76.822
2-hydroxyethyl(trimethyl)azanium;chloride,2-hydroxyacetic acid,0.4,0.6,297.38,295.49908,18.71,0.9244,PASS_ROOMTEMP,True,False,False,True,False,False,False,True,89.036,
tetrabutylazanium;chloride,(2S)-2-amino-4-methylsulfanylbutanoic acid,0.909091,0.090909,297.41,297.4979,18.72,0.9239,PASS_ROOMTEMP,True,False,False,True,False,False,False,True,87.252,
2-hydroxyethyl(trimethyl)azanium;chloride,phenol,0.1,0.9,297.5,297.50015,20.24,0.837,PASS_ROOMTEMP,True,False,False,True,False,False,False,True,83.774,
2-hydroxyethyl(trimethyl)azanium;chloride,propanedioic acid,0.451,0.549,297.982,298.0839,19.55,0.8765,PASS_WARMTEMP,True,False,False,False,True,False,False,True,,75.281
tetrabutylazanium;chloride,(2S)-2-amino-3-hydroxypropanoic acid,0.888889,0.111111,298.06,299.35397,18.38,0.9434,PASS_WARMTEMP,True,False,False,False,True,False,False,True,,79.078
2-hydroxyethyl(trimethyl)azanium;chloride,"(2R,3R,4R,5S)-hexane-1,2,3,4,5,6-hexol",0.5,0.5,298.15,299.32355,22.53,0.7051,PASS_WARMTEMP,True,False,False,False,True,False,False,True,,69.519
2-hydroxyethyl(trimethyl)azanium;chloride,2-phenylacetic acid,0.5,0.5,298.15,301.67004,18.31,0.9478,PASS_WARMTEMP,True,False,False,False,True,False,False,True,,81.297
tetrabutylazanium;chloride,(2S)-2-amino-5-(diaminomethylideneamino)pentanoic acid,0.857143,0.142857,298.22,298.5893,19.9,0.8562,PASS_WARMTEMP,True,False,False,False,True,False,False,True,,74.915
tetrabutylazanium;chloride,(2S)-2-aminobutanedioic acid,0.9,0.1,298.23,299.44043,18.9,0.9139,PASS_WARMTEMP,True,False,False,False,True,False,False,True,,77.974
tetrabutylazanium;chloride,hexadecanoic acid,0.49,0.51,298.4,300.15088,18.83,0.918,PASS_WARMTEMP,True,False,False,False,True,False,False,True,,78.765
tetrabutylazanium;chloride,tetradecanoic acid,0.587,0.413,298.5,299.29443,18.96,0.9104,PASS_WARMTEMP,True,False,False,False,True,False,False,True,,77.705
2-hydroxyethyl(trimethyl)azanium;chloride,propanedioic acid,0.55,0.45,298.653,296.5444,19.06,0.9048,PASS_ROOMTEMP,True,False,False,True,False,False,False,True,87.329,
ethanamine;hydrochloride,"2,2,2-trifluoroacetamide",0.5,0.5,298.7,298.12515,20.23,0.8371,PASS_WARMTEMP,True,False,False,False,True,False,False,True,,73.741
Lauric Acid,[N3333]Cl,0.599,0.401,298.86,298.76935,29.8,0.2874,PASS_WARMTEMP,True,False,False,False,True,False,True,True,,52.322
tetrabutylazanium;chloride,(2S)-2-amino-4-methylsulfanylbutanoic acid,0.9,0.1,299.12,297.35693,18.9,0.9139,PASS_ROOMTEMP,True,False,False,True,False,False,False,True,86.976,
benzyl(trimethyl)azanium;chloride,urea,0.3333,0.6667,299.15,299.21768,23.06,0.6747,PASS_WARMTEMP,True,False,False,False,True,False,False,True,,68.209
tetrabutylazanium;chloride,(2S)-2-amino-5-(diaminomethylideneamino)pentanoic acid,0.888889,0.111111,299.31,298.7314,19.2,0.8964,PASS_WARMTEMP,True,False,False,False,True,False,False,True,,76.648
tetrabutylazanium;chloride,(2S)-2-amino-3-hydroxypropanoic acid,0.9,0.1,299.53,298.77136,18.15,0.9568,PASS_WARMTEMP,True,False,False,False,True,False,False,True,,79.1
tetrabutylazanium;chloride,(2S)-2-amino-5-(diaminomethylideneamino)pentanoic acid,0.875,0.125,299.55,299.12637,19.16,0.8988,PASS_WARMTEMP,True,False,False,False,True,False,False,True,,77.093
2-hydroxyethyl(trimethyl)azanium;chloride,"(2S,4R)-pentane-1,2,3,4,5-pentol",0.503,0.497,299.611,300.08255,18.04,0.9633,PASS_WARMTEMP,True,False,False,False,True,False,False,True,,80.517
ethanamine;hydrochloride,"2,2,2-trifluoroacetamide",0.67,0.33,300.0,300.90997,20.85,0.8018,PASS_WARMTEMP,True,False,False,False,True,False,False,True,,74.787
"1H-Imidazolium, 3-[2-[(1R,5S)-6,6-dimethylbicyclo[3.1.1]hept-2-en-2-yl]ethyl]-1-methyl-, methanesulfonate (1:1) (ACI)",4-oxopentanoic acid,0.397,0.603,300.0,300.1884,23.46,0.6515,PASS_WARMTEMP,True,False,False,False,True,False,False,True,,68.138
tetrabutylazanium;chloride,urea,0.8,0.2,300.29,300.10663,24.99,0.564,PASS_WARMTEMP,True,False,False,False,True,False,False,True,,64.566
tetrapropylazanium;chloride,decanoic acid,0.296,0.704,300.3,299.7773,20.09,0.8454,PASS_WARMTEMP,True,False,False,False,True,False,False,True,,75.531
ethanamine;hydrochloride,urea,0.396,0.604,300.454,300.65097,20.98,0.7941,PASS_WARMTEMP,True,False,False,False,True,False,False,True,,74.25
2-hydroxyethyl(trimethyl)azanium;chloride,2-hydroxyacetic acid,0.351,0.649,300.78,301.71652,19.92,0.8552,PASS_WARMTEMP,True,False,False,False,True,False,False,True,,77.634
methyl(trioctyl)azanium;chloride,4-phenylphenol,0.5,0.5,301.15,300.92505,26.78,0.4612,REJECTED_DES_RULE,False,True,False,False,True,False,True,True,,41.176
2-hydroxyethyl(trimethyl)azanium;chloride,"(3S,4R,5R)-2-(hydroxymethyl)oxane-2,3,4,5-tetrol",0.4,0.6,301.15,300.7467,21.88,0.7427,PASS_WARMTEMP,True,False,False,False,True,False,False,True,,72.279
2-hydroxyethyl(trimethyl)azanium;chloride,"(2S,4R)-pentane-1,2,3,4,5-pentol",0.462,0.538,301.167,299.57025,19.1,0.9025,PASS_WARMTEMP,True,False,False,False,True,False,False,True,,77.633
2-hydroxyethyl(trimethyl)azanium;chloride,"(2R,3R,4R,5S)-hexane-1,2,3,4,5,6-hexol",0.503,0.497,301.562,301.7477,18.09,0.9604,PASS_WARMTEMP,True,False,False,False,True,False,False,True,,81.87
tetrabutylazanium;chloride,hexadecan-1-ol,0.403,0.597,301.6,301.39432,19.07,0.904,PASS_WARMTEMP,True,False,False,False,True,False,False,True,,79.302
tetraethylazanium;chloride,decanoic acid,0.303,0.697,301.66,301.72028,19.43,0.8833,PASS_WARMTEMP,True,False,False,False,True,False,False,True,,78.762
tetrabutylazanium;bromide,1H-imidazole,0.2,0.8,301.8287,303.83456,22.28,0.7194,PASS_WARMTEMP,True,False,False,False,True,False,False,True,,74.071
imidazole,tetrabutylammonium bromide,0.8,0.2,301.829,302.6108,24.5,0.592,PASS_WARMTEMP,True,False,False,False,True,False,False,True,,67.895
2-hydroxyethyl(trimethyl)azanium;chloride,2-hydroxyacetic acid,0.499,0.501,301.95,301.2902,18.33,0.9466,PASS_WARMTEMP,True,False,False,False,True,False,False,True,,80.914
tetrabutylazanium;chloride,(2S)-2-aminopentanedioic acid,0.909091,0.090909,302.01,303.33533,18.32,0.9472,PASS_WARMTEMP,True,False,False,False,True,False,False,True,,82.743
2-hydroxyethyl(trimethyl)azanium;chloride,methylurea,0.333333,0.666667,302.15,302.8397,20.16,0.8411,PASS_WARMTEMP,True,False,False,False,True,False,False,True,,78.061
tetrabutylazanium;chloride,(2S)-2-aminopentanedioic acid,0.9,0.1,302.41,301.53214,18.15,0.9568,PASS_WARMTEMP,True,False,False,False,True,False,False,True,,81.536
ethanamine;hydrochloride,"2,2,2-trifluoroacetamide",0.33,0.67,302.5,302.9289,20.71,0.81,PASS_WARMTEMP,True,False,False,False,True,False,False,True,,76.896
2-hydroxyethyl(trimethyl)azanium;chloride,urea,0.404,0.596,303.039,304.20868,19.0,0.9078,PASS_WARMTEMP,True,False,False,False,True,False,False,True,,81.937
tetrabutylazanium;chloride,"(2S,3R)-2-amino-3-hydroxybutanoic acid",0.909091,0.090909,303.11,302.1099,19.03,0.9063,PASS_WARMTEMP,True,False,False,False,True,False,False,True,,80.025
2-hydroxyethyl(trimethyl)azanium;chloride,tetradecan-1-ol,0.419,0.581,303.15,303.78308,19.0,0.9078,PASS_WARMTEMP,True,False,False,False,True,False,False,True,,81.562
ethanamine;hydrochloride,urea,0.492,0.508,303.237,303.41193,20.92,0.7979,PASS_WARMTEMP,True,False,False,False,True,False,False,True,,76.838
tetrabutylazanium;chloride,(2S)-2-amino-3-hydroxypropanoic acid,0.909091,0.090909,303.56,303.17136,18.32,0.9472,PASS_WARMTEMP,True,False,False,False,True,False,False,True,,82.598
imidazole,tetrabutylammonium bromide,0.6,0.4,303.699,304.30328,25.91,0.5108,PASS_WARMTEMP,True,False,False,False,True,False,True,True,,66.141
tetrabutylazanium;chloride,(2S)-2-aminopentanedioic acid,0.888889,0.111111,303.7,303.06204,18.38,0.9434,PASS_WARMTEMP,True,False,False,False,True,False,False,True,,82.35
tetrabutylazanium;chloride,hexadecanoic acid,0.597,0.403,303.8,304.3789,18.71,0.9245,PASS_WARMTEMP,True,False,False,False,True,False,False,True,,82.756
tetraethylazanium;chloride,dodecanoic acid,0.298,0.702,303.82,304.2565,18.31,0.9478,PASS_WARMTEMP,True,False,False,False,True,False,False,True,,83.58
tetramethylazanium;chloride,decanoic acid,0.198,0.802,303.83,304.8116,19.14,0.9003,REJECTED_DES_RULE,False,False,True,False,True,False,False,True,,62.169
tetrapropylazanium;chloride,hexadecanoic acid,0.499,0.501,304.02,304.16638,18.21,0.9535,PASS_WARMTEMP,True,False,False,False,True,False,False,True,,83.728
2-hydroxyethyl(trimethyl)azanium;chloride,decanoic acid,0.3,0.7,304.06,303.29147,20.2,0.8393,PASS_WARMTEMP,True,False,False,False,True,False,False,True,,78.388
tetrapropylazanium;chloride,hexadecanoic acid,0.495,0.505,304.08,304.15576,18.31,0.9476,PASS_WARMTEMP,True,False,False,False,True,False,False,True,,83.483
2-hydroxyethyl(trimethyl)azanium;chloride,decanoic acid,0.296,0.704,304.1,305.46854,19.25,0.8936,REJECTED_DES_RULE,False,False,True,False,True,False,False,True,,62.481
benzyl(trimethyl)azanium;chloride,"2-hydroxypropane-1,2,3-tricarboxylic acid",0.5,0.5,304.15,304.35245,23.7,0.6382,PASS_WARMTEMP,True,False,False,False,True,False,False,True,,71.28
2-hydroxyethyl(trimethyl)azanium;chloride,"(3R,4S,5S,6R)-6-(hydroxymethyl)oxane-2,3,4,5-tetrol",0.5,0.5,304.15,305.73508,18.62,0.9298,PASS_WARMTEMP,True,False,False,False,True,False,False,True,,84.164
tetraethylazanium;chloride,decanoic acid,0.196,0.804,304.18,303.16785,19.68,0.8691,PASS_WARMTEMP,True,False,False,False,True,False,False,True,,79.471
tetrapropylazanium;chloride,decanoic acid,0.1,0.9,304.36,304.40298,20.19,0.8399,PASS_WARMTEMP,True,False,False,False,True,False,False,True,,79.393
"1H-Imidazolium, 3-[2-[(1R,5S)-6,6-dimethylbicyclo[3.1.1]hept-2-en-2-yl]ethyl]-1-methyl-, methanesulfonate (1:1) (ACI)",urea,0.452,0.548,304.412,304.14093,21.51,0.7636,PASS_WARMTEMP,True,False,False,False,True,False,False,True,,76.11
2-hydroxyethyl(trimethyl)azanium;chloride,decanoic acid,0.212,0.788,304.45,303.78726,19.33,0.8892,PASS_WARMTEMP,True,False,False,False,True,False,False,True,,80.821
2-hydroxyethyl(trimethyl)azanium;chloride,3-phenylpropanoic acid,0.25,0.75,304.483,304.4038,20.26,0.8355,PASS_WARMTEMP,True,False,False,False,True,False,False,True,,79.217
tetramethylazanium;chloride,decanoic acid,0.099,0.901,304.55,305.69977,19.17,0.8981,REJECTED_DES_RULE,False,False,True,False,True,False,False,True,,62.865
2-hydroxyethyl(trimethyl)azanium;chloride,pentanedioic acid,0.495,0.505,304.55,305.1767,18.54,0.9344,PASS_WARMTEMP,True,False,False,False,True,False,False,True,,83.855
2-hydroxyethyl(trimethyl)azanium;chloride,decanoic acid,0.101,0.899,304.6,304.2771,19.18,0.8976,PASS_WARMTEMP,True,False,False,False,True,False,False,True,,81.59
2-hydroxyethyl(trimethyl)azanium;chloride,decanoic acid,0.399,0.601,304.7,306.15744,19.43,0.8831,REJECTED_DES_RULE,False,False,True,False,True,False,False,True,,62.669
tetrabutylazanium;chloride,(2S)-2-aminobutanedioic acid,0.916667,0.083333,304.93,303.8457,18.86,0.9159,PASS_WARMTEMP,True,False,False,False,True,False,False,True,,81.941
tetraethylazanium;chloride,decanoic acid,0.097,0.903,305.05,304.6768,19.41,0.8844,PASS_WARMTEMP,True,False,False,False,True,False,False,True,,81.414
tetrabutylazanium;chloride,tetradecanoic acid,0.307,0.693,305.2,304.78384,18.83,0.9176,PASS_WARMTEMP,True,False,False,False,True,False,False,True,,82.837
tetrabutylazanium;chloride,tetradecan-1-ol,0.102,0.898,305.4,305.3787,20.9,0.7989,PASS_WARMTEMP,True,False,False,False,True,False,False,True,,78.614
2-hydroxyethyl(trimethyl)azanium;chloride,decanoic acid,0.342,0.658,305.45,304.2922,20.17,0.8409,PASS_WARMTEMP,True,False,False,False,True,False,False,True,,79.335
tetrapropylazanium;chloride,tetradecanoic acid,0.4,0.6,305.68,305.82126,18.92,0.9125,PASS_WARMTEMP,True,False,False,False,True,False,False,True,,83.548
2-hydroxyethyl(trimethyl)azanium;chloride,"propane-1,2,3-triol",0.603,0.397,305.811,307.8157,19.72,0.8665,REJECTED_DES_RULE,False,False,True,False,True,False,False,True,,63.468
"1H-Imidazolium, 3-[2-[(1R,5S)-6,6-dimethylbicyclo[3.1.1]hept-2-en-2-yl]ethyl]-1-methyl-, methanesulfonate (1:1) (ACI)",urea,0.303,0.697,305.882,305.86035,20.34,0.8309,PASS_WARMTEMP,True,False,False,False,True,False,False,True,,80.319
tetrabutylazanium;chloride,(2S)-2-aminobutanedioic acid,0.909091,0.090909,305.96,305.75287,18.72,0.9239,PASS_WARMTEMP,True,False,False,False,True,False,False,True,,83.944
ethanamine;hydrochloride,acetamide,0.5,0.5,306.15,305.21524,20.24,0.837,PASS_WARMTEMP,True,False,False,False,True,False,False,True,,79.993
2-hydroxyethyl(trimethyl)azanium;chloride,"(3S,4R,5R)-2-(hydroxymethyl)oxane-2,3,4,5-tetrol",0.333333,0.666667,306.15,305.3013,20.18,0.8405,PASS_WARMTEMP,True,False,False,False,True,False,False,True,,80.209
2-hydroxyethyl(trimethyl)azanium;chloride,tetradecan-1-ol,0.288,0.712,306.55,306.47415,18.69,0.9257,PASS_WARMTEMP,True,False,False,False,True,False,False,True,,84.652
tetrapropylazanium;chloride,hexadecanoic acid,0.504,0.496,306.67,306.9418,18.31,0.9477,PASS_WARMTEMP,True,False,False,False,True,False,False,True,,85.945
2-hydroxyethyl(trimethyl)azanium;chloride,2-hydroxyacetic acid,0.3,0.7,306.72,305.10336,18.12,0.9585,PASS_WARMTEMP,True,False,False,False,True,False,False,True,,84.755
2-hydroxyethyl(trimethyl)azanium;chloride,"2,4,6-trimethylphenol",0.33,0.67,307.06,307.91284,19.42,0.884,PASS_WARMTEMP,True,False,False,False,True,False,False,True,,84.254
tetrabutylazanium;chloride,hexadecan-1-ol,0.3,0.7,307.2,308.1197,18.86,0.9158,PASS_WARMTEMP,True,False,False,False,True,False,False,True,,85.708
Glutaric Acid,[N2222]Br,0.577,0.423,307.5,309.87253,19.42,0.8838,PASS_WARMTEMP,True,False,False,False,True,False,False,True,,85.975
tetrapropylazanium;chloride,tetradecanoic acid,0.45,0.55,307.62,308.42627,19.67,0.8695,PASS_WARMTEMP,True,False,False,False,True,False,False,True,,84.127
tetrabutylazanium;chloride,hexadecanoic acid,0.392,0.608,307.7,308.21222,18.73,0.9234,PASS_WARMTEMP,True,False,False,False,True,False,False,True,,86.094
tetrabutylazanium;chloride,tetradecan-1-ol,0.605,0.395,307.8,308.1466,20.39,0.828,PASS_WARMTEMP,True,False,False,False,True,False,False,True,,82.22
ethanamine;hydrochloride,"2,2,2-trifluoroacetamide",0.25,0.75,308.0,308.58084,20.7,0.8106,PASS_WARMTEMP,True,False,False,False,True,False,False,True,,81.907
2-hydroxyethyl(trimethyl)azanium;chloride,oxalic acid,0.5,0.5,308.0,309.91495,18.92,0.9125,PASS_WARMTEMP,True,False,False,False,True,False,False,True,,87.16
tetrabutylazanium;chloride,tetradecanoic acid,0.684,0.316,308.3,308.97354,19.37,0.887,PASS_WARMTEMP,True,False,False,False,True,False,False,True,,85.31
tetrabutylazanium;chloride,hexadecan-1-ol,0.494,0.506,308.5,307.21295,18.94,0.9113,PASS_WARMTEMP,True,False,False,False,True,False,False,True,,84.728
tetraethylazanium;chloride,dodecanoic acid,0.302,0.698,308.52,306.7224,18.24,0.9518,PASS_WARMTEMP,True,False,False,False,True,False,False,True,,85.915
tetrapropylazanium;chloride,tetradecanoic acid,0.35,0.65,308.55,308.5786,20.48,0.8228,PASS_WARMTEMP,True,False,False,False,True,False,False,True,,82.393
tetraethylazanium;chloride,dodecanoic acid,0.3035,0.6965,308.908,309.89157,18.27,0.9497,PASS_WARMTEMP,True,False,False,False,True,False,False,True,,88.628
2-hydroxyethyl(trimethyl)azanium;chloride,"(3S,4R,5R)-2-(hydroxymethyl)oxane-2,3,4,5-tetrol",0.285714,0.714286,309.15,308.3546,20.53,0.8202,PASS_WARMTEMP,True,False,False,False,True,False,False,True,,82.091
2-hydroxyethyl(trimethyl)azanium;chloride,"(2R,3R,4R,5S)-hexane-1,2,3,4,5,6-hexol",0.455,0.545,309.375,310.90982,19.11,0.9016,PASS_WARMTEMP,True,False,False,False,True,False,False,True,,87.602
ethanamine;hydrochloride,acetamide,0.333333,0.666667,310.15,309.94427,20.62,0.8151,PASS_WARMTEMP,True,False,False,False,True,False,False,True,,83.29
2-hydroxyethyl(trimethyl)azanium;chloride,"(3S,4R,5R)-2-(hydroxymethyl)oxane-2,3,4,5-tetrol",0.714286,0.285714,310.15,309.66345,23.62,0.6424,PASS_WARMTEMP,True,False,False,False,True,False,False,True,,76.134
2-hydroxyethyl(trimethyl)azanium;chloride,3-phenylpropanoic acid,0.199,0.801,310.15,310.2636,18.24,0.9519,PASS_WARMTEMP,True,False,False,False,True,False,False,True,,89.044
2-hydroxyethyl(trimethyl)azanium;chloride,tetradecan-1-ol,0.202,0.798,310.32,310.2514,18.48,0.9379,PASS_WARMTEMP,True,False,False,False,True,False,False,True,,88.473
tetraethylazanium;chloride,dodecanoic acid,0.2,0.8,310.35,311.78168,18.88,0.9149,PASS_WARMTEMP,True,False,False,False,True,False,False,True,,88.903
tetraethylazanium;chloride,dodecanoic acid,0.218,0.782,310.43,310.40015,18.79,0.9199,PASS_WARMTEMP,True,False,False,False,True,False,False,True,,87.884
2-hydroxyethyl(trimethyl)azanium;chloride,2-phenylacetic acid,0.302,0.698,310.483,312.0981,18.11,0.9589,PASS_WARMTEMP,True,False,False,False,True,False,False,True,,90.943
tetrapropylazanium;chloride,dodecanoic acid,0.196,0.804,310.65,310.7286,18.29,0.949,PASS_WARMTEMP,True,False,False,False,True,False,False,True,,89.338
2-hydroxyethyl(trimethyl)azanium;chloride,propanedioic acid,0.399,0.601,310.734,309.85574,18.98,0.9093,PASS_WARMTEMP,True,False,False,False,True,False,False,True,,86.98
2-hydroxyethyl(trimethyl)azanium;chloride,tetradecan-1-ol,0.109,0.891,310.92,311.27295,18.79,0.9199,PASS_WARMTEMP,True,False,False,False,True,False,False,True,,88.654
tetraethylazanium;chloride,dodecanoic acid,0.2186,0.7814,311.014,310.40015,18.82,0.9186,PASS_WARMTEMP,True,False,False,False,True,False,False,True,,87.832
2-hydroxyethyl(trimethyl)azanium;chloride,pentanedioic acid,0.45,0.55,311.15,308.82758,19.5,0.8792,PASS_WARMTEMP,True,False,False,False,True,False,False,True,,84.869
tetrapropylazanium;chloride,tetradecanoic acid,0.3,0.7,311.35,310.98273,18.66,0.9274,PASS_WARMTEMP,True,False,False,False,True,False,False,True,,88.698
tetrapropylazanium;chloride,dodecanoic acid,0.199,0.801,311.59,311.74512,18.23,0.9524,PASS_WARMTEMP,True,False,False,False,True,False,False,True,,90.371
tetraethylazanium;chloride,tetradecanoic acid,0.301,0.699,311.71,313.12448,18.56,0.9335,PASS_WARMTEMP,True,False,False,False,True,False,False,True,,90.832
tetramethylazanium;chloride,dodecanoic acid,0.3442,0.6558,312.0671,313.0412,19.48,0.8804,PASS_WARMTEMP,True,False,False,False,True,False,False,True,,88.635
2-hydroxyethyl(trimethyl)azanium;chloride,"(3R,4S,5S,6R)-6-(hydroxymethyl)oxane-2,3,4,5-tetrol",0.4,0.6,312.15,311.98746,22.03,0.7337,PASS_WARMTEMP,True,False,False,False,True,False,False,True,,81.837
tetraethylazanium;chloride,tetradecanoic acid,0.298,0.702,312.25,311.37,18.57,0.9327,PASS_WARMTEMP,True,False,False,False,True,False,False,True,,89.252
tetraethylazanium;chloride,decanoic acid,0.401,0.599,312.28,314.24863,19.39,0.8854,REJECTED_DES_RULE,False,False,True,False,True,False,False,True,,69.9
tetramethylazanium;chloride,dodecanoic acid,0.296,0.704,312.55,312.45145,18.95,0.9109,PASS_WARMTEMP,True,False,False,False,True,False,False,True,,89.334
tetrapropylazanium;chloride,dodecanoic acid,0.2012,0.7988,312.7691,312.53723,18.27,0.9498,PASS_WARMTEMP,True,False,False,False,True,False,False,True,,90.966
tetramethylazanium;chloride,dodecanoic acid,0.343,0.657,312.86,313.0412,19.43,0.8836,PASS_WARMTEMP,True,False,False,False,True,False,False,True,,88.763
tetrabutylazanium;chloride,octadecan-1-ol,0.392,0.608,313.0,312.01202,18.59,0.9313,PASS_WARMTEMP,True,False,False,False,True,False,False,True,,89.763
tetramethylazanium;chloride,tetradecan-1-ol,0.1,0.9,313.1,313.45056,18.42,0.9412,REJECTED_DES_RULE,False,False,True,False,True,False,False,True,,71.428
2-hydroxyethyl(trimethyl)azanium;chloride,"(3S,4R,5R)-2-(hydroxymethyl)oxane-2,3,4,5-tetrol",0.25,0.75,313.15,313.38266,21.5,0.7645,PASS_WARMTEMP,True,False,False,False,True,False,False,True,,84.3
tetrapropylazanium;chloride,tetradecanoic acid,0.292,0.708,313.15,313.4167,18.7,0.9255,PASS_WARMTEMP,True,False,False,False,True,False,False,True,,90.77
tetrabutylazanium;chloride,hexadecan-1-ol,0.203,0.797,313.2,312.4202,18.93,0.9122,PASS_WARMTEMP,True,False,False,False,True,False,False,True,,89.359
2-hydroxyethyl(trimethyl)azanium;chloride,dodecanoic acid,0.345,0.655,313.2,313.10867,19.19,0.8974,PASS_WARMTEMP,True,False,False,False,True,False,False,True,,89.374
2-hydroxyethyl(trimethyl)azanium;chloride,dodecanoic acid,0.297,0.703,313.38,312.5835,18.17,0.9558,PASS_WARMTEMP,True,False,False,False,True,False,False,True,,91.247
tetrabutylazanium;chloride,hexadecanoic acid,0.705,0.295,313.6,315.00067,18.99,0.9087,PASS_WARMTEMP,True,False,False,False,True,False,False,True,,91.496
tetramethylazanium;chloride,dodecanoic acid,0.4047,0.5953,313.8222,314.6839,18.04,0.9632,PASS_WARMTEMP,True,False,False,False,True,False,False,True,,93.396
tetramethylazanium;chloride,dodecanoic acid,0.403,0.597,313.85,314.01846,18.06,0.9623,PASS_WARMTEMP,True,False,False,False,True,False,False,True,,92.773
2-hydroxyethyl(trimethyl)azanium;chloride,2-hydroxyacetic acid,0.247,0.753,313.95,315.87735,19.17,0.8983,PASS_WARMTEMP,True,False,False,False,True,False,False,True,,91.853
2-hydroxyethyl(trimethyl)azanium;chloride,N-(4-hydroxyphenyl)acetamide,0.5,0.5,314.16,315.6834,18.31,0.9475,PASS_WARMTEMP,True,False,False,False,True,False,False,True,,93.65
tetrabutylazanium;chloride,tetradecanoic acid,0.202,0.798,314.5,314.53644,18.84,0.9172,PASS_WARMTEMP,True,False,False,False,True,False,False,True,,91.426
tetramethylazanium;chloride,dodecanoic acid,0.195,0.805,314.52,314.34845,18.06,0.9621,PASS_WARMTEMP,True,False,False,False,True,False,False,True,,93.056
tetramethylazanium;chloride,tetradecan-1-ol,0.401,0.599,314.6,314.9752,18.4,0.9424,REJECTED_DES_RULE,False,False,True,False,True,False,False,True,,72.821
tetramethylazanium;chloride,dodecanoic acid,0.1965,0.8035,314.8752,315.10486,18.02,0.9646,PASS_WARMTEMP,True,False,False,False,True,False,False,True,,93.824
2-hydroxyethyl(trimethyl)azanium;chloride,"(2S,4R)-pentane-1,2,3,4,5-pentol",0.385,0.615,315.175,314.95602,18.12,0.9587,PASS_WARMTEMP,True,False,False,False,True,False,False,True,,93.456
tetrapropylazanium;chloride,tetradecanoic acid,0.5,0.5,315.25,315.0199,18.9,0.9136,PASS_WARMTEMP,True,False,False,False,True,False,False,True,,91.709
2-hydroxyethyl(trimethyl)azanium;chloride,propanedioic acid,0.6,0.4,315.432,318.0653,18.36,0.9447,PASS_WARMTEMP,True,False,False,False,True,False,False,True,,95.64
tetrapropylazanium;chloride,decanoic acid,0.4,0.6,315.55,315.94653,19.58,0.8746,REJECTED_DES_RULE,False,False,True,False,True,False,False,True,,70.966
tetramethylazanium;chloride,dodecanoic acid,0.201,0.799,315.65,316.31772,18.08,0.9607,PASS_WARMTEMP,True,False,False,False,True,False,False,True,,94.738
tetrabutylazanium;chloride,hexadecan-1-ol,0.597,0.403,315.7,314.41403,18.92,0.9125,PASS_WARMTEMP,True,False,False,False,True,False,False,True,,91.13
2-hydroxyethyl(trimethyl)azanium;chloride,"(1R,2S,5R)-5-methyl-2-propan-2-ylcyclohexan-1-ol",0.3,0.7,315.7,315.50003,18.27,0.9502,PASS_WARMTEMP,True,False,False,False,True,False,False,True,,93.596
2-hydroxyethyl(trimethyl)azanium;chloride,dodecanoic acid,0.198,0.802,315.88,314.3785,18.17,0.9555,PASS_WARMTEMP,True,False,False,False,True,False,False,True,,92.819
tetramethylazanium;chloride,dodecanoic acid,0.41,0.59,315.95,317.1399,18.23,0.9525,PASS_WARMTEMP,True,False,False,False,True,False,False,True,,95.135
tetrabutylazanium;chloride,hexadecanoic acid,0.298,0.702,316.0,316.1297,18.75,0.9224,PASS_WARMTEMP,True,False,False,False,True,False,False,True,,93.04
tetraethylazanium;chloride,hexadecanoic acid,0.288,0.712,316.02,316.60336,18.93,0.9123,PASS_WARMTEMP,True,False,False,False,True,False,False,True,,93.054
tetraethylazanium;chloride,dodecanoic acid,0.098,0.902,316.05,316.2607,18.23,0.9523,PASS_WARMTEMP,True,False,False,False,True,False,False,True,,94.351
2-hydroxyethyl(trimethyl)azanium;chloride,dodecanoic acid,0.411,0.589,316.05,313.82928,18.4,0.9428,PASS_WARMTEMP,True,False,False,False,True,False,False,True,,91.826
2-hydroxyethyl(trimethyl)azanium;chloride,"2,3-dimethylphenol",0.2,0.8,316.3,316.32556,21.49,0.7649,PASS_WARMTEMP,True,False,False,False,True,False,False,True,,86.913
2-hydroxyethyl(trimethyl)azanium;chloride,"(1R,2S,5R)-5-methyl-2-propan-2-ylcyclohexan-1-ol",0.4,0.6,316.3,315.8836,18.46,0.9389,REJECTED_DES_RULE,False,False,True,False,True,False,False,True,,73.483
tetrapropylazanium;chloride,hexadecanoic acid,0.395,0.605,316.35,316.57376,18.36,0.9448,PASS_WARMTEMP,True,False,False,False,True,False,False,True,,94.328
tetrabutylazanium;chloride,tetradecan-1-ol,0.7,0.3,316.4,316.26913,20.55,0.819,REJECTED_DES_RULE,False,False,True,False,True,False,False,True,,69.027
2-hydroxyethyl(trimethyl)azanium;chloride,dodecanoic acid,0.1,0.9,316.48,318.25134,18.51,0.9365,REJECTED_DES_RULE,False,False,True,False,True,False,False,True,,75.476
tetrapropylazanium;chloride,dodecanoic acid,0.118,0.882,316.65,316.5456,19.37,0.8866,PASS_WARMTEMP,True,False,False,False,True,False,False,True,,91.975
tetrapropylazanium;chloride,dodecanoic acid,0.097,0.903,316.74,316.13022,19.01,0.9073,PASS_WARMTEMP,True,False,False,False,True,False,False,True,,92.436
2-hydroxyethyl(trimethyl)azanium;chloride,3-phenylpropanoic acid,0.4,0.6,316.817,317.3058,18.04,0.9632,PASS_WARMTEMP,True,False,False,False,True,False,False,True,,95.71
2-hydroxyethyl(trimethyl)azanium;chloride,2-hydroxypropanoic acid,0.55,0.45,316.88,317.73972,20.62,0.8151,REJECTED_DES_RULE,False,False,True,False,True,False,False,True,,70.168
2-hydroxyethyl(trimethyl)azanium;chloride,"(1R,2S,5R)-5-methyl-2-propan-2-ylcyclohexan-1-ol",0.2,0.8,316.9,317.09888,18.21,0.9535,REJECTED_DES_RULE,False,False,True,False,True,False,False,True,,75.139
tetrapropylazanium;chloride,decanoic acid,0.401,0.599,316.91,316.19626,19.6,0.8738,REJECTED_DES_RULE,False,False,True,False,True,False,False,True,,71.155
tetramethylazanium;chloride,dodecanoic acid,0.109,0.891,316.95,316.52844,18.5,0.9371,PASS_WARMTEMP,True,False,False,False,True,False,False,True,,93.98
tetraethylazanium;chloride,dodecanoic acid,0.099,0.901,316.97,316.85605,18.2,0.954,PASS_WARMTEMP,True,False,False,False,True,False,False,True,,94.945
tetrabutylazanium;chloride,octadecan-1-ol,0.497,0.503,317.0,317.09296,18.63,0.9294,PASS_WARMTEMP,True,False,False,False,True,False,False,True,,94.17
2-hydroxyethyl(trimethyl)azanium;chloride,tetradecanoic acid,0.449,0.551,317.03,317.75607,18.43,0.9409,PASS_WARMTEMP,True,False,False,False,True,False,False,True,,95.215
tetramethylazanium;chloride,tetradecan-1-ol,0.313,0.687,317.1,317.46045,19.19,0.8974,REJECTED_DES_RULE,False,False,True,False,True,False,False,True,,73.214
2-hydroxyethyl(trimethyl)azanium;chloride,"(3R,4S,5S,6R)-6-(hydroxymethyl)oxane-2,3,4,5-tetrol",0.714286,0.285714,317.15,317.49734,22.44,0.7105,PASS_WARMTEMP,True,False,False,False,True,False,False,True,,85.771
tetramethylazanium;chloride,dodecanoic acid,0.094,0.906,317.39,317.377,18.26,0.9507,PASS_WARMTEMP,True,False,False,False,True,False,False,True,,95.272
2-hydroxyethyl(trimethyl)azanium;chloride,tetradecanoic acid,0.446,0.554,317.4,316.74637,18.44,0.9403,PASS_WARMTEMP,True,False,False,False,True,False,False,True,,94.3
tetramethylazanium;chloride,tetradecanoic acid,0.214,0.786,317.45,318.54053,18.68,0.9265,PASS_WARMTEMP,True,False,False,False,True,False,False,True,,95.331
tetrapropylazanium;chloride,hexadecanoic acid,0.4,0.6,317.55,314.16147,18.24,0.9516,PASS_WARMTEMP,True,False,False,False,True,False,False,True,,92.471
tetraethylazanium;chloride,dodecanoic acid,0.1,0.9,317.6833,317.7271,18.21,0.9535,REJECTED_DES_RULE,False,False,True,False,True,False,False,True,,75.693
tetramethylazanium;chloride,dodecanoic acid,0.0965,0.9035,317.6833,317.36942,18.18,0.9552,PASS_WARMTEMP,True,False,False,False,True,False,False,True,,95.446
Glutaric Acid,[N2222]Br,0.599,0.401,317.7,317.06073,19.37,0.8866,PASS_WARMTEMP,True,False,False,False,True,False,False,True,,92.429
tetrabutylazanium;chloride,octadecan-1-ol,0.303,0.697,317.9,319.0937,18.56,0.9334,PASS_WARMTEMP,True,False,False,False,True,False,False,True,,96.095
ethanamine;hydrochloride,acetamide,0.25,0.75,318.15,317.74255,20.37,0.829,PASS_WARMTEMP,True,False,False,False,True,False,False,True,,90.727
tetramethylazanium;chloride,tetradecan-1-ol,0.199,0.801,318.3,317.56396,18.35,0.9452,REJECTED_DES_RULE,False,False,True,False,True,False,False,True,,75.217
tetramethylazanium;chloride,tetradecanoic acid,0.205,0.795,318.4,319.507,18.44,0.9403,PASS_WARMTEMP,True,False,False,False,True,False,False,True,,96.736
ethanamine;hydrochloride,urea,0.33,0.67,318.541,316.45538,20.37,0.8294,PASS_WARMTEMP,True,False,False,False,True,False,False,True,,89.607
2-hydroxyethyl(trimethyl)azanium;chloride,hexadecan-1-ol,0.5,0.5,318.55,317.56104,18.0,0.9652,PASS_WARMTEMP,True,False,False,False,True,False,False,True,,96.015
tetrabutylazanium;chloride,hexadecan-1-ol,0.101,0.899,318.7,318.72806,19.44,0.8825,PASS_WARMTEMP,True,False,False,False,True,False,False,True,,93.737
ethanamine;hydrochloride,acetamide,0.6,0.4,319.15,319.68973,21.21,0.7811,PASS_WARMTEMP,True,False,False,False,True,False,False,True,,90.529
ethanamine;hydrochloride,urea,0.659,0.341,319.237,319.9101,22.26,0.7205,PASS_WARMTEMP,True,False,False,False,True,False,False,True,,88.299
2-hydroxyethyl(trimethyl)azanium;chloride,tetradecan-1-ol,0.461,0.539,319.48,318.10788,18.96,0.9102,REJECTED_DES_RULE,False,False,True,False,True,False,False,True,,74.297
tetraethylazanium;chloride,dodecanoic acid,0.395,0.605,319.62,319.90356,17.99,0.966,REJECTED_DES_RULE,False,False,True,False,True,False,False,True,,78.114
tetramethylazanium;chloride,tetradecanoic acid,0.253,0.747,319.65,319.2225,20.74,0.8081,PASS_WARMTEMP,True,False,False,False,True,False,False,True,,91.197
tetraethylazanium;chloride,dodecanoic acid,0.3977,0.6023,319.7894,320.4931,17.98,0.9665,REJECTED_DES_RULE,False,False,True,False,True,False,False,True,,78.654
Pimelic Acid,[N3333]Br,0.55,0.45,319.8,320.47458,22.05,0.7326,PASS_WARMTEMP,True,False,False,False,True,False,False,True,,89.282
Glutaric Acid,[N2222]Br,0.621,0.379,319.9,320.84207,19.77,0.8636,PASS_WARMTEMP,True,False,False,False,True,False,False,True,,94.242
tetraethylazanium;chloride,hexadecanoic acid,0.406,0.594,319.93,320.8043,18.51,0.9361,PASS_WARMTEMP,True,False,False,False,True,False,False,True,,97.176
2-hydroxyethyl(trimethyl)azanium;chloride,"(2R,3R,4R,5S)-hexane-1,2,3,4,5,6-hexol",0.524,0.476,320.312,320.32794,19.04,0.9057,PASS_WARMTEMP,True,False,False,False,True,False,False,True,,96.076
tetraethylazanium;chloride,tetradecanoic acid,0.188,0.812,320.35,320.7667,19.06,0.9045,PASS_WARMTEMP,True,False,False,False,True,False,False,True,,95.945
2-hydroxyethyl(trimethyl)azanium;chloride,pentanedioic acid,0.399,0.601,320.45,322.25226,18.54,0.9342,PASS_WARMTEMP,True,False,False,False,True,False,False,True,,95.822
2-hydroxyethyl(trimethyl)azanium;chloride,"(3R,4S,5R)-oxane-2,3,4,5-tetrol",0.498,0.502,320.62,322.0396,18.57,0.9326,PASS_WARMTEMP,True,False,False,False,True,False,False,True,,95.946
tetraethylazanium;chloride,dodecanoic acid,0.401,0.599,320.68,318.28458,18.1,0.9597,REJECTED_DES_RULE,False,False,True,False,True,False,False,True,,76.433
2-hydroxyethyl(trimethyl)azanium;chloride,hexadecan-1-ol,0.408,0.592,320.78,321.2809,18.07,0.9614,PASS_WARMTEMP,True,False,False,False,True,False,False,True,,97.767
2-hydroxyethyl(trimethyl)azanium;chloride,hexadecan-1-ol,0.396,0.604,320.95,321.42566,18.06,0.9622,PASS_WARMTEMP,True,False,False,False,True,False,False,True,,97.671
tetraethylazanium;chloride,tetradecanoic acid,0.206,0.794,321.06,320.24365,18.89,0.9145,PASS_WARMTEMP,True,False,False,False,True,False,False,True,,96.354
2-hydroxyethyl(trimethyl)azanium;chloride,N-(4-hydroxyphenyl)acetamide,0.504,0.496,321.18,320.2508,18.38,0.9436,PASS_WARMTEMP,True,False,False,False,True,False,False,True,,97.524
tetramethylazanium;chloride,tetradecanoic acid,0.315,0.685,321.25,323.27103,18.58,0.932,PASS_WARMTEMP,True,False,False,False,True,False,False,True,,94.835
tetraethylazanium;chloride,dodecanoic acid,0.392,0.608,321.45,320.65775,18.09,0.9602,REJECTED_DES_RULE,False,False,True,False,True,False,False,True,,78.269
2-hydroxyethyl(trimethyl)azanium;chloride,"2,3-dihydroxybutanedioic acid",0.673,0.327,321.55,321.4303,20.39,0.828,PASS_WARMTEMP,True,False,False,False,True,False,False,True,,92.299
tetraethylazanium;chloride,octadecanoic acid,0.412,0.588,321.65,321.99527,19.21,0.8959,PASS_WARMTEMP,True,False,False,False,True,False,False,True,,94.517
tetrabutylazanium;chloride,octadecan-1-ol,0.595,0.405,321.7,320.8211,18.57,0.9329,PASS_WARMTEMP,True,False,False,False,True,False,False,True,,97.033
2-hydroxyethyl(trimethyl)azanium;chloride,2-methylphenol,0.399,0.601,321.8,320.24387,20.63,0.8142,REJECTED_DES_RULE,False,False,True,False,True,False,False,True,,72.342
2-hydroxyethyl(trimethyl)azanium;chloride,"(2R,3R,4R,5S)-hexane-1,2,3,4,5,6-hexol",0.385,0.615,321.875,326.75168,18.15,0.9568,PASS_WARMTEMP,True,False,False,False,True,False,False,True,,92.756
tetrabutylazanium;chloride,tetradecanoic acid,0.8,0.2,321.9,322.73557,18.72,0.9244,PASS_WARMTEMP,True,False,False,False,True,False,False,True,,95.003
tetrapropylazanium;chloride,hexadecanoic acid,0.406,0.594,321.91,321.17014,18.39,0.9431,PASS_WARMTEMP,True,False,False,False,True,False,False,True,,97.133
2-hydroxyethyl(trimethyl)azanium;chloride,2-hydroxyacetic acid,0.201,0.799,321.95,321.6368,19.17,0.8984,PASS_WARMTEMP,True,False,False,False,True,False,False,True,,94.933
2-hydroxyethyl(trimethyl)azanium;chloride,"(2S,3R)-butane-1,2,3,4-tetrol",0.502,0.498,321.973,323.5678,19.13,0.9006,PASS_WARMTEMP,True,False,False,False,True,False,False,True,,93.317
tetrabutylazanium;chloride,hexadecanoic acid,0.799,0.201,322.2,322.0152,18.67,0.9269,PASS_WARMTEMP,True,False,False,False,True,False,False,True,,95.739
2-hydroxyethyl(trimethyl)azanium;chloride,"(3R,4S,5S)-oxane-2,3,4,5-tetrol",0.503,0.497,322.22,323.03693,18.4,0.9424,PASS_WARMTEMP,True,False,False,False,True,False,False,True,,95.458
2-hydroxyethyl(trimethyl)azanium;chloride,hexadecan-1-ol,0.332,0.668,322.28,322.10037,18.59,0.9314,PASS_WARMTEMP,True,False,False,False,True,False,False,True,,95.844
tetramethylazanium;chloride,tetradecanoic acid,0.303,0.697,322.28,321.7618,18.34,0.9459,PASS_WARMTEMP,True,False,False,False,True,False,False,True,,96.723
2-hydroxyethyl(trimethyl)azanium;chloride,"(1R,2S,5R)-5-methyl-2-propan-2-ylcyclohexan-1-ol",0.1,0.9,322.4,320.77145,18.55,0.934,REJECTED_DES_RULE,False,False,True,False,True,False,False,True,,77.12
methyl(triphenyl)phosphanium;bromide,"ethane-1,2-diol",0.4,0.6,322.42,322.7799,23.01,0.6777,REJECTED_DES_RULE,False,False,True,False,True,False,False,True,,65.096
tetrapropylazanium;chloride,tetradecanoic acid,0.197,0.803,322.45,322.47754,18.56,0.9333,PASS_WARMTEMP,True,False,False,False,True,False,False,True,,95.587
2-hydroxyethyl(trimethyl)azanium;chloride,hexadecan-1-ol,0.306,0.694,322.55,322.37827,18.01,0.9651,PASS_WARMTEMP,True,False,False,False,True,False,False,True,,96.947
2-hydroxyethyl(trimethyl)azanium;chloride,hexadecan-1-ol,0.208,0.792,322.73,323.74466,18.19,0.9544,PASS_WARMTEMP,True,False,False,False,True,False,False,True,,95.313
tetrabutylazanium;chloride,octadecanoic acid,0.493,0.507,322.9,321.68243,19.51,0.8786,PASS_WARMTEMP,True,False,False,False,True,False,False,True,,94.101
"1H-Imidazolium, 3-[2-[(1R,5S)-6,6-dimethylbicyclo[3.1.1]hept-2-en-2-yl]ethyl]-1-methyl-, methanesulfonate (1:1) (ACI)",4-oxopentanoic acid,0.494,0.506,323.188,323.10388,23.47,0.6511,REJECTED_DES_RULE,False,False,True,False,True,False,False,True,,63.746
2-hydroxyethyl(trimethyl)azanium;chloride,tetradecanoic acid,0.491,0.509,323.3,324.53177,18.24,0.952,PASS_WARMTEMP,True,False,False,False,True,False,False,True,,94.523
2-hydroxyethyl(trimethyl)azanium;chloride,hexadecan-1-ol,0.132,0.868,323.35,324.33417,19.54,0.877,PASS_WARMTEMP,True,False,False,False,True,False,False,True,,91.697
tetraethylazanium;chloride,hexadecanoic acid,0.409,0.591,323.35,322.1657,18.52,0.9355,PASS_WARMTEMP,True,False,False,False,True,False,False,True,,95.95
tetrapropylazanium;chloride,tetradecanoic acid,0.2,0.8,323.45,322.66364,18.56,0.9334,PASS_WARMTEMP,True,False,False,False,True,False,False,True,,95.427
2-hydroxyethyl(trimethyl)azanium;chloride,"2,3-dimethylphenol",0.332,0.668,323.6,322.2914,18.36,0.9448,PASS_WARMTEMP,True,False,False,False,True,False,False,True,,96.211
tetrapropylazanium;chloride,hexadecanoic acid,0.311,0.689,323.75,323.7079,18.72,0.9241,PASS_WARMTEMP,True,False,False,False,True,False,False,True,,94.134
tetramethylazanium;chloride,tetradecanoic acid,0.12,0.88,323.85,324.16037,19.06,0.9045,PASS_WARMTEMP,True,False,False,False,True,False,False,True,,92.95
tetrapropylazanium;chloride,hexadecanoic acid,0.296,0.704,323.95,322.83823,18.66,0.9275,PASS_WARMTEMP,True,False,False,False,True,False,False,True,,95.037
tetrabutylazanium;chloride,hexadecan-1-ol,0.725,0.275,324.1,323.96783,20.06,0.8469,PASS_WARMTEMP,True,False,False,False,True,False,False,True,,90.816
2-hydroxyethyl(trimethyl)azanium;chloride,propanedioic acid,0.349,0.651,324.157,324.21136,19.13,0.9007,PASS_WARMTEMP,True,False,False,False,True,False,False,True,,92.753
2-hydroxyethyl(trimethyl)azanium;chloride,acetamide,0.33,0.67,324.16,324.2814,18.79,0.9199,PASS_WARMTEMP,True,False,False,False,True,False,False,True,,93.459
2-hydroxyethyl(trimethyl)azanium;chloride,dodecanoic acid,0.446,0.554,324.2,326.6325,18.64,0.9285,REJECTED_DES_RULE,False,False,True,False,True,False,False,True,,71.729
tetraethylazanium;chloride,tetradecanoic acid,0.106,0.894,324.35,324.51297,18.6,0.9312,PASS_WARMTEMP,True,False,False,False,True,False,False,True,,93.707
tetrabutylazanium;chloride,octadecan-1-ol,0.201,0.799,324.5,325.23657,18.73,0.9234,PASS_WARMTEMP,True,False,False,False,True,False,False,True,,92.757
tetrapropylazanium;chloride,hexadecanoic acid,0.6,0.4,324.55,326.1909,19.56,0.8758,PASS_WARMTEMP,True,False,False,False,True,False,False,True,,90.011
tetraethylazanium;chloride,tetradecanoic acid,0.104,0.896,324.97,324.68716,18.57,0.933,PASS_WARMTEMP,True,False,False,False,True,False,False,True,,93.625
2-hydroxyethyl(trimethyl)azanium;chloride,"2,3-dimethylphenol",0.167,0.833,325.0,323.08875,21.8,0.7469,PASS_WARMTEMP,True,False,False,False,True,False,False,True,,87.592
tetrabutylazanium;chloride,octadecanoic acid,0.596,0.404,325.0,326.1234,19.48,0.8805,PASS_WARMTEMP,True,False,False,False,True,False,False,True,,90.258
2-hydroxyethyl(trimethyl)azanium;chloride,tetradecanoic acid,0.406,0.594,325.13,324.96518,18.12,0.9585,PASS_WARMTEMP,True,False,False,False,True,False,False,True,,94.4
2-hydroxyethyl(trimethyl)azanium;chloride,2-phenylacetic acid,0.252,0.748,325.483,324.59552,19.24,0.8941,PASS_WARMTEMP,True,False,False,False,True,False,False,True,,92.15
2-hydroxyethyl(trimethyl)azanium;chloride,tetradecanoic acid,0.316,0.684,325.75,325.58774,18.24,0.9515,PASS_WARMTEMP,True,False,False,False,True,False,False,True,,93.571
tetrabutylazanium;chloride,octadecan-1-ol,0.686,0.314,325.8,324.81693,18.84,0.9175,PASS_WARMTEMP,True,False,False,False,True,False,False,True,,92.891
2-hydroxyethyl(trimethyl)azanium;chloride,tetradecanoic acid,0.311,0.689,325.95,325.3577,18.14,0.9575,PASS_WARMTEMP,True,False,False,False,True,False,False,True,,94.014
2-hydroxyethyl(trimethyl)azanium;chloride,oxalic acid,0.45,0.55,326.0,326.26974,20.05,0.8478,PASS_WARMTEMP,True,False,False,False,True,False,False,True,,88.821
tetrabutylazanium;chloride,tetradecan-1-ol,0.799,0.201,326.0,326.41025,20.26,0.8358,REJECTED_DES_RULE,False,False,True,False,True,False,False,True,,68.217
tetraethylazanium;chloride,hexadecanoic acid,0.302,0.698,326.01,325.7999,18.47,0.9382,PASS_WARMTEMP,True,False,False,False,True,False,False,True,,92.852
2-hydroxyethyl(trimethyl)azanium;chloride,2-[4-(2-methylpropyl)phenyl]propanoic acid,0.396,0.604,326.05,326.44037,18.67,0.9271,PASS_WARMTEMP,True,False,False,False,True,False,False,True,,91.842
2-hydroxyethyl(trimethyl)azanium;chloride,"(2S,4R)-pentane-1,2,3,4,5-pentol",0.552,0.448,326.07,327.89758,18.8,0.9196,PASS_WARMTEMP,True,False,False,False,True,False,False,True,,90.257
2-hydroxyethyl(trimethyl)azanium;chloride,tetradecanoic acid,0.208,0.792,326.2,325.47803,18.11,0.9594,PASS_WARMTEMP,True,False,False,False,True,False,False,True,,93.984
2-hydroxyethyl(trimethyl)azanium;chloride,tetradecanoic acid,0.215,0.785,326.33,325.8375,18.3,0.9483,PASS_WARMTEMP,True,False,False,False,True,False,False,True,,93.222
tetrapropylazanium;chloride,tetradecanoic acid,0.1,0.9,326.35,326.2571,18.55,0.9341,PASS_WARMTEMP,True,False,False,False,True,False,False,True,,92.284
tetraethylazanium;chloride,hexadecanoic acid,0.218,0.782,326.417,327.67316,18.74,0.9227,PASS_WARMTEMP,True,False,False,False,True,False,False,True,,90.579
2-hydroxyethyl(trimethyl)azanium;chloride,pentanedioic acid,0.352,0.648,326.58,325.73773,19.96,0.8529,PASS_WARMTEMP,True,False,False,False,True,False,False,True,,89.494
tetrapropylazanium;chloride,tetradecanoic acid,0.099,0.901,326.62,327.31403,18.55,0.934,REJECTED_DES_RULE,False,False,True,False,True,False,False,True,,71.348
2-hydroxyethyl(trimethyl)azanium;chloride,tetradecanoic acid,0.101,0.899,326.65,326.91348,18.51,0.9364,PASS_WARMTEMP,True,False,False,False,True,False,False,True,,91.797
tetrabutylazanium;chloride,hexadecanoic acid,0.183,0.817,326.8,326.57886,19.29,0.8916,PASS_WARMTEMP,True,False,False,False,True,False,False,True,,90.3
2-hydroxyethyl(trimethyl)azanium;chloride,tetradecanoic acid,0.108,0.892,326.98,326.3875,18.6,0.9312,PASS_WARMTEMP,True,False,False,False,True,False,False,True,,92.053
Glutaric Acid,[N2222]Br,0.641,0.359,327.1,326.52884,19.95,0.8532,PASS_WARMTEMP,True,False,False,False,True,False,False,True,,88.808
tetraethylazanium;chloride,hexadecanoic acid,0.31,0.69,327.25,327.35965,18.63,0.9295,PASS_WARMTEMP,True,False,False,False,True,False,False,True,,91.127
tetrabutylazanium;chloride,octadecanoic acid,0.386,0.614,327.4,325.88232,19.56,0.8759,PASS_WARMTEMP,True,False,False,False,True,False,False,True,,90.287
2-hydroxyethyl(trimethyl)azanium;chloride,5-methyl-2-propan-2-ylphenol,0.3,0.7,327.4,327.76404,18.09,0.9601,REJECTED_DES_RULE,False,False,True,False,True,False,False,True,,71.995
tetramethylazanium;chloride,tetradecanoic acid,0.099,0.901,327.5,327.18686,18.63,0.9292,REJECTED_DES_RULE,False,False,True,False,True,False,False,True,,71.268
2-hydroxyethyl(trimethyl)azanium;chloride,tetradecanoic acid,0.502,0.498,327.68,331.09918,18.07,0.9612,REJECTED_DES_RULE,False,False,True,False,True,False,False,True,,69.096
tetrapropylazanium;chloride,octadecanoic acid,0.4,0.6,327.92,330.08975,18.87,0.9156,PASS_WARMTEMP,True,False,False,False,True,False,False,True,,88.162
"1H-Imidazolium, 3-[2-[(1R,5S)-6,6-dimethylbicyclo[3.1.1]hept-2-en-2-yl]ethyl]-1-methyl-, methanesulfonate (1:1) (ACI)",urea,0.252,0.748,327.941,327.53995,20.25,0.8361,PASS_WARMTEMP,True,False,False,False,True,False,False,True,,87.232
2-hydroxyethyl(trimethyl)azanium;chloride,oxalic acid,0.4,0.6,328.0,328.076,18.92,0.9124,PASS_WARMTEMP,True,False,False,False,True,False,False,True,,89.811
tetraethylazanium;bromide,heptanedioic acid,0.56,0.44,328.1,327.7387,24.62,0.5851,PASS_WARMTEMP,True,False,False,False,True,False,False,True,,77.017
2-fluoroethyl(trimethyl)azanium;bromide,urea,0.3333,0.6667,328.15,327.97263,22.99,0.6788,PASS_WARMTEMP,True,False,False,False,True,False,False,True,,80.559
tetrabutylazanium;chloride,octadecanoic acid,0.682,0.318,328.2,327.93076,19.48,0.8807,PASS_WARMTEMP,True,False,False,False,True,False,False,True,,88.671
Glutaric Acid,[N2222]Br,0.537,0.463,328.2,327.74277,19.22,0.8955,PASS_WARMTEMP,True,False,False,False,True,False,False,True,,89.429
2-hydroxyethyl(trimethyl)azanium;chloride,"(2S,3R)-butane-1,2,3,4-tetrol",0.451,0.549,328.251,330.1799,20.11,0.8443,PASS_WARMTEMP,True,False,False,False,True,False,False,True,,85.231
tetramethylazanium;chloride,hexadecan-1-ol,0.4,0.6,328.3,328.44736,18.38,0.9438,REJECTED_DES_RULE,False,False,True,False,True,False,False,True,,70.74
2-hydroxyethyl(trimethyl)azanium;chloride,octadecan-1-ol,0.502,0.498,328.32,324.68192,18.44,0.9401,PASS_WARMTEMP,True,False,False,False,True,False,False,True,,93.914
2-hydroxyethyl(trimethyl)azanium;chloride,octadecan-1-ol,0.492,0.508,328.48,328.16855,18.46,0.939,PASS_WARMTEMP,True,False,False,False,True,False,False,True,,90.794
2-hydroxyethyl(trimethyl)azanium;chloride,urea,0.502,0.498,328.501,327.77554,17.88,0.9723,PASS_WARMTEMP,True,False,False,False,True,False,False,True,,92.472
Pimelic Acid,[N2222]Br,0.578,0.422,328.6,326.76956,19.42,0.8841,PASS_WARMTEMP,True,False,False,False,True,False,False,True,,89.832
2-hydroxyethyl(trimethyl)azanium;chloride,"(1R,4R)-1,7,7-trimethylbicyclo[2.2.1]heptan-2-one",0.499,0.501,328.7,330.53754,18.33,0.9466,PASS_WARMTEMP,True,False,False,False,True,False,False,True,,89.007
2-hydroxyethyl(trimethyl)azanium;chloride,decanoic acid,0.456,0.544,328.75,331.0234,19.37,0.8868,REJECTED_DES_RULE,False,False,True,False,True,False,False,True,,66.187
tetrabutylazanium;chloride,octadecan-1-ol,0.101,0.899,328.9,328.8828,19.14,0.8999,PASS_WARMTEMP,True,False,False,False,True,False,False,True,,88.599
tetrabutylazanium;chloride,hexadecan-1-ol,0.796,0.204,329.0,328.8058,18.83,0.9179,REJECTED_DES_RULE,False,False,True,False,True,False,False,True,,69.387
"1,3-Dimethylurea",ChCl,0.61,0.39,329.15,328.86215,21.53,0.7626,PASS_WARMTEMP,True,False,False,False,True,False,False,True,,83.126
tetrapropylazanium;chloride,octadecanoic acid,0.446,0.554,329.18,329.6332,20.56,0.8186,PASS_WARMTEMP,True,False,False,False,True,False,False,True,,84.685
tetrapropylazanium;chloride,hexadecanoic acid,0.182,0.818,329.25,329.5869,19.11,0.902,PASS_WARMTEMP,True,False,False,False,True,False,False,True,,88.062
2-hydroxyethyl(trimethyl)azanium;chloride,1H-imidazole,0.3,0.7,329.2686,330.2857,18.69,0.9256,PASS_WARMTEMP,True,False,False,False,True,False,False,True,,88.39
imidazole,Choline chloride,0.7,0.3,329.269,329.17618,22.93,0.682,PASS_WARMTEMP,True,False,False,False,True,False,False,True,,79.625
tetramethylazanium;chloride,hexadecan-1-ol,0.3,0.7,329.4,328.75174,18.42,0.9413,REJECTED_DES_RULE,False,False,True,False,True,False,False,True,,70.371
2-hydroxyethyl(trimethyl)azanium;chloride,octadecan-1-ol,0.394,0.606,329.52,329.1014,18.4,0.9428,PASS_WARMTEMP,True,False,False,False,True,False,False,True,,90.123
2-hydroxyethyl(trimethyl)azanium;chloride,octadecan-1-ol,0.403,0.597,329.98,328.4853,18.3,0.9484,PASS_WARMTEMP,True,False,False,False,True,False,False,True,,90.89
ethanamine;hydrochloride,acetamide,0.666667,0.333333,330.15,329.39307,20.93,0.7969,PASS_WARMTEMP,True,False,False,False,True,False,False,True,,84.029
"1H-Benzotriazolium, 3-butyl-1-ethyl-, hexafluorophosphate(1-) (1:1) (ACI)",1H-imidazole,0.2,0.8,330.15,329.29742,24.98,0.5646,PASS_WARMTEMP,True,False,False,False,True,False,False,True,,74.822
2-hydroxyethyl(trimethyl)azanium;chloride,2-methylidenebutanedioic acid,0.5,0.5,330.15,330.1992,18.29,0.9486,PASS_WARMTEMP,True,False,False,False,True,False,False,True,,89.386
tetramethylazanium;chloride,hexadecan-1-ol,0.201,0.799,330.2,329.20602,18.33,0.9468,REJECTED_DES_RULE,False,False,True,False,True,False,False,True,,70.19
2-hydroxyethyl(trimethyl)azanium;chloride,2-hydroxyacetic acid,0.15,0.85,330.28,330.24362,19.98,0.8519,PASS_WARMTEMP,True,False,False,False,True,False,False,True,,85.479
tetramethylazanium;chloride,hexadecan-1-ol,0.5,0.5,330.4,331.51425,18.64,0.9286,REJECTED_DES_RULE,False,False,True,False,True,False,False,True,,67.426
2-hydroxyethyl(trimethyl)azanium;chloride,"2,3-dimethylphenol",0.4,0.6,330.5,330.66565,19.33,0.8893,PASS_WARMTEMP,True,False,False,False,True,False,False,True,,86.602
Glutaric Acid,[N2222]Br,0.665,0.335,330.5,331.24432,20.16,0.8414,PASS_WARMTEMP,True,False,False,False,True,False,False,True,,84.176
Pimelic Acid,[N3333]Br,0.497,0.503,330.5,330.42816,20.88,0.7998,PASS_WARMTEMP,True,False,False,False,True,False,False,True,,83.232
2-hydroxyethyl(trimethyl)azanium;chloride,octadecan-1-ol,0.302,0.698,330.55,329.01556,18.5,0.9366,PASS_WARMTEMP,True,False,False,False,True,False,False,True,,89.95
2-hydroxyethyl(trimethyl)azanium;chloride,octadecan-1-ol,0.319,0.681,330.58,329.90292,18.48,0.9378,PASS_WARMTEMP,True,False,False,False,True,False,False,True,,89.215
2-hydroxyethyl(trimethyl)azanium;chloride,"2,3-dihydroxybutanedioic acid",0.6,0.4,330.62,331.84836,20.54,0.8196,PASS_WARMTEMP,True,False,False,False,True,False,False,True,,82.771
tetrapropylazanium;chloride,hexadecanoic acid,0.201,0.799,330.81,330.7648,18.65,0.9279,PASS_WARMTEMP,True,False,False,False,True,False,False,True,,88.059
2-hydroxyethyl(trimethyl)azanium;chloride,propanedioic acid,0.296,0.704,330.868,330.81497,18.02,0.9641,PASS_WARMTEMP,True,False,False,False,True,False,False,True,,89.463
tetraethylazanium;chloride,hexadecanoic acid,0.503,0.497,330.98,330.98013,18.44,0.9404,PASS_WARMTEMP,True,False,False,False,True,False,False,True,,88.369
2-hydroxyethyl(trimethyl)azanium;chloride,hexadecanoic acid,0.4,0.6,331.03,335.56522,18.51,0.9364,PASS_WARMTEMP,True,False,False,False,True,False,False,True,,84.163
2-hydroxyethyl(trimethyl)azanium;chloride,octadecan-1-ol,0.203,0.797,331.12,331.10995,18.31,0.9476,PASS_WARMTEMP,True,False,False,False,True,False,False,True,,88.542
2-hydroxyethyl(trimethyl)azanium;chloride,"(2R,3R,4R,5S)-hexane-1,2,3,4,5,6-hexol",0.381,0.619,331.144,326.75168,18.31,0.9478,PASS_WARMTEMP,True,False,False,False,True,False,False,True,,92.396
tetrabutylazanium;chloride,octadecan-1-ol,0.8,0.2,331.3,331.03622,18.53,0.9353,PASS_WARMTEMP,True,False,False,False,True,False,False,True,,88.115
tetramethylazanium;chloride,hexadecanoic acid,0.301,0.699,331.36,331.11923,18.59,0.9313,PASS_WARMTEMP,True,False,False,False,True,False,False,True,,87.882
tetrabutylazanium;chloride,hexadecanoic acid,0.107,0.893,331.4,331.0505,19.34,0.8882,PASS_WARMTEMP,True,False,False,False,True,False,False,True,,86.219
tetraethylazanium;chloride,hexadecanoic acid,0.502,0.498,331.402,331.72412,18.43,0.9408,PASS_WARMTEMP,True,False,False,False,True,False,False,True,,87.728
tetramethylazanium;chloride,hexadecanoic acid,0.402,0.598,331.46,331.35956,18.48,0.9381,PASS_WARMTEMP,True,False,False,False,True,False,False,True,,87.942
methyl(triphenyl)phosphanium;bromide,"2,2,2-trifluoroacetamide",0.4,0.6,331.55,331.9177,24.43,0.5962,PASS_WARMTEMP,True,False,False,False,True,False,False,True,,73.774
2-hydroxyethyl(trimethyl)azanium;chloride,octadecan-1-ol,0.205,0.795,331.58,332.3132,18.29,0.9487,PASS_WARMTEMP,True,False,False,False,True,False,False,True,,87.525
2-hydroxyethyl(trimethyl)azanium;chloride,tetradecan-1-ol,0.505,0.495,331.62,334.0709,18.76,0.9218,REJECTED_DES_RULE,False,False,True,False,True,False,False,True,,64.898
2-hydroxyethyl(trimethyl)azanium;chloride,hexadecanoic acid,0.366,0.634,331.95,331.26013,19.62,0.8726,PASS_WARMTEMP,True,False,False,False,True,False,False,True,,85.41
tetrapropylazanium;bromide,hexanedioic acid,0.52,0.48,332.0,332.25537,19.13,0.9004,PASS_WARMTEMP,True,False,False,False,True,False,False,True,,85.644
ethanamine;hydrochloride,urea,0.741,0.259,332.107,332.1496,19.98,0.8517,PASS_WARMTEMP,True,False,False,False,True,False,False,True,,83.789
tetrapropylazanium;chloride,octadecanoic acid,0.307,0.693,332.15,333.17804,18.81,0.9192,PASS_WARMTEMP,True,False,False,False,True,False,False,True,,85.581
2-hydroxyethyl(trimethyl)azanium;chloride,"benzene-1,4-diol",0.5,0.5,332.16,329.78165,18.21,0.9533,PASS_WARMTEMP,True,False,False,False,True,False,False,True,,89.942
tetramethylazanium;chloride,hexadecan-1-ol,0.1,0.9,332.2,331.4055,18.37,0.9441,REJECTED_DES_RULE,False,False,True,False,True,False,False,True,,68.142
2-hydroxyethyl(trimethyl)azanium;chloride,octadecan-1-ol,0.15,0.85,332.2,332.0625,19.48,0.8807,PASS_WARMTEMP,True,False,False,False,True,False,False,True,,85.026
2-hydroxyethyl(trimethyl)azanium;chloride,"(2S,4R)-pentane-1,2,3,4,5-pentol",0.294,0.706,332.296,330.86618,18.3,0.9484,PASS_WARMTEMP,True,False,False,False,True,False,False,True,,88.789
tetramethylazanium;chloride,hexadecan-1-ol,0.6,0.4,332.3,334.73267,18.61,0.9307,REJECTED_DES_RULE,False,False,True,False,True,False,False,True,,64.67
tetramethylazanium;chloride,hexadecanoic acid,0.204,0.796,332.4,331.83826,18.8,0.9195,PASS_WARMTEMP,True,False,False,False,True,False,False,True,,86.776
2-hydroxyethyl(trimethyl)azanium;chloride,octadecan-1-ol,0.098,0.902,332.42,332.76343,18.56,0.9331,PASS_WARMTEMP,True,False,False,False,True,False,False,True,,86.503
tetrapropylazanium;chloride,octadecanoic acid,0.299,0.701,332.47,332.779,18.8,0.9195,PASS_WARMTEMP,True,False,False,False,True,False,False,True,,85.946
2-hydroxyethyl(trimethyl)azanium;chloride,"(3S,4S,5S,6R)-6-(hydroxymethyl)oxane-2,3,4,5-tetrol",0.501,0.499,332.52,333.07843,17.85,0.974,PASS_WARMTEMP,True,False,False,False,True,False,False,True,,87.861
tetrabutylazanium;chloride,tetradecanoic acid,0.897,0.103,332.6,332.4556,19.11,0.9018,REJECTED_DES_RULE,False,False,True,False,True,False,False,True,,65.523
tetraethylazanium;chloride,hexadecanoic acid,0.199,0.801,332.69,332.88614,18.67,0.9272,PASS_WARMTEMP,True,False,False,False,True,False,False,True,,86.159
tetrabutylazanium;chloride,octadecanoic acid,0.304,0.696,332.7,332.66623,19.49,0.8801,PASS_WARMTEMP,True,False,False,False,True,False,False,True,,84.469
tetraethylazanium;chloride,hexadecanoic acid,0.204,0.796,332.75,331.31717,18.6,0.9308,PASS_WARMTEMP,True,False,False,False,True,False,False,True,,87.687
tetraethylazanium;chloride,octadecanoic acid,0.309,0.691,332.78,332.03436,18.98,0.9094,PASS_WARMTEMP,True,False,False,False,True,False,False,True,,86.199
tetraethylazanium;chloride,hexadecanoic acid,0.484,0.516,333.05,333.54117,19.07,0.9038,PASS_WARMTEMP,True,False,False,False,True,False,False,True,,84.645
2-hydroxyethyl(trimethyl)azanium;chloride,hexadecanoic acid,0.307,0.693,333.2,333.39697,18.55,0.9341,PASS_WARMTEMP,True,False,False,False,True,False,False,True,,85.984
Glutaric Acid,[N2222]Br,0.527,0.473,333.2,332.57346,18.67,0.9271,PASS_WARMTEMP,True,False,False,False,True,False,False,True,,86.431
Pimelic Acid,[N3333]Br,0.454,0.546,333.2,332.73004,19.18,0.8976,PASS_WARMTEMP,True,False,False,False,True,False,False,True,,85.113
tetraethylazanium;chloride,hexadecanoic acid,0.098,0.902,333.35,333.86618,18.51,0.9361,PASS_WARMTEMP,True,False,False,False,True,False,False,True,,85.65
tetraethylazanium;chloride,hexadecanoic acid,0.068,0.932,333.396,333.6065,20.0,0.8508,PASS_WARMTEMP,True,False,False,False,True,False,False,True,,82.467
tetrabutylazanium;chloride,tetradecan-1-ol,0.896,0.104,333.4,332.80005,20.67,0.812,REJECTED_DES_RULE,False,False,True,False,True,False,False,True,,61.627
tetramethylazanium;chloride,hexadecanoic acid,0.403,0.597,333.45,334.18173,18.47,0.9384,PASS_WARMTEMP,True,False,False,False,True,False,False,True,,85.464
tetraethylazanium;chloride,dodecanoic acid,0.4535,0.5465,333.4789,334.329,19.19,0.8969,REJECTED_DES_RULE,False,False,True,False,True,False,False,True,,63.674
2-hydroxyethyl(trimethyl)azanium;chloride,pentanedioic acid,0.299,0.701,333.48,334.10358,18.31,0.9474,PASS_WARMTEMP,True,False,False,False,True,False,False,True,,85.893
tetramethylazanium;chloride,octadecan-1-ol,0.305,0.695,333.5,333.90753,18.35,0.9451,REJECTED_DES_RULE,False,False,True,False,True,False,False,True,,65.974
tetrabutylazanium;chloride,hexadecanoic acid,0.899,0.101,333.6,333.26175,19.48,0.8802,PASS_WARMTEMP,True,False,False,False,True,False,False,True,,83.948
tetraethylazanium;chloride,dodecanoic acid,0.451,0.549,333.62,333.01627,19.31,0.8902,REJECTED_DES_RULE,False,False,True,False,True,False,False,True,,64.564
2-hydroxyethyl(trimethyl)azanium;chloride,octadecan-1-ol,0.567,0.433,333.68,335.52316,18.63,0.9292,REJECTED_DES_RULE,False,False,True,False,True,False,False,True,,63.912
tetrabutylazanium;chloride,octadecanoic acid,0.8,0.2,333.7,333.65707,19.46,0.8815,PASS_WARMTEMP,True,False,False,False,True,False,False,True,,83.651
2-hydroxyethyl(trimethyl)azanium;chloride,hexadecanoic acid,0.256,0.744,333.75,333.86438,19.79,0.8625,PASS_WARMTEMP,True,False,False,False,True,False,False,True,,82.708
tetramethylazanium;chloride,hexadecanoic acid,0.317,0.683,334.25,333.56638,18.61,0.9306,PASS_WARMTEMP,True,False,False,False,True,False,False,True,,85.695
tetrapropylazanium;chloride,dodecanoic acid,0.447,0.553,334.28,333.41913,19.56,0.8758,REJECTED_DES_RULE,False,False,True,False,True,False,False,True,,63.633
2-[4-(2-methylpropyl)phenyl]propanoic acid,hexadecanoic acid,0.7043,0.2957,334.48,332.5109,19.05,0.9051,PASS_WARMTEMP,True,False,False,False,True,False,False,True,,85.606
tetrapropylazanium;chloride,dodecanoic acid,0.4488,0.5512,334.532,333.41913,19.62,0.8724,REJECTED_DES_RULE,False,False,True,False,True,False,False,True,,63.497
2-hydroxyethyl(trimethyl)azanium;chloride,2-hydroxybutanedioic acid,0.55,0.45,334.55,336.64868,18.96,0.9105,PASS_WARMTEMP,True,False,False,False,True,False,False,True,,82.171
2-hydroxyethyl(trimethyl)azanium;chloride,hexadecanoic acid,0.188,0.812,334.6,334.25433,18.85,0.9166,PASS_WARMTEMP,True,False,False,False,True,False,False,True,,84.528
2-hydroxyethyl(trimethyl)azanium;chloride,hexadecan-1-ol,0.583,0.417,334.62,335.76135,18.28,0.9495,REJECTED_DES_RULE,False,False,True,False,True,False,False,True,,64.514
tetraethylazanium;chloride,tetradecanoic acid,0.404,0.596,335.02,334.65982,18.48,0.9381,REJECTED_DES_RULE,False,False,True,False,True,False,False,True,,65.03
tetramethylazanium;chloride,hexadecanoic acid,0.188,0.812,335.05,334.7973,19.01,0.9075,PASS_WARMTEMP,True,False,False,False,True,False,False,True,,83.685
2-hydroxyethyl(trimethyl)azanium;chloride,hexadecanoic acid,0.158,0.842,335.05,335.2114,19.35,0.8881,PASS_WARMTEMP,True,False,False,False,True,False,False,True,,82.543
2-hydroxyethyl(trimethyl)azanium;chloride,2-[4-(2-methylpropyl)phenyl]propanoic acid,0.303,0.697,335.08,333.9126,18.12,0.9586,PASS_WARMTEMP,True,False,False,False,True,False,False,True,,86.509
2-hydroxyethyl(trimethyl)azanium;chloride,"(1R,2S,5R)-5-methyl-2-propan-2-ylcyclohexan-1-ol",0.5,0.5,335.1,335.98642,18.3,0.9482,REJECTED_DES_RULE,False,False,True,False,True,False,False,True,,64.264
ethanamine;hydrochloride,acetamide,0.75,0.25,335.15,335.34946,21.85,0.7442,PASS_WARMTEMP,True,False,False,False,True,False,False,True,,76.666
tetramethylazanium;chloride,hexadecanoic acid,0.104,0.896,335.15,335.24792,19.01,0.9073,PASS_WARMTEMP,True,False,False,False,True,False,False,True,,83.279
2-hydroxyethyl(trimethyl)azanium;chloride,phenol,0.454,0.546,335.2,334.95224,21.06,0.7896,REJECTED_DES_RULE,False,False,True,False,True,False,False,True,,58.832
2-hydroxyethyl(trimethyl)azanium;chloride,hexadecanoic acid,0.104,0.896,335.28,335.48315,18.62,0.9297,PASS_WARMTEMP,True,False,False,False,True,False,False,True,,83.968
2-hydroxyethyl(trimethyl)azanium;chloride,2-hydroxyacetic acid,0.548,0.452,335.38,336.0725,18.88,0.9147,PASS_WARMTEMP,True,False,False,False,True,False,False,True,,82.848
2-hydroxyethyl(trimethyl)azanium;chloride,hexadecan-1-ol,0.591,0.409,335.42,334.22168,18.12,0.9583,REJECTED_DES_RULE,False,False,True,False,True,False,False,True,,66.225
tetrapropylazanium;chloride,hexadecanoic acid,0.104,0.896,335.55,335.70227,18.44,0.9405,PASS_WARMTEMP,True,False,False,False,True,False,False,True,,84.206
tetrabutylazanium;chloride,octadecanoic acid,0.2,0.8,335.6,334.97562,19.61,0.8732,PASS_WARMTEMP,True,False,False,False,True,False,False,True,,82.155
tetraethylazanium;chloride,hexadecanoic acid,0.1,0.9,335.79,335.4507,18.48,0.9378,PASS_WARMTEMP,True,False,False,False,True,False,False,True,,84.32
2-hydroxyethyl(trimethyl)azanium;chloride,"(2R,3R,4R,5S)-hexane-1,2,3,4,5,6-hexol",0.566,0.434,335.938,335.78537,18.74,0.9228,PASS_WARMTEMP,True,False,False,False,True,False,False,True,,83.425
Pimelic Acid,[N3333]Br,0.442,0.558,336.2,337.4007,18.52,0.9356,PASS_WARMTEMP,True,False,False,False,True,False,False,True,,82.512
tetraethylazanium;chloride,tetradecanoic acid,0.39,0.61,336.25,336.4104,18.58,0.932,REJECTED_DES_RULE,False,False,True,False,True,False,False,True,,63.241
tetrapropylazanium;chloride,hexadecanoic acid,0.099,0.901,336.45,335.9975,18.46,0.9388,PASS_WARMTEMP,True,False,False,False,True,False,False,True,,83.878
tetramethylazanium;chloride,octadecan-1-ol,0.409,0.591,336.5,337.22476,18.45,0.9395,REJECTED_DES_RULE,False,False,True,False,True,False,False,True,,62.823
tetraethylazanium;chloride,tetradecanoic acid,0.4,0.6,336.52,337.04617,18.39,0.9431,REJECTED_DES_RULE,False,False,True,False,True,False,False,True,,63.124
methyl(triphenyl)phosphanium;bromide,"2,2,2-trifluoroacetamide",0.5,0.5,336.8,336.68536,26.11,0.4991,PASS_WARMTEMP,True,False,False,False,True,False,True,True,,65.683
tetrapropylazanium;chloride,octadecanoic acid,0.501,0.499,337.22,338.35764,18.86,0.916,PASS_WARMTEMP,True,False,False,False,True,False,False,True,,80.883
tetrabutylazanium;chloride,hexadecan-1-ol,0.898,0.102,337.3,337.69684,19.21,0.8961,REJECTED_DES_RULE,False,False,True,False,True,False,False,True,,60.67
tetrabutylazanium;chloride,octadecanoic acid,0.898,0.102,337.4,337.5915,20.27,0.8349,PASS_WARMTEMP,True,False,False,False,True,False,False,True,,78.315
2-hydroxyethyl(trimethyl)azanium;chloride,2-hydroxyacetic acid,0.1,0.9,337.62,337.7412,18.78,0.9205,PASS_WARMTEMP,True,False,False,False,True,False,False,True,,81.607
2-hydroxyethyl(trimethyl)azanium;chloride,5-methyl-2-propan-2-ylphenol,0.4,0.6,337.9,337.4715,17.9,0.9714,REJECTED_DES_RULE,False,False,True,False,True,False,False,True,,63.881
tetramethylazanium;chloride,octadecanoic acid,0.376,0.624,337.95,337.8198,20.0,0.8506,PASS_WARMTEMP,True,False,False,False,True,False,False,True,,78.742
Glutaric Acid,[N2222]Br,0.516,0.484,338.2,338.9226,18.47,0.9387,PASS_WARMTEMP,True,False,False,False,True,False,False,True,,81.293
tetraethylazanium;chloride,octadecanoic acid,0.226,0.774,338.21,337.3755,19.47,0.8809,PASS_WARMTEMP,True,False,False,False,True,False,False,True,,80.346
2-hydroxyethyl(trimethyl)azanium;chloride,2-hydroxybutanedioic acid,0.5,0.5,338.42,337.43954,18.04,0.9635,PASS_WARMTEMP,True,False,False,False,True,False,False,True,,83.593
tetrapentylazanium;bromide,heptanedioic acid,0.388,0.612,338.506,338.79224,21.01,0.7927,PASS_WARMTEMP,True,False,False,False,True,False,False,True,,75.568
2-hydroxyethyl(trimethyl)azanium;chloride,1H-imidazole,0.2,0.8,338.546,336.5393,18.71,0.9249,PASS_WARMTEMP,True,False,False,False,True,False,False,True,,82.844
2-hydroxyethyl(trimethyl)azanium;chloride,2-[4-(2-methylpropyl)phenyl]propanoic acid,0.229,0.771,338.62,337.42877,19.3,0.8907,PASS_WARMTEMP,True,False,False,False,True,False,False,True,,80.691
2-hydroxyethyl(trimethyl)azanium;chloride,hexadecanoic acid,0.449,0.551,338.85,338.25653,18.97,0.9101,REJECTED_DES_RULE,False,False,True,False,True,False,False,True,,60.736
tetrapropylazanium;chloride,octadecanoic acid,0.201,0.799,339.05,339.16205,18.76,0.9218,PASS_WARMTEMP,True,False,False,False,True,False,False,True,,80.405
tetrabutylazanium;bromide,1H-imidazole,0.5,0.5,339.1637,340.01422,21.06,0.7896,PASS_WARMTEMP,True,False,False,False,True,False,False,True,,74.366
imidazole,tetrabutylammonium bromide,0.5,0.5,339.164,339.18918,25.71,0.5221,PASS_WARMTEMP,True,False,False,False,True,False,True,True,,64.394
2-hydroxyethyl(trimethyl)azanium;chloride,"(2S,4R)-pentane-1,2,3,4,5-pentol",0.3,0.7,339.43,339.5518,18.13,0.9582,PASS_WARMTEMP,True,False,False,False,True,False,False,True,,81.518
tetramethylazanium;chloride,octadecanoic acid,0.314,0.686,339.45,339.5955,19.02,0.9068,PASS_WARMTEMP,True,False,False,False,True,False,False,True,,79.423
2-hydroxyethyl(trimethyl)azanium;chloride,octadecan-1-ol,0.6,0.4,339.48,337.68582,18.05,0.9626,REJECTED_DES_RULE,False,False,True,False,True,False,False,True,,63.34
2-hydroxyethyl(trimethyl)azanium;chloride,octadecanoic acid,0.386,0.614,339.55,341.00748,18.9,0.9138,PASS_WARMTEMP,True,False,False,False,True,False,False,True,,78.457
2-hydroxyethyl(trimethyl)azanium;chloride,N-(4-hydroxyphenyl)acetamide,0.597,0.403,339.62,341.62006,18.69,0.9258,PASS_WARMTEMP,True,False,False,False,True,False,False,True,,78.397
2-hydroxyethyl(trimethyl)azanium;chloride,"2,3-dimethylphenol",0.1,0.9,339.8,339.60913,22.71,0.6951,PASS_WARMTEMP,True,False,False,False,True,False,False,True,,70.943
tetrapropylazanium;chloride,octadecanoic acid,0.202,0.798,339.86,339.72998,18.78,0.9209,PASS_WARMTEMP,True,False,False,False,True,False,False,True,,79.868
tetrabutylazanium;chloride,octadecanoic acid,0.099,0.901,339.9,340.46936,20.09,0.8456,PASS_WARMTEMP,True,False,False,False,True,False,False,True,,76.204
2-hydroxyethyl(trimethyl)azanium;chloride,"(E)-3-(3,4-dihydroxyphenyl)prop-2-enoic acid",0.67,0.33,340.15,340.25015,24.78,0.5758,PASS_WARMTEMP,True,False,False,False,True,False,False,True,,65.605
"5-[(2-chlorophenyl)methyl]-6,7-dihydro-4H-thieno[3,2-c]pyridine;hydrochloride","propane-1,2,3-triol",0.33,0.67,340.15,339.4244,23.63,0.6421,REJECTED_DES_RULE,False,False,True,False,True,False,False,True,,48.986
2-hydroxyethyl(trimethyl)azanium;chloride,5-methyl-2-propan-2-ylphenol,0.333333,0.666667,340.15,337.4975,19.44,0.8829,REJECTED_DES_RULE,False,False,True,False,True,False,False,True,,60.318
tetrapropylazanium;chloride,octadecanoic acid,0.1,0.9,340.25,341.30167,18.76,0.9217,PASS_WARMTEMP,True,False,False,False,True,False,False,True,,78.514
2-hydroxyethyl(trimethyl)azanium;chloride,"(1R,4R)-1,7,7-trimethylbicyclo[2.2.1]heptan-2-one",0.395,0.605,340.4,341.1569,18.73,0.9233,PASS_WARMTEMP,True,False,False,False,True,False,False,True,,78.705
2-hydroxyethyl(trimethyl)azanium;chloride,2-hydroxybenzoic acid,0.496,0.504,340.6,340.22064,18.53,0.9349,PASS_WARMTEMP,True,False,False,False,True,False,False,True,,79.995
2-hydroxyethyl(trimethyl)azanium;chloride,2-acetyloxybenzoic acid,0.286,0.714,340.65,341.51645,18.82,0.9183,PASS_WARMTEMP,True,False,False,False,True,False,False,True,,78.188
2-hydroxyethyl(trimethyl)azanium;chloride,octadecanoic acid,0.297,0.703,340.68,340.75354,18.53,0.9352,PASS_WARMTEMP,True,False,False,False,True,False,False,True,,79.537
tetrapropylazanium;bromide,"(2S,3R)-butane-1,2,3,4-tetrol",0.6,0.4,340.6914,340.9204,22.17,0.7256,PASS_WARMTEMP,True,False,False,False,True,False,False,True,,71.006
tetramethylazanium;chloride,octadecan-1-ol,0.507,0.493,340.7,343.15656,18.9,0.914,REJECTED_DES_RULE,False,False,True,False,False,False,False,True,,
Glutaric Acid,[N2222]Br,0.694,0.306,340.9,340.86008,20.25,0.836,PASS_WARMTEMP,True,False,False,False,True,False,False,True,,75.475
2-hydroxyethyl(trimethyl)azanium;chloride,pentanedioic acid,0.25,0.75,341.02,340.82022,20.5,0.8217,PASS_WARMTEMP,True,False,False,False,True,False,False,True,,74.938
2-hydroxyethyl(trimethyl)azanium;chloride,2-hydroxybenzoic acid,0.5,0.5,341.15,344.25613,18.38,0.9438,OUTSIDE_TARGET_RANGE,True,False,False,False,False,False,False,True,,
2-hydroxyethyl(trimethyl)azanium;chloride,octadecan-1-ol,0.599,0.401,341.25,343.1479,18.04,0.9635,REJECTED_DES_RULE,False,False,True,False,False,False,False,True,,
tetraethylazanium;chloride,tetradecanoic acid,0.464,0.536,341.4,341.4157,19.36,0.8873,REJECTED_DES_RULE,False,False,True,False,True,False,False,True,,57.037
2-hydroxyethyl(trimethyl)azanium;chloride,"(3R,4S,5S)-oxane-2,3,4,5-tetrol",0.394,0.606,341.52,340.8406,18.53,0.9353,PASS_WARMTEMP,True,False,False,False,True,False,False,True,,79.464
2-hydroxyethyl(trimethyl)azanium;chloride,"2,3-dihydroxybutanedioic acid",0.55,0.45,341.62,341.51556,20.84,0.8025,PASS_WARMTEMP,True,False,False,False,True,False,False,True,,73.557
2-hydroxyethyl(trimethyl)azanium;chloride,"(2S,4R)-pentane-1,2,3,4,5-pentol",0.182,0.818,341.634,341.76157,18.76,0.9221,PASS_WARMTEMP,True,False,False,False,True,False,False,True,,78.124
2-hydroxyethyl(trimethyl)azanium;chloride,octadecanoic acid,0.189,0.811,341.72,342.01477,19.01,0.9074,PASS_WARMTEMP,True,False,False,False,True,False,False,True,,77.312
2-hydroxyethyl(trimethyl)azanium;chloride,"(3R,4S,5R)-oxane-2,3,4,5-tetrol",0.399,0.601,341.72,342.26346,18.67,0.9271,PASS_WARMTEMP,True,False,False,False,True,False,False,True,,77.881
2-hydroxyethyl(trimethyl)azanium;chloride,urea,0.227,0.773,341.785,340.87625,19.3,0.8907,PASS_WARMTEMP,True,False,False,False,True,False,False,True,,77.649
imidazole,Choline chloride,0.9,0.1,341.988,342.7147,21.68,0.7537,PASS_WARMTEMP,True,False,False,False,True,False,False,True,,70.547
2-hydroxyethyl(trimethyl)azanium;chloride,1H-imidazole,0.1,0.9,341.9881,343.90027,18.77,0.9214,OUTSIDE_TARGET_RANGE,True,False,False,False,False,False,False,True,,
2-hydroxyethyl(trimethyl)azanium;chloride,thiourea,0.3333,0.6667,342.15,343.92755,21.79,0.7476,OUTSIDE_TARGET_RANGE,True,False,False,False,False,False,False,True,,
2-hydroxyethyl(trimethyl)azanium;chloride,"(2R,3R,4R,5S)-hexane-1,2,3,4,5,6-hexol",0.315,0.685,342.188,341.7816,18.55,0.9338,PASS_WARMTEMP,True,False,False,False,True,False,False,True,,78.574
ethanamine;hydrochloride,urea,0.249,0.751,342.193,342.45172,19.8,0.8622,PASS_WARMTEMP,True,False,False,False,True,False,False,True,,75.119
tetraethylazanium;chloride,octadecanoic acid,0.117,0.883,342.25,342.15726,19.11,0.9016,PASS_WARMTEMP,True,False,False,False,True,False,False,True,,76.955
2-hydroxyethyl(trimethyl)azanium;chloride,"(2S,3R)-butane-1,2,3,4-tetrol",0.394,0.606,342.377,342.32254,20.0,0.8506,PASS_WARMTEMP,True,False,False,False,True,False,False,True,,74.769
tetrapropylazanium;chloride,octadecanoic acid,0.11,0.89,342.43,341.55923,18.87,0.9156,PASS_WARMTEMP,True,False,False,False,True,False,False,True,,78.042
2-hydroxyethyl(trimethyl)azanium;chloride,octadecanoic acid,0.108,0.892,342.45,343.247,18.7,0.9252,OUTSIDE_TARGET_RANGE,True,False,False,False,False,False,False,True,,
2-hydroxyethyl(trimethyl)azanium;chloride,3-phenylpropanoic acid,0.45,0.55,342.483,340.8474,18.44,0.9405,REJECTED_DES_RULE,False,False,True,False,True,False,False,True,,59.666
tetraethylazanium;chloride,octadecanoic acid,0.103,0.897,342.52,342.39148,18.75,0.9225,PASS_WARMTEMP,True,False,False,False,True,False,False,True,,77.584
tetramethylazanium;chloride,octadecanoic acid,0.195,0.805,342.65,342.86597,19.24,0.8943,PASS_WARMTEMP,True,False,False,False,True,False,False,True,,76.037
2-hydroxyethyl(trimethyl)azanium;chloride,pentanedioic acid,0.552,0.448,342.85,342.45224,18.95,0.9108,PASS_WARMTEMP,True,False,False,False,True,False,False,True,,77.062
2-hydroxyethyl(trimethyl)azanium;chloride,butanedioic acid,0.5,0.5,343.0,341.8076,18.55,0.9339,PASS_WARMTEMP,True,False,False,False,True,False,False,True,,78.555
Glutaric Acid,[N2222]Br,0.508,0.492,343.2,342.5433,18.41,0.9419,PASS_WARMTEMP,True,False,False,False,True,False,False,True,,78.226
Pimelic Acid,[N3333]Br,0.434,0.566,343.2,343.23257,18.37,0.944,OUTSIDE_TARGET_RANGE,True,False,False,False,False,False,False,True,,
tetramethylazanium;chloride,octadecanoic acid,0.102,0.898,343.25,343.29733,19.42,0.8838,OUTSIDE_TARGET_RANGE,True,False,False,False,False,False,False,True,,
2-hydroxyethyl(trimethyl)azanium;chloride,decanoic acid,0.485,0.515,343.3,342.0066,19.4,0.885,REJECTED_DES_RULE,False,False,True,False,True,False,False,True,,56.424
2-hydroxyethyl(trimethyl)azanium;chloride,"2-hydroxypropane-1,2,3-tricarboxylic acid",0.686,0.314,343.55,344.29663,18.78,0.9205,OUTSIDE_TARGET_RANGE,True,False,False,False,False,False,False,True,,
2-hydroxyethyl(trimethyl)azanium;chloride,"(2R,3R,4S,5S,6R)-2-[(2S,3S,4S,5R)-3,4-dihydroxy-2,5-bis(hydroxymethyl)oxolan-2-yl]oxy-6-(hydroxymethyl)oxane-3,4,5-triol",0.494,0.506,343.65,343.79666,18.93,0.9122,OUTSIDE_TARGET_RANGE,True,False,False,False,False,False,False,True,,
2-hydroxyethyl(trimethyl)azanium;chloride,"(2R,3R,4R,5S)-hexane-1,2,3,4,5,6-hexol",0.192,0.808,343.75,344.7516,18.31,0.9477,OUTSIDE_TARGET_RANGE,True,False,False,False,False,False,False,True,,
2-hydroxyethyl(trimethyl)azanium;chloride,dodecanoic acid,0.497,0.503,343.85,344.55862,18.26,0.9504,REJECTED_DES_RULE,False,False,True,False,False,False,False,True,,
tetraethylazanium;chloride,decanoic acid,0.508,0.492,344.22,344.94952,19.3,0.891,REJECTED_DES_RULE,False,False,True,False,False,False,False,True,,
tetrapentylazanium;bromide,"(2S,3R)-butane-1,2,3,4-tetrol",0.588,0.412,344.5,344.4935,20.93,0.7973,OUTSIDE_TARGET_RANGE,True,False,False,False,False,False,False,True,,
2-hydroxyethyl(trimethyl)azanium;chloride,2-[4-(2-methylpropyl)phenyl]propanoic acid,0.111,0.889,344.52,344.77,18.8,0.9194,OUTSIDE_TARGET_RANGE,True,False,False,False,False,False,False,True,,
[N5555]Br,Erythritol,0.59,0.41,344.7,344.4935,20.88,0.8002,OUTSIDE_TARGET_RANGE,True,False,False,False,False,False,False,True,,
2-hydroxyethyl(trimethyl)azanium;chloride,octadecan-1-ol,0.587,0.413,344.82,344.5921,18.42,0.9413,REJECTED_DES_RULE,False,False,True,False,False,False,False,True,,
"1H-Imidazolium, 3-[2-[(1R,5S)-6,6-dimethylbicyclo[3.1.1]hept-2-en-2-yl]ethyl]-1-methyl-, methanesulfonate (1:1) (ACI)",4-oxopentanoic acid,0.596,0.404,344.928,344.88608,23.51,0.649,REJECTED_DES_RULE,False,False,True,False,False,False,False,True,,
2-hydroxyethyl(trimethyl)azanium;chloride,butanedioic acid,0.55,0.45,345.0,346.47012,20.43,0.8256,OUTSIDE_TARGET_RANGE,True,False,False,False,False,False,False,True,,
2-hydroxyethyl(trimethyl)azanium;chloride,pentanedioic acid,0.201,0.799,345.38,346.24673,18.45,0.9399,OUTSIDE_TARGET_RANGE,True,False,False,False,False,False,False,True,,
2-hydroxyethyl(trimethyl)azanium;chloride,2-hydroxyacetic acid,0.05,0.95,345.42,344.48047,21.17,0.7836,OUTSIDE_TARGET_RANGE,True,False,False,False,False,False,False,True,,
"1H-Imidazolium, 3-[2-[(1R,5S)-6,6-dimethylbicyclo[3.1.1]hept-2-en-2-yl]ethyl]-1-methyl-, methanesulfonate (1:1) (ACI)",urea,0.6,0.4,345.588,345.66965,21.67,0.7543,OUTSIDE_TARGET_RANGE,True,False,False,False,False,False,False,True,,
2-hydroxyethyl(trimethyl)azanium;chloride,2-hydroxybutanedioic acid,0.451,0.549,345.92,344.7298,19.53,0.8775,OUTSIDE_TARGET_RANGE,True,False,False,False,False,False,False,True,,
tetraethylazanium;chloride,decanoic acid,0.5,0.5,346.25,345.8573,19.13,0.9003,REJECTED_DES_RULE,False,False,True,False,False,False,False,True,,
Pimelic Acid,[N3333]Br,0.623,0.377,346.3,346.45837,21.9,0.7415,OUTSIDE_TARGET_RANGE,True,False,False,False,False,False,False,True,,
2-hydroxyethyl(trimethyl)azanium;chloride,"(2R,3R,4R,5S)-hexane-1,2,3,4,5,6-hexol",0.577,0.423,347.458,345.86258,18.81,0.9191,OUTSIDE_TARGET_RANGE,True,False,False,False,False,False,False,True,,
tetrapentylazanium;bromide,heptanedioic acid,0.71,0.29,347.701,347.5661,21.53,0.7627,OUTSIDE_TARGET_RANGE,True,False,False,False,False,False,False,True,,
tetramethylazanium;chloride,decanoic acid,0.31,0.69,347.75,346.69717,19.52,0.8782,REJECTED_DES_RULE,False,False,True,False,False,False,False,True,,
Erythritol,[N3333]Br,0.598,0.402,347.8,347.94153,22.61,0.7006,OUTSIDE_TARGET_RANGE,True,False,False,False,False,False,False,True,,
tetraethylazanium;bromide,hexanedioic acid,0.49,0.51,347.86,347.93427,22.51,0.7065,OUTSIDE_TARGET_RANGE,True,False,False,False,False,False,False,True,,
2-hydroxyethyl(trimethyl)azanium;chloride,"(2S,4R)-pentane-1,2,3,4,5-pentol",0.103,0.897,347.86,348.4434,18.25,0.9514,OUTSIDE_TARGET_RANGE,True,False,False,False,False,False,False,True,,
Glutaric Acid,[N2222]Br,0.743,0.257,348.1,347.86154,20.53,0.82,OUTSIDE_TARGET_RANGE,True,False,False,False,False,False,False,True,,
Glutaric Acid,[N2222]Br,0.498,0.502,348.2,348.2179,18.34,0.9461,OUTSIDE_TARGET_RANGE,True,False,False,False,False,False,False,True,,
2-hydroxyethyl(trimethyl)azanium;chloride,2-methylphenol,0.454,0.546,348.3,348.29837,20.84,0.8024,REJECTED_DES_RULE,False,False,True,False,False,False,False,True,,
"1H-Imidazolium, 3-[2-[(1R,5S)-6,6-dimethylbicyclo[3.1.1]hept-2-en-2-yl]ethyl]-1-methyl-, methanesulfonate (1:1) (ACI)",urea,0.148,0.852,348.529,348.33737,22.27,0.72,OUTSIDE_TARGET_RANGE,True,False,False,False,False,False,False,True,,
2-hydroxyethyl(trimethyl)azanium;chloride,5-methyl-2-propan-2-ylphenol,0.5,0.5,348.6,346.18387,18.02,0.9641,REJECTED_DES_RULE,False,False,True,False,False,False,False,True,,
2-hydroxyethyl(trimethyl)azanium;chloride,"ethane-1,2-diol",0.549,0.451,348.678,348.72794,22.19,0.7248,REJECTED_DES_RULE,False,False,True,False,False,False,False,True,,
tetraethylazanium;chloride,dodecanoic acid,0.489,0.511,348.85,348.73578,19.09,0.9029,REJECTED_DES_RULE,False,False,True,False,False,False,False,True,,
tetraethylazanium;chloride,dodecanoic acid,0.4907,0.5093,348.9236,348.51828,19.05,0.9051,REJECTED_DES_RULE,False,False,True,False,False,False,False,True,,
2-hydroxyethyl(trimethyl)azanium;chloride,"2-hydroxypropane-1,2,3-tricarboxylic acid",0.6,0.4,348.98,348.63098,18.42,0.9416,OUTSIDE_TARGET_RANGE,True,False,False,False,False,False,False,True,,
2-hydroxyethyl(trimethyl)azanium;chloride,oxalic acid,0.55,0.45,349.0,346.94635,20.16,0.8415,OUTSIDE_TARGET_RANGE,True,False,False,False,False,False,False,True,,
tetraethylazanium;bromide,butanedioic acid,0.5,0.5,349.3,348.71484,21.42,0.7691,OUTSIDE_TARGET_RANGE,True,False,False,False,False,False,False,True,,
2-hydroxyethyl(trimethyl)azanium;chloride,2-(3-benzoylphenyl)propanoic acid,0.31,0.69,349.75,350.22052,18.26,0.9508,OUTSIDE_TARGET_RANGE,True,False,False,False,False,False,False,True,,
tetraethylazanium;chloride,octadecanoic acid,0.505,0.495,349.85,349.21338,19.05,0.9052,REJECTED_DES_RULE,False,False,True,False,False,False,False,True,,
2-hydroxyethyl(trimethyl)azanium;chloride,"(2S,4R)-pentane-1,2,3,4,5-pentol",0.2,0.8,349.89,349.2413,18.25,0.9509,OUTSIDE_TARGET_RANGE,True,False,False,False,False,False,False,True,,
2-hydroxyethyl(trimethyl)azanium;chloride,"(2R,3R,4R,5S)-hexane-1,2,3,4,5,6-hexol",0.135,0.865,350.0,350.80273,19.2,0.8967,OUTSIDE_TARGET_RANGE,True,False,False,False,False,False,False,True,,
2-hydroxyethyl(trimethyl)azanium;chloride,"3,4,5-trihydroxybenzoic acid",0.67,0.33,350.15,350.14526,26.64,0.4691,OUTSIDE_TARGET_RANGE,True,False,False,False,False,False,True,True,,
methyl(triphenyl)phosphanium;bromide,"2,2,2-trifluoroacetamide",0.727273,0.272727,350.19,350.55994,24.6,0.5861,REJECTED_DES_RULE,False,False,True,False,False,False,False,True,,
Pimelic Acid,[N3333]Br,0.423,0.577,350.2,349.51266,18.58,0.9324,OUTSIDE_TARGET_RANGE,True,False,False,False,False,False,False,True,,
2-hydroxyethyl(trimethyl)azanium;chloride,"(2S,4R)-pentane-1,2,3,4,5-pentol",0.603,0.397,350.973,355.30765,17.82,0.9756,OUTSIDE_TARGET_RANGE,True,False,False,False,False,False,False,True,,
2-hydroxyethyl(trimethyl)azanium;chloride,oxalic acid,0.35,0.65,351.0,350.4035,20.03,0.8489,OUTSIDE_TARGET_RANGE,True,False,False,False,False,False,False,True,,
tetrapropylazanium;bromide,boric acid,0.5,0.5,351.05,352.05142,18.44,0.9404,OUTSIDE_TARGET_RANGE,True,False,False,False,False,False,False,True,,
2-hydroxyethyl(trimethyl)azanium;chloride,benzoic acid,0.28,0.72,351.15,351.32684,21.21,0.781,OUTSIDE_TARGET_RANGE,True,False,False,False,False,False,False,True,,
2-hydroxyethyl(trimethyl)azanium;chloride,2-[4-(2-methylpropyl)phenyl]propanoic acid,0.513,0.487,351.25,352.01855,18.61,0.9303,REJECTED_DES_RULE,False,False,True,False,False,False,False,True,,
2-hydroxyethyl(trimethyl)azanium;chloride,2-hydroxypropanoic acid,0.599,0.401,351.42,351.07828,19.81,0.8616,REJECTED_DES_RULE,False,False,True,False,False,False,False,True,,
2-hydroxyethyl(trimethyl)azanium;chloride,"(2S,3R)-butane-1,2,3,4-tetrol",0.539,0.461,351.794,350.66095,19.61,0.8732,OUTSIDE_TARGET_RANGE,True,False,False,False,False,False,False,True,,
methyl(triphenyl)phosphanium;bromide,"ethane-1,2-diol",0.5,0.5,352.08,352.1125,26.77,0.4613,REJECTED_DES_RULE,False,False,True,False,False,False,True,True,,
2-hydroxyethyl(trimethyl)azanium;chloride,N-(4-hydroxyphenyl)acetamide,0.407,0.593,352.08,352.1474,18.85,0.9166,OUTSIDE_TARGET_RANGE,True,False,False,False,False,False,False,True,,
2-hydroxyethyl(trimethyl)azanium;chloride,"2,3-dihydroxybutanedioic acid",0.498,0.502,352.35,351.0921,20.54,0.8193,OUTSIDE_TARGET_RANGE,True,False,False,False,False,False,False,True,,
2-hydroxyethyl(trimethyl)azanium;chloride,pentanedioic acid,0.151,0.849,352.58,352.30356,19.7,0.8676,OUTSIDE_TARGET_RANGE,True,False,False,False,False,False,False,True,,
2-hydroxyethyl(trimethyl)azanium;chloride,2-hydroxybenzoic acid,0.403,0.597,352.7,352.93744,18.53,0.9349,OUTSIDE_TARGET_RANGE,True,False,False,False,False,False,False,True,,
2-hydroxyethyl(trimethyl)azanium;chloride,tetradecan-1-ol,0.551,0.449,353.18,352.7765,19.57,0.8755,REJECTED_DES_RULE,False,False,True,False,False,False,False,True,,
Glutaric Acid,[N2222]Br,0.49,0.51,353.2,352.8923,18.28,0.9493,OUTSIDE_TARGET_RANGE,True,False,False,False,False,False,False,True,,
Pimelic Acid,[N3333]Br,0.668,0.332,353.2,352.8441,21.52,0.7629,OUTSIDE_TARGET_RANGE,True,False,False,False,False,False,False,True,,
2-hydroxyethyl(trimethyl)azanium;chloride,"(2S,3R)-butane-1,2,3,4-tetrol",0.35,0.65,353.363,353.352,19.6,0.8737,OUTSIDE_TARGET_RANGE,True,False,False,False,False,False,False,True,,
methyl(triphenyl)phosphanium;bromide,"propane-1,2,3-triol",0.666667,0.333333,353.58,353.90503,28.6,0.3562,REJECTED_DES_RULE,False,False,True,False,False,False,True,True,,
tetrapropylazanium;chloride,tetradecanoic acid,0.6,0.4,353.75,352.96228,19.18,0.8979,REJECTED_DES_RULE,False,False,True,False,False,False,False,True,,
2-hydroxyethyl(trimethyl)azanium;chloride,2-(3-benzoylphenyl)propanoic acid,0.213,0.787,354.72,355.18835,18.7,0.9253,OUTSIDE_TARGET_RANGE,True,False,False,False,False,False,False,True,,
2-hydroxyethyl(trimethyl)azanium;chloride,2-acetyloxybenzoic acid,0.206,0.794,354.85,354.27365,18.82,0.9183,OUTSIDE_TARGET_RANGE,True,False,False,False,False,False,False,True,,
2-hydroxyethyl(trimethyl)azanium;chloride,urea,0.197,0.803,355.069,354.1849,18.32,0.9471,OUTSIDE_TARGET_RANGE,True,False,False,False,False,False,False,True,,
tetrapentylazanium;bromide,heptanedioic acid,0.78,0.22,355.172,354.83408,21.66,0.7553,OUTSIDE_TARGET_RANGE,True,False,False,False,False,False,False,True,,
2-hydroxyethyl(trimethyl)azanium;chloride,octadecanoic acid,0.452,0.548,355.52,355.5666,19.24,0.8945,REJECTED_DES_RULE,False,False,True,False,False,False,False,True,,
Glutaric Acid,[N2222]Br,0.789,0.211,355.6,356.05035,20.2,0.8388,OUTSIDE_TARGET_RANGE,True,False,False,False,False,False,False,True,,
tetrabutylazanium;bromide,1H-imidazole,0.6,0.4,355.6607,354.88025,21.78,0.748,OUTSIDE_TARGET_RANGE,True,False,False,False,False,False,False,True,,
tetrapentylazanium;bromide,"(2S,3R)-butane-1,2,3,4-tetrol",0.502,0.498,355.9,355.09912,20.46,0.8243,OUTSIDE_TARGET_RANGE,True,False,False,False,False,False,False,True,,
2-hydroxyethyl(trimethyl)azanium;chloride,1H-imidazole,0.4,0.6,355.979,356.29037,18.77,0.9214,OUTSIDE_TARGET_RANGE,True,False,False,False,False,False,False,True,,
[N5555]Br,Erythritol,0.5,0.5,356.0,356.93973,20.41,0.8268,OUTSIDE_TARGET_RANGE,True,False,False,False,False,False,False,True,,
2-hydroxyethyl(trimethyl)azanium;chloride,"2-hydroxypropane-1,2,3-tricarboxylic acid",0.549,0.451,356.75,357.29544,20.74,0.808,OUTSIDE_TARGET_RANGE,True,False,False,False,False,False,False,True,,
2-hydroxyethyl(trimethyl)azanium;chloride,urea,0.56,0.44,357.283,357.41754,19.06,0.9045,OUTSIDE_TARGET_RANGE,True,False,False,False,False,False,False,True,,
2-hydroxyethyl(trimethyl)azanium;chloride,"2,3-dihydroxybutanedioic acid",0.705,0.295,357.62,357.6575,20.11,0.8443,OUTSIDE_TARGET_RANGE,True,False,False,False,False,False,False,True,,
tetrabutylazanium;bromide,1H-imidazole,0.1,0.9,357.7936,355.56628,22.2,0.724,OUTSIDE_TARGET_RANGE,True,False,False,False,False,False,False,True,,
imidazole,tetrabutylammonium bromide,0.9,0.1,357.794,356.80615,27.71,0.4077,OUTSIDE_TARGET_RANGE,True,False,False,False,False,False,True,True,,
tetrapentylazanium;bromide,butanedioic acid,0.593,0.407,357.888,357.64166,26.01,0.505,OUTSIDE_TARGET_RANGE,True,False,False,False,False,False,True,True,,
"1H-Imidazolium, 3-[2-[(1R,5S)-6,6-dimethylbicyclo[3.1.1]hept-2-en-2-yl]ethyl]-1-methyl-, methanesulfonate (1:1) (ACI)",4-oxopentanoic acid,0.705,0.295,357.971,357.7246,23.43,0.6537,REJECTED_DES_RULE,False,False,True,False,False,False,False,True,,
tetrapropylazanium;chloride,dodecanoic acid,0.5047,0.4953,358.0499,358.16782,19.3,0.891,REJECTED_DES_RULE,False,False,True,False,False,False,False,True,,
2-hydroxyethyl(trimethyl)azanium;chloride,hexanedioic acid,0.5,0.5,358.15,355.08804,18.44,0.9402,OUTSIDE_TARGET_RANGE,True,False,False,False,False,False,False,True,,
Glutaric Acid,[N2222]Br,0.483,0.517,358.2,363.0339,18.25,0.9514,OUTSIDE_TARGET_RANGE,True,False,False,False,False,False,False,True,,
Pimelic Acid,[N3333]Br,0.42,0.58,358.2,357.97974,18.74,0.9229,OUTSIDE_TARGET_RANGE,True,False,False,False,False,False,False,True,,
tetrapentylazanium;bromide,"(2S,3R)-butane-1,2,3,4-tetrol",0.747,0.253,358.3,358.94077,19.71,0.867,OUTSIDE_TARGET_RANGE,True,False,False,False,False,False,False,True,,
tetrapropylazanium;chloride,dodecanoic acid,0.503,0.497,358.35,356.80954,19.29,0.8916,REJECTED_DES_RULE,False,False,True,False,False,False,False,True,,
[N5555]Br,Erythritol,0.74,0.26,358.4,358.15524,19.74,0.8655,OUTSIDE_TARGET_RANGE,True,False,False,False,False,False,False,True,,
2-hydroxyethyl(trimethyl)azanium;chloride,2-hydroxybutanedioic acid,0.6,0.4,358.52,358.57803,18.39,0.9432,OUTSIDE_TARGET_RANGE,True,False,False,False,False,False,False,True,,
Pimelic Acid,[N3333]Br,0.721,0.279,358.6,358.74484,22.09,0.7306,OUTSIDE_TARGET_RANGE,True,False,False,False,False,False,False,True,,
2-hydroxyethyl(trimethyl)azanium;chloride,pentanedioic acid,0.101,0.899,358.68,358.26862,18.56,0.9335,OUTSIDE_TARGET_RANGE,True,False,False,False,False,False,False,True,,
2-hydroxyethyl(trimethyl)azanium;chloride,oxalic acid,0.6,0.4,359.0,360.2197,18.82,0.9182,OUTSIDE_TARGET_RANGE,True,False,False,False,False,False,False,True,,
tetrapentylazanium;bromide,heptanedioic acid,0.28,0.72,359.195,359.3036,20.81,0.8041,OUTSIDE_TARGET_RANGE,True,False,False,False,False,False,False,True,,
2-hydroxyethyl(trimethyl)azanium;chloride,"(2R,3R,4R,5S)-hexane-1,2,3,4,5,6-hexol",0.122,0.878,359.322,357.8729,18.81,0.9191,OUTSIDE_TARGET_RANGE,True,False,False,False,False,False,False,True,,
2-hydroxyethyl(trimethyl)azanium;chloride,"(2S,3R)-butane-1,2,3,4-tetrol",0.59,0.41,359.641,359.9965,19.51,0.8788,OUTSIDE_TARGET_RANGE,True,False,False,False,False,False,False,True,,
2-hydroxyethyl(trimethyl)azanium;chloride,"(3R,4S,5S)-oxane-2,3,4,5-tetrol",0.3,0.7,359.72,361.92575,18.37,0.9441,OUTSIDE_TARGET_RANGE,True,False,False,False,False,False,False,True,,
Pimelic Acid,[N2222]Br,0.718,0.282,359.8,360.59045,20.6,0.8164,OUTSIDE_TARGET_RANGE,True,False,False,False,False,False,False,True,,
2-hydroxyethyl(trimethyl)azanium;chloride,"(3R,4S,5R)-oxane-2,3,4,5-tetrol",0.293,0.707,359.82,359.2291,18.64,0.9287,OUTSIDE_TARGET_RANGE,True,False,False,False,False,False,False,True,,
2-hydroxyethyl(trimethyl)azanium;chloride,4-hydroxybenzoic acid,0.67,0.33,360.15,359.69174,24.17,0.6108,OUTSIDE_TARGET_RANGE,True,False,False,False,False,False,False,True,,
tetramethylazanium;chloride,tetradecanoic acid,0.398,0.602,360.25,357.8755,18.57,0.9328,REJECTED_DES_RULE,False,False,True,False,False,False,False,True,,
"1H-Imidazolium, 3-[2-[(1R,5S)-6,6-dimethylbicyclo[3.1.1]hept-2-en-2-yl]ethyl]-1-methyl-, methanesulfonate (1:1) (ACI)",urea,0.71,0.29,360.294,360.30807,20.85,0.8017,OUTSIDE_TARGET_RANGE,True,False,False,False,False,False,False,True,,
tetrapentylazanium;bromide,butanedioic acid,0.706,0.294,360.87,360.33984,25.52,0.5331,OUTSIDE_TARGET_RANGE,True,False,False,False,False,False,True,True,,
2-hydroxyethyl(trimethyl)azanium;chloride,oxalic acid,0.3,0.7,361.0,361.7739,19.32,0.8898,OUTSIDE_TARGET_RANGE,True,False,False,False,False,False,False,True,,
2-hydroxyethyl(trimethyl)azanium;chloride,2-phenylacetic acid,0.552,0.448,361.15,359.05,18.7,0.925,REJECTED_DES_RULE,False,False,True,False,False,False,False,True,,
Glutaric Acid,[N2222]Br,0.82,0.18,361.2,360.66052,20.16,0.8413,OUTSIDE_TARGET_RANGE,True,False,False,False,False,False,False,True,,
2-hydroxyethyl(trimethyl)azanium;chloride,"(2S,3R)-butane-1,2,3,4-tetrol",0.303,0.697,361.211,361.78357,19.18,0.8977,OUTSIDE_TARGET_RANGE,True,False,False,False,False,False,False,True,,
imidazole,Choline chloride,0.5,0.5,361.291,359.86465,21.46,0.767,REJECTED_DES_RULE,False,True,False,False,False,False,False,True,,
2-hydroxyethyl(trimethyl)azanium;chloride,1H-imidazole,0.5,0.5,361.2913,357.62903,18.61,0.9304,OUTSIDE_TARGET_RANGE,True,False,False,False,False,False,False,True,,
2-hydroxyethyl(trimethyl)azanium;chloride,2-(3-benzoylphenyl)propanoic acid,0.103,0.897,361.62,361.44223,18.25,0.9509,OUTSIDE_TARGET_RANGE,True,False,False,False,False,False,False,True,,
tetraethylazanium;chloride,tetradecanoic acid,0.511,0.489,361.95,361.2999,19.28,0.8919,REJECTED_DES_RULE,False,False,True,False,False,False,False,True,,
2-hydroxyethyl(trimethyl)azanium;chloride,benzamide,0.42,0.58,362.15,362.96307,21.9,0.7416,OUTSIDE_TARGET_RANGE,True,False,False,False,False,False,False,True,,
tetraethylazanium;chloride,hexadecanoic acid,0.587,0.413,362.95,362.75293,19.23,0.8949,REJECTED_DES_RULE,False,False,True,False,False,False,False,True,,
2-hydroxyethyl(trimethyl)azanium;chloride,butanedioic acid,0.6,0.4,363.0,362.30014,18.63,0.9296,OUTSIDE_TARGET_RANGE,True,False,False,False,False,False,False,True,,
tetrapropylazanium;chloride,hexadecanoic acid,0.7,0.3,363.05,363.91235,19.6,0.8737,REJECTED_DES_RULE,False,False,True,False,False,False,False,True,,
[N5555]Br,Erythritol,0.79,0.21,363.1,362.26678,20.95,0.7961,OUTSIDE_TARGET_RANGE,True,False,False,False,False,False,False,True,,
2-hydroxyethyl(trimethyl)azanium;chloride,"propane-1,2,3-tricarboxylic acid",0.7,0.3,363.15,363.30106,22.69,0.6957,OUTSIDE_TARGET_RANGE,True,False,False,False,False,False,False,True,,
2-hydroxyethyl(trimethyl)azanium;chloride,"propane-1,2,3-tricarboxylic acid",0.5,0.5,363.15,363.32196,18.37,0.9441,OUTSIDE_TARGET_RANGE,True,False,False,False,False,False,False,True,,
Glutaric Acid,[N2222]Br,0.475,0.525,363.2,363.0339,18.23,0.9525,OUTSIDE_TARGET_RANGE,True,False,False,False,False,False,False,True,,
2-hydroxyethyl(trimethyl)azanium;chloride,octadecan-1-ol,0.632,0.368,363.25,363.0802,19.21,0.8959,REJECTED_DES_RULE,False,False,True,False,False,False,False,True,,
Erythritol,[N3333]Br,0.497,0.503,363.3,363.32498,21.61,0.758,OUTSIDE_TARGET_RANGE,True,False,False,False,False,False,False,True,,
methyl(triphenyl)phosphanium;bromide,"2,2,2-trifluoroacetamide",0.666667,0.333333,363.73,363.05106,24.37,0.5996,REJECTED_DES_RULE,False,False,True,False,False,False,False,True,,
2-hydroxyethyl(trimethyl)azanium;chloride,"(2R,3R,4R,5S)-hexane-1,2,3,4,5,6-hexol",0.595,0.405,363.771,365.37512,18.1,0.96,REJECTED_DES_RULE,False,False,True,False,False,False,False,True,,
tetraethylazanium;chloride,hexadecanoic acid,0.624,0.376,363.801,364.5134,20.12,0.8434,REJECTED_DES_RULE,False,False,True,False,False,False,False,True,,
2-hydroxyethyl(trimethyl)azanium;chloride,butanedioic acid,0.45,0.55,364.0,363.68423,20.36,0.8297,OUTSIDE_TARGET_RANGE,True,False,False,False,False,False,False,True,,
2-hydroxyethyl(trimethyl)azanium;chloride,"2-hydroxypropane-1,2,3-tricarboxylic acid",0.501,0.499,364.05,362.68167,18.39,0.9433,OUTSIDE_TARGET_RANGE,True,False,False,False,False,False,False,True,,
2-hydroxyethyl(trimethyl)azanium;chloride,2-hydroxyacetic acid,0.598,0.402,364.15,363.90204,18.83,0.918,REJECTED_DES_RULE,False,False,True,False,False,False,False,True,,
2-hydroxyethyl(trimethyl)azanium;chloride,pentanedioic acid,0.05,0.95,364.25,364.404,21.07,0.7889,OUTSIDE_TARGET_RANGE,True,False,False,False,False,False,False,True,,
2-hydroxyethyl(trimethyl)azanium;chloride,"2,3-dihydroxybutanedioic acid",0.448,0.552,364.32,364.1481,20.64,0.814,OUTSIDE_TARGET_RANGE,True,False,False,False,False,False,False,True,,
2-hydroxyethyl(trimethyl)azanium;chloride,"(3S,4S,5S,6R)-6-(hydroxymethyl)oxane-2,3,4,5-tetrol",0.3,0.7,364.48,362.11462,18.07,0.9615,OUTSIDE_TARGET_RANGE,True,False,False,False,False,False,False,True,,
Glutaric Acid,[N2222]Br,0.859,0.141,364.5,365.0798,20.38,0.8288,OUTSIDE_TARGET_RANGE,True,False,False,False,False,False,False,True,,
tetrapentylazanium;bromide,butanedioic acid,0.822,0.178,364.596,364.6619,26.16,0.4965,OUTSIDE_TARGET_RANGE,True,False,False,False,False,False,True,True,,
2-hydroxyethyl(trimethyl)azanium;chloride,2-hydroxybutanedioic acid,0.351,0.649,364.75,363.67532,19.1,0.9021,OUTSIDE_TARGET_RANGE,True,False,False,False,False,False,False,True,,
2-hydroxyethyl(trimethyl)azanium;chloride,benzamide,0.3333,0.6667,365.15,365.02045,21.53,0.7624,OUTSIDE_TARGET_RANGE,True,False,False,False,False,False,False,True,,
Pimelic Acid,[N3333]Br,0.779,0.221,365.3,365.28928,23.02,0.677,OUTSIDE_TARGET_RANGE,True,False,False,False,False,False,False,True,,
2-hydroxyethyl(trimethyl)azanium;chloride,"(2S,4R)-pentane-1,2,3,4,5-pentol",0.6,0.4,365.59,360.9646,17.79,0.9777,OUTSIDE_TARGET_RANGE,True,False,False,False,False,False,False,True,,
Glutaric Acid,[N2222]Br,0.873,0.127,365.6,365.18176,20.52,0.8205,OUTSIDE_TARGET_RANGE,True,False,False,False,False,False,False,True,,
2-hydroxyethyl(trimethyl)azanium;chloride,butanedioic acid,0.65,0.35,366.0,368.34848,20.44,0.8253,OUTSIDE_TARGET_RANGE,True,False,False,False,False,False,False,True,,
2-hydroxyethyl(trimethyl)azanium;chloride,octanedioic acid,0.5,0.5,366.15,365.58813,19.13,0.9007,OUTSIDE_TARGET_RANGE,True,False,False,False,False,False,False,True,,
2-hydroxyethyl(trimethyl)azanium;chloride,2-(3-benzoylphenyl)propanoic acid,0.398,0.602,366.25,366.2886,18.35,0.9455,OUTSIDE_TARGET_RANGE,True,False,False,False,False,False,False,True,,
2-hydroxyethyl(trimethyl)azanium;chloride,"propane-1,2,3-triol",0.652,0.348,366.622,367.34308,19.48,0.8805,REJECTED_DES_RULE,False,False,True,False,False,False,False,True,,
2-hydroxyethyl(trimethyl)azanium;chloride,2-hydroxybenzoic acid,0.295,0.705,366.8,365.8965,18.5,0.9366,OUTSIDE_TARGET_RANGE,True,False,False,False,False,False,False,True,,
2-hydroxyethyl(trimethyl)azanium;chloride,1H-imidazole,0.6,0.4,367.3331,369.83148,18.58,0.9322,REJECTED_DES_RULE,False,False,True,False,False,False,False,True,,
Glutaric Acid,[N2222]Br,0.902,0.098,367.4,367.5258,21.06,0.7898,OUTSIDE_TARGET_RANGE,True,False,False,False,False,False,False,True,,
2-hydroxyethyl(trimethyl)azanium;chloride,"(3R,4S,5S)-oxane-2,3,4,5-tetrol",0.598,0.402,367.68,367.20895,18.37,0.9442,OUTSIDE_TARGET_RANGE,True,False,False,False,False,False,False,True,,
2-hydroxyethyl(trimethyl)azanium;chloride,benzoic acid,0.5,0.5,368.15,366.04904,20.48,0.8232,OUTSIDE_TARGET_RANGE,True,False,False,False,False,False,False,True,,
Glutaric Acid,[N2222]Br,0.467,0.533,368.2,363.0339,18.23,0.9525,OUTSIDE_TARGET_RANGE,True,False,False,False,False,False,False,True,,
tetrapentylazanium;bromide,"(2S,3R)-butane-1,2,3,4-tetrol",0.4,0.6,368.8,367.85062,21.09,0.7879,OUTSIDE_TARGET_RANGE,True,False,False,False,False,False,False,True,,
2-hydroxyethyl(trimethyl)azanium;chloride,"(1R,4R)-1,7,7-trimethylbicyclo[2.2.1]heptan-2-one",0.3,0.7,368.9,368.86172,18.91,0.9134,OUTSIDE_TARGET_RANGE,True,False,False,False,False,False,False,True,,
tetrapropylazanium;bromide,boric acid,0.3984,0.6016,369.34,369.43182,18.82,0.9182,OUTSIDE_TARGET_RANGE,True,False,False,False,False,False,False,True,,
Glutaric Acid,[N2222]Br,0.947,0.053,369.6,369.37875,23.35,0.6581,OUTSIDE_TARGET_RANGE,True,False,False,False,False,False,False,True,,
2-hydroxyethyl(trimethyl)azanium;chloride,"(2R,3R,4S,5S,6R)-2-[(2S,3S,4S,5R)-3,4-dihydroxy-2,5-bis(hydroxymethyl)oxolan-2-yl]oxy-6-(hydroxymethyl)oxane-3,4,5-triol",0.395,0.605,369.65,368.50464,18.94,0.9115,OUTSIDE_TARGET_RANGE,True,False,False,False,False,False,False,True,,
Pimelic Acid,[N2222]Br,0.793,0.207,369.7,369.34558,20.14,0.8425,REJECTED_DES_RULE,False,True,False,False,False,False,False,True,,
tetrapentylazanium;bromide,"(2S,3R)-butane-1,2,3,4-tetrol",0.904,0.096,370.3,369.9036,20.86,0.8013,OUTSIDE_TARGET_RANGE,True,False,False,False,False,False,False,True,,
[N5555]Br,Erythritol,0.9,0.1,370.4,371.11542,20.77,0.8063,OUTSIDE_TARGET_RANGE,True,False,False,False,False,False,False,True,,
2-hydroxyethyl(trimethyl)azanium;chloride,"ethane-1,2-diol",0.602,0.398,370.485,370.37427,21.34,0.7736,REJECTED_DES_RULE,False,False,True,False,False,False,False,True,,
2-hydroxyethyl(trimethyl)azanium;chloride,"(2R,3R,4S,5S,6R)-2-[(2S,3S,4S,5R)-3,4-dihydroxy-2,5-bis(hydroxymethyl)oxolan-2-yl]oxy-6-(hydroxymethyl)oxane-3,4,5-triol",0.6,0.4,370.52,370.3536,18.81,0.919,OUTSIDE_TARGET_RANGE,True,False,False,False,False,False,False,True,,
"1H-Imidazolium, 3-[2-[(1R,5S)-6,6-dimethylbicyclo[3.1.1]hept-2-en-2-yl]ethyl]-1-methyl-, methanesulfonate (1:1) (ACI)",urea,0.819,0.181,370.588,370.38464,22.67,0.6972,OUTSIDE_TARGET_RANGE,True,False,False,False,False,False,False,True,,
tetrapentylazanium;bromide,heptanedioic acid,0.89,0.11,370.69,370.8722,22.25,0.7213,REJECTED_DES_RULE,False,False,True,False,False,False,False,True,,
2-hydroxyethyl(trimethyl)azanium;chloride,"2-hydroxypropane-1,2,3-tricarboxylic acid",0.448,0.552,370.98,371.75247,20.77,0.8063,OUTSIDE_TARGET_RANGE,True,False,False,False,False,False,False,True,,
tetrapentylazanium;bromide,butanedioic acid,0.946,0.054,371.304,371.39523,26.73,0.4639,OUTSIDE_TARGET_RANGE,True,False,False,False,False,False,True,True,,
2-hydroxyethyl(trimethyl)azanium;chloride,2-hydroxybutanedioic acid,0.301,0.699,371.42,370.9994,18.14,0.9576,OUTSIDE_TARGET_RANGE,True,False,False,False,False,False,False,True,,
2-hydroxyethyl(trimethyl)azanium;chloride,hexadecan-1-ol,0.681,0.319,371.45,369.30948,18.68,0.9262,REJECTED_DES_RULE,False,False,True,False,False,False,False,True,,
2-hydroxyethyl(trimethyl)azanium;chloride,N-(4-hydroxyphenyl)acetamide,0.302,0.698,371.52,370.9728,18.76,0.9216,OUTSIDE_TARGET_RANGE,True,False,False,False,False,False,False,True,,
"1H-Imidazolium, 3-[2-[(1R,5S)-6,6-dimethylbicyclo[3.1.1]hept-2-en-2-yl]ethyl]-1-methyl-, methanesulfonate (1:1) (ACI)",urea,0.1,0.9,372.059,372.49457,21.16,0.7839,OUTSIDE_TARGET_RANGE,True,False,False,False,False,False,False,True,,
2-hydroxyethyl(trimethyl)azanium;chloride,"(1R,4R)-1,7,7-trimethylbicyclo[2.2.1]heptan-2-one",0.599,0.401,372.3,371.41135,18.63,0.9293,OUTSIDE_TARGET_RANGE,True,False,False,False,False,False,False,True,,
Pimelic Acid,[N3333]Br,0.895,0.105,372.5,372.50134,25.04,0.5611,REJECTED_DES_RULE,False,True,False,False,False,False,True,True,,
2-hydroxyethyl(trimethyl)azanium;chloride,pentanedioic acid,0.598,0.402,372.65,372.37198,18.09,0.9603,REJECTED_DES_RULE,False,False,True,False,False,False,False,True,,
2-hydroxyethyl(trimethyl)azanium;chloride,thiourea,0.42,0.58,373.15,371.67752,22.1,0.7297,OUTSIDE_TARGET_RANGE,True,False,False,False,False,False,False,True,,
Glutaric Acid,[N2222]Br,0.461,0.539,373.2,373.52094,18.28,0.9493,REJECTED_DES_RULE,False,True,False,False,False,False,False,True,,
tetraethylazanium;chloride,octadecanoic acid,0.594,0.406,373.35,373.93176,19.54,0.8773,REJECTED_DES_RULE,False,False,True,False,False,False,False,True,,
tetraethylazanium;chloride,decanoic acid,0.59,0.41,373.45,372.9855,19.59,0.8743,REJECTED_DES_RULE,False,False,True,False,False,False,False,True,,
2-hydroxyethyl(trimethyl)azanium;chloride,decanoic acid,0.54,0.46,373.6,372.40424,19.65,0.8707,REJECTED_DES_RULE,False,False,True,False,False,False,False,True,,
2-hydroxyethyl(trimethyl)azanium;chloride,tetradecanoic acid,0.579,0.421,373.62,371.30518,18.35,0.9453,REJECTED_DES_RULE,False,False,True,False,False,False,False,True,,
2-hydroxyethyl(trimethyl)azanium;chloride,dodecanoic acid,0.561,0.439,373.75,374.08978,19.27,0.8928,REJECTED_DES_RULE,False,False,True,False,False,False,False,True,,
2-hydroxyethyl(trimethyl)azanium;chloride,octadecan-1-ol,0.65,0.35,373.95,374.70575,18.68,0.9262,REJECTED_DES_RULE,False,False,True,False,False,False,False,True,,
2-hydroxyethyl(trimethyl)azanium;chloride,tetradecanoic acid,0.597,0.403,374.53,376.47025,18.16,0.9561,REJECTED_DES_RULE,False,False,True,False,False,False,False,True,,
2-hydroxyethyl(trimethyl)azanium;chloride,"2,3-dihydroxybutanedioic acid",0.407,0.593,374.55,375.5656,20.43,0.8258,OUTSIDE_TARGET_RANGE,True,False,False,False,False,False,False,True,,
2-hydroxyethyl(trimethyl)azanium;chloride,"(2S,3R)-butane-1,2,3,4-tetrol",0.252,0.748,375.336,374.62585,20.2,0.8392,OUTSIDE_TARGET_RANGE,True,False,False,False,False,False,False,True,,
"1H-Imidazolium, 3-[2-[(1R,5S)-6,6-dimethylbicyclo[3.1.1]hept-2-en-2-yl]ethyl]-1-methyl-, methanesulfonate (1:1) (ACI)",4-oxopentanoic acid,0.788,0.212,375.362,375.3285,23.37,0.6569,REJECTED_DES_RULE,False,False,True,False,False,False,False,True,,
tetrapropylazanium;chloride,decanoic acid,0.6,0.4,375.55,376.22733,20.47,0.8236,REJECTED_DES_RULE,False,False,True,False,False,False,False,True,,
tetrapentylazanium;bromide,heptanedioic acid,0.091,0.909,375.862,375.90945,21.27,0.7777,REJECTED_DES_RULE,False,True,True,False,False,False,False,True,,
2-hydroxyethyl(trimethyl)azanium;chloride,2-hydroxybutanedioic acid,0.249,0.751,376.42,376.294,19.79,0.8629,OUTSIDE_TARGET_RANGE,True,False,False,False,False,False,False,True,,
Erythritol,[N3333]Br,0.694,0.306,376.6,376.64743,22.32,0.7172,OUTSIDE_TARGET_RANGE,True,False,False,False,False,False,False,True,,
2-hydroxyethyl(trimethyl)azanium;chloride,"(1R,2S,5R)-5-methyl-2-propan-2-ylcyclohexan-1-ol",0.6,0.4,376.8,377.12006,18.66,0.9274,REJECTED_DES_RULE,False,False,True,False,False,False,False,True,,
2-hydroxyethyl(trimethyl)azanium;chloride,5-methyl-2-propan-2-ylphenol,0.601,0.399,377.2,377.6927,18.37,0.9441,REJECTED_DES_RULE,False,False,True,False,False,False,False,True,,
Erythritol,[N3333]Br,0.394,0.606,377.3,377.18137,21.3,0.7761,OUTSIDE_TARGET_RANGE,True,False,False,False,False,False,False,True,,
2-hydroxyethyl(trimethyl)azanium;chloride,"(3S,4S,5S,6R)-6-(hydroxymethyl)oxane-2,3,4,5-tetrol",0.6,0.4,377.52,376.5015,18.31,0.9475,OUTSIDE_TARGET_RANGE,True,False,False,False,False,False,False,True,,
2-hydroxyethyl(trimethyl)azanium;chloride,hexadecanoic acid,0.53,0.47,377.63,377.55576,19.34,0.8883,REJECTED_DES_RULE,False,False,True,False,False,False,False,True,,
2-hydroxyethyl(trimethyl)azanium;chloride,"(3S,4S,5S,6R)-6-(hydroxymethyl)oxane-2,3,4,5-tetrol",0.2,0.8,377.85,378.48514,18.29,0.9489,OUTSIDE_TARGET_RANGE,True,False,False,False,False,False,False,True,,
tetramethylazanium;chloride,octadecanoic acid,0.486,0.514,378.15,378.5809,19.49,0.8799,REJECTED_DES_RULE,False,False,True,False,False,False,False,True,,
Glutaric Acid,[N2222]Br,0.452,0.548,378.2,378.3783,18.36,0.9451,REJECTED_DES_RULE,False,True,False,False,False,False,False,True,,
tetrapentylazanium;bromide,"(2S,3R)-butane-1,2,3,4-tetrol",0.286,0.714,379.0,380.0236,19.9,0.8566,REJECTED_DES_RULE,False,True,False,False,False,False,False,True,,
2-hydroxyethyl(trimethyl)azanium;chloride,butanedioic acid,0.4,0.6,379.0,379.36084,18.67,0.9271,OUTSIDE_TARGET_RANGE,True,False,False,False,False,False,False,True,,
[N5555]Br,Erythritol,0.29,0.71,379.2,378.56442,19.89,0.8567,REJECTED_DES_RULE,False,True,False,False,False,False,False,True,,
2-hydroxyethyl(trimethyl)azanium;chloride,"(3R,4S,5R)-oxane-2,3,4,5-tetrol",0.599,0.401,379.45,379.61694,18.58,0.9323,OUTSIDE_TARGET_RANGE,True,False,False,False,False,False,False,True,,
2-hydroxyethyl(trimethyl)azanium;chloride,"2-hydroxypropane-1,2,3-tricarboxylic acid",0.4,0.6,379.48,378.55582,18.44,0.94,OUTSIDE_TARGET_RANGE,True,False,False,False,False,False,False,True,,
[N5555]Br,Erythritol,0.22,0.78,380.0,380.3622,20.42,0.8266,REJECTED_DES_RULE,False,True,False,False,False,False,False,True,,
tetrapentylazanium;bromide,"(2S,3R)-butane-1,2,3,4-tetrol",0.233,0.767,380.2,380.07355,19.88,0.8576,REJECTED_DES_RULE,False,True,False,False,False,False,False,True,,
tetrapropylazanium;chloride,dodecanoic acid,0.604,0.396,380.75,380.68588,19.02,0.9067,REJECTED_DES_RULE,False,False,True,False,False,False,False,True,,
tetrapropylazanium;chloride,dodecanoic acid,0.6047,0.3953,380.8658,380.68588,19.03,0.9064,REJECTED_DES_RULE,False,False,True,False,False,False,False,True,,
"1H-Imidazolium, 3-[2-[(1R,5S)-6,6-dimethylbicyclo[3.1.1]hept-2-en-2-yl]ethyl]-1-methyl-, methanesulfonate (1:1) (ACI)",urea,0.9,0.1,380.882,381.07404,21.71,0.7523,OUTSIDE_TARGET_RANGE,True,False,False,False,False,False,False,True,,
2-hydroxyethyl(trimethyl)azanium;chloride,oxalic acid,0.65,0.35,381.0,378.30096,20.28,0.8343,OUTSIDE_TARGET_RANGE,True,False,False,False,False,False,False,True,,
2-hydroxyethyl(trimethyl)azanium;chloride,2-acetyloxybenzoic acid,0.101,0.899,381.52,382.1814,19.26,0.8931,OUTSIDE_TARGET_RANGE,True,False,False,False,False,False,False,True,,
2-hydroxyethyl(trimethyl)azanium;chloride,"(3R,4S,5S)-oxane-2,3,4,5-tetrol",0.201,0.799,381.58,379.98492,18.43,0.9411,OUTSIDE_TARGET_RANGE,True,False,False,False,False,False,False,True,,
2-hydroxyethyl(trimethyl)azanium;chloride,"(2S,3R)-butane-1,2,3,4-tetrol",0.199,0.801,381.614,381.29022,19.31,0.8903,OUTSIDE_TARGET_RANGE,True,False,False,False,False,False,False,True,,
2-hydroxyethyl(trimethyl)azanium;chloride,"(3R,4S,5R)-oxane-2,3,4,5-tetrol",0.201,0.799,381.62,382.22134,18.6,0.9308,OUTSIDE_TARGET_RANGE,True,False,False,False,False,False,False,True,,
tetramethylazanium;chloride,dodecanoic acid,0.502,0.498,381.95,382.3494,18.76,0.9219,REJECTED_DES_RULE,False,False,True,False,False,False,False,True,,
2-hydroxyethyl(trimethyl)azanium;chloride,2-acetyloxybenzoic acid,0.414,0.586,382.48,382.6439,19.19,0.8969,OUTSIDE_TARGET_RANGE,True,False,False,False,False,False,False,True,,
tetramethylazanium;chloride,tetradecan-1-ol,0.506,0.494,382.6,380.1747,19.02,0.907,REJECTED_DES_RULE,False,False,True,False,False,False,False,True,,
Glutaric Acid,[N2222]Br,0.442,0.558,383.2,382.02182,18.54,0.9345,REJECTED_DES_RULE,False,True,False,False,False,False,False,True,,
2-hydroxyethyl(trimethyl)azanium;chloride,2-hydroxybutanedioic acid,0.2,0.8,383.62,383.86438,18.31,0.9477,OUTSIDE_TARGET_RANGE,True,False,False,False,False,False,False,True,,
2-hydroxyethyl(trimethyl)azanium;chloride,octadecan-1-ol,0.685,0.315,383.65,385.69476,18.85,0.9167,REJECTED_DES_RULE,False,False,True,False,False,False,False,True,,
2-hydroxyethyl(trimethyl)azanium;chloride,"2-hydroxypropane-1,2,3-tricarboxylic acid",0.35,0.65,384.02,384.22424,20.86,0.8013,OUTSIDE_TARGET_RANGE,True,False,False,False,False,False,False,True,,
"1H-Imidazolium, 3-[2-[(1R,5S)-6,6-dimethylbicyclo[3.1.1]hept-2-en-2-yl]ethyl]-1-methyl-, methanesulfonate (1:1) (ACI)",4-oxopentanoic acid,0.901,0.099,384.058,384.4322,23.59,0.6443,REJECTED_DES_RULE,False,False,True,False,False,False,False,True,,
2-hydroxyethyl(trimethyl)azanium;chloride,"ethane-1,2-diol",0.638,0.362,384.361,384.51855,21.45,0.767,REJECTED_DES_RULE,False,False,True,False,False,False,False,True,,
2-hydroxyethyl(trimethyl)azanium;chloride,"(2R,3R,4R,5R)-hexane-1,2,3,4,5,6-hexol",0.5,0.5,385.15,382.62097,18.25,0.9511,OUTSIDE_TARGET_RANGE,True,False,False,False,False,False,False,True,,
Erythritol,[N3333]Br,0.81,0.19,385.2,385.20898,23.84,0.6299,OUTSIDE_TARGET_RANGE,True,False,False,False,False,False,False,True,,
2-hydroxyethyl(trimethyl)azanium;chloride,2-hydroxybenzoic acid,0.211,0.789,385.4,385.49,18.68,0.9264,OUTSIDE_TARGET_RANGE,True,False,False,False,False,False,False,True,,
2-hydroxyethyl(trimethyl)azanium;chloride,"2,3-dihydroxybutanedioic acid",0.348,0.652,385.82,386.02377,20.92,0.7979,OUTSIDE_TARGET_RANGE,True,False,False,False,False,False,False,True,,
Urea,[N2222]Br,0.666666667,0.333333333,386.15,385.64413,27.4,0.4251,OUTSIDE_TARGET_RANGE,True,False,False,False,False,False,True,True,,
2-hydroxyethyl(trimethyl)azanium;chloride,"(2R,3R,4S,5S,6R)-2-[(2S,3S,4S,5R)-3,4-dihydroxy-2,5-bis(hydroxymethyl)oxolan-2-yl]oxy-6-(hydroxymethyl)oxane-3,4,5-triol",0.302,0.698,386.22,386.22296,19.31,0.8905,OUTSIDE_TARGET_RANGE,True,False,False,False,False,False,False,True,,
2-hydroxyethyl(trimethyl)azanium;chloride,2-hydroxypropanoic acid,0.653,0.347,386.65,384.74487,19.56,0.8756,REJECTED_DES_RULE,False,False,True,False,False,False,False,True,,
2-hydroxyethyl(trimethyl)azanium;chloride,"2,3-dihydroxybutanedioic acid",0.749,0.251,386.68,385.93326,21.38,0.771,OUTSIDE_TARGET_RANGE,True,False,False,False,False,False,False,True,,
2-hydroxyethyl(trimethyl)azanium;chloride,"2-hydroxypropane-1,2,3-tricarboxylic acid",0.75,0.25,387.12,386.99527,21.0,0.7933,OUTSIDE_TARGET_RANGE,True,False,False,False,False,False,False,True,,
2-hydroxyethyl(trimethyl)azanium;chloride,N-(4-hydroxyphenyl)acetamide,0.207,0.793,387.82,388.29065,18.86,0.9159,OUTSIDE_TARGET_RANGE,True,False,False,False,False,False,False,True,,
2-hydroxyethyl(trimethyl)azanium;chloride,2-hydroxybutanedioic acid,0.15,0.85,387.88,388.09497,21.01,0.7927,OUTSIDE_TARGET_RANGE,True,False,False,False,False,False,False,True,,
tetramethylazanium;chloride,hexadecanoic acid,0.49,0.51,387.95,385.33978,18.99,0.9088,REJECTED_DES_RULE,False,False,True,False,False,False,False,True,,
2-hydroxyethyl(trimethyl)azanium;chloride,2-hydroxyacetic acid,0.649,0.351,387.98,388.58682,19.56,0.8756,REJECTED_DES_RULE,False,False,True,False,False,False,False,True,,
Glutaric Acid,[N2222]Br,0.434,0.566,388.2,388.28415,18.69,0.9261,REJECTED_DES_RULE,False,True,False,False,False,False,False,True,,
2-hydroxyethyl(trimethyl)azanium;chloride,octadecanoic acid,0.505,0.495,388.62,388.073,18.66,0.9279,REJECTED_DES_RULE,False,False,True,False,False,False,False,True,,
2-hydroxyethyl(trimethyl)azanium;chloride,"(2S,3R)-butane-1,2,3,4-tetrol",0.099,0.901,389.462,389.15118,20.3,0.8334,OUTSIDE_TARGET_RANGE,True,False,False,False,False,False,False,True,,
Pimelic Acid,[N3333]Br,0.33,0.67,390.2,390.6178,22.93,0.6824,REJECTED_DES_RULE,False,True,False,False,False,False,False,True,,
2-hydroxyethyl(trimethyl)azanium;chloride,tetradecan-1-ol,0.6,0.4,390.25,387.93658,18.83,0.9181,REJECTED_DES_RULE,False,False,True,False,False,False,False,True,,
2-hydroxyethyl(trimethyl)azanium;chloride,2-(3-benzoylphenyl)propanoic acid,0.505,0.495,390.52,389.29034,18.13,0.9583,REJECTED_DES_RULE,False,False,True,False,False,False,False,True,,
tetramethylazanium;chloride,decanoic acid,0.402,0.598,390.85,388.77554,19.15,0.8992,REJECTED_DES_RULE,False,False,True,False,False,False,False,True,,
2-hydroxyethyl(trimethyl)azanium;chloride,2-hydroxybutanedioic acid,0.101,0.899,391.75,392.0677,19.69,0.8685,OUTSIDE_TARGET_RANGE,True,False,False,False,False,False,False,True,,
2-hydroxyethyl(trimethyl)azanium;chloride,"1,1-dimethylurea",0.38,0.62,392.15,393.49393,21.3,0.7761,OUTSIDE_TARGET_RANGE,True,False,False,False,False,False,False,True,,
tetrapentylazanium;bromide,butanedioic acid,0.393,0.607,392.174,392.38843,25.16,0.5539,REJECTED_DES_RULE,False,True,False,False,False,False,True,True,,
tetraethylazanium;chloride,tetradecanoic acid,0.593,0.407,392.65,392.47202,19.15,0.8996,REJECTED_DES_RULE,False,False,True,False,False,False,False,True,,
tetrapropylazanium;chloride,octadecanoic acid,0.593,0.407,392.85,392.19788,20.4,0.8276,REJECTED_DES_RULE,False,False,True,False,False,False,False,True,,
tetrapentylazanium;bromide,"(2S,3R)-butane-1,2,3,4-tetrol",0.088,0.912,393.1,392.77112,20.41,0.827,REJECTED_DES_RULE,False,True,False,False,False,False,False,True,,
[N5555]Br,Erythritol,0.09,0.91,393.2,393.5738,20.37,0.8296,REJECTED_DES_RULE,False,True,False,False,False,False,False,True,,
tetraethylazanium;chloride,dodecanoic acid,0.584,0.416,393.45,393.8103,18.94,0.9116,REJECTED_DES_RULE,False,False,True,False,False,False,False,True,,
2-hydroxyethyl(trimethyl)azanium;chloride,"2-hydroxypropane-1,2,3-tricarboxylic acid",0.3,0.7,393.48,392.85934,18.39,0.9429,OUTSIDE_TARGET_RANGE,True,False,False,False,False,False,False,True,,
2-hydroxyethyl(trimethyl)azanium;chloride,2-hydroxybenzoic acid,0.592,0.408,393.6,393.22195,18.56,0.9332,OUTSIDE_TARGET_RANGE,True,False,False,False,False,False,False,True,,
2-hydroxyethyl(trimethyl)azanium;chloride,hexadecanoic acid,0.555,0.445,393.63,392.4458,18.41,0.942,REJECTED_DES_RULE,False,False,True,False,False,False,False,True,,
2-hydroxyethyl(trimethyl)azanium;chloride,"2,3-dihydroxybutanedioic acid",0.3,0.7,393.65,392.51233,20.7,0.8101,OUTSIDE_TARGET_RANGE,True,False,False,False,False,False,False,True,,
tetrapropylazanium;bromide,boric acid,0.2995,0.7005,393.73,393.4675,18.82,0.9183,OUTSIDE_TARGET_RANGE,True,False,False,False,False,False,False,True,,
2-hydroxyethyl(trimethyl)azanium;chloride,hexadecanoic acid,0.554,0.446,393.88,394.07892,18.41,0.9422,REJECTED_DES_RULE,False,False,True,False,False,False,False,True,,
2-hydroxyethyl(trimethyl)azanium;chloride,"(1R,4R)-1,7,7-trimethylbicyclo[2.2.1]heptan-2-one",0.2,0.8,394.2,393.95148,19.15,0.8995,OUTSIDE_TARGET_RANGE,True,False,False,False,False,False,False,True,,
tetraethylazanium;chloride,dodecanoic acid,0.586,0.414,394.2044,393.8103,18.9,0.9136,REJECTED_DES_RULE,False,False,True,False,False,False,False,True,,
tetramethylazanium;chloride,octadecan-1-ol,0.597,0.403,394.3,391.89822,18.71,0.9246,REJECTED_DES_RULE,False,False,True,False,False,False,False,True,,
2-hydroxyethyl(trimethyl)azanium;chloride,2-hydroxybutanedioic acid,0.056,0.944,395.18,395.41202,20.94,0.7963,OUTSIDE_TARGET_RANGE,True,False,False,False,False,False,False,True,,
2-hydroxyethyl(trimethyl)azanium;chloride,decanoic acid,0.592,0.408,395.55,395.34576,19.29,0.8914,REJECTED_DES_RULE,False,False,True,False,False,False,False,True,,
2-hydroxyethyl(trimethyl)azanium;chloride,2-[4-(2-methylpropyl)phenyl]propanoic acid,0.613,0.387,395.82,394.9346,19.05,0.9051,REJECTED_DES_RULE,False,False,True,False,False,False,False,True,,
2-hydroxyethyl(trimethyl)azanium;chloride,oxalic acid,0.7,0.3,396.0,397.9665,18.83,0.9178,OUTSIDE_TARGET_RANGE,True,False,False,False,False,False,False,True,,
2-hydroxyethyl(trimethyl)azanium;chloride,pentanedioic acid,0.649,0.351,396.78,396.26242,20.73,0.8084,REJECTED_DES_RULE,False,False,True,False,False,False,False,True,,
Pimelic Acid,[N2222]Br,0.378,0.622,397.7,397.7053,21.69,0.7533,REJECTED_DES_RULE,False,True,False,False,False,False,False,True,,
2-hydroxyethyl(trimethyl)azanium;chloride,"2-hydroxypropane-1,2,3-tricarboxylic acid",0.252,0.748,397.98,398.7691,20.59,0.8167,OUTSIDE_TARGET_RANGE,True,False,False,False,False,False,False,True,,
tetrapropylazanium;chloride,tetradecanoic acid,0.7,0.3,398.05,397.27798,19.29,0.8916,REJECTED_DES_RULE,False,False,True,False,False,False,False,True,,
Glutaric Acid,[N2222]Br,0.417,0.583,398.2,398.89783,19.54,0.8773,REJECTED_DES_RULE,False,True,False,False,False,False,False,True,,
Pimelic Acid,[N3333]Br,0.287,0.713,398.2,398.1093,25.22,0.5504,REJECTED_DES_RULE,False,True,False,False,False,False,True,True,,
tetrapropylazanium;chloride,hexadecanoic acid,0.8,0.2,398.65,401.34216,19.75,0.8648,REJECTED_DES_RULE,False,False,True,False,False,False,False,True,,
2-hydroxyethyl(trimethyl)azanium;chloride,butanedioic acid,0.35,0.65,400.0,400.18716,20.32,0.8324,OUTSIDE_TARGET_RANGE,True,False,False,False,False,False,False,True,,
2-hydroxyethyl(trimethyl)azanium;chloride,butanedioic acid,0.7,0.3,402.0,401.64355,18.63,0.9293,OUTSIDE_TARGET_RANGE,True,False,False,False,False,False,False,True,,
tetramethylazanium;chloride,hexadecan-1-ol,0.699,0.301,402.2,401.61298,18.66,0.9278,REJECTED_DES_RULE,False,False,True,False,False,False,False,True,,
2-hydroxyethyl(trimethyl)azanium;chloride,"(3R,4S,5S)-oxane-2,3,4,5-tetrol",0.1,0.9,402.78,403.88214,18.48,0.938,OUTSIDE_TARGET_RANGE,True,False,False,False,False,False,False,True,,
tetraethylazanium;chloride,decanoic acid,0.65,0.35,403.28,403.22437,21.19,0.7821,REJECTED_DES_RULE,False,False,True,False,False,False,False,True,,
tetrapropylazanium;chloride,decanoic acid,0.7,0.3,404.05,404.036,20.47,0.8235,REJECTED_DES_RULE,False,False,True,False,False,False,False,True,,
2-hydroxyethyl(trimethyl)azanium;chloride,"2-hydroxypropane-1,2,3-tricarboxylic acid",0.2,0.8,404.48,404.12527,18.46,0.9392,OUTSIDE_TARGET_RANGE,True,False,False,False,False,False,False,True,,
2-hydroxyethyl(trimethyl)azanium;chloride,"(2R,3R,4S,5S,6R)-2-[(2S,3S,4S,5R)-3,4-dihydroxy-2,5-bis(hydroxymethyl)oxolan-2-yl]oxy-6-(hydroxymethyl)oxane-3,4,5-triol",0.201,0.799,404.58,406.31305,20.01,0.8499,OUTSIDE_TARGET_RANGE,True,False,False,False,False,False,False,True,,
2-hydroxyethyl(trimethyl)azanium;chloride,"(3R,4S,5R)-oxane-2,3,4,5-tetrol",0.102,0.898,405.78,405.00903,18.6,0.9308,OUTSIDE_TARGET_RANGE,True,False,False,False,False,False,False,True,,
2-hydroxyethyl(trimethyl)azanium;chloride,2-hydroxypropanoic acid,0.697,0.303,406.45,408.99643,19.78,0.863,REJECTED_DES_RULE,False,False,True,False,False,False,False,True,,
2-hydroxyethyl(trimethyl)azanium;chloride,2-hydroxybenzoic acid,0.113,0.887,406.9,407.14337,18.79,0.9203,OUTSIDE_TARGET_RANGE,True,False,False,False,False,False,False,True,,
tetraethylazanium;chloride,hexadecanoic acid,0.699,0.301,407.25,407.4065,19.3,0.8906,REJECTED_DES_RULE,False,False,True,False,False,False,False,True,,
2-hydroxyethyl(trimethyl)azanium;chloride,N-(4-hydroxyphenyl)acetamide,0.695,0.305,407.92,406.59042,18.73,0.9238,OUTSIDE_TARGET_RANGE,True,False,False,False,False,False,False,True,,
2-hydroxyethyl(trimethyl)azanium;chloride,octadecanoic acid,0.554,0.446,408.6,409.28583,18.45,0.9394,REJECTED_DES_RULE,False,False,True,False,False,False,False,True,,
2-hydroxyethyl(trimethyl)azanium;chloride,"propane-1,2,3-triol",0.697,0.303,411.216,408.5442,19.75,0.8652,REJECTED_DES_RULE,False,False,True,False,False,False,False,True,,
2-hydroxyethyl(trimethyl)azanium;chloride,"2-hydroxypropane-1,2,3-tricarboxylic acid",0.15,0.85,411.35,412.04825,20.8,0.8045,OUTSIDE_TARGET_RANGE,True,False,False,False,False,False,False,True,,
2-hydroxyethyl(trimethyl)azanium;chloride,"2,3-dihydroxybutanedioic acid",0.201,0.799,411.58,411.48846,21.97,0.7373,OUTSIDE_TARGET_RANGE,True,False,False,False,False,False,False,True,,
tetraethylazanium;chloride,octadecanoic acid,0.701,0.299,411.75,410.7096,19.57,0.8752,REJECTED_DES_RULE,False,False,True,False,False,False,False,True,,
2-hydroxyethyl(trimethyl)azanium;chloride,"(2R,3R,4S,5S,6R)-2-[(2S,3S,4S,5R)-3,4-dihydroxy-2,5-bis(hydroxymethyl)oxolan-2-yl]oxy-6-(hydroxymethyl)oxane-3,4,5-triol",0.7,0.3,411.82,411.27084,18.82,0.9186,OUTSIDE_TARGET_RANGE,True,False,False,False,False,False,False,True,,
2-hydroxyethyl(trimethyl)azanium;chloride,octadecan-1-ol,0.751,0.249,413.48,413.17682,17.88,0.9726,REJECTED_DES_RULE,False,False,True,False,False,False,False,True,,
2-hydroxyethyl(trimethyl)azanium;chloride,tetradecanoic acid,0.667,0.333,413.52,413.6285,18.85,0.9164,REJECTED_DES_RULE,False,False,True,False,False,False,False,True,,
2-hydroxyethyl(trimethyl)azanium;chloride,decanoic acid,0.642,0.358,413.7,413.9135,19.39,0.8855,REJECTED_DES_RULE,False,False,True,False,False,False,False,True,,
2-hydroxyethyl(trimethyl)azanium;chloride,octadecan-1-ol,0.75,0.25,413.78,414.41797,17.85,0.9742,REJECTED_DES_RULE,False,False,True,False,False,False,False,True,,
2-hydroxyethyl(trimethyl)azanium;chloride,tetradecan-1-ol,0.643,0.357,414.08,413.21832,19.4,0.8851,REJECTED_DES_RULE,False,False,True,False,False,False,False,True,,
2-hydroxyethyl(trimethyl)azanium;chloride,5-methyl-2-propan-2-ylphenol,0.7,0.3,414.2,415.5724,18.51,0.9363,REJECTED_DES_RULE,False,False,True,False,False,False,False,True,,
tetramethylazanium;chloride,tetradecan-1-ol,0.596,0.404,414.5,416.28693,19.0,0.908,REJECTED_DES_RULE,False,False,True,False,False,False,False,True,,
tetramethylazanium;chloride,tetradecanoic acid,0.504,0.496,415.05,413.54468,18.58,0.9322,REJECTED_DES_RULE,False,False,True,False,False,False,False,True,,
tetrapropylazanium;bromide,boric acid,0.1979,0.8021,415.5,415.6866,18.95,0.9106,OUTSIDE_TARGET_RANGE,True,False,False,False,False,False,False,True,,
2-hydroxyethyl(trimethyl)azanium;chloride,hexadecan-1-ol,0.75,0.25,415.78,415.78375,18.46,0.9393,REJECTED_DES_RULE,False,False,True,False,False,False,False,True,,
tetramethylazanium;chloride,octadecanoic acid,0.577,0.423,415.95,416.07913,19.59,0.874,REJECTED_DES_RULE,False,False,True,False,False,False,False,True,,
2-hydroxyethyl(trimethyl)azanium;chloride,"ethane-1,2-diol",0.694,0.306,416.079,415.75967,21.71,0.7524,REJECTED_DES_RULE,False,False,True,False,False,False,False,True,,
2-hydroxyethyl(trimethyl)azanium;chloride,"(1R,4R)-1,7,7-trimethylbicyclo[2.2.1]heptan-2-one",0.699,0.301,416.7,417.01703,18.64,0.9288,OUTSIDE_TARGET_RANGE,True,False,False,False,False,False,False,True,,
2-hydroxyethyl(trimethyl)azanium;chloride,urea,0.633,0.367,417.061,415.44833,19.97,0.8524,REJECTED_DES_RULE,False,False,True,False,False,False,False,True,,
2-hydroxyethyl(trimethyl)azanium;chloride,2-hydroxybutanedioic acid,0.7,0.3,417.18,419.30658,18.65,0.9282,REJECTED_DES_RULE,False,False,True,False,False,False,False,True,,
2-hydroxyethyl(trimethyl)azanium;chloride,"(2S,4R)-pentane-1,2,3,4,5-pentol",0.7,0.3,417.92,418.85767,18.36,0.9451,REJECTED_DES_RULE,False,False,True,False,False,False,False,True,,
2-hydroxyethyl(trimethyl)azanium;chloride,2-acetyloxybenzoic acid,0.499,0.501,418.25,416.09756,18.62,0.9299,REJECTED_DES_RULE,False,False,True,False,False,False,False,True,,
2-hydroxyethyl(trimethyl)azanium;chloride,"2-hydroxypropane-1,2,3-tricarboxylic acid",0.102,0.898,418.28,418.15756,18.46,0.9393,OUTSIDE_TARGET_RANGE,True,False,False,False,False,False,False,True,,
2-hydroxyethyl(trimethyl)azanium;chloride,"(1R,2S,5R)-5-methyl-2-propan-2-ylcyclohexan-1-ol",0.7,0.3,418.5,418.0902,18.81,0.919,REJECTED_DES_RULE,False,False,True,False,False,False,False,True,,
2-hydroxyethyl(trimethyl)azanium;chloride,"(2R,3R,4R,5S)-hexane-1,2,3,4,5,6-hexol",0.698,0.302,418.644,417.62387,18.38,0.9436,REJECTED_DES_RULE,False,False,True,False,False,False,False,True,,
2-hydroxyethyl(trimethyl)azanium;chloride,octadecan-1-ol,0.748,0.252,418.65,420.40454,17.88,0.9725,REJECTED_DES_RULE,False,False,True,False,False,False,False,True,,
2-hydroxyethyl(trimethyl)azanium;chloride,2-(3-benzoylphenyl)propanoic acid,0.603,0.397,418.68,417.43106,17.82,0.9756,REJECTED_DES_RULE,False,False,True,False,False,False,False,True,,
2-hydroxyethyl(trimethyl)azanium;chloride,pentanedioic acid,0.699,0.301,418.72,420.04614,18.67,0.9269,REJECTED_DES_RULE,False,False,True,False,False,False,False,True,,
2-hydroxyethyl(trimethyl)azanium;chloride,hexadecanoic acid,0.603,0.397,418.85,416.05997,18.35,0.9454,REJECTED_DES_RULE,False,False,True,False,False,False,False,True,,
2-hydroxyethyl(trimethyl)azanium;chloride,"(2S,3R)-butane-1,2,3,4-tetrol",0.666,0.334,419.283,419.06647,19.9,0.8565,REJECTED_DES_RULE,False,False,True,False,False,False,False,True,,
tetrapropylazanium;chloride,dodecanoic acid,0.713,0.287,419.55,420.11105,19.16,0.8988,REJECTED_DES_RULE,False,False,True,False,False,False,False,True,,
tetrapentylazanium;bromide,butanedioic acid,0.308,0.692,419.752,420.04605,25.0,0.5634,REJECTED_DES_RULE,False,True,False,False,False,False,False,True,,
tetrapropylazanium;chloride,dodecanoic acid,0.7128,0.2872,419.8284,420.11105,19.16,0.899,REJECTED_DES_RULE,False,False,True,False,False,False,False,True,,
2-hydroxyethyl(trimethyl)azanium;chloride,2-hydroxyacetic acid,0.699,0.301,420.15,419.3233,18.94,0.9116,REJECTED_DES_RULE,False,False,True,False,False,False,False,True,,
tetrapropylazanium;bromide,boric acid,0.599,0.401,420.73,420.32358,18.76,0.922,OUTSIDE_TARGET_RANGE,True,False,False,False,False,False,False,True,,
2-hydroxyethyl(trimethyl)azanium;chloride,"1,1-dimethylurea",0.3333,0.6667,422.15,419.4231,21.99,0.736,OUTSIDE_TARGET_RANGE,True,False,False,False,False,False,False,True,,
2-hydroxyethyl(trimethyl)azanium;chloride,"2-hydroxypropane-1,2,3-tricarboxylic acid",0.062,0.938,423.15,423.09683,20.45,0.8245,OUTSIDE_TARGET_RANGE,True,False,False,False,False,False,False,True,,
2-hydroxyethyl(trimethyl)azanium;chloride,dodecanoic acid,0.658,0.342,423.45,423.97427,19.22,0.8952,REJECTED_DES_RULE,False,False,True,False,False,False,False,True,,
tetramethylazanium;chloride,decanoic acid,0.499,0.501,423.75,424.26788,19.3,0.891,REJECTED_DES_RULE,False,False,True,False,False,False,False,True,,
tetrapropylazanium;chloride,octadecanoic acid,0.701,0.299,424.75,423.4893,20.36,0.8298,REJECTED_DES_RULE,False,False,True,False,False,False,False,True,,
2-hydroxyethyl(trimethyl)azanium;chloride,N-(4-hydroxyphenyl)acetamide,0.101,0.899,425.82,424.92862,18.81,0.9187,OUTSIDE_TARGET_RANGE,True,False,False,False,False,False,False,True,,
2-hydroxyethyl(trimethyl)azanium;chloride,"propane-1,2,3-triol",0.752,0.248,427.432,427.26083,19.6,0.8736,REJECTED_DES_RULE,False,False,True,False,False,False,False,True,,
2-hydroxyethyl(trimethyl)azanium;chloride,decanoic acid,0.675,0.325,427.85,427.59714,19.78,0.8634,REJECTED_DES_RULE,False,False,True,False,False,False,False,True,,
2-hydroxyethyl(trimethyl)azanium;chloride,"(3R,4S,5S)-oxane-2,3,4,5-tetrol",0.699,0.301,428.72,428.83948,18.53,0.9348,OUTSIDE_TARGET_RANGE,True,False,False,False,False,False,False,True,,
tetramethylazanium;chloride,hexadecanoic acid,0.592,0.408,429.25,429.8123,18.88,0.9148,REJECTED_DES_RULE,False,False,True,False,False,False,False,True,,
2-hydroxyethyl(trimethyl)azanium;chloride,tetradecanoic acid,0.706,0.294,429.53,429.62216,18.93,0.9123,REJECTED_DES_RULE,False,False,True,False,False,False,False,True,,
2-hydroxyethyl(trimethyl)azanium;chloride,"(1R,4R)-1,7,7-trimethylbicyclo[2.2.1]heptan-2-one",0.1,0.9,429.6,428.55096,19.15,0.8993,OUTSIDE_TARGET_RANGE,True,False,False,False,False,False,False,True,,
tetraethylazanium;chloride,decanoic acid,0.699,0.301,431.0,430.98108,19.27,0.8925,REJECTED_DES_RULE,False,False,True,False,False,False,False,True,,
2-hydroxyethyl(trimethyl)azanium;chloride,"(2R,3R,4S,5S,6R)-2-[(2S,3S,4S,5R)-3,4-dihydroxy-2,5-bis(hydroxymethyl)oxolan-2-yl]oxy-6-(hydroxymethyl)oxane-3,4,5-triol",0.107,0.893,431.45,431.42136,20.55,0.819,OUTSIDE_TARGET_RANGE,True,False,False,False,False,False,False,True,,
2-hydroxyethyl(trimethyl)azanium;chloride,"2-hydroxypropane-1,2,3-tricarboxylic acid",0.8,0.2,431.68,434.1924,18.38,0.9437,REJECTED_DES_RULE,False,False,True,False,False,False,False,True,,
tetrapropylazanium;bromide,boric acid,0.0964,0.9036,432.05,432.2588,18.94,0.9116,OUTSIDE_TARGET_RANGE,True,False,False,False,False,False,False,True,,
tetramethylazanium;chloride,dodecanoic acid,0.598,0.402,433.35,431.9836,18.76,0.9218,REJECTED_DES_RULE,False,False,True,False,False,False,False,True,,
tetraethylazanium;chloride,tetradecanoic acid,0.684,0.316,433.45,432.79813,19.44,0.8827,REJECTED_DES_RULE,False,False,True,False,False,False,False,True,,
2-hydroxyethyl(trimethyl)azanium;chloride,octadecanoic acid,0.596,0.404,433.78,431.85248,18.79,0.92,REJECTED_DES_RULE,False,False,True,False,False,False,False,True,,
2-hydroxyethyl(trimethyl)azanium;chloride,"ethane-1,2-diol",0.747,0.253,433.921,434.07715,21.71,0.7523,REJECTED_DES_RULE,False,False,True,False,False,False,False,True,,
2-hydroxyethyl(trimethyl)azanium;chloride,2-hydroxypropanoic acid,0.749,0.251,434.82,434.51193,19.76,0.8645,REJECTED_DES_RULE,False,False,True,False,False,False,False,True,,
tetramethylazanium;chloride,octadecan-1-ol,0.702,0.298,435.4,434.22064,18.76,0.9218,REJECTED_DES_RULE,False,False,True,False,False,False,False,True,,
2-hydroxyethyl(trimethyl)azanium;chloride,"2,3-dihydroxybutanedioic acid",0.801,0.199,435.52,435.8647,21.03,0.7915,OUTSIDE_TARGET_RANGE,True,False,False,False,False,False,False,True,,
tetraethylazanium;chloride,decanoic acid,0.717,0.283,435.85,435.7664,19.56,0.8759,REJECTED_DES_RULE,False,False,True,False,False,False,False,True,,
tetraethylazanium;chloride,dodecanoic acid,0.702,0.298,436.25,437.33618,18.93,0.912,REJECTED_DES_RULE,False,False,True,False,False,False,False,True,,
tetraethylazanium;chloride,dodecanoic acid,0.7023,0.2977,436.3261,436.61475,18.94,0.9117,REJECTED_DES_RULE,False,False,True,False,False,False,False,True,,
2-hydroxyethyl(trimethyl)azanium;chloride,hexadecanoic acid,0.652,0.348,438.48,438.90408,18.6,0.9308,REJECTED_DES_RULE,False,False,True,False,False,False,False,True,,
2-hydroxyethyl(trimethyl)azanium;chloride,2-hydroxybenzoic acid,0.697,0.303,438.7,439.386,18.54,0.9346,REJECTED_DES_RULE,False,False,True,False,False,False,False,True,,
2-hydroxyethyl(trimethyl)azanium;chloride,"(3S,4S,5S,6R)-6-(hydroxymethyl)oxane-2,3,4,5-tetrol",0.7,0.3,438.88,439.6589,18.71,0.9245,REJECTED_DES_RULE,False,False,True,False,False,False,False,True,,
2-hydroxyethyl(trimethyl)azanium;chloride,"(3R,4S,5R)-oxane-2,3,4,5-tetrol",0.699,0.301,439.22,438.125,18.66,0.9276,REJECTED_DES_RULE,False,False,True,False,False,False,False,True,,
tetrapropylazanium;chloride,tetradecanoic acid,0.8,0.2,439.35,437.2626,19.28,0.8917,REJECTED_DES_RULE,False,False,True,False,False,False,False,True,,
2-hydroxyethyl(trimethyl)azanium;chloride,2-hydroxybutanedioic acid,0.749,0.251,441.62,441.2993,20.48,0.8232,REJECTED_DES_RULE,False,False,True,False,False,False,False,True,,
palmitic acid,tetraethylammonium chloride,0.218,0.782,442.25,442.38126,31.14,0.2106,REJECTED_DES_RULE,False,True,False,False,False,False,True,True,,
2-hydroxyethyl(trimethyl)azanium;chloride,"(2S,3R)-butane-1,2,3,4-tetrol",0.688,0.312,442.825,444.45218,18.95,0.9111,REJECTED_DES_RULE,False,False,True,False,False,False,False,True,,
tetrapropylazanium;chloride,dodecanoic acid,0.7953,0.2047,442.9953,443.1694,19.02,0.907,REJECTED_DES_RULE,False,False,True,False,False,False,False,True,,
2-hydroxyethyl(trimethyl)azanium;chloride,2-[4-(2-methylpropyl)phenyl]propanoic acid,0.695,0.305,443.15,443.92505,18.95,0.9108,REJECTED_DES_RULE,False,False,True,False,False,False,False,True,,
tetrapropylazanium;chloride,dodecanoic acid,0.795,0.205,443.25,443.4676,19.02,0.9068,REJECTED_DES_RULE,False,False,True,False,False,False,False,True,,
2-hydroxyethyl(trimethyl)azanium;chloride,hexadecanoic acid,0.673,0.327,443.48,444.0537,18.89,0.9142,REJECTED_DES_RULE,False,False,True,False,False,False,False,True,,
tetrapentylazanium;bromide,butanedioic acid,0.166,0.834,443.602,443.40347,26.63,0.4695,REJECTED_DES_RULE,False,True,False,False,False,False,True,True,,
2-hydroxyethyl(trimethyl)azanium;chloride,octadecanoic acid,0.65,0.35,443.85,442.9975,18.85,0.9165,REJECTED_DES_RULE,False,False,True,False,False,False,False,True,,
tetrapropylazanium;chloride,hexadecanoic acid,0.9,0.1,444.22,443.34384,21.6,0.7587,REJECTED_DES_RULE,False,False,True,False,False,False,False,True,,
2-hydroxyethyl(trimethyl)azanium;chloride,dodecanoic acid,0.691,0.309,444.35,444.87967,18.64,0.9286,REJECTED_DES_RULE,False,False,True,False,False,False,False,True,,
tetrapropylazanium;chloride,decanoic acid,0.799,0.201,444.45,444.48044,20.47,0.8237,REJECTED_DES_RULE,False,False,True,False,False,False,False,True,,
2-hydroxyethyl(trimethyl)azanium;chloride,pentanedioic acid,0.75,0.25,444.45,445.55173,20.71,0.81,REJECTED_DES_RULE,False,False,True,False,False,False,False,True,,
tetraethylazanium;chloride,octadecanoic acid,0.794,0.206,447.45,446.60117,20.1,0.8449,REJECTED_DES_RULE,False,False,True,False,False,False,False,True,,
2-hydroxyethyl(trimethyl)azanium;chloride,2-hydroxyacetic acid,0.75,0.25,450.18,449.9405,19.6,0.8738,REJECTED_DES_RULE,False,False,True,False,False,False,False,True,,
2-hydroxyethyl(trimethyl)azanium;chloride,2-acetyloxybenzoic acid,0.595,0.405,450.78,450.013,18.72,0.9242,REJECTED_DES_RULE,False,False,True,False,False,False,False,True,,
tetramethylazanium;chloride,tetradecan-1-ol,0.686,0.314,450.9,451.58365,19.2,0.8966,REJECTED_DES_RULE,False,False,True,False,False,False,False,True,,
2-hydroxyethyl(trimethyl)azanium;chloride,tetradecanoic acid,0.745,0.255,451.33,451.09695,18.27,0.9503,REJECTED_DES_RULE,False,False,True,False,False,False,False,True,,
2-hydroxyethyl(trimethyl)azanium;chloride,hexadecan-1-ol,0.808,0.192,451.65,453.04626,18.57,0.933,REJECTED_DES_RULE,False,False,True,False,False,False,False,True,,
2-hydroxyethyl(trimethyl)azanium;chloride,decanoic acid,0.761,0.239,453.7,456.0924,19.39,0.8858,REJECTED_DES_RULE,False,False,True,False,False,False,False,True,,
tetramethylazanium;chloride,hexadecan-1-ol,0.8,0.2,453.8,455.81262,18.75,0.9227,REJECTED_DES_RULE,False,False,True,False,False,False,False,True,,
2-hydroxyethyl(trimethyl)azanium;chloride,"(2S,3R)-butane-1,2,3,4-tetrol",0.7,0.3,453.812,448.88507,19.05,0.905,REJECTED_DES_RULE,False,False,True,False,False,False,False,True,,
2-hydroxyethyl(trimethyl)azanium;chloride,tetradecan-1-ol,0.742,0.258,456.58,456.95935,19.19,0.8973,REJECTED_DES_RULE,False,False,True,False,False,False,False,True,,
2-hydroxyethyl(trimethyl)azanium;chloride,octadecan-1-ol,0.8,0.2,456.75,454.67337,18.22,0.9526,REJECTED_DES_RULE,False,False,True,False,False,False,False,True,,
2-hydroxyethyl(trimethyl)azanium;chloride,"propane-1,2,3-triol",0.794,0.206,457.838,458.68744,19.6,0.8733,REJECTED_DES_RULE,False,False,True,False,False,False,False,True,,
tetrapropylazanium;chloride,octadecanoic acid,0.778,0.222,458.55,457.1984,20.75,0.8077,REJECTED_DES_RULE,False,False,True,False,False,False,False,True,,
tetramethylazanium;chloride,tetradecanoic acid,0.603,0.397,459.25,458.7592,18.57,0.9328,REJECTED_DES_RULE,False,False,True,False,False,False,False,True,,
tetrapropylazanium;bromide,boric acid,0.7005,0.2995,459.92,459.81464,18.77,0.921,REJECTED_DES_RULE,False,False,True,False,False,False,False,True,,
2-hydroxyethyl(trimethyl)azanium;chloride,octadecan-1-ol,0.798,0.202,460.15,459.98853,18.23,0.9523,REJECTED_DES_RULE,False,False,True,False,False,False,False,True,,
2-hydroxyethyl(trimethyl)azanium;chloride,N-(4-hydroxyphenyl)acetamide,0.794,0.206,461.02,463.91565,18.86,0.9163,REJECTED_DES_RULE,False,False,True,False,False,False,False,True,,
tetramethylazanium;chloride,octadecanoic acid,0.701,0.299,461.55,463.49478,19.37,0.8868,REJECTED_DES_RULE,False,False,True,False,False,False,False,True,,
tetramethylazanium;chloride,decanoic acid,0.601,0.399,463.25,462.9043,19.5,0.8791,REJECTED_DES_RULE,False,False,True,False,False,False,False,True,,
2-hydroxyethyl(trimethyl)azanium;chloride,"(1R,2S,5R)-5-methyl-2-propan-2-ylcyclohexan-1-ol",0.8,0.2,463.4,465.28635,18.4,0.9427,REJECTED_DES_RULE,False,False,True,False,False,False,False,True,,
2-hydroxyethyl(trimethyl)azanium;chloride,octadecanoic acid,0.695,0.305,463.58,463.61298,18.88,0.9151,REJECTED_DES_RULE,False,False,True,False,False,False,False,True,,
tetraethylazanium;chloride,tetradecanoic acid,0.802,0.198,463.65,463.81577,19.24,0.8944,REJECTED_DES_RULE,False,False,True,False,False,False,False,True,,
2-hydroxyethyl(trimethyl)azanium;chloride,"ethane-1,2-diol",0.803,0.197,463.656,463.85532,21.59,0.7591,REJECTED_DES_RULE,False,False,True,False,False,False,False,True,,
tetraethylazanium;chloride,decanoic acid,0.808,0.192,465.25,465.24893,19.6,0.8733,REJECTED_DES_RULE,False,False,True,False,False,False,False,True,,
2-hydroxyethyl(trimethyl)azanium;chloride,2-(3-benzoylphenyl)propanoic acid,0.695,0.305,465.85,465.8254,18.42,0.9415,REJECTED_DES_RULE,False,False,True,False,False,False,False,True,,
2-hydroxyethyl(trimethyl)azanium;chloride,2-hydroxypropanoic acid,0.799,0.201,466.85,466.67334,19.82,0.8607,REJECTED_DES_RULE,False,False,True,False,False,False,False,True,,
tetraethylazanium;chloride,dodecanoic acid,0.7988,0.2012,467.2153,466.7677,18.84,0.917,REJECTED_DES_RULE,False,False,True,False,False,False,False,True,,
tetraethylazanium;chloride,dodecanoic acid,0.798,0.202,467.35,467.4624,18.85,0.9166,REJECTED_DES_RULE,False,False,True,False,False,False,False,True,,
2-hydroxyethyl(trimethyl)azanium;chloride,"(1R,4R)-1,7,7-trimethylbicyclo[2.2.1]heptan-2-one",0.802,0.198,468.3,467.36658,19.14,0.8999,REJECTED_DES_RULE,False,False,True,False,False,False,False,True,,
2-hydroxyethyl(trimethyl)azanium;chloride,"2,3-dihydroxybutanedioic acid",0.849,0.151,471.75,471.65268,21.48,0.7656,OUTSIDE_TARGET_RANGE,True,False,False,False,False,False,False,True,,
tetrapropylazanium;chloride,tetradecanoic acid,0.9,0.1,473.35,475.1468,20.86,0.8012,REJECTED_DES_RULE,False,False,True,False,False,False,False,True,,
2-hydroxyethyl(trimethyl)azanium;chloride,dodecanoic acid,0.748,0.252,473.4,470.51404,18.83,0.9179,REJECTED_DES_RULE,False,False,True,False,False,False,False,True,,
2-hydroxyethyl(trimethyl)azanium;chloride,decanoic acid,0.786,0.214,473.55,472.3027,19.17,0.8981,REJECTED_DES_RULE,False,False,True,False,False,False,False,True,,
2-hydroxyethyl(trimethyl)azanium;chloride,hexadecanoic acid,0.75,0.25,473.58,472.49026,18.13,0.9581,REJECTED_DES_RULE,False,False,True,False,False,False,False,True,,
tetramethylazanium;chloride,hexadecanoic acid,0.684,0.316,473.75,472.9167,19.16,0.8989,REJECTED_DES_RULE,False,False,True,False,False,False,False,True,,
2-hydroxyethyl(trimethyl)azanium;chloride,2-hydroxybutanedioic acid,0.799,0.201,474.48,474.34225,18.93,0.9119,REJECTED_DES_RULE,False,False,True,False,False,False,False,True,,
2-hydroxyethyl(trimethyl)azanium;chloride,pentanedioic acid,0.799,0.201,475.42,475.41406,18.32,0.9471,REJECTED_DES_RULE,False,False,True,False,False,False,False,True,,
2-hydroxyethyl(trimethyl)azanium;chloride,tetradecanoic acid,0.792,0.208,475.83,475.70923,18.45,0.9399,REJECTED_DES_RULE,False,False,True,False,False,False,False,True,,
2-hydroxyethyl(trimethyl)azanium;chloride,octadecan-1-ol,0.85,0.15,477.25,479.2859,18.34,0.9459,REJECTED_DES_RULE,False,False,True,False,False,False,False,True,,
2-hydroxyethyl(trimethyl)azanium;chloride,"(2S,3R)-butane-1,2,3,4-tetrol",0.748,0.252,477.354,477.82422,20.48,0.8227,REJECTED_DES_RULE,False,False,True,False,False,False,False,True,,
2-hydroxyethyl(trimethyl)azanium;chloride,2-hydroxyacetic acid,0.796,0.204,477.55,478.36014,18.85,0.9167,REJECTED_DES_RULE,False,False,True,False,False,False,False,True,,
2-hydroxyethyl(trimethyl)azanium;chloride,"(2R,3R,4S,5S,6R)-2-[(2S,3S,4S,5R)-3,4-dihydroxy-2,5-bis(hydroxymethyl)oxolan-2-yl]oxy-6-(hydroxymethyl)oxane-3,4,5-triol",0.8,0.2,477.88,477.92944,20.01,0.8499,REJECTED_DES_RULE,False,False,True,False,False,False,False,True,,
tetramethylazanium;chloride,dodecanoic acid,0.701,0.299,478.45,477.4257,18.91,0.913,REJECTED_DES_RULE,False,False,True,False,False,False,False,True,,
2-hydroxyethyl(trimethyl)azanium;chloride,"2-hydroxypropane-1,2,3-tricarboxylic acid",0.849,0.151,478.98,478.52213,20.95,0.7962,REJECTED_DES_RULE,False,False,True,False,False,False,False,True,,
2-hydroxyethyl(trimethyl)azanium;chloride,octadecan-1-ol,0.841,0.159,480.75,480.1323,18.44,0.9403,REJECTED_DES_RULE,False,False,True,False,False,False,False,True,,
tetrapropylazanium;chloride,dodecanoic acid,0.908,0.092,481.25,481.04004,21.08,0.7887,REJECTED_DES_RULE,False,False,True,False,False,False,False,True,,
2-hydroxyethyl(trimethyl)azanium;chloride,5-methyl-2-propan-2-ylphenol,0.801,0.199,482.0,481.20938,18.33,0.9466,REJECTED_DES_RULE,False,False,True,False,False,False,False,True,,
tetrapropylazanium;chloride,decanoic acid,0.9,0.1,483.45,482.31158,21.85,0.7445,REJECTED_DES_RULE,False,False,True,False,False,False,False,True,,
2-hydroxyethyl(trimethyl)azanium;chloride,tetradecan-1-ol,0.796,0.204,483.52,482.48596,18.59,0.9316,REJECTED_DES_RULE,False,False,True,False,False,False,False,True,,
tetraethylazanium;chloride,hexadecanoic acid,0.907,0.093,483.65,483.5732,19.27,0.8928,REJECTED_DES_RULE,False,False,True,False,False,False,False,True,,
2-hydroxyethyl(trimethyl)azanium;chloride,dodecanoic acid,0.792,0.208,483.78,483.96927,18.45,0.9399,REJECTED_DES_RULE,False,False,True,False,False,False,False,True,,
2-hydroxyethyl(trimethyl)azanium;chloride,octadecanoic acid,0.746,0.254,483.82,483.44812,18.79,0.92,REJECTED_DES_RULE,False,False,True,False,False,False,False,True,,
2-hydroxyethyl(trimethyl)azanium;chloride,"(2R,3R,4R,5S)-hexane-1,2,3,4,5,6-hexol",0.798,0.202,486.864,486.17545,18.18,0.9551,REJECTED_DES_RULE,False,False,True,False,False,False,False,True,,
2-hydroxyethyl(trimethyl)azanium;chloride,"(3R,4S,5R)-oxane-2,3,4,5-tetrol",0.799,0.201,487.45,487.7432,18.56,0.9332,REJECTED_DES_RULE,False,False,True,False,False,False,False,True,,
2-hydroxyethyl(trimethyl)azanium;chloride,hexadecan-1-ol,0.86,0.14,488.25,486.72565,18.95,0.911,REJECTED_DES_RULE,False,False,True,False,False,False,False,True,,
tetraethylazanium;chloride,tetradecanoic acid,0.9,0.1,488.45,489.6633,19.28,0.8918,REJECTED_DES_RULE,False,False,True,False,False,False,False,True,,
tetrapropylazanium;bromide,boric acid,0.8021,0.1979,491.28,491.39795,18.9,0.9139,REJECTED_DES_RULE,False,False,True,False,False,False,False,True,,
2-hydroxyethyl(trimethyl)azanium;chloride,"(3R,4S,5S)-oxane-2,3,4,5-tetrol",0.801,0.199,492.65,492.71225,18.39,0.9432,REJECTED_DES_RULE,False,False,True,False,False,False,False,True,,
2-hydroxyethyl(trimethyl)azanium;chloride,"(2S,4R)-pentane-1,2,3,4,5-pentol",0.8,0.2,492.92,492.1076,18.09,0.9606,REJECTED_DES_RULE,False,False,True,False,False,False,False,True,,
tetraethylazanium;chloride,dodecanoic acid,0.893,0.107,493.45,493.24835,19.46,0.8816,REJECTED_DES_RULE,False,False,True,False,False,False,False,True,,
tetraethylazanium;chloride,octadecanoic acid,0.911,0.089,493.55,493.5455,19.59,0.8743,REJECTED_DES_RULE,False,False,True,False,False,False,False,True,,
2-hydroxyethyl(trimethyl)azanium;chloride,octadecanoic acid,0.787,0.213,493.68,495.20688,18.89,0.9142,REJECTED_DES_RULE,False,False,True,False,False,False,False,True,,
2-hydroxyethyl(trimethyl)azanium;chloride,"(2R,3R,4R,5S)-hexane-1,2,3,4,5,6-hexol",0.813,0.187,494.28,494.36053,18.72,0.9241,REJECTED_DES_RULE,False,False,True,False,False,False,False,True,,
2-hydroxyethyl(trimethyl)azanium;chloride,"(2S,3R)-butane-1,2,3,4-tetrol",0.798,0.202,494.619,495.54602,19.86,0.8583,REJECTED_DES_RULE,False,False,True,False,False,False,False,True,,
2-hydroxyethyl(trimethyl)azanium;chloride,tetradecan-1-ol,0.835,0.165,494.78,495.72134,19.29,0.8911,REJECTED_DES_RULE,False,False,True,False,False,False,False,True,,
tetraethylazanium;chloride,decanoic acid,0.902,0.098,495.25,495.0681,19.79,0.8624,REJECTED_DES_RULE,False,False,True,False,False,False,False,True,,
2-hydroxyethyl(trimethyl)azanium;chloride,"ethane-1,2-diol",0.849,0.151,495.374,495.39432,21.51,0.7641,REJECTED_DES_RULE,False,False,True,False,False,False,False,True,,
2-hydroxyethyl(trimethyl)azanium;chloride,2-acetyloxybenzoic acid,0.696,0.304,495.55,495.69687,19.02,0.9067,REJECTED_DES_RULE,False,False,True,False,False,False,False,True,,
2-hydroxyethyl(trimethyl)azanium;chloride,2-[4-(2-methylpropyl)phenyl]propanoic acid,0.797,0.203,495.92,495.77274,18.84,0.9172,REJECTED_DES_RULE,False,False,True,False,False,False,False,True,,
2-hydroxyethyl(trimethyl)azanium;chloride,"(3S,4S,5S,6R)-6-(hydroxymethyl)oxane-2,3,4,5-tetrol",0.798,0.202,496.65,496.93362,18.86,0.9159,REJECTED_DES_RULE,False,False,True,False,False,False,False,True,,
tetramethylazanium;chloride,decanoic acid,0.692,0.308,497.45,497.44455,19.47,0.881,REJECTED_DES_RULE,False,False,True,False,False,False,False,True,,
2-hydroxyethyl(trimethyl)azanium;chloride,"propane-1,2,3-triol",0.852,0.148,498.378,497.10352,19.68,0.8688,REJECTED_DES_RULE,False,False,True,False,False,False,False,True,,
2-hydroxyethyl(trimethyl)azanium;chloride,decanoic acid,0.85,0.15,499.8,500.1094,19.4,0.8851,REJECTED_DES_RULE,False,False,True,False,False,False,False,True,,
2-hydroxyethyl(trimethyl)azanium;chloride,2-(3-benzoylphenyl)propanoic acid,0.789,0.211,500.92,501.21783,18.47,0.9384,REJECTED_DES_RULE,False,False,True,False,False,False,False,True,,
2-hydroxyethyl(trimethyl)azanium;chloride,2-hydroxypropanoic acid,0.847,0.153,501.55,501.7992,19.82,0.8608,REJECTED_DES_RULE,False,False,True,False,False,False,False,True,,
2-hydroxyethyl(trimethyl)azanium;chloride,hexadecanoic acid,0.803,0.197,502.18,501.22675,18.56,0.9335,REJECTED_DES_RULE,False,False,True,False,False,False,False,True,,
tetramethylazanium;chloride,tetradecanoic acid,0.696,0.304,503.85,504.16602,18.58,0.9323,REJECTED_DES_RULE,False,False,True,False,False,False,False,True,,
2-hydroxyethyl(trimethyl)azanium;chloride,tetradecanoic acid,0.844,0.156,504.25,504.7793,18.57,0.9329,REJECTED_DES_RULE,False,False,True,False,False,False,False,True,,
2-hydroxyethyl(trimethyl)azanium;chloride,pentanedioic acid,0.85,0.15,504.28,504.52353,20.34,0.8309,REJECTED_DES_RULE,False,False,True,False,False,False,False,True,,
2-hydroxyethyl(trimethyl)azanium;chloride,2-hydroxyacetic acid,0.848,0.152,504.58,504.7725,19.61,0.873,REJECTED_DES_RULE,False,False,True,False,False,False,False,True,,
2-hydroxyethyl(trimethyl)azanium;chloride,2-hydroxybutanedioic acid,0.849,0.151,505.68,505.8914,21.08,0.7886,REJECTED_DES_RULE,False,False,True,False,False,False,False,True,,
2-hydroxyethyl(trimethyl)azanium;chloride,dodecanoic acid,0.84,0.16,505.7,503.8677,18.99,0.9088,REJECTED_DES_RULE,False,False,True,False,False,False,False,True,,
2-hydroxyethyl(trimethyl)azanium;chloride,2-hydroxybenzoic acid,0.794,0.206,505.7,502.6131,18.53,0.9351,REJECTED_DES_RULE,False,False,True,False,False,False,False,True,,
tetramethylazanium;chloride,tetradecan-1-ol,0.8,0.2,506.6,504.94568,19.03,0.9061,REJECTED_DES_RULE,False,False,True,False,False,False,False,True,,
2-hydroxyethyl(trimethyl)azanium;chloride,octadecan-1-ol,0.888,0.112,508.55,507.4684,18.53,0.9352,REJECTED_DES_RULE,False,False,True,False,False,False,False,True,,
2-hydroxyethyl(trimethyl)azanium;chloride,octadecan-1-ol,0.901,0.099,510.18,511.27026,18.38,0.9435,REJECTED_DES_RULE,False,False,True,False,False,False,False,True,,
2-hydroxyethyl(trimethyl)azanium;chloride,"2-hydroxypropane-1,2,3-tricarboxylic acid",0.899,0.101,512.35,511.85336,18.36,0.9446,REJECTED_DES_RULE,False,False,True,False,False,False,False,True,,
tetramethylazanium;chloride,octadecanoic acid,0.799,0.201,513.15,513.104,19.63,0.8721,REJECTED_DES_RULE,False,False,True,False,False,False,False,True,,
2-hydroxyethyl(trimethyl)azanium;chloride,hexadecan-1-ol,0.898,0.102,513.25,513.5469,18.22,0.9526,REJECTED_DES_RULE,False,False,True,False,False,False,False,True,,
2-hydroxyethyl(trimethyl)azanium;chloride,dodecanoic acid,0.877,0.123,513.35,515.40375,19.07,0.9037,REJECTED_DES_RULE,False,False,True,False,False,False,False,True,,
2-hydroxyethyl(trimethyl)azanium;chloride,"2,3-dihydroxybutanedioic acid",0.9,0.1,514.45,515.5215,20.99,0.7936,REJECTED_DES_RULE,False,False,True,False,False,False,False,True,,
2-hydroxyethyl(trimethyl)azanium;chloride,"(1R,4R)-1,7,7-trimethylbicyclo[2.2.1]heptan-2-one",0.898,0.102,516.9,519.01025,19.61,0.873,REJECTED_DES_RULE,False,False,True,False,False,False,False,True,,
2-hydroxyethyl(trimethyl)azanium;chloride,hexadecanoic acid,0.85,0.15,517.95,517.4771,18.45,0.9396,REJECTED_DES_RULE,False,False,True,False,False,False,False,True,,
2-hydroxyethyl(trimethyl)azanium;chloride,5-methyl-2-propan-2-ylphenol,0.9,0.1,518.0,520.2749,18.25,0.9514,REJECTED_DES_RULE,False,False,True,False,False,False,False,True,,
tetramethylazanium;chloride,dodecanoic acid,0.798,0.202,518.85,519.59094,18.8,0.9193,REJECTED_DES_RULE,False,False,True,False,False,False,False,True,,
2-hydroxyethyl(trimethyl)azanium;chloride,tetradecan-1-ol,0.893,0.107,520.08,519.2392,18.71,0.9247,REJECTED_DES_RULE,False,False,True,False,False,False,False,True,,
2-hydroxyethyl(trimethyl)azanium;chloride,decanoic acid,0.896,0.104,520.95,521.7052,19.22,0.8955,REJECTED_DES_RULE,False,False,True,False,False,False,False,True,,
2-hydroxyethyl(trimethyl)azanium;chloride,"propane-1,2,3-triol",0.906,0.094,522.703,522.6672,19.74,0.8656,REJECTED_DES_RULE,False,False,True,False,False,False,False,True,,
2-hydroxyethyl(trimethyl)azanium;chloride,octadecanoic acid,0.844,0.156,523.92,523.4914,18.81,0.9187,REJECTED_DES_RULE,False,False,True,False,False,False,False,True,,
tetramethylazanium;chloride,hexadecanoic acid,0.806,0.194,525.25,525.6842,19.21,0.8959,REJECTED_DES_RULE,False,False,True,False,False,False,False,True,,
2-hydroxyethyl(trimethyl)azanium;chloride,2-acetyloxybenzoic acid,0.8,0.2,527.48,525.1015,18.98,0.9091,REJECTED_DES_RULE,False,False,True,False,False,False,False,True,,
2-hydroxyethyl(trimethyl)azanium;chloride,"(1R,2S,5R)-5-methyl-2-propan-2-ylcyclohexan-1-ol",0.9,0.1,529.3,527.4991,18.66,0.9275,REJECTED_DES_RULE,False,False,True,False,False,False,False,True,,
2-hydroxyethyl(trimethyl)azanium;chloride,"(2R,3R,4R,5S)-hexane-1,2,3,4,5,6-hexol",0.896,0.104,531.356,531.4184,19.04,0.9057,REJECTED_DES_RULE,False,False,True,False,False,False,False,True,,
2-hydroxyethyl(trimethyl)azanium;chloride,2-hydroxyacetic acid,0.899,0.101,532.58,532.5769,18.85,0.9166,REJECTED_DES_RULE,False,False,True,False,False,False,False,True,,
2-hydroxyethyl(trimethyl)azanium;chloride,"ethane-1,2-diol",0.901,0.099,533.04,533.36816,21.55,0.7616,REJECTED_DES_RULE,False,False,True,False,False,False,False,True,,
2-hydroxyethyl(trimethyl)azanium;chloride,hexadecan-1-ol,0.944,0.056,536.25,536.5811,18.92,0.9127,REJECTED_DES_RULE,False,False,True,False,False,False,False,True,,
2-hydroxyethyl(trimethyl)azanium;chloride,tetradecanoic acid,0.9,0.1,536.7,535.0854,18.18,0.9549,REJECTED_DES_RULE,False,False,True,False,False,False,False,True,,
2-hydroxyethyl(trimethyl)azanium;chloride,2-hydroxypropanoic acid,0.896,0.104,537.15,537.11884,19.81,0.8616,REJECTED_DES_RULE,False,False,True,False,False,False,False,True,,
tetramethylazanium;chloride,tetradecanoic acid,0.801,0.199,537.55,537.2481,18.8,0.9195,REJECTED_DES_RULE,False,False,True,False,False,False,False,True,,
2-hydroxyethyl(trimethyl)azanium;chloride,N-(4-hydroxyphenyl)acetamide,0.893,0.107,537.55,535.79144,19.2,0.8963,REJECTED_DES_RULE,False,False,True,False,False,False,False,True,,
2-hydroxyethyl(trimethyl)azanium;chloride,2-hydroxybutanedioic acid,0.9,0.1,538.38,538.4331,18.96,0.9102,REJECTED_DES_RULE,False,False,True,False,False,False,False,True,,
2-hydroxyethyl(trimethyl)azanium;chloride,hexadecanoic acid,0.895,0.105,539.52,540.5807,18.44,0.9405,REJECTED_DES_RULE,False,False,True,False,False,False,False,True,,
2-hydroxyethyl(trimethyl)azanium;chloride,pentanedioic acid,0.898,0.102,539.75,538.2594,19.52,0.8784,REJECTED_DES_RULE,False,False,True,False,False,False,False,True,,
2-hydroxyethyl(trimethyl)azanium;chloride,"(3R,4S,5S)-oxane-2,3,4,5-tetrol",0.9,0.1,539.75,540.1381,18.36,0.9448,REJECTED_DES_RULE,False,False,True,False,False,False,False,True,,
2-hydroxyethyl(trimethyl)azanium;chloride,"(3R,4S,5R)-oxane-2,3,4,5-tetrol",0.896,0.104,540.15,539.9837,18.57,0.9328,REJECTED_DES_RULE,False,False,True,False,False,False,False,True,,
2-hydroxyethyl(trimethyl)azanium;chloride,octadecan-1-ol,0.939,0.061,541.55,541.5182,19.34,0.8883,REJECTED_DES_RULE,False,False,True,False,False,False,False,True,,
2-hydroxyethyl(trimethyl)azanium;chloride,2-(3-benzoylphenyl)propanoic acid,0.881,0.119,541.85,541.8468,19.33,0.889,REJECTED_DES_RULE,False,False,True,False,False,False,False,True,,
2-hydroxyethyl(trimethyl)azanium;chloride,"(2R,3R,4S,5S,6R)-2-[(2S,3S,4S,5R)-3,4-dihydroxy-2,5-bis(hydroxymethyl)oxolan-2-yl]oxy-6-(hydroxymethyl)oxane-3,4,5-triol",0.9,0.1,541.95,540.9044,20.36,0.8298,REJECTED_DES_RULE,False,False,True,False,False,False,False,True,,
2-hydroxyethyl(trimethyl)azanium;chloride,octadecanoic acid,0.896,0.104,543.68,544.3057,18.63,0.9295,REJECTED_DES_RULE,False,False,True,False,False,False,False,True,,
2-hydroxyethyl(trimethyl)azanium;chloride,decanoic acid,0.938,0.062,543.95,543.7218,19.95,0.8535,REJECTED_DES_RULE,False,False,True,False,False,False,False,True,,
tetramethylazanium;chloride,decanoic acid,0.811,0.189,544.65,544.92004,19.59,0.8744,REJECTED_DES_RULE,False,False,True,False,False,False,False,True,,
2-hydroxyethyl(trimethyl)azanium;chloride,"(2S,3R)-butane-1,2,3,4-tetrol",0.904,0.096,544.843,545.192,19.91,0.8557,REJECTED_DES_RULE,False,False,True,False,False,False,False,True,,
tetramethylazanium;chloride,tetradecan-1-ol,0.9,0.1,547.5,549.8195,18.97,0.91,REJECTED_DES_RULE,False,False,True,False,False,False,False,True,,
2-hydroxyethyl(trimethyl)azanium;chloride,2-[4-(2-methylpropyl)phenyl]propanoic acid,0.895,0.105,547.62,546.5058,18.82,0.9182,REJECTED_DES_RULE,False,False,True,False,False,False,False,True,,
2-hydroxyethyl(trimethyl)azanium;chloride,"(3S,4S,5S,6R)-6-(hydroxymethyl)oxane-2,3,4,5-tetrol",0.9,0.1,547.75,547.3387,18.9,0.914,REJECTED_DES_RULE,False,False,True,False,False,False,False,True,,
2-hydroxyethyl(trimethyl)azanium;chloride,dodecanoic acid,0.953,0.047,548.53,548.6292,19.3,0.8906,REJECTED_DES_RULE,False,False,True,False,False,False,False,True,,
2-hydroxyethyl(trimethyl)azanium;chloride,"propane-1,2,3-triol",0.956,0.044,549.054,549.47766,20.07,0.8467,REJECTED_DES_RULE,False,False,True,False,False,False,False,True,,
2-hydroxyethyl(trimethyl)azanium;chloride,2-hydroxybenzoic acid,0.896,0.104,550.7,551.1284,18.46,0.9393,REJECTED_DES_RULE,False,False,True,False,False,False,False,True,,
2-hydroxyethyl(trimethyl)azanium;chloride,2-acetyloxybenzoic acid,0.893,0.107,555.58,557.4274,19.04,0.9057,REJECTED_DES_RULE,False,False,True,False,False,False,False,True,,
tetramethylazanium;chloride,hexadecan-1-ol,0.9,0.1,557.5,555.24664,18.75,0.9226,REJECTED_DES_RULE,False,False,True,False,False,False,False,True,,
2-hydroxyethyl(trimethyl)azanium;chloride,"2-hydroxypropane-1,2,3-tricarboxylic acid",0.948,0.052,557.85,557.81067,21.08,0.7885,REJECTED_DES_RULE,False,False,True,False,False,False,False,True,,
2-hydroxyethyl(trimethyl)azanium;chloride,"2,3-dihydroxybutanedioic acid",0.947,0.053,557.95,557.2352,22.5,0.7068,REJECTED_DES_RULE,False,False,True,False,False,False,False,True,,
2-hydroxyethyl(trimethyl)azanium;chloride,tetradecanoic acid,0.946,0.054,562.6,561.9649,19.0,0.9081,REJECTED_DES_RULE,False,False,True,False,False,False,False,True,,
2-hydroxyethyl(trimethyl)azanium;chloride,2-hydroxyacetic acid,0.946,0.054,563.15,563.6822,20.65,0.8132,REJECTED_DES_RULE,False,False,True,False,False,False,False,True,,
2-hydroxyethyl(trimethyl)azanium;chloride,2-hydroxypropanoic acid,0.95,0.05,565.55,565.2523,19.93,0.8544,REJECTED_DES_RULE,False,False,True,False,False,False,False,True,,
2-hydroxyethyl(trimethyl)azanium;chloride,"ethane-1,2-diol",0.949,0.051,568.722,568.53174,22.01,0.7351,REJECTED_DES_RULE,False,False,True,False,False,False,False,True,,
2-hydroxyethyl(trimethyl)azanium;chloride,2-hydroxybutanedioic acid,0.95,0.05,570.35,569.4687,21.09,0.7877,REJECTED_DES_RULE,False,False,True,False,False,False,False,True,,
2-hydroxyethyl(trimethyl)azanium;chloride,pentanedioic acid,0.949,0.051,571.62,572.45245,21.31,0.7753,REJECTED_DES_RULE,False,False,True,False,False,False,False,True,,
tetramethylazanium;chloride,hexadecanoic acid,0.897,0.103,573.25,573.3407,19.11,0.9017,REJECTED_DES_RULE,False,False,True,False,False,False,False,True,,
tetramethylazanium;chloride,decanoic acid,0.9,0.1,573.35,573.0854,19.44,0.8829,REJECTED_DES_RULE,False,False,True,False,False,False,False,True,,
tetramethylazanium;chloride,dodecanoic acid,0.9,0.1,573.45,573.4073,18.74,0.9227,REJECTED_DES_RULE,False,False,True,False,False,False,False,True,,
tetramethylazanium;chloride,tetradecanoic acid,0.903,0.097,573.65,573.9294,18.82,0.9184,REJECTED_DES_RULE,False,False,True,False,False,False,False,True,,
tetramethylazanium;chloride,octadecanoic acid,0.899,0.101,574.55,574.4254,19.52,0.8783,REJECTED_DES_RULE,False,False,True,False,False,False,False,True,,
"(E)-1-N'-[2-[[5-[(dimethylamino)methyl]furan-2-yl]methylsulfanyl]ethyl]-1-N-methyl-2-nitroethene-1,1-diamine","propane-1,2,3-triol",0.33,0.67,186.15,186.65395,20.79,0.8054,OUTSIDE_TARGET_RANGE,True,False,False,False,False,False,False,True,,
"2-(diethylamino)-N-(2,6-dimethylphenyl)acetamide","(9Z,12Z)-octadeca-9,12-dienoic acid",0.5,0.5,202.15,202.76347,20.74,0.8081,OUTSIDE_TARGET_RANGE,True,False,False,False,False,False,False,True,,
1-(diaminomethylidene)-2-(2-phenylethyl)guanidine,"propane-1,2,3-triol",0.333333,0.666667,204.15,205.00433,21.29,0.7765,OUTSIDE_TARGET_RANGE,True,False,False,False,False,False,False,True,,
5-methyl-2-propan-2-ylphenol,"2-methylpentane-2,4-diol",0.6667,0.3333,206.48,207.03183,28.89,0.3398,OUTSIDE_TARGET_RANGE,True,False,False,False,False,False,True,True,,
"2-(diethylamino)-N-(2,6-dimethylphenyl)acetamide",decanoic acid,0.5,0.5,212.15,215.2996,19.87,0.8581,OUTSIDE_TARGET_RANGE,True,False,False,False,False,False,False,True,,
"2-(diethylamino)-N-(2,6-dimethylphenyl)acetamide",hexanoic acid,0.5,0.5,217.15,216.95868,20.37,0.8294,OUTSIDE_TARGET_RANGE,True,False,False,False,False,False,False,True,,
"2-(diethylamino)-N-(2,6-dimethylphenyl)acetamide",(Z)-octadec-9-enoic acid,0.5,0.5,226.15,225.80534,20.1,0.845,OUTSIDE_TARGET_RANGE,True,False,False,False,False,False,False,True,,
Adiphenine,Urea,0.33,0.67,228.15,229.54526,26.21,0.4936,OUTSIDE_TARGET_RANGE,True,False,False,False,False,False,True,True,,
"1,7,7-trimethylbicyclo[2.2.1]heptan-2-one",5-methyl-2-propan-2-ylphenol,0.5,0.5,229.15,229.33287,22.4,0.7128,OUTSIDE_TARGET_RANGE,True,False,False,False,False,False,False,True,,
"1,7,7-trimethylbicyclo[2.2.1]heptan-2-one",5-methyl-2-propan-2-ylphenol,0.508,0.492,229.616,229.29532,22.42,0.7113,OUTSIDE_TARGET_RANGE,True,False,False,False,False,False,False,True,,
2-(trimethylazaniumyl)acetate,"1,1,1,3,3,3-hexafluoropropan-2-ol",0.3333,0.6667,233.75,234.06165,24.96,0.5656,OUTSIDE_TARGET_RANGE,True,False,False,False,False,False,False,True,,
"(E)-1-N'-[2-[[5-[(dimethylamino)methyl]furan-2-yl]methylsulfanyl]ethyl]-1-N-methyl-2-nitroethene-1,1-diamine",2-acetyloxybenzoic acid,0.67,0.33,236.15,237.20139,23.48,0.6508,OUTSIDE_TARGET_RANGE,True,False,False,False,False,False,False,True,,
"1,7,7-trimethylbicyclo[2.2.1]heptan-2-one",5-methyl-2-propan-2-ylphenol,0.4,0.6,236.15,236.694,22.85,0.6868,OUTSIDE_TARGET_RANGE,True,False,False,False,False,False,False,True,,
(3R)-3-hydroxy-4-(trimethylazaniumyl)butanoate,"1,1,1,3,3,3-hexafluoropropan-2-ol",0.2857,0.7143,236.65,237.82559,21.63,0.7568,OUTSIDE_TARGET_RANGE,True,False,False,False,False,False,False,True,,
2-(trimethylazaniumyl)acetate,2-hydroxyacetic acid,0.333,0.667,237.15,237.0913,20.21,0.8387,OUTSIDE_TARGET_RANGE,True,False,False,False,False,False,False,True,,
"1,7,7-trimethylbicyclo[2.2.1]heptan-2-one",5-methyl-2-propan-2-ylphenol,0.399,0.601,238.236,237.37006,22.89,0.6847,OUTSIDE_TARGET_RANGE,True,False,False,False,False,False,False,True,,
2-(trimethylazaniumyl)acetate,"1,1,1,3,3,3-hexafluoropropan-2-ol",0.25,0.75,238.45,239.27547,24.24,0.607,OUTSIDE_TARGET_RANGE,True,False,False,False,False,False,False,True,,
2-(trimethylazaniumyl)acetate,"1,1,1,3,3,3-hexafluoropropan-2-ol",0.2857,0.7143,239.85,238.69505,23.68,0.6389,OUTSIDE_TARGET_RANGE,True,False,False,False,False,False,False,True,,
trioctylphosphine oxide,phenol,0.3333,0.6667,240.15,240.93274,18.87,0.9155,OUTSIDE_TARGET_RANGE,True,False,False,False,False,False,False,True,,
"1,7,7-trimethylbicyclo[2.2.1]heptan-2-one",5-methyl-2-propan-2-ylphenol,0.3,0.7,240.15,240.20969,24.13,0.613,OUTSIDE_TARGET_RANGE,True,False,False,False,False,False,False,True,,
"(E)-1-N'-[2-[[5-[(dimethylamino)methyl]furan-2-yl]methylsulfanyl]ethyl]-1-N-methyl-2-nitroethene-1,1-diamine",urea,0.67,0.33,242.15,240.76917,23.14,0.6699,OUTSIDE_TARGET_RANGE,True,False,False,False,False,False,False,True,,
5-methyl-2-propan-2-ylphenol,"(1R,2S,5R)-5-methyl-2-propan-2-ylcyclohexan-1-ol",0.4008,0.5992,242.55,243.90202,17.8,0.9769,OUTSIDE_TARGET_RANGE,True,False,False,False,False,False,False,True,,
2-methyl-5-propan-2-ylphenol,"(1R,2S,5R)-5-methyl-2-propan-2-ylcyclohexan-1-ol",0.58,0.42,243.3,243.59695,23.09,0.6727,OUTSIDE_TARGET_RANGE,True,False,False,False,False,False,False,True,,
2-methyl-5-propan-2-ylphenol,"(1R,2S,5R)-5-methyl-2-propan-2-ylcyclohexan-1-ol",0.6943,0.3057,243.55,243.13268,20.92,0.7978,OUTSIDE_TARGET_RANGE,True,False,False,False,False,False,False,True,,
2-methyl-5-propan-2-ylphenol,"(1R,2S,5R)-5-methyl-2-propan-2-ylcyclohexan-1-ol",0.5038,0.4962,244.05,243.93163,19.99,0.8512,OUTSIDE_TARGET_RANGE,True,False,False,False,False,False,False,True,,
2-methyl-5-propan-2-ylphenol,"(1R,2S,5R)-5-methyl-2-propan-2-ylcyclohexan-1-ol",0.6019,0.3981,244.25,244.39267,20.65,0.8133,OUTSIDE_TARGET_RANGE,True,False,False,False,False,False,False,True,,
"1,7,7-trimethylbicyclo[2.2.1]heptan-2-one",5-methyl-2-propan-2-ylphenol,0.679,0.321,244.702,245.10107,23.92,0.6255,OUTSIDE_TARGET_RANGE,True,False,False,False,False,False,False,True,,
"2-(diethylamino)-N-(2,6-dimethylphenyl)acetamide",2-[4-(2-methylpropyl)phenyl]propanoic acid,0.5,0.5,246.15,247.17369,22.42,0.7117,OUTSIDE_TARGET_RANGE,True,False,False,False,False,False,False,True,,
2-(trimethylazaniumyl)acetate,2-hydroxyacetic acid,0.3,0.7,246.38,247.63577,19.52,0.8782,OUTSIDE_TARGET_RANGE,True,False,False,False,False,False,False,True,,
5-methyl-2-propan-2-ylphenol,"(1R,2S,5R)-5-methyl-2-propan-2-ylcyclohexan-1-ol",0.5,0.5,247.95,252.51198,17.77,0.9788,OUTSIDE_TARGET_RANGE,True,False,False,False,False,False,False,True,,
2-(trimethylazaniumyl)acetate,2-hydroxyacetic acid,0.4,0.6,248.31,249.1878,19.96,0.8527,OUTSIDE_TARGET_RANGE,True,False,False,False,False,False,False,True,,
Adiphenine,Acetylsalicylic Acid,0.33,0.67,250.15,249.46098,26.35,0.4856,OUTSIDE_TARGET_RANGE,True,False,False,False,False,False,True,True,,
"1,7,7-trimethylbicyclo[2.2.1]heptan-2-one",5-methyl-2-propan-2-ylphenol,0.756,0.244,251.167,251.10992,23.69,0.6385,OUTSIDE_TARGET_RANGE,True,False,False,False,False,False,False,True,,
(3R)-3-hydroxy-4-(trimethylazaniumyl)butanoate,"1,1,1,3,3,3-hexafluoropropan-2-ol",0.3333,0.6667,254.45,253.7225,21.91,0.7406,OUTSIDE_TARGET_RANGE,True,False,False,False,False,False,False,True,,
"(1R,2S,5R)-5-methyl-2-propan-2-ylcyclohexan-1-ol",decan-1-ol,0.6667,0.3333,255.23,255.42348,23.13,0.6707,OUTSIDE_TARGET_RANGE,True,False,False,False,False,False,False,True,,
(3R)-3-hydroxy-4-(trimethylazaniumyl)butanoate,"1,1,1,3,3,3-hexafluoropropan-2-ol",0.25,0.75,255.95,255.04778,23.25,0.6635,OUTSIDE_TARGET_RANGE,True,False,False,False,False,False,False,True,,
5-methyl-2-propan-2-ylphenol,decan-1-ol,0.6667,0.3333,257.91,257.38605,23.15,0.6697,OUTSIDE_TARGET_RANGE,True,False,False,False,False,False,False,True,,
2-(trimethylazaniumyl)acetate,2-hydroxyacetic acid,0.5,0.5,257.99,258.98685,19.96,0.8527,OUTSIDE_TARGET_RANGE,True,False,False,False,False,False,False,True,,
2-(trimethylazaniumyl)acetate,5-methyl-2-propan-2-ylphenol,0.25,0.75,258.15,257.9969,27.51,0.4187,OUTSIDE_TARGET_RANGE,True,False,False,False,False,False,True,True,,
"1,7,7-trimethylbicyclo[2.2.1]heptan-2-one",5-methyl-2-propan-2-ylphenol,0.826,0.174,259.788,259.8421,23.68,0.6389,OUTSIDE_TARGET_RANGE,True,False,False,False,False,False,False,True,,
"1,3,3-trimethyl-2-oxabicyclo[2.2.2]octane",2-[4-(2-methylpropyl)phenyl]propanoic acid,0.6,0.4,260.15,259.5365,23.88,0.6278,OUTSIDE_TARGET_RANGE,True,False,False,False,False,False,False,True,,
"(1r,2s,5r)-5-methyl-2-propan-2-ylcyclohexan-1-ol",3-cyclohexylpropanoic acid,0.5,0.5,262.1,261.76904,18.84,0.9171,OUTSIDE_TARGET_RANGE,True,False,False,False,False,False,False,True,,
trioctylphosphine oxide,phenol,0.5,0.5,262.15,263.68866,17.78,0.9781,OUTSIDE_TARGET_RANGE,True,False,False,False,False,False,False,True,,
2-methyl-5-propan-2-ylphenol,"(1R,2S,5R)-5-methyl-2-propan-2-ylcyclohexan-1-ol",0.7996,0.2004,263.05,262.72055,20.06,0.847,OUTSIDE_TARGET_RANGE,True,False,False,False,False,False,False,True,,
5-methyl-2-propan-2-ylphenol,"(1R,2S,5R)-5-methyl-2-propan-2-ylcyclohexan-1-ol",0.352,0.648,263.9,262.96832,18.37,0.944,OUTSIDE_TARGET_RANGE,True,False,False,False,False,False,False,True,,
"(1R,2S,5R)-5-methyl-2-propan-2-ylcyclohexan-1-ol",cyclohexanecarboxylic acid,0.5,0.5,264.22,265.18988,18.62,0.93,OUTSIDE_TARGET_RANGE,True,False,False,False,False,False,False,True,,
cyclohexanecarboxylic acid,menthol,0.5,0.5,265.0,264.72736,19.5,0.8794,OUTSIDE_TARGET_RANGE,True,False,False,False,False,False,False,True,,
"(1R,2S,5R)-5-methyl-2-propan-2-ylcyclohexan-1-ol",acetic acid,0.5,0.5,265.34,265.60406,18.86,0.916,OUTSIDE_TARGET_RANGE,True,False,False,False,False,False,False,True,,
5-methyl-2-propan-2-ylphenol,"(1R,2S,5R)-5-methyl-2-propan-2-ylcyclohexan-1-ol",0.537,0.463,265.4,264.16064,18.86,0.9161,OUTSIDE_TARGET_RANGE,True,False,False,False,False,False,False,True,,
2-methyl-5-propan-2-ylphenol,"(1R,2S,5R)-5-methyl-2-propan-2-ylcyclohexan-1-ol",0.4013,0.5987,266.25,265.42554,20.64,0.8136,OUTSIDE_TARGET_RANGE,True,False,False,False,False,False,False,True,,
"(1R,2S,5R)-5-methyl-2-propan-2-ylcyclohexan-1-ol",octanoic acid,0.5,0.5,266.75,267.93372,18.44,0.9402,OUTSIDE_TARGET_RANGE,True,False,False,False,False,False,False,True,,
"(1R,2S,5R)-5-methyl-2-propan-2-ylcyclohexan-1-ol",3-cyclohexylpropanoic acid,0.4,0.6,267.91,268.35422,18.43,0.9406,OUTSIDE_TARGET_RANGE,True,False,False,False,False,False,False,True,,
5-methyl-2-propan-2-ylcyclohexan-1-ol,octanoic acid,0.5,0.5,269.73,269.92212,19.15,0.8995,OUTSIDE_TARGET_RANGE,True,False,False,False,False,False,False,True,,
2-methyl-5-propan-2-ylphenol,"(1R,2S,5R)-5-methyl-2-propan-2-ylcyclohexan-1-ol",0.8997,0.1003,270.05,270.37317,20.08,0.8462,OUTSIDE_TARGET_RANGE,True,False,False,False,False,False,False,True,,
5-methyl-2-propan-2-ylphenol,"(1R,2S,5R)-5-methyl-2-propan-2-ylcyclohexan-1-ol",0.3,0.7,272.4,275.18732,17.76,0.9791,PASS_ROOMTEMP,True,False,False,True,False,False,False,True,89.182,
(Z)-octadec-9-enoic acid,5-methyl-2-propan-2-ylcyclohexan-1-ol,0.5,0.5,272.64,273.09808,19.96,0.8528,OUTSIDE_TARGET_RANGE,True,False,False,False,False,False,False,True,,
decanoic acid,(Z)-octadec-9-enoic acid,0.4,0.6,272.78,273.6615,19.01,0.9074,OUTSIDE_TARGET_RANGE,True,False,False,False,False,False,False,True,,
"(1R,2S,5R)-5-methyl-2-propan-2-ylcyclohexan-1-ol",2-cyclohexylacetic acid,0.45,0.55,272.9,272.96396,20.84,0.8023,OUTSIDE_TARGET_RANGE,True,False,False,False,False,False,False,True,,
"(1R,2S,5R)-5-methyl-2-propan-2-ylcyclohexan-1-ol",3-cyclohexylpropanoic acid,0.3,0.7,273.434,273.56195,18.38,0.9437,OUTSIDE_TARGET_RANGE,True,False,False,False,False,False,False,True,,
"(1R,2S,5R)-5-methyl-2-propan-2-ylcyclohexan-1-ol",octanoic acid,0.4,0.6,274.0,272.85385,18.52,0.9355,OUTSIDE_TARGET_RANGE,True,False,False,False,False,False,False,True,,
5-methyl-2-propan-2-ylphenol,octanoic acid,0.41,0.59,274.98,275.0814,18.99,0.9087,PASS_ROOMTEMP,True,False,False,True,False,False,False,True,86.273,
5-methyl-2-propan-2-ylphenol,octanoic acid,0.35,0.65,275.0,275.18665,20.58,0.8174,PASS_ROOMTEMP,True,False,False,True,False,False,False,True,82.714,
5-methyl-2-propan-2-ylphenol,octanoic acid,0.3,0.7,275.45,275.5779,18.84,0.9175,PASS_ROOMTEMP,True,False,False,True,False,False,False,True,87.063,
"(1R,2S,5R)-5-methyl-2-propan-2-ylcyclohexan-1-ol",3-cyclohexylpropanoic acid,0.6,0.4,275.455,275.33493,18.37,0.9442,PASS_ROOMTEMP,True,False,False,True,False,False,False,True,87.916,
"(1R,2S,5R)-5-methyl-2-propan-2-ylcyclohexan-1-ol",cyclohexanecarboxylic acid,0.4,0.6,275.48,275.59097,18.53,0.9353,PASS_ROOMTEMP,True,False,False,True,False,False,False,True,87.786,
"(1R,2S,5R)-5-methyl-2-propan-2-ylcyclohexan-1-ol",octanoic acid,0.6,0.4,276.0,276.4498,18.44,0.9401,PASS_ROOMTEMP,True,False,False,True,False,False,False,True,88.736,
"(1R,2S,5R)-5-methyl-2-propan-2-ylcyclohexan-1-ol",cyclohexanecarboxylic acid,0.6,0.4,277.25,276.19376,18.34,0.946,PASS_ROOMTEMP,True,False,False,True,False,False,False,True,88.746,
decanoic acid,(Z)-octadec-9-enoic acid,0.3,0.7,277.48,277.13986,18.98,0.909,PASS_ROOMTEMP,True,False,False,True,False,False,False,True,88.101,
5-methyl-2-propan-2-ylphenol,cyclohexanecarboxylic acid,0.29,0.71,277.6,277.4948,21.44,0.7678,PASS_ROOMTEMP,True,False,False,True,False,False,False,True,82.766,
"(1R,2S,5R)-5-methyl-2-propan-2-ylcyclohexan-1-ol",decanoic acid,0.5963,0.4037,278.1,278.84848,18.17,0.9556,PASS_ROOMTEMP,True,False,False,True,False,False,False,True,91.473,
5-methyl-2-propan-2-ylphenol,"(1R,2S,5R)-5-methyl-2-propan-2-ylcyclohexan-1-ol",0.602,0.398,278.3,276.63315,17.73,0.9812,PASS_ROOMTEMP,True,False,False,True,False,False,False,True,90.542,
Caprylic Acid,Capric Acid,0.6997,0.3003,278.36,278.52637,20.14,0.8425,PASS_ROOMTEMP,True,False,False,True,False,False,False,True,86.664,
"(1R,2S,5R)-5-methyl-2-propan-2-ylcyclohexan-1-ol",3-cyclohexylpropanoic acid,0.2,0.8,278.687,277.87592,18.38,0.9436,PASS_ROOMTEMP,True,False,False,True,False,False,False,True,90.135,
"(1R,2S,5R)-5-methyl-2-propan-2-ylcyclohexan-1-ol",decanoic acid,0.6,0.4,279.0,281.2952,18.15,0.9568,PASS_ROOMTEMP,True,False,False,True,False,False,False,True,93.68,
"2-(diethylamino)-N-(2,6-dimethylphenyl)acetamide",dodecanoic acid,0.43,0.57,279.15,279.23386,21.33,0.7744,PASS_ROOMTEMP,True,False,False,True,False,False,False,True,84.565,
5-methyl-2-propan-2-ylcyclohexan-1-ol,2-oxopropanoic acid,0.334,0.666,279.15,279.0847,20.88,0.8003,PASS_ROOMTEMP,True,False,False,True,False,False,False,True,85.469,
"(1R,2S,5R)-5-methyl-2-propan-2-ylcyclohexan-1-ol",octanoic acid,0.3026,0.6974,279.55,279.30072,18.47,0.9382,PASS_ROOMTEMP,True,False,False,True,False,False,False,True,91.176,
5-methyl-2-propan-2-ylphenol,octanoic acid,0.2,0.8,280.16,280.2647,18.71,0.9244,PASS_ROOMTEMP,True,False,False,True,False,False,False,True,91.474,
"1,10-phenanthroline",5-methyl-2-propan-2-ylphenol,0.2026,0.7974,280.2893,281.1148,21.08,0.7887,PASS_ROOMTEMP,True,False,False,True,False,False,False,True,86.796,
Caprylic Acid,Capric Acid,0.5994,0.4006,280.63,279.90448,20.13,0.8428,PASS_ROOMTEMP,True,False,False,True,False,False,False,True,87.892,
5-methyl-2-propan-2-ylphenol,undec-10-enoic acid,0.2,0.8,280.65,281.28696,18.69,0.926,PASS_ROOMTEMP,True,False,False,True,False,False,False,True,92.44,
1-methyl-4-prop-1-en-2-ylcyclohexene,decanoic acid,0.666667,0.333333,280.95,280.949,26.9,0.4538,REJECTED_DES_RULE,False,True,False,True,False,False,True,True,53.254,
5-methyl-2-propan-2-ylphenol,"(1R,2S,5R)-5-methyl-2-propan-2-ylcyclohexan-1-ol",0.7,0.3,281.3,283.59854,17.69,0.9833,PASS_ROOMTEMP,True,False,False,True,False,False,False,True,96.772,
decanoic acid,(Z)-octadec-9-enoic acid,0.5,0.5,281.33,280.49295,19.05,0.9053,PASS_ROOMTEMP,True,False,False,True,False,False,False,True,90.912,
Caprylic Acid,Capric Acid,0.7998,0.2002,281.91,282.26764,19.81,0.8614,PASS_ROOMTEMP,True,False,False,True,False,False,False,True,90.722,
"(1R,2S,5R)-5-methyl-2-propan-2-ylcyclohexan-1-ol",cyclohexanecarboxylic acid,0.3,0.7,282.0,282.57382,18.33,0.9466,PASS_ROOMTEMP,True,False,False,True,False,False,False,True,94.4,
dodecanoic acid,nonanoic acid,0.25,0.75,282.0,282.41647,20.64,0.8137,PASS_ROOMTEMP,True,False,False,True,False,False,False,True,88.945,
5-methyl-2-propan-2-ylphenol,undec-10-enoic acid,0.25,0.75,282.15,281.6466,20.16,0.8413,PASS_ROOMTEMP,True,False,False,True,False,False,False,True,89.37,
decanoic acid,(Z)-octadec-9-enoic acid,0.2,0.8,282.82,282.85626,19.09,0.9029,PASS_ROOMTEMP,True,False,False,True,False,False,False,True,92.901,
5-methyl-2-propan-2-ylphenol,undec-10-enoic acid,0.3333,0.6667,283.15,282.17776,19.52,0.8783,PASS_ROOMTEMP,True,False,False,True,False,False,False,True,91.318,
octanoic acid,dodecanoic acid,0.804,0.196,283.275,283.45905,19.42,0.884,PASS_ROOMTEMP,True,False,False,True,False,False,False,True,92.677,
"(1R,2S,5R)-5-methyl-2-propan-2-ylcyclohexan-1-ol",3-cyclohexylpropanoic acid,0.1,0.9,283.535,284.5638,18.37,0.9442,PASS_ROOMTEMP,True,False,False,True,False,False,False,True,96.06,
"1,3-dithiane","1,2,3,5-tetrafluoro-4,6-diiodobenzene",0.37,0.63,283.55,283.75977,21.4,0.7702,PASS_ROOMTEMP,True,False,False,True,False,False,False,True,88.39,
decanoic acid,(Z)-octadec-9-enoic acid,0.6,0.4,283.68,283.63727,18.98,0.9092,PASS_ROOMTEMP,True,False,False,True,False,False,False,True,93.842,
"(1R,2S,5R)-5-methyl-2-propan-2-ylcyclohexan-1-ol",octanoic acid,0.2,0.8,284.0,283.94656,18.44,0.9401,PASS_ROOMTEMP,True,False,False,True,False,False,False,True,95.351,
5-methyl-2-propan-2-ylphenol,octanoic acid,0.5,0.5,284.16,283.97223,18.78,0.9209,PASS_ROOMTEMP,True,False,False,True,False,False,False,True,94.606,
"(1R,2S,5R)-5-methyl-2-propan-2-ylcyclohexan-1-ol",3-phenylpropanoic acid,0.6,0.4,284.21,285.96558,18.31,0.9476,PASS_ROOMTEMP,True,False,False,True,False,False,False,True,97.432,
dodecanoic acid,nonanoic acid,0.333,0.667,285.0,285.10193,19.73,0.866,PASS_ROOMTEMP,True,False,False,True,False,False,False,True,93.406,
5-methyl-2-propan-2-ylphenol,octanoic acid,0.1,0.9,285.13,285.0643,18.83,0.9178,PASS_ROOMTEMP,True,False,False,True,False,False,False,True,95.445,
nonanoic acid,dodecanoic acid,0.86,0.14,285.15,285.2315,20.38,0.8286,PASS_ROOMTEMP,True,False,False,True,False,False,False,True,92.025,
octanoic acid,dodecanoic acid,0.904,0.096,285.275,285.21298,19.75,0.8648,PASS_ROOMTEMP,True,False,False,True,False,False,False,True,93.456,
decanoic acid,(Z)-octadec-9-enoic acid,0.1,0.9,285.39,285.40604,18.98,0.9092,PASS_ROOMTEMP,True,False,False,True,False,False,False,True,95.403,
2-methyl-5-propan-2-ylphenol,"(1R,2S,5R)-5-methyl-2-propan-2-ylcyclohexan-1-ol",0.2979,0.7021,285.58,285.57333,20.28,0.8344,REJECTED_DES_RULE,False,True,False,True,False,False,False,True,72.558,
5-methyl-2-propan-2-ylcyclohexan-1-ol,decanoic acid,0.5,0.5,285.69,285.33755,19.4,0.8853,PASS_ROOMTEMP,True,False,False,True,False,False,False,True,94.386,
Caprylic Acid,Capric Acid,0.8998,0.1002,285.96,285.56494,19.89,0.8571,PASS_ROOMTEMP,True,False,False,True,False,False,False,True,93.459,
trioctylphosphine oxide,"(1R,2S,5R)-5-methyl-2-propan-2-ylcyclohexan-1-ol",0.349,0.651,285.981,286.20392,18.28,0.9497,PASS_ROOMTEMP,True,False,False,True,False,False,False,True,97.727,
"(1R,2S,5R)-5-methyl-2-propan-2-ylcyclohexan-1-ol",octanoic acid,0.1,0.9,286.0,286.04974,18.45,0.9395,PASS_ROOMTEMP,True,False,False,True,False,False,False,True,97.183,
Caprylic Acid,Capric Acid,0.5,0.5,286.84,287.59494,19.82,0.8612,PASS_ROOMTEMP,True,False,False,True,False,False,False,True,93.482,
"1,3-dithiane","1,2,3,4-tetrafluoro-5,6-diiodobenzene",0.496,0.504,286.873,286.98148,18.22,0.9529,PASS_ROOMTEMP,True,False,False,True,False,False,False,True,97.691,
"(1R,2S,5R)-5-methyl-2-propan-2-ylcyclohexan-1-ol",octanoic acid,0.6975,0.3025,286.9,286.53702,18.46,0.939,PASS_ROOMTEMP,True,False,False,True,False,False,False,True,97.527,
"(1R,2S,5R)-5-methyl-2-propan-2-ylcyclohexan-1-ol",decanoic acid,0.5,0.5,287.0,284.9519,18.4,0.9426,PASS_ROOMTEMP,True,False,False,True,False,False,False,True,96.338,
"(1R,2S,5R)-5-methyl-2-propan-2-ylcyclohexan-1-ol",4-phenylbutanoic acid,0.61,0.39,287.2,287.36972,22.56,0.7037,PASS_ROOMTEMP,True,False,False,True,False,False,False,True,87.381,
1-methyl-4-prop-1-en-2-ylcyclohexene,decanoic acid,0.5,0.5,287.45,287.29453,25.97,0.5076,REJECTED_DES_RULE,False,True,False,True,False,False,True,True,59.603,
5-methyl-2-propan-2-ylphenol,decanoic acid,0.49,0.51,287.84,288.3846,18.42,0.9416,PASS_ROOMTEMP,True,False,False,True,False,False,False,True,96.001,
"(1R,2S,5R)-5-methyl-2-propan-2-ylcyclohexan-1-ol",cyclohexanecarboxylic acid,0.7,0.3,287.92,287.74313,18.33,0.9464,PASS_ROOMTEMP,True,False,False,True,False,False,False,True,96.759,
"(1R,2S,5R)-5-methyl-2-propan-2-ylcyclohexan-1-ol",decanoic acid,0.7,0.3,288.0,288.62424,18.12,0.9584,PASS_ROOMTEMP,True,False,False,True,False,False,False,True,96.462,
dodecanoic acid,nonanoic acid,0.435,0.565,288.0,288.16382,19.97,0.8524,REJECTED_DES_RULE,False,False,True,True,False,False,False,True,72.628,
1-naphthalen-1-yloxy-3-(propan-2-ylamino)propan-2-ol,decanoic acid,0.35,0.65,288.15,287.7919,21.98,0.7366,PASS_ROOMTEMP,True,False,False,True,False,False,False,True,88.324,
trioctylphosphine oxide,"(1R,2S,5R)-5-methyl-2-propan-2-ylcyclohexan-1-ol",0.207,0.793,288.232,289.37775,17.99,0.9664,PASS_ROOMTEMP,True,False,False,True,False,False,False,True,96.117,
"(1R,2S,5R)-5-methyl-2-propan-2-ylcyclohexan-1-ol",decanoic acid,0.6977,0.3023,288.4,288.28146,18.14,0.9577,PASS_ROOMTEMP,True,False,False,True,False,False,False,True,96.736,
"(1R,2S,5R)-5-methyl-2-propan-2-ylcyclohexan-1-ol",dodecanoic acid,0.7,0.3,289.0,292.2265,18.19,0.9546,PASS_ROOMTEMP,True,False,False,True,False,False,False,True,93.131,
1-naphthalen-1-yloxy-3-(propan-2-ylamino)propan-2-ol,dodecanoic acid,0.3,0.7,289.15,288.86118,22.73,0.6938,PASS_ROOMTEMP,True,False,False,True,False,False,False,True,85.669,
"(1R,2S,5R)-5-methyl-2-propan-2-ylcyclohexan-1-ol",3-cyclohexylpropanoic acid,0.7,0.3,289.19,288.67374,18.38,0.9437,PASS_ROOMTEMP,True,False,False,True,False,False,False,True,95.83,
5-methyl-2-propan-2-ylphenol,undec-10-enoic acid,0.6,0.4,289.65,289.80676,18.51,0.9364,PASS_ROOMTEMP,True,False,False,True,False,False,False,True,94.538,
5-methyl-2-propan-2-ylphenol,decanoic acid,0.45,0.55,289.87,289.4738,20.24,0.8366,PASS_ROOMTEMP,True,False,False,True,False,False,False,True,90.84,
decanoic acid,(Z)-octadec-9-enoic acid,0.7,0.3,289.87,290.07605,18.98,0.909,REJECTED_DES_RULE,False,False,True,True,False,False,False,True,73.205,
5-methyl-2-propan-2-ylphenol,tetradecan-1-ol,0.499,0.501,289.9,289.3797,18.06,0.9621,PASS_ROOMTEMP,True,False,False,True,False,False,False,True,95.943,
5-methyl-2-propan-2-ylphenol,tetradecan-1-ol,0.599,0.401,290.0,291.38107,18.03,0.9635,PASS_ROOMTEMP,True,False,False,True,False,False,False,True,94.233,
5-methyl-2-propan-2-ylphenol,decanoic acid,0.5,0.5,290.15,289.55536,18.16,0.9564,PASS_ROOMTEMP,True,False,False,True,False,False,False,True,95.56,
octanoic acid,dodecanoic acid,0.568,0.432,290.275,290.1532,20.24,0.8367,REJECTED_DES_RULE,False,True,False,True,False,False,False,True,70.245,
"(1R,2S,5R)-5-methyl-2-propan-2-ylcyclohexan-1-ol",3-phenylpropanoic acid,0.5,0.5,290.35,290.72403,18.39,0.943,PASS_ROOMTEMP,True,False,False,True,False,False,False,True,93.993,
"(1R,2S,5R)-5-methyl-2-propan-2-ylcyclohexan-1-ol",tetradecan-1-ol,0.7,0.3,290.6,289.42612,18.36,0.9451,PASS_ROOMTEMP,True,False,False,True,False,False,False,True,95.222,
Lidocaine,DL-camphor,0.46,0.54,290.6,290.6722,20.91,0.798,PASS_ROOMTEMP,True,False,False,True,False,False,False,True,88.239,
"1,3-dithiane","1,2,3,4-tetrafluoro-5,6-diiodobenzene",0.399,0.601,290.703,292.03244,18.04,0.963,PASS_ROOMTEMP,True,False,False,True,False,False,False,True,93.638,
"(1R,2S,5R)-5-methyl-2-propan-2-ylcyclohexan-1-ol",2-phenylacetic acid,0.65,0.35,290.8,291.01306,23.52,0.6485,PASS_ROOMTEMP,True,False,False,True,False,False,False,True,81.958,
Menthol,Ibuprofen,0.75,0.25,291.138,291.8771,21.15,0.7846,PASS_ROOMTEMP,True,False,False,True,False,False,False,True,86.639,
decanoic acid,dodecanoic acid,0.6667,0.3333,291.15,291.30484,20.05,0.8479,PASS_ROOMTEMP,True,False,False,True,False,False,False,True,89.676,
"2-(diethylamino)-N-(2,6-dimethylphenyl)acetamide",N-(2-methylphenyl)-2-(propylamino)propanamide,0.5,0.5,291.15,288.51468,20.08,0.8458,PASS_ROOMTEMP,True,False,False,True,False,False,False,True,92.054,
Caprylic Acid,Capric Acid,0.4001,0.5999,291.21,291.0432,20.14,0.8425,REJECTED_DES_RULE,False,True,False,True,False,False,False,True,69.691,
"2-(diethylamino)-N-(2,6-dimethylphenyl)acetamide",phenyl 2-hydroxybenzoate,0.43,0.57,291.35,291.3324,19.57,0.8751,PASS_ROOMTEMP,True,False,False,True,False,False,False,True,90.74,
5-methyl-2-propan-2-ylphenol,3-phenylpropanoic acid,0.44,0.56,291.6,291.47406,21.01,0.7928,PASS_ROOMTEMP,True,False,False,True,False,False,False,True,87.323,
"(1R,2S,5R)-5-methyl-2-propan-2-ylcyclohexan-1-ol",3-phenylpropanoic acid,0.7,0.3,291.67,290.63913,18.27,0.9502,PASS_ROOMTEMP,True,False,False,True,False,False,False,True,94.356,
"(1R,2S,5R)-5-methyl-2-propan-2-ylcyclohexan-1-ol",decanoic acid,0.4,0.6,292.0,291.83643,18.3,0.9484,PASS_ROOMTEMP,True,False,False,True,False,False,False,True,93.227,
5-methyl-2-propan-2-ylphenol,undec-10-enoic acid,0.7,0.3,292.15,294.0311,18.51,0.9365,PASS_ROOMTEMP,True,False,False,True,False,False,False,True,90.815,
2-[4-(2-methylpropyl)phenyl]propanoic acid,5-methyl-2-propan-2-ylcyclohexan-1-ol,0.3,0.7,292.15,293.03546,18.7,0.9254,PASS_ROOMTEMP,True,False,False,True,False,False,False,True,91.249,
5-methyl-2-propan-2-ylphenol,decanoic acid,0.36,0.64,292.35,292.96924,19.03,0.9063,PASS_ROOMTEMP,True,False,False,True,False,False,False,True,90.544,
"(1R,2S,5R)-5-methyl-2-propan-2-ylcyclohexan-1-ol",decanoic acid,0.3934,0.6066,292.65,292.49936,18.38,0.9436,PASS_ROOMTEMP,True,False,False,True,False,False,False,True,92.45,
decanoic acid,dodecanoic acid,0.568,0.432,293.025,292.8625,19.76,0.8642,PASS_ROOMTEMP,True,False,False,True,False,False,False,True,88.954,
Lidocaine,DL-camphor,0.438,0.562,293.1,292.7465,20.85,0.8016,PASS_ROOMTEMP,True,False,False,True,False,False,False,True,86.552,
decanoic acid,dodecanoic acid,0.732,0.268,293.275,292.8967,20.07,0.8465,PASS_ROOMTEMP,True,False,False,True,False,False,False,True,88.216,
5-methyl-2-propan-2-ylphenol,decanoic acid,0.3,0.7,293.36,294.9064,18.13,0.9578,PASS_ROOMTEMP,True,False,False,True,False,False,False,True,90.895,
dodecanoic acid,nonanoic acid,0.5,0.5,294.0,293.25323,18.59,0.9318,REJECTED_DES_RULE,False,False,True,True,False,False,False,True,71.313,
"(1R,2S,5R)-5-methyl-2-propan-2-ylcyclohexan-1-ol",tetradecan-1-ol,0.598,0.402,294.0,292.8588,18.37,0.9443,PASS_ROOMTEMP,True,False,False,True,False,False,False,True,92.161,
1-methyl-4-prop-1-en-2-ylcyclohexene,decanoic acid,0.333333,0.666667,294.05,294.26926,27.57,0.4156,REJECTED_DES_RULE,False,True,False,True,False,False,True,True,49.769,
nonanoic acid,dodecanoic acid,0.501,0.499,294.275,294.05823,19.46,0.8814,REJECTED_DES_RULE,False,True,False,True,False,False,False,True,68.587,
"(1R,2S,5R)-5-methyl-2-propan-2-ylcyclohexan-1-ol",tetradecan-1-ol,0.798,0.202,294.6,295.1848,18.4,0.9423,PASS_ROOMTEMP,True,False,False,True,False,False,False,True,90.029,
"(1R,2S,5R)-5-methyl-2-propan-2-ylcyclohexan-1-ol",dodecanoic acid,0.667,0.333,294.64,294.025,22.61,0.7005,PASS_ROOMTEMP,True,False,False,True,False,False,False,True,81.38,
Menthol,Ibuprofen,0.8,0.2,294.7,294.9722,19.11,0.9018,PASS_ROOMTEMP,True,False,False,True,False,False,False,True,88.597,
5-methyl-2-propan-2-ylphenol,decanoic acid,0.55,0.45,294.95,295.32455,19.69,0.8684,PASS_ROOMTEMP,True,False,False,True,False,False,False,True,86.95,
Caprylic Acid,Capric Acid,0.3,0.7,294.98,295.26437,20.13,0.843,REJECTED_DES_RULE,False,True,False,True,False,False,False,True,65.987,
"(1R,2S,5R)-5-methyl-2-propan-2-ylcyclohexan-1-ol",cyclohexanecarboxylic acid,0.1,0.9,295.03,293.9119,18.58,0.9322,PASS_ROOMTEMP,True,False,False,True,False,False,False,True,90.748,
dodecanoic acid,dodecanoic acid,0.333333,0.666667,295.05,295.3503,21.61,0.7583,PASS_ROOMTEMP,True,False,False,True,False,False,False,True,82.523,
decanoic acid,dodecanoic acid,0.802,0.198,295.275,294.96164,19.01,0.9073,PASS_ROOMTEMP,True,False,False,True,False,False,False,True,88.826,
5-methyl-2-propan-2-ylcyclohexan-1-ol,phenyl 2-hydroxybenzoate,0.5,0.5,295.43,295.45703,19.52,0.8783,PASS_ROOMTEMP,True,False,False,True,False,False,False,True,87.229,
5-methyl-2-propan-2-ylphenol,"(1R,2S,5R)-5-methyl-2-propan-2-ylcyclohexan-1-ol",0.2,0.8,295.5,294.1218,17.75,0.9798,PASS_ROOMTEMP,True,False,False,True,False,False,False,True,92.467,
5-methyl-2-propan-2-ylphenol,decanoic acid,0.19,0.81,295.671,295.6421,18.47,0.9385,PASS_ROOMTEMP,True,False,False,True,False,False,False,True,89.473,
"1,3-dithiane","1,2,3,4-tetrafluoro-5,6-diiodobenzene",0.601,0.399,295.81,295.85748,18.24,0.9516,PASS_ROOMTEMP,True,False,False,True,False,False,False,True,89.807,
"(1R,2S,5R)-5-methyl-2-propan-2-ylcyclohexan-1-ol",decanoic acid,0.3,0.7,296.0,295.48087,17.91,0.9705,PASS_ROOMTEMP,True,False,False,True,False,False,False,True,90.896,
decanoic acid,dodecanoic acid,0.503,0.497,296.15,296.6705,19.04,0.9055,PASS_ROOMTEMP,True,False,False,True,False,False,False,True,87.246,
"(1R,2S,5R)-5-methyl-2-propan-2-ylcyclohexan-1-ol",tetradecanoic acid,0.8,0.2,296.17,298.19565,18.49,0.9376,PASS_WARMTEMP,True,False,False,False,True,False,False,True,,77.824
"(1R,2S,5R)-5-methyl-2-propan-2-ylcyclohexan-1-ol",decanoic acid,0.2961,0.7039,296.19,296.11954,17.96,0.9679,PASS_ROOMTEMP,True,False,False,True,False,False,False,True,90.228,
2-methyl-5-propan-2-ylphenol,"(1R,2S,5R)-5-methyl-2-propan-2-ylcyclohexan-1-ol",0.203,0.797,296.35,296.12125,20.51,0.8211,REJECTED_DES_RULE,False,True,False,True,False,False,False,True,64.355,
"(1R,2S,5R)-5-methyl-2-propan-2-ylcyclohexan-1-ol",decanoic acid,0.2986,0.7014,296.6,296.13538,17.89,0.9718,PASS_ROOMTEMP,True,False,False,True,False,False,False,True,90.37,
decanoic acid,(Z)-octadec-9-enoic acid,0.8,0.2,296.71,296.3431,19.52,0.8782,REJECTED_DES_RULE,False,False,True,True,False,False,False,True,66.443,
tetradecanoic acid,decanoic acid,0.2008,0.7992,296.78,296.94376,18.47,0.9384,PASS_ROOMTEMP,True,False,False,True,False,False,False,True,88.321,
"(1R,2S,5R)-5-methyl-2-propan-2-ylcyclohexan-1-ol",3-phenylpropanoic acid,0.4,0.6,296.93,297.12885,18.27,0.9501,PASS_ROOMTEMP,True,False,False,True,False,False,False,True,88.626,
5-methyl-2-propan-2-ylphenol,octanoic acid,0.6,0.4,296.95,296.73248,18.69,0.9259,REJECTED_DES_RULE,False,False,True,True,False,False,False,True,68.007,
"(1R,2S,5R)-5-methyl-2-propan-2-ylcyclohexan-1-ol",dodecanoic acid,0.6,0.4,297.0,295.53787,18.2,0.9543,PASS_ROOMTEMP,True,False,False,True,False,False,False,True,90.197,
trioctylphosphine oxide,"(1R,2S,5R)-5-methyl-2-propan-2-ylcyclohexan-1-ol",0.423,0.577,297.235,297.0358,19.12,0.9009,PASS_ROOMTEMP,True,False,False,True,False,False,False,True,86.74,
trioctylphosphine oxide,phenol,0.1,0.9,297.35,296.533,17.82,0.9758,PASS_ROOMTEMP,True,False,False,True,False,False,False,True,90.179,
"1,3-dithiane","1,2,3,4-tetrafluoro-5,6-diiodobenzene",0.694,0.306,297.405,297.89203,18.17,0.956,PASS_ROOMTEMP,True,False,False,True,False,False,False,True,88.188,
"1,10-phenanthroline",4-chloro-5-methyl-2-propan-2-ylphenol,0.5016,0.4984,297.6446,297.50266,20.78,0.8057,PASS_ROOMTEMP,True,False,False,True,False,False,False,True,82.52,
"(1R,2S,5R)-5-methyl-2-propan-2-ylcyclohexan-1-ol",2-hydroxybenzoic acid,0.85,0.15,297.9,298.01236,27.51,0.419,PASS_WARMTEMP,True,False,False,False,True,False,True,True,,56.918
"1,4-dithiane","1,2,3,5-tetrafluoro-4,6-diiodobenzene",0.07,0.93,297.95,297.85355,28.93,0.3376,PASS_ROOMTEMP,True,False,False,True,False,False,True,True,63.486,
"(1R,2S,5R)-5-methyl-2-propan-2-ylcyclohexan-1-ol",decanoic acid,0.8,0.2,298.0,298.3267,18.21,0.9532,PASS_WARMTEMP,True,False,False,False,True,False,False,True,,78.563
decanoic acid,dodecanoic acid,0.436,0.564,298.025,298.91025,19.97,0.8524,PASS_WARMTEMP,True,False,False,False,True,False,False,True,,75.046
2-(trimethylazaniumyl)acetate,2-hydroxypropanoic acid,0.5,0.5,298.15,298.14087,30.55,0.2444,REJECTED_DES_RULE,False,False,True,False,True,False,True,True,,30.047
tetradecanoic acid,decanoic acid,0.1525,0.8475,298.2,297.5974,19.38,0.8864,PASS_ROOMTEMP,True,False,False,True,False,False,False,True,85.664,
5-methyl-2-propan-2-ylphenol,tetradecan-1-ol,0.399,0.601,298.2,298.20044,18.15,0.9571,PASS_WARMTEMP,True,False,False,False,True,False,False,True,,78.608
decanoic acid,dodecanoic acid,0.855,0.145,298.275,298.29742,20.54,0.8193,PASS_WARMTEMP,True,False,False,False,True,False,False,True,,73.181
Caprylic Acid,Capric Acid,0.1999,0.8001,298.54,298.36606,20.13,0.8428,REJECTED_DES_RULE,False,True,False,False,True,False,False,True,,54.182
"(1R,2S,5R)-5-methyl-2-propan-2-ylcyclohexan-1-ol",decanoic acid,0.7984,0.2016,298.85,297.94632,18.22,0.9529,PASS_ROOMTEMP,True,False,False,True,False,False,False,True,88.016,
"(1R,2S,5R)-5-methyl-2-propan-2-ylcyclohexan-1-ol",3-cyclohexylpropanoic acid,0.8,0.2,298.9,299.93805,18.98,0.9093,REJECTED_DES_RULE,False,False,True,False,True,False,False,True,,58.229
"(1R,2S,5R)-5-methyl-2-propan-2-ylcyclohexan-1-ol",decanoic acid,0.2,0.8,299.0,299.44443,18.36,0.9446,PASS_WARMTEMP,True,False,False,False,True,False,False,True,,79.206
dodecanoic acid,nonanoic acid,0.565,0.435,299.0,298.94833,20.14,0.8424,REJECTED_DES_RULE,False,False,True,False,True,False,False,True,,54.68
trioctylphosphine oxide,"(1R,2S,5R)-5-methyl-2-propan-2-ylcyclohexan-1-ol",0.531,0.469,299.035,299.4205,18.99,0.9084,PASS_WARMTEMP,True,False,False,False,True,False,False,True,,77.736
nonanoic acid,dodecanoic acid,0.436,0.564,299.275,298.9332,20.46,0.8242,REJECTED_DES_RULE,False,True,False,False,True,False,False,True,,53.938
hexadecanoic acid,decanoic acid,0.1516,0.8484,299.28,299.47726,19.25,0.8937,PASS_WARMTEMP,True,False,False,False,True,False,False,True,,77.199
"(1R,2S,5R)-5-methyl-2-propan-2-ylcyclohexan-1-ol",3-phenylpropanoic acid,0.8,0.2,299.56,299.02213,18.49,0.9376,PASS_WARMTEMP,True,False,False,False,True,False,False,True,,78.553
"(1R,2S,5R)-5-methyl-2-propan-2-ylcyclohexan-1-ol",decanoic acid,0.1975,0.8025,300.15,300.09344,18.34,0.9457,PASS_WARMTEMP,True,False,False,False,True,False,False,True,,79.822
hexadecanoic acid,decanoic acid,0.0991,0.9009,300.2,300.5793,18.63,0.929,PASS_WARMTEMP,True,False,False,False,True,False,False,True,,79.583
5-methyl-2-propan-2-ylphenol,tetradecan-1-ol,0.7,0.3,300.2,300.9192,18.02,0.9642,PASS_WARMTEMP,True,False,False,False,True,False,False,True,,81.291
Menthol,Ibuprofen,0.7,0.3,300.206,299.55334,19.09,0.9031,PASS_WARMTEMP,True,False,False,False,True,False,False,True,,77.642
tetradecanoic acid,decanoic acid,0.3004,0.6996,300.26,300.22614,18.35,0.9452,PASS_WARMTEMP,True,False,False,False,True,False,False,True,,79.919
tetradecanoic acid,decanoic acid,0.0987,0.9013,301.1,301.05063,18.34,0.9457,PASS_WARMTEMP,True,False,False,False,True,False,False,True,,80.667
"1,10-phenanthroline",5-methyl-2-propan-2-ylphenol,0.1093,0.8907,301.1157,300.98514,21.2,0.7814,PASS_WARMTEMP,True,False,False,False,True,False,False,True,,74.037
hexadecan-1-ol,"(1R,2S,5R)-5-methyl-2-propan-2-ylcyclohexan-1-ol",0.199,0.801,301.2,302.46814,17.76,0.9796,PASS_WARMTEMP,True,False,False,False,True,False,False,True,,83.274
decanoic acid,(Z)-octadec-9-enoic acid,0.9,0.1,301.2,301.49127,18.79,0.9203,REJECTED_DES_RULE,False,False,True,False,True,False,False,True,,60.04
5-methyl-2-propan-2-ylphenol,decanoic acid,0.1,0.9,301.25,301.46405,18.26,0.9503,PASS_WARMTEMP,True,False,False,False,True,False,False,True,,81.216
octanoic acid,dodecanoic acid,0.335,0.665,301.275,301.72958,19.47,0.8811,REJECTED_DES_RULE,False,True,False,False,True,False,False,True,,58.682
5-methyl-2-propan-2-ylphenol,tetradecan-1-ol,0.3,0.7,301.4,299.79233,18.14,0.9573,PASS_WARMTEMP,True,False,False,False,True,False,False,True,,80.021
5-methyl-2-propan-2-ylphenol,decanoic acid,0.6,0.4,301.49,300.27905,18.19,0.9545,PASS_WARMTEMP,True,False,False,False,True,False,False,True,,80.338
Menthol,Ibuprofen,0.84,0.16,301.502,301.44333,20.63,0.8143,PASS_WARMTEMP,True,False,False,False,True,False,False,True,,75.757
5-methyl-2-propan-2-ylphenol,dodecanoic acid,0.55,0.45,301.54,301.8437,19.0,0.9078,PASS_WARMTEMP,True,False,False,False,True,False,False,True,,79.851
"1,10-phenanthroline",4-chloro-5-methyl-2-propan-2-ylphenol,0.5981,0.4019,301.6942,301.5771,21.15,0.7846,PASS_WARMTEMP,True,False,False,False,True,False,False,True,,74.687
octadecanoic acid,decanoic acid,0.05,0.95,301.72,302.62378,19.18,0.8975,PASS_WARMTEMP,True,False,False,False,True,False,False,True,,80.127
hexadecan-1-ol,5-methyl-2-propan-2-ylphenol,0.398,0.602,301.8,302.79102,18.09,0.9606,PASS_WARMTEMP,True,False,False,False,True,False,False,True,,82.798
Caprylic Acid,Capric Acid,0.1,0.9,301.89,301.88876,20.06,0.8469,REJECTED_DES_RULE,False,True,False,False,True,False,False,True,,57.454
"(1R,2S,5R)-5-methyl-2-propan-2-ylcyclohexan-1-ol",dodecanoic acid,0.5,0.5,302.0,301.05386,18.28,0.9491,PASS_WARMTEMP,True,False,False,False,True,False,False,True,,80.806
dodecanoic acid,nonanoic acid,0.667,0.333,302.0,302.1887,19.96,0.8529,REJECTED_DES_RULE,False,False,True,False,True,False,False,True,,57.959
Lidocaine,DL-camphor,0.501,0.499,302.1,302.85556,21.58,0.76,PASS_WARMTEMP,True,False,False,False,True,False,False,True,,74.831
2-[4-(2-methylpropyl)phenyl]propanoic acid,5-methyl-2-propan-2-ylcyclohexan-1-ol,0.2,0.8,302.15,301.90488,18.9,0.9139,PASS_WARMTEMP,True,False,False,False,True,False,False,True,,80.149
nonanoic acid,dodecanoic acid,0.335,0.665,302.275,302.28384,19.51,0.8786,REJECTED_DES_RULE,False,True,False,False,True,False,False,True,,59.071
tetradecanoic acid,decanoic acid,0.0497,0.9503,302.31,302.4993,19.08,0.9034,PASS_WARMTEMP,True,False,False,False,True,False,False,True,,80.253
5-methyl-2-propan-2-ylphenol,octanoic acid,0.7,0.3,302.51,302.44382,18.7,0.9256,REJECTED_DES_RULE,False,False,True,False,True,False,False,True,,61.092
"(1R,2S,5R)-5-methyl-2-propan-2-ylcyclohexan-1-ol",tetradecan-1-ol,0.399,0.601,302.6,302.8496,18.36,0.9449,PASS_WARMTEMP,True,False,False,False,True,False,False,True,,82.222
"(1R,2S,5R)-5-methyl-2-propan-2-ylcyclohexan-1-ol",decanoic acid,0.1,0.9,303.0,302.98483,18.39,0.9434,PASS_WARMTEMP,True,False,False,False,True,False,False,True,,82.281
hexadecanoic acid,decanoic acid,0.0498,0.9502,303.08,302.6211,18.91,0.9133,PASS_WARMTEMP,True,False,False,False,True,False,False,True,,80.756
"2-(diethylamino)-N-(2,6-dimethylphenyl)acetamide",2-(dimethylamino)ethyl 4-(butylamino)benzoate,0.5,0.5,303.15,303.03635,26.54,0.4746,PASS_WARMTEMP,True,False,False,False,True,False,True,True,,63.575
5-methyl-2-propan-2-ylphenol,dodecanoic acid,0.6,0.4,303.22,303.5503,17.78,0.9781,PASS_WARMTEMP,True,False,False,False,True,False,False,True,,84.168
decanoic acid,dodecanoic acid,0.335,0.665,303.275,303.07242,19.51,0.8788,PASS_WARMTEMP,True,False,False,False,True,False,False,True,,79.775
trioctylphosphine oxide,phenol,0.6,0.4,303.45,302.9853,17.79,0.9778,PASS_WARMTEMP,True,False,False,False,True,False,False,True,,83.658
"(1R,2S,5R)-5-methyl-2-propan-2-ylcyclohexan-1-ol",tetradecanoic acid,0.7,0.3,303.76,303.18372,18.45,0.9399,PASS_WARMTEMP,True,False,False,False,True,False,False,True,,82.317
"(1R,2S,5R)-5-methyl-2-propan-2-ylcyclohexan-1-ol",3-phenylpropanoic acid,0.3,0.7,303.95,303.67694,18.27,0.9503,PASS_WARMTEMP,True,False,False,False,True,False,False,True,,83.168
"(1R,2S,5R)-5-methyl-2-propan-2-ylcyclohexan-1-ol",tetradecan-1-ol,0.302,0.698,304.2,304.20978,18.37,0.9444,PASS_WARMTEMP,True,False,False,False,True,False,False,True,,83.402
5-methyl-2-propan-2-ylphenol,"(1R,2S,5R)-5-methyl-2-propan-2-ylcyclohexan-1-ol",0.105,0.895,304.4,303.13568,17.87,0.9729,PASS_WARMTEMP,True,False,False,False,True,False,False,True,,83.595
trioctylphosphine oxide,"(1R,2S,5R)-5-methyl-2-propan-2-ylcyclohexan-1-ol",0.138,0.862,304.437,304.30734,19.27,0.8925,PASS_WARMTEMP,True,False,False,False,True,False,False,True,,81.412
hexadecanoic acid,decanoic acid,0.2063,0.7937,304.68,304.10175,18.82,0.9182,PASS_WARMTEMP,True,False,False,False,True,False,False,True,,82.259
Menthol,Ibuprofen,0.67,0.33,304.741,305.0319,19.97,0.852,PASS_WARMTEMP,True,False,False,False,True,False,False,True,,80.432
5-methyl-2-propan-2-ylphenol,dodecanoic acid,0.4,0.6,304.76,303.8925,17.86,0.9738,PASS_WARMTEMP,True,False,False,False,True,False,False,True,,84.298
hexadecan-1-ol,"(1R,2S,5R)-5-methyl-2-propan-2-ylcyclohexan-1-ol",0.3,0.7,304.9,303.19153,17.75,0.9798,PASS_WARMTEMP,True,False,False,False,True,False,False,True,,83.92
dodecanoic acid,nonanoic acid,0.75,0.25,305.0,304.82224,21.16,0.7837,REJECTED_DES_RULE,False,False,True,False,True,False,False,True,,57.515
tetradecanoic acid,decanoic acid,0.351,0.649,305.12,304.99585,18.88,0.915,REJECTED_DES_RULE,False,False,True,False,True,False,False,True,,62.92
2-[4-(2-methylpropyl)phenyl]propanoic acid,5-methyl-2-propan-2-ylphenol,0.33,0.67,305.15,304.3333,19.81,0.8614,PASS_WARMTEMP,True,False,False,False,True,False,False,True,,80.191
nonanoic acid,dodecanoic acid,0.252,0.748,305.275,305.8436,19.79,0.8626,REJECTED_DES_RULE,False,True,False,False,True,False,False,True,,61.572
5-methyl-2-propan-2-ylphenol,tetradecan-1-ol,0.2,0.8,305.6,305.89355,18.14,0.9576,PASS_WARMTEMP,True,False,False,False,True,False,False,True,,85.416
octadecanoic acid,decanoic acid,0.0998,0.9002,305.78,304.87653,19.03,0.9065,REJECTED_DES_RULE,False,False,True,False,True,False,False,True,,62.475
Lidocaine,DL-camphor,0.405,0.595,305.8,306.0023,21.15,0.7846,PASS_WARMTEMP,True,False,False,False,True,False,False,True,,78.592
2-methyl-5-propan-2-ylphenol,"(1R,2S,5R)-5-methyl-2-propan-2-ylcyclohexan-1-ol",0.0998,0.9002,305.85,305.93134,20.4,0.8278,REJECTED_DES_RULE,False,True,False,False,True,False,False,True,,60.257
"(1R,2S,5R)-5-methyl-2-propan-2-ylcyclohexan-1-ol",dodecanoic acid,0.4,0.6,306.0,306.1856,18.19,0.9545,PASS_WARMTEMP,True,False,False,False,True,False,False,True,,85.55
hexadecan-1-ol,5-methyl-2-propan-2-ylphenol,0.3,0.7,306.1,307.68753,18.08,0.9611,PASS_WARMTEMP,True,False,False,False,True,False,False,True,,87.139
trioctylphosphine oxide,"(1R,2S,5R)-5-methyl-2-propan-2-ylcyclohexan-1-ol",0.116,0.884,306.238,306.5888,18.5,0.9367,PASS_WARMTEMP,True,False,False,False,True,False,False,True,,85.193
"(1R,2S,5R)-5-methyl-2-propan-2-ylcyclohexan-1-ol",cyclohexanecarboxylic acid,0.9,0.1,306.29,306.20236,18.37,0.9444,REJECTED_DES_RULE,False,False,True,False,True,False,False,True,,65.16
"(1R,2S,5R)-5-methyl-2-propan-2-ylcyclohexan-1-ol",tetradecanoic acid,0.9,0.1,306.35,306.6916,18.44,0.9405,PASS_WARMTEMP,True,False,False,False,True,False,False,True,,85.436
5-methyl-2-propan-2-ylphenol,decanoic acid,0.7,0.3,306.47,303.9865,18.18,0.9551,PASS_WARMTEMP,True,False,False,False,True,False,False,True,,83.633
hexadecan-1-ol,5-methyl-2-propan-2-ylphenol,0.5,0.5,306.6,307.30652,18.14,0.9577,PASS_WARMTEMP,True,False,False,False,True,False,False,True,,86.667
pyridine-3-carboxamide,2-hydroxyacetic acid,0.5026,0.4974,306.8966,306.62933,22.47,0.7087,PASS_WARMTEMP,True,False,False,False,True,False,False,True,,76.109
"1,10-phenanthroline",4-chloro-5-methyl-2-propan-2-ylphenol,0.7042,0.2958,306.9008,308.03702,20.99,0.7934,PASS_WARMTEMP,True,False,False,False,True,False,False,True,,80.739
5-methyl-2-propan-2-ylphenol,dodecanoic acid,0.7,0.3,306.96,304.3701,17.77,0.9785,PASS_WARMTEMP,True,False,False,False,True,False,False,True,,84.908
"(1R,2S,5R)-5-methyl-2-propan-2-ylcyclohexan-1-ol",decanoic acid,0.9,0.1,307.0,308.16495,17.99,0.9658,REJECTED_DES_RULE,False,False,True,False,True,False,False,True,,67.748
"2-(diethylamino)-N-(2,6-dimethylphenyl)acetamide","1,7,7-trimethylbicyclo[2.2.1]heptan-2-one",0.5,0.5,307.0,306.47525,27.91,0.396,PASS_WARMTEMP,True,False,False,False,True,False,True,True,,63.465
"(1R,2S,5R)-5-methyl-2-propan-2-ylcyclohexan-1-ol",decanoic acid,0.8985,0.1015,307.1,307.0412,17.97,0.9672,REJECTED_DES_RULE,False,False,True,False,True,False,False,True,,66.813
octanoic acid,dodecanoic acid,0.252,0.748,307.15,306.4822,19.77,0.8641,REJECTED_DES_RULE,False,True,False,False,True,False,False,True,,62.195
Menthol,Ibuprofen,0.92,0.08,307.332,307.04077,19.68,0.869,PASS_WARMTEMP,True,False,False,False,True,False,False,True,,82.884
"(1R,2S,5R)-5-methyl-2-propan-2-ylcyclohexan-1-ol",3-phenylpropanoic acid,0.9,0.1,307.46,306.83862,18.43,0.9409,PASS_WARMTEMP,True,False,False,False,True,False,False,True,,85.582
"(1R,2S,5R)-5-methyl-2-propan-2-ylcyclohexan-1-ol",tetradecan-1-ol,0.897,0.103,307.6,307.7626,18.41,0.9417,PASS_WARMTEMP,True,False,False,False,True,False,False,True,,86.429
"(1R,2S,5R)-5-methyl-2-propan-2-ylcyclohexan-1-ol",decanoic acid,0.8918,0.1082,307.65,307.16794,18.19,0.9547,REJECTED_DES_RULE,False,False,True,False,True,False,False,True,,66.424
tetradecanoic acid,decanoic acid,0.4014,0.5986,307.94,308.411,18.59,0.9318,REJECTED_DES_RULE,False,False,True,False,True,False,False,True,,66.605
"(1R,2S,5R)-5-methyl-2-propan-2-ylcyclohexan-1-ol",octanoic acid,0.9,0.1,308.0,307.5834,18.18,0.9549,REJECTED_DES_RULE,False,False,True,False,True,False,False,True,,66.799
"(1R,2S,5R)-5-methyl-2-propan-2-ylcyclohexan-1-ol",3-cyclohexylpropanoic acid,0.9,0.1,308.182,307.07962,18.27,0.9499,REJECTED_DES_RULE,False,False,True,False,True,False,False,True,,66.154
5-methyl-2-propan-2-ylphenol,"(1R,2S,5R)-5-methyl-2-propan-2-ylcyclohexan-1-ol",0.799,0.201,308.3,307.5012,17.79,0.9774,PASS_WARMTEMP,True,False,False,False,True,False,False,True,,87.626
2-[4-(2-methylpropyl)phenyl]propanoic acid,dodecanoic acid,0.3,0.7,308.39,308.07965,18.66,0.9275,PASS_WARMTEMP,True,False,False,False,True,False,False,True,,86.141
decanoic acid,dodecanoic acid,0.252,0.748,308.4,308.1659,20.2,0.8393,REJECTED_DES_RULE,False,True,False,False,True,False,False,True,,62.689
Lidocaine,DL-camphor,0.585,0.415,308.5,308.36942,22.37,0.7145,PASS_WARMTEMP,True,False,False,False,True,False,False,True,,77.877
"(1R,2S,5R)-5-methyl-2-propan-2-ylcyclohexan-1-ol",hexadecanoic acid,0.9,0.1,308.53,308.83508,18.59,0.9319,PASS_WARMTEMP,True,False,False,False,True,False,False,True,,86.983
"(1R,2S,5R)-5-methyl-2-propan-2-ylcyclohexan-1-ol",octadecanoic acid,0.9,0.1,308.6,309.11905,18.66,0.9276,PASS_WARMTEMP,True,False,False,False,True,False,False,True,,87.062
"(1R,2S,5R)-5-methyl-2-propan-2-ylcyclohexan-1-ol",hexadecanoic acid,0.8,0.2,308.61,307.677,18.59,0.9319,PASS_WARMTEMP,True,False,False,False,True,False,False,True,,85.962
tetradecanoic acid,dodecanoic acid,0.2999,0.7001,308.85,310.0104,17.88,0.9723,PASS_WARMTEMP,True,False,False,False,True,False,False,True,,89.636
octadecan-1-ol,"(1R,2S,5R)-5-methyl-2-propan-2-ylcyclohexan-1-ol",0.1,0.9,309.0,310.43225,18.15,0.9567,PASS_WARMTEMP,True,False,False,False,True,False,False,True,,89.385
"(1R,2S,5R)-5-methyl-2-propan-2-ylcyclohexan-1-ol",octanoic acid,0.905,0.095,309.028,309.1489,18.18,0.9552,REJECTED_DES_RULE,False,False,True,False,True,False,False,True,,68.192
5-methyl-2-propan-2-ylphenol,tetradecanoic acid,0.7,0.3,309.05,309.6251,18.21,0.9533,PASS_WARMTEMP,True,False,False,False,True,False,False,True,,88.536
hexadecan-1-ol,"(1R,2S,5R)-5-methyl-2-propan-2-ylcyclohexan-1-ol",0.398,0.602,309.1,308.25662,17.8,0.9771,PASS_WARMTEMP,True,False,False,False,True,False,False,True,,88.281
5-methyl-2-propan-2-ylphenol,dodecanoic acid,0.3,0.7,309.36,307.72415,17.84,0.9744,PASS_WARMTEMP,True,False,False,False,True,False,False,True,,87.703
5-methyl-2-propan-2-ylphenol,tetradecan-1-ol,0.1,0.9,309.4,309.42447,18.05,0.9628,PASS_WARMTEMP,True,False,False,False,True,False,False,True,,88.739
trioctylphosphine oxide,phenol,0.67,0.33,309.55,309.159,19.61,0.8733,PASS_WARMTEMP,True,False,False,False,True,False,False,True,,84.925
octadecan-1-ol,5-methyl-2-propan-2-ylphenol,0.299,0.701,309.6,309.93912,18.22,0.9531,PASS_WARMTEMP,True,False,False,False,True,False,False,True,,88.806
"(1R,2S,5R)-5-methyl-2-propan-2-ylcyclohexan-1-ol",3-phenylpropanoic acid,0.2,0.8,309.65,310.0519,18.27,0.9502,PASS_WARMTEMP,True,False,False,False,True,False,False,True,,88.789
tetradecanoic acid,dodecanoic acid,0.35,0.65,309.68,309.174,18.39,0.9428,PASS_WARMTEMP,True,False,False,False,True,False,False,True,,87.718
hexadecan-1-ol,"(1R,2S,5R)-5-methyl-2-propan-2-ylcyclohexan-1-ol",0.1,0.9,309.9,310.03943,17.73,0.9811,PASS_WARMTEMP,True,False,False,False,True,False,False,True,,90.014
2-(trimethylazaniumyl)acetate,"(2S,4R)-pentane-1,2,3,4,5-pentol",0.45,0.55,309.92,312.38882,21.45,0.7672,PASS_WARMTEMP,True,False,False,False,True,False,False,True,,83.531
"(1R,2S,5R)-5-methyl-2-propan-2-ylcyclohexan-1-ol",dodecanoic acid,0.3,0.7,310.0,310.03632,18.19,0.9544,PASS_WARMTEMP,True,False,False,False,True,False,False,True,,88.943
dodecanoic acid,nonanoic acid,0.857,0.143,310.0,310.33804,20.78,0.8059,REJECTED_DES_RULE,False,False,True,False,True,False,False,True,,63.27
"(1R,2S,5R)-5-methyl-2-propan-2-ylcyclohexan-1-ol",tetradecan-1-ol,0.101,0.899,310.0,310.64276,18.37,0.9444,PASS_WARMTEMP,True,False,False,False,True,False,False,True,,89.078
2-(trimethylazaniumyl)acetate,"(1R,2S,5R)-5-methyl-2-propan-2-ylcyclohexan-1-ol",0.101,0.899,310.1,310.64404,21.24,0.7795,PASS_WARMTEMP,True,False,False,False,True,False,False,True,,82.484
hexadecanoic acid,decanoic acid,0.2504,0.7496,310.15,310.0689,20.34,0.8309,REJECTED_DES_RULE,False,False,True,False,True,False,False,True,,64.032
nonanoic acid,dodecanoic acid,0.145,0.855,310.15,311.15503,19.6,0.8737,REJECTED_DES_RULE,False,True,False,False,True,False,False,True,,66.702
octadecan-1-ol,5-methyl-2-propan-2-ylphenol,0.202,0.798,310.2,310.328,18.34,0.9461,PASS_WARMTEMP,True,False,False,False,True,False,False,True,,88.869
octanoic acid,dodecanoic acid,0.169,0.831,310.275,309.93243,19.92,0.8551,REJECTED_DES_RULE,False,True,False,False,True,False,False,True,,64.88
tetradecanoic acid,dodecanoic acid,0.3998,0.6002,310.42,310.37762,17.89,0.9719,PASS_WARMTEMP,True,False,False,False,True,False,False,True,,89.944
hexadecanoic acid,dodecanoic acid,0.2002,0.7998,310.44,310.7559,18.44,0.9402,PASS_WARMTEMP,True,False,False,False,True,False,False,True,,89.01
tetradecanoic acid,dodecanoic acid,0.2004,0.7996,310.61,309.86084,17.86,0.9736,PASS_WARMTEMP,True,False,False,False,True,False,False,True,,89.557
hexadecanoic acid,dodecanoic acid,0.1519,0.8481,310.64,310.48807,18.85,0.9168,PASS_WARMTEMP,True,False,False,False,True,False,False,True,,87.838
2-(trimethylazaniumyl)acetate,5-methyl-2-propan-2-ylphenol,0.099,0.901,310.9,311.12836,20.44,0.8254,PASS_WARMTEMP,True,False,False,False,True,False,False,True,,84.747
"(1R,2S,5R)-5-methyl-2-propan-2-ylcyclohexan-1-ol",tetradecanoic acid,0.6,0.4,310.93,310.23682,18.52,0.9354,PASS_WARMTEMP,True,False,False,False,True,False,False,True,,88.36
tetradecanoic acid,dodecanoic acid,0.4998,0.5002,310.96,310.8505,17.92,0.9698,PASS_WARMTEMP,True,False,False,False,True,False,False,True,,90.278
trioctylphosphine oxide,"(1R,2S,5R)-5-methyl-2-propan-2-ylcyclohexan-1-ol",0.09,0.91,311.19,311.57202,18.19,0.9547,PASS_WARMTEMP,True,False,False,False,True,False,False,True,,90.31
5-methyl-2-propan-2-ylphenol,dodecanoic acid,0.2,0.8,311.51,311.8837,17.79,0.9775,PASS_WARMTEMP,True,False,False,False,True,False,False,True,,91.497
5-methyl-2-propan-2-ylphenol,dodecanoic acid,0.79,0.21,311.6,312.1393,18.23,0.9521,PASS_WARMTEMP,True,False,False,False,True,False,False,True,,90.707
5-methyl-2-propan-2-ylphenol,hexadecanoic acid,0.8,0.2,311.83,313.86755,18.59,0.9319,PASS_WARMTEMP,True,False,False,False,True,False,False,True,,91.424
trioctylphosphine oxide,phenol,0.7,0.3,311.85,311.90305,17.78,0.9782,PASS_WARMTEMP,True,False,False,False,True,False,False,True,,91.542
"(1R,2S,5R)-5-methyl-2-propan-2-ylcyclohexan-1-ol",dodecanoic acid,0.2,0.8,312.0,312.42737,18.21,0.9534,PASS_WARMTEMP,True,False,False,False,True,False,False,True,,91.013
5-methyl-2-propan-2-ylphenol,octanoic acid,0.8,0.2,312.05,312.04108,19.43,0.8835,REJECTED_DES_RULE,False,False,True,False,True,False,False,True,,67.876
5-methyl-2-propan-2-ylphenol,tetradecanoic acid,0.6,0.4,312.14,313.1354,18.35,0.9456,PASS_WARMTEMP,True,False,False,False,True,False,False,True,,91.326
"(1R,2S,5R)-5-methyl-2-propan-2-ylcyclohexan-1-ol",dodecanoic acid,0.25,0.75,312.22,312.33832,23.58,0.6446,PASS_WARMTEMP,True,False,False,False,True,False,False,True,,78.583
tetradecanoic acid,decanoic acid,0.5021,0.4979,312.27,312.02786,18.31,0.9478,REJECTED_DES_RULE,False,False,True,False,True,False,False,True,,70.437
2-(trimethylazaniumyl)acetate,"(1R,2S,5R)-5-methyl-2-propan-2-ylcyclohexan-1-ol",0.199,0.801,312.3,312.25262,22.79,0.6901,PASS_WARMTEMP,True,False,False,False,True,False,False,True,,80.327
5-methyl-2-propan-2-ylphenol,tetradecanoic acid,0.8,0.2,312.3,311.00568,18.35,0.9454,PASS_WARMTEMP,True,False,False,False,True,False,False,True,,89.439
octadecanoic acid,dodecanoic acid,0.1515,0.8485,312.31,312.87726,19.07,0.9038,PASS_WARMTEMP,True,False,False,False,True,False,False,True,,89.426
Menthol,Testosterone,0.811,0.189,312.365,312.5432,22.68,0.6966,PASS_WARMTEMP,True,False,False,False,True,False,False,True,,80.843
2-[4-(2-methylpropyl)phenyl]propanoic acid,dodecanoic acid,0.1068,0.8932,312.46,312.45798,19.01,0.9075,PASS_WARMTEMP,True,False,False,False,True,False,False,True,,89.204
hexadecan-1-ol,"(1R,2S,5R)-5-methyl-2-propan-2-ylcyclohexan-1-ol",0.5,0.5,312.5,309.01984,17.74,0.9804,PASS_WARMTEMP,True,False,False,False,True,False,False,True,,89.086
trioctylphosphine oxide,"(1R,2S,5R)-5-methyl-2-propan-2-ylcyclohexan-1-ol",0.067,0.933,312.54,311.68506,19.4,0.8851,PASS_WARMTEMP,True,False,False,False,True,False,False,True,,87.626
hexadecan-1-ol,5-methyl-2-propan-2-ylphenol,0.201,0.799,312.6,311.5554,18.1,0.96,PASS_WARMTEMP,True,False,False,False,True,False,False,True,,90.508
2-[4-(2-methylpropyl)phenyl]propanoic acid,dodecanoic acid,0.5041,0.4959,312.78,313.37283,18.97,0.9095,PASS_WARMTEMP,True,False,False,False,True,False,False,True,,90.091
octadecanoic acid,dodecanoic acid,0.1001,0.8999,313.04,313.11133,18.48,0.9382,PASS_WARMTEMP,True,False,False,False,True,False,False,True,,91.009
"(8R,9S,10R,13S,14S,17S)-17-hydroxy-10,13-dimethyl-1,2,6,7,8,9,11,12,14,15,16,17-dodecahydrocyclopenta[a]phenanthren-3-one",5-methyl-2-propan-2-ylcyclohexan-1-ol,0.2,0.8,313.05,313.15915,23.7,0.638,REJECTED_DES_RULE,False,False,True,False,True,False,False,True,,59.043
octanoic acid,dodecanoic acid,0.125,0.875,313.15,313.03143,19.58,0.8747,REJECTED_DES_RULE,False,True,False,False,True,False,False,True,,68.398
hexadecanoic acid,decanoic acid,0.2957,0.7043,313.38,313.87753,18.66,0.9276,REJECTED_DES_RULE,False,False,True,False,True,False,False,True,,71.261
decanoic acid,dodecanoic acid,0.145,0.855,313.4,313.17447,19.68,0.8692,REJECTED_DES_RULE,False,True,False,False,True,False,False,True,,68.304
octadecan-1-ol,"(1R,2S,5R)-5-methyl-2-propan-2-ylcyclohexan-1-ol",0.299,0.701,313.4,313.15457,18.18,0.9551,PASS_WARMTEMP,True,False,False,False,True,False,False,True,,91.723
hexadecanoic acid,dodecanoic acid,0.1032,0.8968,313.5,313.50925,18.26,0.9507,PASS_WARMTEMP,True,False,False,False,True,False,False,True,,91.86
5-methyl-2-propan-2-ylphenol,tetradecan-1-ol,0.8,0.2,313.7,313.78296,18.03,0.964,REJECTED_DES_RULE,False,False,True,False,True,False,False,True,,72.633
hexadecanoic acid,dodecanoic acid,0.3002,0.6998,313.89,314.1612,18.23,0.9524,PASS_WARMTEMP,True,False,False,False,True,False,False,True,,92.503
trioctylphosphine oxide,"(1R,2S,5R)-5-methyl-2-propan-2-ylcyclohexan-1-ol",0.042,0.958,313.891,314.02682,19.37,0.8869,PASS_WARMTEMP,True,False,False,False,True,False,False,True,,89.764
5-methyl-2-propan-2-ylphenol,tetradecanoic acid,0.5,0.5,313.95,312.87634,18.36,0.9446,PASS_WARMTEMP,True,False,False,False,True,False,False,True,,91.057
octadecan-1-ol,5-methyl-2-propan-2-ylphenol,0.399,0.601,314.0,312.9243,18.22,0.9529,PASS_WARMTEMP,True,False,False,False,True,False,False,True,,91.432
hexadecan-1-ol,5-methyl-2-propan-2-ylphenol,0.699,0.301,314.1,314.10284,18.12,0.9587,PASS_WARMTEMP,True,False,False,False,True,False,False,True,,92.703
5-methyl-2-propan-2-ylphenol,dodecanoic acid,0.1,0.9,314.17,314.94604,17.82,0.976,PASS_WARMTEMP,True,False,False,False,True,False,False,True,,94.139
hexadecanoic acid,dodecanoic acid,0.4001,0.5999,314.39,314.83234,18.23,0.9525,PASS_WARMTEMP,True,False,False,False,True,False,False,True,,93.099
5-methyl-2-propan-2-ylphenol,decanoic acid,0.8,0.2,314.51,314.03152,18.2,0.9543,REJECTED_DES_RULE,False,False,True,False,True,False,False,True,,72.465
"1,3-dithiane","1,2,3,4-tetrafluoro-5,6-diiodobenzene",0.3,0.7,314.639,312.47482,18.04,0.9631,PASS_WARMTEMP,True,False,False,False,True,False,False,True,,91.443
hexadecan-1-ol,"(1R,2S,5R)-5-methyl-2-propan-2-ylcyclohexan-1-ol",0.6,0.4,314.7,314.75137,17.68,0.984,PASS_WARMTEMP,True,False,False,False,True,False,False,True,,94.288
tetradecanoic acid,dodecanoic acid,0.1004,0.8996,315.03,315.02557,17.87,0.9727,PASS_WARMTEMP,True,False,False,False,True,False,False,True,,94.078
2-(trimethylazaniumyl)acetate,"(1R,2S,5R)-5-methyl-2-propan-2-ylcyclohexan-1-ol",0.3,0.7,315.2,315.09784,21.96,0.7379,PASS_WARMTEMP,True,False,False,False,True,False,False,True,,84.749
"(1R,2S,5R)-5-methyl-2-propan-2-ylcyclohexan-1-ol",3-phenylpropanoic acid,0.1,0.9,315.35,314.76645,18.27,0.9503,PASS_WARMTEMP,True,False,False,False,True,False,False,True,,92.953
Lidocaine,DL-camphor,0.65,0.35,315.4,315.2087,22.23,0.7222,PASS_WARMTEMP,True,False,False,False,True,False,False,True,,84.219
trioctylphosphine oxide,phenol,0.8,0.2,315.95,316.03094,17.78,0.9779,REJECTED_DES_RULE,False,False,True,False,True,False,False,True,,75.173
"(1R,2S,5R)-5-methyl-2-propan-2-ylcyclohexan-1-ol",dodecanoic acid,0.1,0.9,316.0,315.4719,18.21,0.9535,PASS_WARMTEMP,True,False,False,False,True,False,False,True,,93.703
"(1R,2S,5R)-5-methyl-2-propan-2-ylcyclohexan-1-ol",octadecanoic acid,0.8,0.2,316.14,315.14764,18.47,0.9386,PASS_WARMTEMP,True,False,False,False,True,False,False,True,,92.821
trioctylphosphine oxide,"(1R,2S,5R)-5-methyl-2-propan-2-ylcyclohexan-1-ol",0.624,0.376,316.141,316.55414,19.14,0.8999,REJECTED_DES_RULE,False,False,True,False,True,False,False,True,,72.514
"2-(diethylamino)-N-(2,6-dimethylphenyl)acetamide",octadecanoic acid,0.5,0.5,316.15,315.43054,21.78,0.7484,PASS_WARMTEMP,True,False,False,False,True,False,False,True,,85.463
octadecanoic acid,dodecanoic acid,0.2001,0.7999,316.17,316.0463,18.7,0.9251,PASS_WARMTEMP,True,False,False,False,True,False,False,True,,93.074
octadecanoic acid,dodecanoic acid,0.0501,0.9499,316.23,316.16107,19.52,0.8782,PASS_WARMTEMP,True,False,False,False,True,False,False,True,,91.3
tetradecanoic acid,dodecanoic acid,0.5999,0.4001,316.37,316.57602,17.85,0.974,PASS_WARMTEMP,True,False,False,False,True,False,False,True,,95.498
tetradecanoic acid,decanoic acid,0.6015,0.3985,316.49,316.44406,18.34,0.9462,REJECTED_DES_RULE,False,False,True,False,True,False,False,True,,74.269
2-[4-(2-methylpropyl)phenyl]propanoic acid,dodecanoic acid,0.6023,0.3977,316.65,317.30774,19.1,0.9022,PASS_WARMTEMP,True,False,False,False,True,False,False,True,,93.271
5-methyl-2-propan-2-ylphenol,octadecanoic acid,0.9,0.1,316.71,317.21817,18.72,0.9243,PASS_WARMTEMP,True,False,False,False,True,False,False,True,,94.076
trioctylphosphine oxide,"(1R,2S,5R)-5-methyl-2-propan-2-ylcyclohexan-1-ol",0.751,0.249,316.854,316.86523,20.19,0.8396,REJECTED_DES_RULE,False,False,True,False,True,False,False,True,,70.377
"(1R,2S,5R)-5-methyl-2-propan-2-ylcyclohexan-1-ol",hexadecanoic acid,0.7,0.3,317.07,316.65894,18.59,0.9319,REJECTED_DES_RULE,False,True,False,False,True,False,False,True,,73.887
"(1R,2S,5R)-5-methyl-2-propan-2-ylcyclohexan-1-ol",tetradecanoic acid,0.4,0.6,317.1,316.68622,18.43,0.9408,REJECTED_DES_RULE,False,True,False,False,True,False,False,True,,74.267
"1,10-phenanthroline",5-methyl-2-propan-2-ylphenol,0.492,0.508,317.314,317.31784,21.12,0.7864,PASS_WARMTEMP,True,False,False,False,True,False,False,True,,88.648
5-methyl-2-propan-2-ylphenol,tetradecanoic acid,0.4,0.6,317.42,316.75156,18.18,0.9552,PASS_WARMTEMP,True,False,False,False,True,False,False,True,,94.901
hexadecan-1-ol,"(1R,2S,5R)-5-methyl-2-propan-2-ylcyclohexan-1-ol",0.699,0.301,317.7,317.38434,17.67,0.9845,REJECTED_DES_RULE,False,False,True,False,True,False,False,True,,76.631
5-methyl-2-propan-2-ylphenol,hexadecanoic acid,0.9,0.1,317.7,316.68814,18.59,0.9319,PASS_WARMTEMP,True,False,False,False,True,False,False,True,,93.913
"1,3-dithiane","1,2,3,4-tetrafluoro-5,6-diiodobenzene",0.198,0.802,317.831,318.38846,18.08,0.9608,PASS_WARMTEMP,True,False,False,False,True,False,False,True,,96.569
5-methyl-2-propan-2-ylphenol,"(1R,2S,5R)-5-methyl-2-propan-2-ylcyclohexan-1-ol",0.899,0.101,317.9,317.08765,17.72,0.9813,REJECTED_DES_RULE,False,False,True,False,True,False,False,True,,76.241
octadecanoic acid,decanoic acid,0.1988,0.8012,317.93,317.06937,18.87,0.9155,REJECTED_DES_RULE,False,False,True,False,True,False,False,True,,73.593
5-methyl-2-propan-2-ylphenol,decanoic acid,0.9,0.1,318.01,318.4664,18.17,0.9555,REJECTED_DES_RULE,False,False,True,False,True,False,False,True,,76.426
2-(trimethylazaniumyl)acetate,2-hydroxybutanedioic acid,0.5,0.5,318.15,318.4371,30.35,0.2555,PASS_WARMTEMP,True,False,False,False,True,False,True,True,,68.4
hexadecan-1-ol,5-methyl-2-propan-2-ylphenol,0.1,0.9,318.2,318.43954,18.08,0.9611,PASS_WARMTEMP,True,False,False,False,True,False,False,True,,96.626
5-methyl-2-propan-2-ylphenol,dodecanoic acid,0.9,0.1,318.22,319.12833,17.81,0.9767,REJECTED_DES_RULE,False,False,True,False,True,False,False,True,,77.858
5-methyl-2-propan-2-ylphenol,hexadecanoic acid,0.7,0.3,318.25,318.1586,18.59,0.9319,PASS_WARMTEMP,True,False,False,False,True,False,False,True,,95.21
5-methyl-2-propan-2-ylphenol,tetradecanoic acid,0.9,0.1,318.44,317.9504,18.19,0.9547,PASS_WARMTEMP,True,False,False,False,True,False,False,True,,95.938
5-methyl-2-propan-2-ylphenol,octanoic acid,0.91,0.09,318.49,318.47137,18.72,0.9241,REJECTED_DES_RULE,False,False,True,False,True,False,False,True,,75.174
octadecan-1-ol,5-methyl-2-propan-2-ylphenol,0.1,0.9,318.6,317.67648,18.22,0.9531,PASS_WARMTEMP,True,False,False,False,True,False,False,True,,95.633
hexadecan-1-ol,5-methyl-2-propan-2-ylphenol,0.797,0.203,318.8,318.58115,18.28,0.9493,PASS_WARMTEMP,True,False,False,False,True,False,False,True,,96.279
octadecan-1-ol,"(1R,2S,5R)-5-methyl-2-propan-2-ylcyclohexan-1-ol",0.401,0.599,318.9,318.60107,18.19,0.9548,REJECTED_DES_RULE,False,False,True,False,True,False,False,True,,76.516
5-methyl-2-propan-2-ylphenol,tetradecan-1-ol,0.9,0.1,319.0,318.95615,18.05,0.9628,REJECTED_DES_RULE,False,False,True,False,True,False,False,True,,77.15
tetradecanoic acid,dodecanoic acid,0.6998,0.3002,319.37,319.2439,17.85,0.9743,REJECTED_DES_RULE,False,False,True,False,True,False,False,True,,77.864
hexadecan-1-ol,"(1R,2S,5R)-5-methyl-2-propan-2-ylcyclohexan-1-ol",0.801,0.199,319.4,319.7708,17.76,0.979,REJECTED_DES_RULE,False,False,True,False,True,False,False,True,,78.517
Lidocaine,DL-camphor,0.705,0.295,319.4,319.2476,22.18,0.7255,PASS_WARMTEMP,True,False,False,False,True,False,False,True,,87.915
5-methyl-2-propan-2-ylphenol,tetradecanoic acid,0.3,0.7,319.51,319.6807,18.17,0.9555,PASS_WARMTEMP,True,False,False,False,True,False,False,True,,97.497
tetradecanoic acid,decanoic acid,0.7003,0.2997,319.72,319.98502,18.33,0.9467,REJECTED_DES_RULE,False,False,True,False,True,False,False,True,,77.414
"(1R,2S,5R)-5-methyl-2-propan-2-ylcyclohexan-1-ol",tetradecanoic acid,0.3,0.7,319.74,320.00018,18.43,0.9409,REJECTED_DES_RULE,False,True,False,False,True,False,False,True,,77.195
hexadecanoic acid,tetradecanoic acid,0.2797,0.7203,319.96,320.65576,19.18,0.8979,PASS_WARMTEMP,True,False,False,False,True,False,False,True,,95.779
Menthol,Ibuprofen,0.56,0.44,319.964,319.96628,20.83,0.8029,REJECTED_DES_RULE,False,True,False,False,True,False,False,True,,71.645
hexadecanoic acid,decanoic acid,0.4002,0.5998,320.07,319.78204,18.73,0.9236,REJECTED_DES_RULE,False,False,True,False,True,False,False,True,,76.311
hexadecanoic acid,tetradecanoic acid,0.3016,0.6984,320.42,320.39984,18.57,0.9326,PASS_WARMTEMP,True,False,False,False,True,False,False,True,,97.216
5-methyl-2-propan-2-ylphenol,hexadecanoic acid,0.6,0.4,320.48,320.99176,18.59,0.9319,PASS_WARMTEMP,True,False,False,False,True,False,False,True,,96.842
hexadecanoic acid,tetradecanoic acid,0.3502,0.6498,320.64,321.2998,19.48,0.8803,PASS_WARMTEMP,True,False,False,False,True,False,False,True,,94.506
1-methyl-4-prop-1-en-2-ylcyclohexene,tetradecanoic acid,0.666667,0.333333,320.65,320.70905,26.49,0.4774,REJECTED_DES_RULE,False,True,False,False,True,False,True,True,,58.912
hexadecan-1-ol,5-methyl-2-propan-2-ylphenol,0.897,0.103,320.8,320.82553,18.1,0.9599,PASS_WARMTEMP,True,False,False,False,True,False,False,True,,98.109
"1,3-dithiane","1,3,5-trifluoro-2,4,6-triiodobenzene",0.88,0.12,320.85,320.936,28.0,0.3906,PASS_WARMTEMP,True,False,False,False,True,False,True,True,,75.239
1-methyl-4-prop-1-en-2-ylcyclohexene,tetradecanoic acid,0.5,0.5,320.85,321.249,26.05,0.5029,REJECTED_DES_RULE,False,True,False,False,True,False,True,True,,59.455
hexadecan-1-ol,"(1R,2S,5R)-5-methyl-2-propan-2-ylcyclohexan-1-ol",0.896,0.104,321.0,321.72324,17.78,0.9782,REJECTED_DES_RULE,False,False,True,False,True,False,False,True,,78.049
hexadecanoic acid,tetradecanoic acid,0.3956,0.6044,321.18,320.94846,18.59,0.9315,PASS_WARMTEMP,True,False,False,False,True,False,False,True,,96.864
hexadecanoic acid,tetradecanoic acid,0.5501,0.4499,321.27,321.09518,20.07,0.8464,PASS_WARMTEMP,True,False,False,False,True,False,False,True,,93.331
hexadecanoic acid,tetradecanoic acid,0.4977,0.5023,321.75,322.15494,18.77,0.9215,PASS_WARMTEMP,True,False,False,False,True,False,False,True,,95.4
octadecan-1-ol,5-methyl-2-propan-2-ylphenol,0.6,0.4,321.8,320.5831,18.29,0.9487,PASS_WARMTEMP,True,False,False,False,True,False,False,True,,97.875
hexadecanoic acid,dodecanoic acid,0.5,0.5,321.88,322.64044,18.31,0.9478,REJECTED_DES_RULE,False,False,True,False,True,False,False,True,,76.023
"1,10-phenanthroline",5-methyl-2-propan-2-ylphenol,0.4051,0.5949,321.9421,321.74722,22.43,0.7111,PASS_WARMTEMP,True,False,False,False,True,False,False,True,,87.344
hexadecanoic acid,tetradecanoic acid,0.4495,0.5505,321.99,321.3377,20.51,0.8214,PASS_WARMTEMP,True,False,False,False,True,False,False,True,,92.117
octadecanoic acid,dodecanoic acid,0.2998,0.7002,322.13,321.35794,18.36,0.9446,REJECTED_DES_RULE,False,False,True,False,True,False,False,True,,77.027
octadecan-1-ol,"(1R,2S,5R)-5-methyl-2-propan-2-ylcyclohexan-1-ol",0.5,0.5,322.3,321.75916,18.14,0.9574,REJECTED_DES_RULE,False,False,True,False,True,False,False,True,,77.185
5-methyl-2-propan-2-ylphenol,tetradecanoic acid,0.2,0.8,322.41,322.91345,18.18,0.9551,PASS_WARMTEMP,True,False,False,False,True,False,False,True,,96.074
5-methyl-2-propan-2-ylphenol,octadecanoic acid,0.8,0.2,322.48,322.22806,18.56,0.9333,PASS_WARMTEMP,True,False,False,False,True,False,False,True,,95.807
tetradecanoic acid,decanoic acid,0.8032,0.1968,322.49,322.37607,18.37,0.9443,REJECTED_DES_RULE,False,False,True,False,True,False,False,True,,76.117
"1,10-phenanthroline",4-chloro-5-methyl-2-propan-2-ylphenol,0.209,0.791,322.5207,321.77386,21.27,0.7778,PASS_WARMTEMP,True,False,False,False,True,False,False,True,,89.988
hexadecanoic acid,decanoic acid,0.4968,0.5032,322.75,322.2588,18.6,0.9309,REJECTED_DES_RULE,False,False,True,False,True,False,False,True,,75.684
"(1R,2S,5R)-5-methyl-2-propan-2-ylcyclohexan-1-ol",hexadecanoic acid,0.6,0.4,322.82,322.30386,18.59,0.9319,REJECTED_DES_RULE,False,True,False,False,True,False,False,True,,75.684
"(1R,2S,5R)-5-methyl-2-propan-2-ylcyclohexan-1-ol",tetradecanoic acid,0.2,0.8,322.84,322.46472,18.43,0.9408,REJECTED_DES_RULE,False,True,False,False,True,False,False,True,,75.898
"(1R,2S,5R)-5-methyl-2-propan-2-ylcyclohexan-1-ol",octadecanoic acid,0.7,0.3,322.99,323.19254,18.47,0.9386,REJECTED_DES_RULE,False,True,False,False,True,False,False,True,,75.168
tetradecanoic acid,dodecanoic acid,0.8003,0.1997,323.24,323.1735,17.97,0.9674,REJECTED_DES_RULE,False,False,True,False,True,False,False,True,,76.337
"1,3-dithiane","1,2,3,4-tetrafluoro-5,6-diiodobenzene",0.898,0.102,323.256,322.94955,18.05,0.9627,PASS_WARMTEMP,True,False,False,False,True,False,False,True,,96.347
trioctylphosphine oxide,phenol,0.9,0.1,323.45,322.58734,17.81,0.9763,REJECTED_DES_RULE,False,False,True,False,True,False,False,True,,77.21
Menthol,Ibuprofen,0.46,0.54,323.526,322.95554,20.83,0.8029,REJECTED_DES_RULE,False,True,False,False,True,False,False,True,,69.949
2-[4-(2-methylpropyl)phenyl]propanoic acid,hexadecanoic acid,0.5,0.5,323.69,324.3227,19.57,0.8753,PASS_WARMTEMP,True,False,False,False,True,False,False,True,,91.639
hexadecanoic acid,tetradecanoic acid,0.1501,0.8499,324.04,323.4681,19.38,0.8864,PASS_WARMTEMP,True,False,False,False,True,False,False,True,,92.837
"1,3-dithiane","1,2,3,4-tetrafluoro-5,6-diiodobenzene",0.099,0.901,324.214,324.10516,18.05,0.9629,PASS_WARMTEMP,True,False,False,False,True,False,False,True,,95.335
5-methyl-2-propan-2-ylphenol,hexadecanoic acid,0.5,0.5,324.31,323.59097,18.59,0.9319,REJECTED_DES_RULE,False,True,False,False,True,False,False,True,,74.549
octadecanoic acid,decanoic acid,0.2956,0.7044,324.43,323.7117,18.85,0.9169,REJECTED_DES_RULE,False,False,True,False,True,False,False,True,,73.842
octadecan-1-ol,5-methyl-2-propan-2-ylphenol,0.699,0.301,324.6,324.95486,18.24,0.952,REJECTED_DES_RULE,False,False,True,False,True,False,False,True,,74.149
1-methyl-4-prop-1-en-2-ylcyclohexene,tetradecanoic acid,0.333333,0.666667,324.75,324.51743,27.68,0.409,REJECTED_DES_RULE,False,True,False,False,True,False,True,True,,52.815
"(1R,2S,5R)-5-methyl-2-propan-2-ylcyclohexan-1-ol",tetradecanoic acid,0.1,0.9,324.97,325.59204,18.43,0.9409,REJECTED_DES_RULE,False,True,False,False,True,False,False,True,,73.143
tetradecanoic acid,decanoic acid,0.9014,0.0986,325.01,324.8181,18.39,0.9431,REJECTED_DES_RULE,False,False,True,False,True,False,False,True,,73.914
2-[4-(2-methylpropyl)phenyl]propanoic acid,dodecanoic acid,0.7077,0.2923,325.03,325.16193,19.04,0.9058,REJECTED_DES_RULE,False,False,True,False,True,False,False,True,,72.119
octadecan-1-ol,"(1R,2S,5R)-5-methyl-2-propan-2-ylcyclohexan-1-ol",0.6,0.4,325.1,326.1814,18.27,0.95,REJECTED_DES_RULE,False,False,True,False,True,False,False,True,,72.987
"(1R,2S,5R)-5-methyl-2-propan-2-ylcyclohexan-1-ol",hexadecanoic acid,0.5,0.5,325.36,325.13153,18.64,0.9288,REJECTED_DES_RULE,False,True,False,False,True,False,False,True,,73.065
5-methyl-2-propan-2-ylphenol,octadecanoic acid,0.7,0.3,325.51,325.51056,18.56,0.9333,REJECTED_DES_RULE,False,True,False,False,True,False,False,True,,72.911
hexadecanoic acid,tetradecanoic acid,0.0996,0.9004,325.54,325.60678,18.56,0.9332,PASS_WARMTEMP,True,False,False,False,True,False,False,True,,92.822
tetradecanoic acid,dodecanoic acid,0.8996,0.1004,325.72,325.771,17.87,0.9731,REJECTED_DES_RULE,False,False,True,False,True,False,False,True,,74.273
5-methyl-2-propan-2-ylphenol,tetradecanoic acid,0.1,0.9,325.83,325.98105,18.17,0.9555,REJECTED_DES_RULE,False,True,False,False,True,False,False,True,,73.384
hexadecanoic acid,tetradecanoic acid,0.5998,0.4002,326.0,326.3221,18.61,0.9302,PASS_WARMTEMP,True,False,False,False,True,False,False,True,,92.071
hexadecanoic acid,decanoic acid,0.6009,0.3991,326.06,326.22263,18.65,0.9282,REJECTED_DES_RULE,False,False,True,False,True,False,False,True,,72.079
"1,4-dithiane","1,2,3,4-tetrafluoro-5,6-diiodobenzene",0.17,0.83,326.15,326.09866,25.88,0.5127,REJECTED_DES_RULE,False,False,True,False,True,False,True,True,,55.568
2-(trimethylazaniumyl)acetate,benzoic acid,0.4,0.6,326.15,327.30237,21.75,0.7502,PASS_WARMTEMP,True,False,False,False,True,False,False,True,,84.006
Lidocaine,DL-camphor,0.778,0.222,326.5,326.69543,22.23,0.7222,PASS_WARMTEMP,True,False,False,False,True,False,False,True,,83.421
octadecan-1-ol,"(1R,2S,5R)-5-methyl-2-propan-2-ylcyclohexan-1-ol",0.7,0.3,327.3,326.2404,18.14,0.9574,REJECTED_DES_RULE,False,False,True,False,True,False,False,True,,73.231
"(1R,2S,5R)-5-methyl-2-propan-2-ylcyclohexan-1-ol",hexadecanoic acid,0.41,0.59,327.3,327.7766,18.8,0.9194,REJECTED_DES_RULE,False,True,False,False,True,False,False,True,,70.355
5-methyl-2-propan-2-ylphenol,hexadecanoic acid,0.4,0.6,327.45,327.6383,18.65,0.9279,REJECTED_DES_RULE,False,True,False,False,True,False,False,True,,70.817
Menthol,Testosterone,0.756,0.244,327.603,327.5118,22.68,0.6965,REJECTED_DES_RULE,False,True,False,False,True,False,False,True,,61.673
octadecanoic acid,decanoic acid,0.4028,0.5972,327.79,327.91373,19.04,0.9059,REJECTED_DES_RULE,False,False,True,False,True,False,False,True,,69.694
octadecan-1-ol,5-methyl-2-propan-2-ylphenol,0.799,0.201,327.9,328.34253,18.34,0.9462,REJECTED_DES_RULE,False,False,True,False,True,False,False,True,,70.928
hexadecanoic acid,tetradecanoic acid,0.6509,0.3491,328.01,327.86414,20.5,0.8218,REJECTED_DES_RULE,False,False,True,False,True,False,False,True,,66.374
"1,10-phenanthroline",4-chloro-5-methyl-2-propan-2-ylphenol,0.1061,0.8939,328.3058,328.72003,21.25,0.7788,PASS_WARMTEMP,True,False,False,False,True,False,False,True,,83.899
2-(trimethylazaniumyl)acetate,5-methyl-2-propan-2-ylphenol,0.397,0.603,328.5,327.99237,21.16,0.7836,REJECTED_DES_RULE,False,False,True,False,True,False,False,True,,64.733
octadecanoic acid,dodecanoic acid,0.3993,0.6007,328.53,328.54153,18.67,0.9273,REJECTED_DES_RULE,False,False,True,False,True,False,False,True,,69.997
2-[4-(2-methylpropyl)phenyl]propanoic acid,hexadecanoic acid,0.4034,0.5966,328.79,328.97418,19.55,0.8763,PASS_WARMTEMP,True,False,False,False,True,False,False,True,,87.575
hexadecanoic acid,decanoic acid,0.7007,0.2993,328.87,329.0734,18.64,0.9287,REJECTED_DES_RULE,False,False,True,False,True,False,False,True,,69.583
5-methyl-2-propan-2-ylphenol,hexadecanoic acid,0.3,0.7,329.0,329.2362,18.63,0.9292,REJECTED_DES_RULE,False,True,False,False,True,False,False,True,,69.46
octadecanoic acid,hexadecanoic acid,0.3004,0.6996,329.06,329.54514,19.11,0.9019,PASS_WARMTEMP,True,False,False,False,True,False,False,True,,88.095
hexadecanoic acid,dodecanoic acid,0.7,0.3,329.19,328.73688,18.22,0.9526,REJECTED_DES_RULE,False,False,True,False,True,False,False,True,,70.836
Lidocaine,DL-camphor,0.349,0.651,329.4,329.4302,22.5,0.7068,PASS_WARMTEMP,True,False,False,False,True,False,False,True,,80.392
5-methyl-2-propan-2-ylphenol,octadecanoic acid,0.6,0.4,329.42,329.21188,18.81,0.919,REJECTED_DES_RULE,False,True,False,False,True,False,False,True,,69.073
hexadecanoic acid,tetradecanoic acid,0.6973,0.3027,329.63,329.7734,18.58,0.9324,REJECTED_DES_RULE,False,False,True,False,True,False,False,True,,69.114
Lidocaine,DL-camphor,0.838,0.162,329.8,329.86777,22.56,0.7034,PASS_WARMTEMP,True,False,False,False,True,False,False,True,,79.87
octadecanoic acid,hexadecanoic acid,0.2009,0.7991,329.86,330.48776,19.33,0.8888,PASS_WARMTEMP,True,False,False,False,True,False,False,True,,86.739
"(1R,2S,5R)-5-methyl-2-propan-2-ylcyclohexan-1-ol",hexadecanoic acid,0.3,0.7,329.91,329.8305,18.64,0.9286,REJECTED_DES_RULE,False,True,False,False,True,False,False,True,,68.911
octadecan-1-ol,"(1R,2S,5R)-5-methyl-2-propan-2-ylcyclohexan-1-ol",0.9,0.1,330.1,330.6835,18.15,0.9567,REJECTED_DES_RULE,False,False,True,False,True,False,False,True,,69.283
octadecanoic acid,hexadecanoic acid,0.4002,0.5998,330.38,330.3574,19.14,0.8998,PASS_WARMTEMP,True,False,False,False,True,False,False,True,,87.294
octadecan-1-ol,5-methyl-2-propan-2-ylphenol,0.899,0.101,330.6,330.87262,18.21,0.9533,REJECTED_DES_RULE,False,False,True,False,True,False,False,True,,68.98
Menthol,Ibuprofen,0.35,0.65,330.652,330.6657,21.1,0.7872,REJECTED_DES_RULE,False,True,False,False,True,False,False,True,,62.518
octadecanoic acid,hexadecanoic acid,0.5003,0.4997,330.76,330.38864,19.14,0.8999,PASS_WARMTEMP,True,False,False,False,True,False,False,True,,87.271
"(1R,2S,5R)-5-methyl-2-propan-2-ylcyclohexan-1-ol",octadecanoic acid,0.6,0.4,330.76,330.5089,18.85,0.9167,REJECTED_DES_RULE,False,True,False,False,True,False,False,True,,67.837
hexadecanoic acid,tetradecanoic acid,0.7483,0.2517,330.77,330.63678,20.68,0.8117,REJECTED_DES_RULE,False,False,True,False,True,False,False,True,,63.524
octadecanoic acid,decanoic acid,0.4968,0.5032,330.81,330.75943,19.04,0.9055,REJECTED_DES_RULE,False,False,True,False,True,False,False,True,,67.168
2-[4-(2-methylpropyl)phenyl]propanoic acid,hexadecanoic acid,0.6005,0.3995,331.22,331.05853,19.52,0.8783,PASS_WARMTEMP,True,False,False,False,True,False,False,True,,85.816
hexadecanoic acid,decanoic acid,0.8019,0.1981,331.23,331.39722,18.65,0.9281,REJECTED_DES_RULE,False,False,True,False,True,False,False,True,,67.509
2-[4-(2-methylpropyl)phenyl]propanoic acid,hexadecanoic acid,0.302,0.698,331.38,331.4065,19.47,0.8813,PASS_WARMTEMP,True,False,False,False,True,False,False,True,,85.629
5-methyl-2-propan-2-ylphenol,hexadecanoic acid,0.21,0.79,331.72,331.60767,18.8,0.9194,REJECTED_DES_RULE,False,True,False,False,True,False,False,True,,66.975
hexadecanoic acid,dodecanoic acid,0.8,0.2,331.76,331.8953,18.44,0.9404,REJECTED_DES_RULE,False,False,True,False,True,False,False,True,,67.561
2-[4-(2-methylpropyl)phenyl]propanoic acid,dodecanoic acid,0.8008,0.1992,331.8,331.8991,18.98,0.9091,REJECTED_DES_RULE,False,False,True,False,True,False,False,True,,66.306
hexadecanoic acid,tetradecanoic acid,0.798,0.202,331.87,331.50882,18.65,0.9279,REJECTED_DES_RULE,False,False,True,False,True,False,False,True,,67.402
octadecanoic acid,dodecanoic acid,0.5001,0.4999,331.93,331.8268,18.49,0.9376,REJECTED_DES_RULE,False,False,True,False,True,False,False,True,,67.51
2-(trimethylazaniumyl)acetate,octadecan-1-ol,0.1,0.9,332.1,330.7303,20.07,0.8463,PASS_WARMTEMP,True,False,False,False,True,False,False,True,,84.825
"(1R,2S,5R)-5-methyl-2-propan-2-ylcyclohexan-1-ol",hexadecanoic acid,0.2,0.8,332.2,331.88095,18.65,0.9279,REJECTED_DES_RULE,False,True,False,False,True,False,False,True,,67.074
2-[4-(2-methylpropyl)phenyl]propanoic acid,hexadecanoic acid,0.2021,0.7979,332.53,332.32858,19.77,0.8637,PASS_WARMTEMP,True,False,False,False,True,False,False,True,,84.111
5-methyl-2-propan-2-ylphenol,octadecanoic acid,0.5,0.5,332.62,333.04697,18.81,0.919,REJECTED_DES_RULE,False,True,False,False,True,False,False,True,,65.689
"(1R,2S,5R)-5-methyl-2-propan-2-ylcyclohexan-1-ol",octadecanoic acid,0.5,0.5,332.85,333.85403,18.88,0.9148,REJECTED_DES_RULE,False,True,False,False,True,False,False,True,,64.809
hexadecanoic acid,decanoic acid,0.8793,0.1207,332.87,332.75775,19.38,0.8862,REJECTED_DES_RULE,False,False,True,False,True,False,False,True,,64.632
hexadecanoic acid,tetradecanoic acid,0.849,0.151,332.87,332.53458,21.12,0.7859,REJECTED_DES_RULE,False,False,True,False,True,False,False,True,,60.817
"(1R,2S,5R)-5-methyl-2-propan-2-ylcyclohexan-1-ol",hexadecanoic acid,0.1,0.9,333.43,334.0181,18.65,0.9279,REJECTED_DES_RULE,False,True,False,False,True,False,False,True,,65.188
octadecanoic acid,hexadecanoic acid,0.1185,0.8815,333.64,333.62714,19.49,0.88,PASS_WARMTEMP,True,False,False,False,True,False,False,True,,83.617
2-[4-(2-methylpropyl)phenyl]propanoic acid,hexadecanoic acid,0.1318,0.8682,333.69,334.0783,19.94,0.854,PASS_WARMTEMP,True,False,False,False,True,False,False,True,,82.179
octadecanoic acid,hexadecanoic acid,0.5999,0.4001,333.9,333.455,19.13,0.9008,PASS_WARMTEMP,True,False,False,False,True,False,False,True,,84.601
hexadecanoic acid,dodecanoic acid,0.8999,0.1001,333.95,334.05734,18.22,0.9526,REJECTED_DES_RULE,False,False,True,False,True,False,False,True,,66.142
hexadecanoic acid,tetradecanoic acid,0.899,0.101,334.06,333.9842,18.57,0.933,REJECTED_DES_RULE,False,False,True,False,True,False,False,True,,65.422
5-methyl-2-propan-2-ylphenol,hexadecanoic acid,0.11,0.89,334.1,334.25217,18.8,0.9194,REJECTED_DES_RULE,False,True,False,False,True,False,False,True,,64.642
octadecanoic acid,decanoic acid,0.605,0.395,334.28,333.8496,19.06,0.9044,REJECTED_DES_RULE,False,False,True,False,True,False,False,True,,64.397
"1,10-phenanthroline",4-chloro-5-methyl-2-propan-2-ylphenol,0.8006,0.1994,334.6694,334.99277,20.75,0.8072,REJECTED_DES_RULE,False,False,True,False,True,False,False,True,,59.5
5-methyl-2-propan-2-ylphenol,octadecanoic acid,0.4,0.6,334.71,335.23953,18.86,0.9163,REJECTED_DES_RULE,False,True,False,False,True,False,False,True,,63.647
2-(trimethylazaniumyl)acetate,octadecan-1-ol,0.2,0.8,334.8,335.37354,21.32,0.7749,REJECTED_DES_RULE,False,False,True,False,True,False,False,True,,57.872
octadecanoic acid,dodecanoic acid,0.5995,0.4005,334.86,334.86288,18.66,0.9275,REJECTED_DES_RULE,False,False,True,False,True,False,False,True,,64.427
"1,3-dithiane","1,2,4,5-tetrafluoro-3,6-diiodobenzene",0.74,0.26,335.05,335.06677,25.75,0.5203,REJECTED_DES_RULE,False,True,False,False,True,False,True,True,,47.959
2-(trimethylazaniumyl)acetate,"(2S,4R)-pentane-1,2,3,4,5-pentol",0.35,0.65,335.08,335.7816,21.06,0.7898,PASS_WARMTEMP,True,False,False,False,True,False,False,True,,78.108
"(4S,4aS,5aS,6S,12aR)-4-(dimethylamino)-1,6,10,11,12a-pentahydroxy-6-methyl-3,12-dioxo-4,4a,5,5a-tetrahydrotetracene-2-carboxamide","propane-1,2,3-triol",0.33,0.67,335.15,334.6964,21.38,0.771,REJECTED_DES_RULE,False,False,True,False,True,False,False,True,,58.314
"(1R,2S,5R)-5-methyl-2-propan-2-ylcyclohexan-1-ol",octadecanoic acid,0.4,0.6,335.17,335.58643,18.91,0.9134,REJECTED_DES_RULE,False,True,False,False,True,False,False,True,,63.224
2-(trimethylazaniumyl)acetate,octadecan-1-ol,0.3,0.7,335.4,335.5499,20.08,0.8461,REJECTED_DES_RULE,False,False,True,False,True,False,False,True,,60.565
hexadecanoic acid,tetradecanoic acid,0.951,0.049,335.41,335.5923,21.34,0.7738,REJECTED_DES_RULE,False,False,True,False,True,False,False,True,,57.635
pyridine-3-carboxamide,2-hydroxyacetic acid,0.3041,0.6959,335.7143,335.29053,24.32,0.6022,PASS_WARMTEMP,True,False,False,False,True,False,False,True,,71.038
octadecanoic acid,decanoic acid,0.7033,0.2967,336.62,336.40002,19.04,0.9056,REJECTED_DES_RULE,False,False,True,False,True,False,False,True,,62.195
"(1R,2S,5R)-5-methyl-2-propan-2-ylcyclohexan-1-ol",octadecanoic acid,0.31,0.69,336.77,336.73184,19.05,0.9052,REJECTED_DES_RULE,False,True,False,False,True,False,False,True,,61.886
Lidocaine,DL-camphor,0.923,0.077,337.1,336.89954,22.64,0.6986,PASS_WARMTEMP,True,False,False,False,True,False,False,True,,73.474
Menthol,Ibuprofen,0.24,0.76,337.13,337.3736,20.69,0.8108,REJECTED_DES_RULE,False,True,False,False,True,False,False,True,,57.544
octadecanoic acid,dodecanoic acid,0.7001,0.2999,337.16,337.04404,18.48,0.9381,REJECTED_DES_RULE,False,False,True,False,True,False,False,True,,62.926
2-(trimethylazaniumyl)acetate,benzoic acid,0.5,0.5,337.35,337.56912,21.8,0.7471,PASS_WARMTEMP,True,False,False,False,True,False,False,True,,74.823
5-methyl-2-propan-2-ylphenol,octadecanoic acid,0.3,0.7,337.45,337.2126,18.88,0.915,REJECTED_DES_RULE,False,True,False,False,True,False,False,True,,61.854
octadecanoic acid,hexadecanoic acid,0.7001,0.2999,337.49,337.728,19.55,0.8765,REJECTED_DES_RULE,False,False,True,False,True,False,False,True,,59.859
octadecanoic acid,decanoic acid,0.8011,0.1989,338.62,338.62616,19.04,0.9057,REJECTED_DES_RULE,False,False,True,False,True,False,False,True,,60.234
2-[4-(2-methylpropyl)phenyl]propanoic acid,dodecanoic acid,0.8994,0.1006,338.64,338.5314,18.93,0.9119,REJECTED_DES_RULE,False,False,True,False,True,False,False,True,,60.566
"(1R,2S,5R)-5-methyl-2-propan-2-ylcyclohexan-1-ol",octadecanoic acid,0.2,0.8,338.68,338.9635,18.9,0.914,REJECTED_DES_RULE,False,True,False,False,True,False,False,True,,60.269
5-methyl-2-propan-2-ylphenol,octadecanoic acid,0.2,0.8,339.37,339.1969,18.87,0.9156,REJECTED_DES_RULE,False,True,False,False,True,False,False,True,,60.127
octadecanoic acid,dodecanoic acid,0.8006,0.1994,339.38,339.11096,18.55,0.9341,REJECTED_DES_RULE,False,False,True,False,True,False,False,True,,60.943
octadecanoic acid,hexadecanoic acid,0.8,0.2,339.79,338.65436,19.16,0.8987,REJECTED_DES_RULE,False,False,True,False,True,False,False,True,,59.929
pyridine-3-carboxamide,2-hydroxyacetic acid,0.6057,0.3943,340.1478,340.04248,22.66,0.6975,PASS_WARMTEMP,True,False,False,False,True,False,False,True,,70.657
2-[4-(2-methylpropyl)phenyl]propanoic acid,hexadecanoic acid,0.8065,0.1935,340.64,340.75867,19.6,0.8736,REJECTED_DES_RULE,False,False,True,False,True,False,False,True,,57.069
octadecanoic acid,decanoic acid,0.8987,0.1013,340.66,341.2347,19.25,0.8939,REJECTED_DES_RULE,False,False,True,False,True,False,False,True,,57.461
"(1R,2S,5R)-5-methyl-2-propan-2-ylcyclohexan-1-ol",octadecanoic acid,0.1,0.9,340.88,340.40994,18.87,0.9158,REJECTED_DES_RULE,False,True,False,False,True,False,False,True,,59.064
5-methyl-2-propan-2-ylphenol,octadecanoic acid,0.1,0.9,341.05,340.88565,18.91,0.9134,REJECTED_DES_RULE,False,True,False,False,True,False,False,True,,58.549
octadecanoic acid,dodecanoic acid,0.8997,0.1003,341.47,341.1754,18.43,0.9408,REJECTED_DES_RULE,False,False,True,False,True,False,False,True,,59.389
octadecanoic acid,hexadecanoic acid,0.8996,0.1004,341.61,342.11832,19.14,0.9003,REJECTED_DES_RULE,False,False,True,False,True,False,False,True,,56.937
Lidocaine,DL-camphor,0.979,0.021,341.7,341.81683,24.33,0.6018,REJECTED_DES_RULE,False,True,False,False,True,False,False,True,,45.263
Menthol,Ibuprofen,0.13,0.87,342.636,342.50638,20.1,0.8446,REJECTED_DES_RULE,False,True,False,False,True,False,False,True,,54.367
2-(trimethylazaniumyl)acetate,octadecanoic acid,0.1,0.9,343.0,343.1182,20.49,0.8226,OUTSIDE_TARGET_RANGE,True,False,False,False,False,False,False,True,,
2-[4-(2-methylpropyl)phenyl]propanoic acid,hexadecanoic acid,0.9029,0.0971,343.91,344.2051,19.54,0.8772,REJECTED_DES_RULE,False,False,True,False,False,False,False,True,,
2-(trimethylazaniumyl)acetate,octadecan-1-ol,0.399,0.601,344.2,345.77423,20.1,0.8447,REJECTED_DES_RULE,False,False,True,False,False,False,False,True,,
2-(trimethylazaniumyl)acetate,"(2S,4R)-pentane-1,2,3,4,5-pentol",0.25,0.75,344.76,344.82172,21.66,0.755,OUTSIDE_TARGET_RANGE,True,False,False,False,False,False,False,True,,
"1,10-phenanthroline",5-methyl-2-propan-2-ylphenol,0.6334,0.3666,346.2397,345.97626,21.83,0.7455,REJECTED_DES_RULE,False,False,True,False,False,False,False,True,,
pyridine-3-carboxamide,2-hydroxyacetic acid,0.701,0.299,346.798,346.80652,22.7,0.6951,OUTSIDE_TARGET_RANGE,True,False,False,False,False,False,False,True,,
2-(trimethylazaniumyl)acetate,2-hydroxybenzoic acid,0.298,0.702,347.8,347.90414,22.04,0.7335,OUTSIDE_TARGET_RANGE,True,False,False,False,False,False,False,True,,
2-(trimethylazaniumyl)acetate,benzoic acid,0.333,0.667,347.98,346.89825,20.83,0.8029,OUTSIDE_TARGET_RANGE,True,False,False,False,False,False,False,True,,
2-(trimethylazaniumyl)acetate,octadecanoic acid,0.2,0.8,351.0,351.07498,21.0,0.7931,REJECTED_DES_RULE,False,False,True,False,False,False,False,True,,
2-(trimethylazaniumyl)acetate,benzoic acid,0.3,0.7,353.8,354.3688,20.98,0.7944,OUTSIDE_TARGET_RANGE,True,False,False,False,False,False,False,True,,
2-(trimethylazaniumyl)acetate,octadecanoic acid,0.3,0.7,355.0,354.90762,19.58,0.8748,REJECTED_DES_RULE,False,False,True,False,False,False,False,True,,
"1,10-phenanthroline",5-methyl-2-propan-2-ylphenol,0.717,0.283,356.6529,356.63943,21.27,0.7776,REJECTED_DES_RULE,False,False,True,False,False,False,False,True,,
Lidocaine,DL-camphor,0.282,0.718,357.8,356.9219,22.38,0.714,REJECTED_DES_RULE,False,True,False,False,False,False,False,True,,
2-(trimethylazaniumyl)acetate,5-methyl-2-propan-2-ylphenol,0.499,0.501,359.2,360.97397,19.88,0.8572,REJECTED_DES_RULE,False,False,True,False,False,False,False,True,,
2-(trimethylazaniumyl)acetate,urea,0.192,0.808,359.3,359.95105,23.36,0.6574,OUTSIDE_TARGET_RANGE,True,False,False,False,False,False,False,True,,
2-(trimethylazaniumyl)acetate,2-hydroxybenzoic acid,0.199,0.801,359.7,359.98328,22.75,0.6927,OUTSIDE_TARGET_RANGE,True,False,False,False,False,False,False,True,,
2-(trimethylazaniumyl)acetate,2-hydroxybenzoic acid,0.398,0.602,360.8,361.34668,22.36,0.7148,OUTSIDE_TARGET_RANGE,True,False,False,False,False,False,False,True,,
2-(trimethylazaniumyl)acetate;hydrate,propanoic acid,0.335,0.665,360.871,361.1512,22.49,0.7073,REJECTED_DES_RULE,False,False,True,False,False,False,False,True,,
"1,4-dithiane","1,2,4,5-tetrafluoro-3,6-diiodobenzene",0.42,0.58,362.15,361.982,26.0,0.506,OUTSIDE_TARGET_RANGE,True,False,False,False,False,False,True,True,,
"1,10-phenanthroline",4-chloro-5-methyl-2-propan-2-ylphenol,0.9003,0.0997,363.595,363.00253,21.12,0.7862,REJECTED_DES_RULE,False,False,True,False,False,False,False,True,,
2-(trimethylazaniumyl)acetate,"(2R,3R,4R,5S)-hexane-1,2,3,4,5,6-hexol",0.1,0.9,363.9,365.10577,22.63,0.6997,OUTSIDE_TARGET_RANGE,True,False,False,False,False,False,False,True,,
pyridine-3-carboxamide,2-hydroxyacetic acid,0.8067,0.1933,366.0099,365.89224,22.5,0.707,REJECTED_DES_RULE,False,False,True,False,False,False,False,True,,
"(3S,4R,5R)-2-(hydroxymethyl)oxane-2,3,4,5-tetrol","(2R,3R,4S,5S,6R)-2-[(2S,3S,4S,5R)-3,4-dihydroxy-2,5-bis(hydroxymethyl)oxolan-2-yl]oxy-6-(hydroxymethyl)oxane-3,4,5-triol",0.8021,0.1979,367.5159,367.89297,22.61,0.7006,OUTSIDE_TARGET_RANGE,True,False,False,False,False,False,False,True,,
"1,10-phenanthroline",5-methyl-2-propan-2-ylphenol,0.8039,0.1961,368.2231,367.6685,21.03,0.7912,REJECTED_DES_RULE,False,False,True,False,False,False,False,True,,
Menthol,Testosterone,0.672,0.328,368.238,367.51166,22.77,0.6911,REJECTED_DES_RULE,False,True,False,False,False,False,False,True,,
2-(trimethylazaniumyl)acetate,urea,0.299,0.701,369.5,369.22104,21.04,0.791,OUTSIDE_TARGET_RANGE,True,False,False,False,False,False,False,True,,
Lidocaine,DL-camphor,0.22,0.78,370.5,370.43442,20.72,0.8093,REJECTED_DES_RULE,False,True,False,False,False,False,False,True,,
"(3S,4R,5R)-2-(hydroxymethyl)oxane-2,3,4,5-tetrol","(3R,4S,5S,6R)-6-(hydroxymethyl)oxane-2,3,4,5-tetrol",0.7046,0.2954,370.61,370.78165,23.77,0.6338,OUTSIDE_TARGET_RANGE,True,False,False,False,False,False,False,True,,
2-(trimethylazaniumyl)acetate,"(1R,2S,5R)-5-methyl-2-propan-2-ylcyclohexan-1-ol",0.498,0.502,371.7,370.77112,20.78,0.8055,REJECTED_DES_RULE,False,False,True,False,False,False,False,True,,
"1,4-dithiane","1,3,5-trifluoro-2,4,6-triiodobenzene",0.65,0.35,373.15,372.96518,26.16,0.4967,OUTSIDE_TARGET_RANGE,True,False,False,False,False,False,True,True,,
Lidocaine,DL-camphor,0.203,0.797,374.8,375.75262,20.17,0.8406,REJECTED_DES_RULE,False,True,False,False,False,False,False,True,,
2-(trimethylazaniumyl)acetate;hydrate,propanoic acid,0.25,0.75,376.242,375.9949,21.99,0.7359,REJECTED_DES_RULE,False,False,True,False,False,False,False,True,,
"(3S,4R,5R)-2-(hydroxymethyl)oxane-2,3,4,5-tetrol","(3R,4S,5S,6R)-6-(hydroxymethyl)oxane-2,3,4,5-tetrol",0.7989,0.2011,376.9226,376.67325,23.63,0.6422,OUTSIDE_TARGET_RANGE,True,False,False,False,False,False,False,True,,
Menthol,Testosterone,0.602,0.398,377.127,377.45023,23.03,0.6766,REJECTED_DES_RULE,False,True,False,False,False,False,False,True,,
"(3S,4R,5R)-2-(hydroxymethyl)oxane-2,3,4,5-tetrol","(3R,4S,5S,6R)-6-(hydroxymethyl)oxane-2,3,4,5-tetrol",0.904,0.096,377.651,377.56805,24.15,0.6122,REJECTED_DES_RULE,False,True,False,False,False,False,False,True,,
"1,10-phenanthroline",5-methyl-2-propan-2-ylphenol,0.9003,0.0997,378.0579,378.0881,21.11,0.7865,REJECTED_DES_RULE,False,False,True,False,False,False,False,True,,
2-(trimethylazaniumyl)acetate;hydrate,"propane-1,2,3-triol",0.332,0.668,378.59,378.48996,21.66,0.7551,REJECTED_DES_RULE,False,False,True,False,False,False,False,True,,
"(3S,4R,5R)-2-(hydroxymethyl)oxane-2,3,4,5-tetrol","(2R,3R,4S,5S,6R)-2-[(2S,3S,4S,5R)-3,4-dihydroxy-2,5-bis(hydroxymethyl)oxolan-2-yl]oxy-6-(hydroxymethyl)oxane-3,4,5-triol",0.8942,0.1058,379.8608,379.97897,22.48,0.7079,REJECTED_DES_RULE,False,True,False,False,False,False,False,True,,
2-(trimethylazaniumyl)acetate,"(2R,3R,4R,5S)-hexane-1,2,3,4,5,6-hexol",0.198,0.802,381.0,380.40063,21.99,0.7362,REJECTED_DES_RULE,False,False,True,False,False,False,False,True,,
"(3S,4R,5R)-2-(hydroxymethyl)oxane-2,3,4,5-tetrol","(3R,4S,5S,6R)-6-(hydroxymethyl)oxane-2,3,4,5-tetrol",0.6022,0.3978,381.7785,381.81247,23.67,0.6395,REJECTED_DES_RULE,False,True,False,False,False,False,False,True,,
2-(trimethylazaniumyl)acetate,"(1R,4R)-1,7,7-trimethylbicyclo[2.2.1]heptan-2-one",0.297,0.703,384.0,383.96957,23.41,0.6545,OUTSIDE_TARGET_RANGE,True,False,False,False,False,False,False,True,,
2-(trimethylazaniumyl)acetate;hydrate,"propane-1,2,3-triol",0.251,0.749,384.17,383.5755,21.93,0.7394,REJECTED_DES_RULE,False,False,True,False,False,False,False,True,,
"(3S,4R,5R)-2-(hydroxymethyl)oxane-2,3,4,5-tetrol","(2R,3R,4S,5S,6R)-2-[(2S,3S,4S,5R)-3,4-dihydroxy-2,5-bis(hydroxymethyl)oxolan-2-yl]oxy-6-(hydroxymethyl)oxane-3,4,5-triol",0.6968,0.3032,384.2179,384.38138,22.64,0.6988,REJECTED_DES_RULE,False,True,False,False,False,False,False,True,,
2-(trimethylazaniumyl)acetate,octadecanoic acid,0.4,0.6,385.0,382.1025,19.69,0.8684,REJECTED_DES_RULE,False,False,True,False,False,False,False,True,,
2-(trimethylazaniumyl)acetate,urea,0.38,0.62,386.3,385.32224,21.44,0.7676,OUTSIDE_TARGET_RANGE,True,False,False,False,False,False,False,True,,
Lidocaine,DL-camphor,0.181,0.819,387.2,387.42886,20.19,0.8395,REJECTED_DES_RULE,False,True,False,False,False,False,False,True,,
2-(trimethylazaniumyl)acetate,2-hydroxybenzoic acid,0.497,0.503,388.5,388.7616,22.31,0.7178,OUTSIDE_TARGET_RANGE,True,False,False,False,False,False,False,True,,
2-(trimethylazaniumyl)acetate,octadecan-1-ol,0.498,0.502,389.0,388.457,19.53,0.8778,REJECTED_DES_RULE,False,False,True,False,False,False,False,True,,
Menthol,Testosterone,0.502,0.498,389.825,389.78067,23.29,0.6613,REJECTED_DES_RULE,False,True,False,False,False,False,False,True,,
2-(trimethylazaniumyl)acetate;hydrate,"propane-1,2,3-triol",0.4,0.6,390.57,389.97607,23.58,0.6451,REJECTED_DES_RULE,False,False,True,False,False,False,False,True,,
2-(trimethylazaniumyl)acetate,urea,0.1,0.9,390.7,389.63696,23.35,0.6583,OUTSIDE_TARGET_RANGE,True,False,False,False,False,False,False,True,,
"(3S,4R,5R)-2-(hydroxymethyl)oxane-2,3,4,5-tetrol","(3R,4S,5S,6R)-6-(hydroxymethyl)oxane-2,3,4,5-tetrol",0.497,0.503,391.0046,390.89883,23.55,0.6467,REJECTED_DES_RULE,False,True,False,False,False,False,False,True,,
"4-amino-N-(1,3-thiazol-2-yl)benzenesulfonamide",urea,0.2,0.8,391.15,391.01343,31.45,0.1927,OUTSIDE_TARGET_RANGE,True,False,False,False,False,False,True,True,,
2-(trimethylazaniumyl)acetate;hydrate,"propane-1,2,3-triol",0.5,0.5,392.0,393.7131,22.47,0.7087,REJECTED_DES_RULE,False,False,True,False,False,False,False,True,,
2-(trimethylazaniumyl)acetate;hydrate,acetic acid,0.332,0.668,393.15,393.41614,21.62,0.7574,REJECTED_DES_RULE,False,False,True,False,False,False,False,True,,
2-(trimethylazaniumyl)acetate,"(1R,4R)-1,7,7-trimethylbicyclo[2.2.1]heptan-2-one",0.198,0.802,393.8,393.65414,23.4,0.6554,OUTSIDE_TARGET_RANGE,True,False,False,False,False,False,False,True,,
2-(trimethylazaniumyl)acetate,2-hydroxybenzoic acid,0.099,0.901,395.4,394.51007,22.86,0.6863,OUTSIDE_TARGET_RANGE,True,False,False,False,False,False,False,True,,
Menthol,Testosterone,0.401,0.599,396.175,395.96722,23.01,0.6776,REJECTED_DES_RULE,False,True,False,False,False,False,False,True,,
2-(trimethylazaniumyl)acetate;hydrate,acetic acid,0.252,0.748,396.253,396.68506,21.84,0.7445,REJECTED_DES_RULE,False,False,True,False,False,False,False,True,,
"benzene-1,4-diol","(1R,2S,5R)-5-methyl-2-propan-2-ylcyclohexan-1-ol",0.2,0.8,398.5,397.81116,25.58,0.5301,REJECTED_DES_RULE,False,False,True,False,False,False,True,True,,
Lidocaine,DL-camphor,0.151,0.849,399.2,398.83185,20.74,0.8078,REJECTED_DES_RULE,False,True,False,False,False,False,False,True,,
2-(trimethylazaniumyl)acetate,"(2R,3R,4R,5S)-hexane-1,2,3,4,5,6-hexol",0.299,0.701,399.3,398.54712,20.51,0.8211,REJECTED_DES_RULE,False,False,True,False,False,False,False,True,,
"(3S,4R,5R)-2-(hydroxymethyl)oxane-2,3,4,5-tetrol","(2R,3R,4S,5S,6R)-2-[(2S,3S,4S,5R)-3,4-dihydroxy-2,5-bis(hydroxymethyl)oxolan-2-yl]oxy-6-(hydroxymethyl)oxane-3,4,5-triol",0.6021,0.3979,400.5567,400.33365,22.09,0.7304,REJECTED_DES_RULE,False,True,False,False,False,False,False,True,,
"(3R,4S,5S,6R)-6-(hydroxymethyl)oxane-2,3,4,5-tetrol","(2R,3R,4S,5S,6R)-2-[(2S,3S,4S,5R)-3,4-dihydroxy-2,5-bis(hydroxymethyl)oxolan-2-yl]oxy-6-(hydroxymethyl)oxane-3,4,5-triol",0.6459,0.3541,402.2723,402.54507,21.82,0.7458,OUTSIDE_TARGET_RANGE,True,False,False,False,False,False,False,True,,
Urea,Sulfathiazole,0.93,0.07,402.5,402.61716,22.16,0.7264,OUTSIDE_TARGET_RANGE,True,False,False,False,False,False,False,True,,
"(3S,4R,5R)-2-(hydroxymethyl)oxane-2,3,4,5-tetrol","(3R,4S,5S,6R)-6-(hydroxymethyl)oxane-2,3,4,5-tetrol",0.3973,0.6027,403.8725,403.97195,23.55,0.6464,REJECTED_DES_RULE,False,True,False,False,False,False,False,True,,
2-(trimethylazaniumyl)acetate;hydrate,"propane-1,2-diol",0.252,0.748,405.273,405.593,22.0,0.7358,REJECTED_DES_RULE,False,False,True,False,False,False,False,True,,
"(3S,4R,5R)-2-(hydroxymethyl)oxane-2,3,4,5-tetrol","(3R,4S,5S,6R)-6-(hydroxymethyl)oxane-2,3,4,5-tetrol",0.3003,0.6997,405.8149,406.1758,23.8,0.6324,REJECTED_DES_RULE,False,True,False,False,False,False,False,True,,
"(3R,4S,5S,6R)-6-(hydroxymethyl)oxane-2,3,4,5-tetrol","(2R,3R,4S,5S,6R)-2-[(2S,3S,4S,5R)-3,4-dihydroxy-2,5-bis(hydroxymethyl)oxolan-2-yl]oxy-6-(hydroxymethyl)oxane-3,4,5-triol",0.7013,0.2987,406.1452,406.03763,23.31,0.6604,OUTSIDE_TARGET_RANGE,True,False,False,False,False,False,False,True,,
Urea,Sulfathiazole,0.97,0.03,406.2,406.15308,23.27,0.6626,REJECTED_DES_RULE,False,True,False,False,False,False,False,True,,
Lidocaine,DL-camphor,0.12,0.88,407.3,407.18118,21.0,0.7932,REJECTED_DES_RULE,False,True,False,False,False,False,False,True,,
2-(trimethylazaniumyl)acetate,urea,0.497,0.503,408.1,407.88052,22.06,0.7324,REJECTED_DES_RULE,False,False,True,False,False,False,False,True,,
"(3R,4S,5S,6R)-6-(hydroxymethyl)oxane-2,3,4,5-tetrol","(2R,3R,4S,5S,6R)-2-[(2S,3S,4S,5R)-3,4-dihydroxy-2,5-bis(hydroxymethyl)oxolan-2-yl]oxy-6-(hydroxymethyl)oxane-3,4,5-triol",0.7989,0.2011,408.5658,408.36734,24.24,0.607,OUTSIDE_TARGET_RANGE,True,False,False,False,False,False,False,True,,
2-(trimethylazaniumyl)acetate,"(1R,2S,5R)-5-methyl-2-propan-2-ylcyclohexan-1-ol",0.598,0.402,408.6,409.05322,21.11,0.7867,REJECTED_DES_RULE,False,False,True,False,False,False,False,True,,
2-(trimethylazaniumyl)acetate,octadecanoic acid,0.5,0.5,410.0,408.4863,19.69,0.8684,REJECTED_DES_RULE,False,False,True,False,False,False,False,True,,
"(3R,4S,5S,6R)-6-(hydroxymethyl)oxane-2,3,4,5-tetrol","(2R,3R,4S,5S,6R)-2-[(2S,3S,4S,5R)-3,4-dihydroxy-2,5-bis(hydroxymethyl)oxolan-2-yl]oxy-6-(hydroxymethyl)oxane-3,4,5-triol",0.5984,0.4016,410.9864,411.48822,21.08,0.7885,OUTSIDE_TARGET_RANGE,True,False,False,False,False,False,False,True,,
2-(trimethylazaniumyl)acetate;hydrate,"propane-1,2-diol",0.201,0.799,411.273,411.28256,23.91,0.6261,REJECTED_DES_RULE,False,False,True,False,False,False,False,True,,
2-(trimethylazaniumyl)acetate,2-hydroxybenzoic acid,0.597,0.403,411.8,411.5102,22.83,0.688,OUTSIDE_TARGET_RANGE,True,False,False,False,False,False,False,True,,
Menthol,Testosterone,0.196,0.804,412.048,412.0008,22.44,0.7104,REJECTED_DES_RULE,False,True,False,False,False,False,False,True,,
2-(trimethylazaniumyl)acetate,"(2R,3R,4R,5S)-hexane-1,2,3,4,5,6-hexol",0.399,0.601,412.4,411.32306,20.62,0.8149,REJECTED_DES_RULE,False,False,True,False,False,False,False,True,,
2-(trimethylazaniumyl)acetate;hydrate,"propane-1,2,3-triol",0.6,0.4,412.61,411.432,24.59,0.5868,REJECTED_DES_RULE,False,False,True,False,False,False,False,True,,
2-(trimethylazaniumyl)acetate,"(1R,4R)-1,7,7-trimethylbicyclo[2.2.1]heptan-2-one",0.397,0.603,413.4,413.3736,23.49,0.6497,OUTSIDE_TARGET_RANGE,True,False,False,False,False,False,False,True,,
"(3S,4R,5R)-2-(hydroxymethyl)oxane-2,3,4,5-tetrol","(3R,4S,5S,6R)-6-(hydroxymethyl)oxane-2,3,4,5-tetrol",0.2032,0.7968,414.0698,413.99945,23.19,0.6674,REJECTED_DES_RULE,False,True,False,False,False,False,False,True,,
2-(trimethylazaniumyl)acetate,octadecan-1-ol,0.598,0.402,415.0,415.09525,20.08,0.8463,REJECTED_DES_RULE,False,False,True,False,False,False,False,True,,
2-(trimethylazaniumyl)acetate,"(1R,4R)-1,7,7-trimethylbicyclo[2.2.1]heptan-2-one",0.099,0.901,415.9,416.90927,23.53,0.6477,OUTSIDE_TARGET_RANGE,True,False,False,False,False,False,False,True,,
"(3R,4S,5S,6R)-6-(hydroxymethyl)oxane-2,3,4,5-tetrol","(2R,3R,4S,5S,6R)-2-[(2S,3S,4S,5R)-3,4-dihydroxy-2,5-bis(hydroxymethyl)oxolan-2-yl]oxy-6-(hydroxymethyl)oxane-3,4,5-triol",0.9018,0.0982,416.7958,416.90085,22.78,0.6905,OUTSIDE_TARGET_RANGE,True,False,False,False,False,False,False,True,,
"(3S,4R,5R)-2-(hydroxymethyl)oxane-2,3,4,5-tetrol","(2R,3R,4S,5S,6R)-2-[(2S,3S,4S,5R)-3,4-dihydroxy-2,5-bis(hydroxymethyl)oxolan-2-yl]oxy-6-(hydroxymethyl)oxane-3,4,5-triol",0.5021,0.4979,417.2587,417.16888,22.53,0.7054,REJECTED_DES_RULE,False,True,False,False,False,False,False,True,,
"(3S,4R,5R)-2-(hydroxymethyl)oxane-2,3,4,5-tetrol","(3R,4S,5S,6R)-6-(hydroxymethyl)oxane-2,3,4,5-tetrol",0.1035,0.8965,418.1973,418.2383,23.46,0.6519,REJECTED_DES_RULE,False,True,False,False,False,False,False,True,,
Lidocaine,DL-camphor,0.078,0.922,420.5,421.20142,20.83,0.8029,REJECTED_DES_RULE,False,True,False,False,False,False,False,True,,
"(3R,4S,5S,6R)-6-(hydroxymethyl)oxane-2,3,4,5-tetrol","(2R,3R,4S,5S,6R)-2-[(2S,3S,4S,5R)-3,4-dihydroxy-2,5-bis(hydroxymethyl)oxolan-2-yl]oxy-6-(hydroxymethyl)oxane-3,4,5-triol",0.5483,0.4517,421.6369,421.5976,21.84,0.7451,OUTSIDE_TARGET_RANGE,True,False,False,False,False,False,False,True,,
2-(trimethylazaniumyl)acetate;hydrate,"propane-1,2-diol",0.331,0.669,426.0,425.0997,23.05,0.6752,REJECTED_DES_RULE,False,False,True,False,False,False,False,True,,
2-(trimethylazaniumyl)acetate,5-methyl-2-propan-2-ylphenol,0.598,0.402,426.4,426.1081,20.44,0.8256,REJECTED_DES_RULE,False,False,True,False,False,False,False,True,,
2-(trimethylazaniumyl)acetate;hydrate,"propane-1,2,3-triol",0.7,0.3,427.54,427.8211,23.64,0.6414,REJECTED_DES_RULE,False,False,True,False,False,False,False,True,,
2-(trimethylazaniumyl)acetate;hydrate,"propane-1,2,3-triol",0.8,0.2,428.27,428.12662,23.41,0.6545,REJECTED_DES_RULE,False,False,True,False,False,False,False,True,,
"(3R,4S,5S,6R)-6-(hydroxymethyl)oxane-2,3,4,5-tetrol","(2R,3R,4S,5S,6R)-2-[(2S,3S,4S,5R)-3,4-dihydroxy-2,5-bis(hydroxymethyl)oxolan-2-yl]oxy-6-(hydroxymethyl)oxane-3,4,5-triol",0.5008,0.4992,428.4145,428.4412,23.06,0.6745,REJECTED_DES_RULE,False,True,False,False,False,False,False,True,,
Lidocaine,DL-camphor,0.054,0.946,428.5,428.48508,21.07,0.7893,REJECTED_DES_RULE,False,True,False,False,False,False,False,True,,
Urea,Sulfathiazole,0.6,0.4,429.6,429.1534,21.26,0.778,REJECTED_DES_RULE,False,True,False,False,False,False,False,True,,
2-(trimethylazaniumyl)acetate,"(2R,3R,4R,5S)-hexane-1,2,3,4,5,6-hexol",0.498,0.502,430.1,429.22052,20.62,0.8148,REJECTED_DES_RULE,False,False,True,False,False,False,False,True,,
"(3S,4R,5R)-2-(hydroxymethyl)oxane-2,3,4,5-tetrol","(2R,3R,4S,5S,6R)-2-[(2S,3S,4S,5R)-3,4-dihydroxy-2,5-bis(hydroxymethyl)oxolan-2-yl]oxy-6-(hydroxymethyl)oxane-3,4,5-triol",0.4021,0.5979,432.5083,432.2644,22.46,0.709,REJECTED_DES_RULE,False,True,False,False,False,False,False,True,,
2-(trimethylazaniumyl)acetate;hydrate,"propane-1,2,3-triol",0.9,0.1,432.51,433.30743,24.85,0.5717,REJECTED_DES_RULE,False,False,True,False,False,False,False,True,,
2-(trimethylazaniumyl)acetate;hydrate,"propane-1,2-diol",0.6,0.4,432.545,432.76535,25.04,0.5607,REJECTED_DES_RULE,False,False,True,False,False,False,True,True,,
2-(trimethylazaniumyl)acetate,"(2S,4R)-pentane-1,2,3,4,5-pentol",0.55,0.45,433.79,433.29803,21.63,0.7571,REJECTED_DES_RULE,False,False,True,False,False,False,False,True,,
2-(trimethylazaniumyl)acetate;hydrate,acetic acid,0.5,0.5,434.012,432.4368,22.45,0.7099,REJECTED_DES_RULE,False,False,True,False,False,False,False,True,,
2-(trimethylazaniumyl)acetate;hydrate,"propane-1,2-diol",0.702,0.298,434.182,433.99576,24.2,0.6091,REJECTED_DES_RULE,False,False,True,False,False,False,False,True,,
2-(trimethylazaniumyl)acetate;hydrate,"propane-1,2-diol",0.799,0.201,435.273,435.16724,24.15,0.6121,REJECTED_DES_RULE,False,False,True,False,False,False,False,True,,
2-(trimethylazaniumyl)acetate,urea,0.615,0.385,435.5,436.0731,23.02,0.677,REJECTED_DES_RULE,False,False,True,False,False,False,False,True,,
2-(trimethylazaniumyl)acetate;hydrate,"propane-1,2-diol",0.5,0.5,437.455,437.9689,23.92,0.6254,REJECTED_DES_RULE,False,False,True,False,False,False,False,True,,
Lidocaine,DL-camphor,0.023,0.977,437.8,436.94794,22.62,0.6997,REJECTED_DES_RULE,False,True,False,False,False,False,False,True,,
2-(trimethylazaniumyl)acetate;hydrate,"propane-1,2-diol",0.899,0.101,438.545,438.39877,26.85,0.4566,REJECTED_DES_RULE,False,False,True,False,False,False,True,True,,
"(3R,4S,5S,6R)-6-(hydroxymethyl)oxane-2,3,4,5-tetrol","(2R,3R,4S,5S,6R)-2-[(2S,3S,4S,5R)-3,4-dihydroxy-2,5-bis(hydroxymethyl)oxolan-2-yl]oxy-6-(hydroxymethyl)oxane-3,4,5-triol",0.4032,0.5968,439.5492,439.5552,23.7,0.6379,REJECTED_DES_RULE,False,True,False,False,False,False,False,True,,
"(3S,4R,5R)-2-(hydroxymethyl)oxane-2,3,4,5-tetrol","(2R,3R,4S,5S,6R)-2-[(2S,3S,4S,5R)-3,4-dihydroxy-2,5-bis(hydroxymethyl)oxolan-2-yl]oxy-6-(hydroxymethyl)oxane-3,4,5-triol",0.3047,0.6953,439.77,440.04208,22.19,0.7247,REJECTED_DES_RULE,False,True,False,False,False,False,False,True,,
2-(trimethylazaniumyl)acetate;hydrate,propanoic acid,0.504,0.496,439.846,440.0001,22.79,0.6903,REJECTED_DES_RULE,False,False,True,False,False,False,False,True,,
2-(trimethylazaniumyl)acetate,octadecanoic acid,0.6,0.4,443.0,443.83215,20.49,0.8223,REJECTED_DES_RULE,False,False,True,False,False,False,False,True,,
2-(trimethylazaniumyl)acetate,2-hydroxybenzoic acid,0.698,0.302,444.6,445.4973,22.73,0.6938,REJECTED_DES_RULE,False,False,True,False,False,False,False,True,,
"(3R,4S,5S,6R)-6-(hydroxymethyl)oxane-2,3,4,5-tetrol","(2R,3R,4S,5S,6R)-2-[(2S,3S,4S,5R)-3,4-dihydroxy-2,5-bis(hydroxymethyl)oxolan-2-yl]oxy-6-(hydroxymethyl)oxane-3,4,5-triol",0.3055,0.6945,444.8744,444.84415,23.15,0.6693,REJECTED_DES_RULE,False,True,False,False,False,False,False,True,,
2-(trimethylazaniumyl)acetate,"(1R,2S,5R)-5-methyl-2-propan-2-ylcyclohexan-1-ol",0.698,0.302,447.5,448.0671,21.02,0.7921,REJECTED_DES_RULE,False,False,True,False,False,False,False,True,,
2-(trimethylazaniumyl)acetate,"(1R,4R)-1,7,7-trimethylbicyclo[2.2.1]heptan-2-one",0.499,0.501,448.6,448.1129,23.45,0.6524,OUTSIDE_TARGET_RANGE,True,False,False,False,False,False,False,True,,
"(3S,4R,5R)-2-(hydroxymethyl)oxane-2,3,4,5-tetrol","(2R,3R,4S,5S,6R)-2-[(2S,3S,4S,5R)-3,4-dihydroxy-2,5-bis(hydroxymethyl)oxolan-2-yl]oxy-6-(hydroxymethyl)oxane-3,4,5-triol",0.2021,0.7979,451.3888,450.37003,22.02,0.7343,REJECTED_DES_RULE,False,True,False,False,False,False,False,True,,
2-(trimethylazaniumyl)acetate,"(2R,3R,4R,5S)-hexane-1,2,3,4,5,6-hexol",0.597,0.403,453.3,453.14053,21.31,0.7753,REJECTED_DES_RULE,False,False,True,False,False,False,False,True,,
"(3S,4R,5R)-2-(hydroxymethyl)oxane-2,3,4,5-tetrol","(2R,3R,4S,5S,6R)-2-[(2S,3S,4S,5R)-3,4-dihydroxy-2,5-bis(hydroxymethyl)oxolan-2-yl]oxy-6-(hydroxymethyl)oxane-3,4,5-triol",0.1047,0.8953,454.6566,455.06723,22.34,0.7161,REJECTED_DES_RULE,False,True,False,False,False,False,False,True,,
"(3R,4S,5S,6R)-6-(hydroxymethyl)oxane-2,3,4,5-tetrol","(2R,3R,4S,5S,6R)-2-[(2S,3S,4S,5R)-3,4-dihydroxy-2,5-bis(hydroxymethyl)oxolan-2-yl]oxy-6-(hydroxymethyl)oxane-3,4,5-triol",0.2,0.8,455.2829,455.04437,24.29,0.6042,REJECTED_DES_RULE,False,True,False,False,False,False,False,True,,
Urea,Sulfathiazole,0.33,0.67,456.5,456.67474,22.38,0.7138,REJECTED_DES_RULE,False,True,False,False,False,False,False,True,,
2-(trimethylazaniumyl)acetate,urea,0.688,0.312,458.2,457.80756,22.98,0.6791,REJECTED_DES_RULE,False,False,True,False,False,False,False,True,,
"(3R,4S,5S,6R)-6-(hydroxymethyl)oxane-2,3,4,5-tetrol","(2R,3R,4S,5S,6R)-2-[(2S,3S,4S,5R)-3,4-dihydroxy-2,5-bis(hydroxymethyl)oxolan-2-yl]oxy-6-(hydroxymethyl)oxane-3,4,5-triol",0.1024,0.8976,458.4297,458.33987,24.54,0.5897,REJECTED_DES_RULE,False,True,False,False,False,False,False,True,,
2-(trimethylazaniumyl)acetate,octadecan-1-ol,0.698,0.302,459.7,459.04163,20.08,0.8462,REJECTED_DES_RULE,False,False,True,False,False,False,False,True,,
2-(trimethylazaniumyl)acetate,"(1R,4R)-1,7,7-trimethylbicyclo[2.2.1]heptan-2-one",0.598,0.402,468.4,468.4716,23.44,0.6529,REJECTED_DES_RULE,False,False,True,False,False,False,False,True,,
2-(trimethylazaniumyl)acetate,octadecanoic acid,0.7,0.3,475.0,475.42136,20.49,0.8222,REJECTED_DES_RULE,False,False,True,False,False,False,False,True,,
2-(trimethylazaniumyl)acetate,"(2S,4R)-pentane-1,2,3,4,5-pentol",0.65,0.35,482.18,481.79495,21.84,0.745,REJECTED_DES_RULE,False,False,True,False,False,False,False,True,,
2-(trimethylazaniumyl)acetate;hydrate,propanoic acid,0.751,0.249,482.249,482.20013,22.72,0.6943,REJECTED_DES_RULE,False,False,True,False,False,False,False,True,,
2-(trimethylazaniumyl)acetate;hydrate,acetic acid,0.752,0.248,483.15,483.26404,22.49,0.7073,REJECTED_DES_RULE,False,False,True,False,False,False,False,True,,
2-(trimethylazaniumyl)acetate,"(2R,3R,4R,5S)-hexane-1,2,3,4,5,6-hexol",0.698,0.302,484.6,485.06818,21.31,0.7754,REJECTED_DES_RULE,False,False,True,False,False,False,False,True,,
2-(trimethylazaniumyl)acetate,2-hydroxybenzoic acid,0.796,0.204,488.8,489.01385,22.74,0.693,REJECTED_DES_RULE,False,False,True,False,False,False,False,True,,
2-(trimethylazaniumyl)acetate,5-methyl-2-propan-2-ylphenol,0.696,0.304,489.7,488.89517,20.44,0.8252,REJECTED_DES_RULE,False,False,True,False,False,False,False,True,,
2-(trimethylazaniumyl)acetate,urea,0.793,0.207,490.4,490.75955,23.35,0.6582,REJECTED_DES_RULE,False,False,True,False,False,False,False,True,,
2-(trimethylazaniumyl)acetate,"(1R,4R)-1,7,7-trimethylbicyclo[2.2.1]heptan-2-one",0.698,0.302,494.3,493.92056,23.46,0.6519,REJECTED_DES_RULE,False,False,True,False,False,False,False,True,,
2-(trimethylazaniumyl)acetate,"(1R,2S,5R)-5-methyl-2-propan-2-ylcyclohexan-1-ol",0.784,0.216,497.203,496.9137,20.69,0.8107,REJECTED_DES_RULE,False,False,True,False,False,False,False,True,,
2-(trimethylazaniumyl)acetate,"(1R,2S,5R)-5-methyl-2-propan-2-ylcyclohexan-1-ol",0.797,0.203,497.3,497.15433,20.69,0.8107,REJECTED_DES_RULE,False,False,True,False,False,False,False,True,,
2-(trimethylazaniumyl)acetate,octadecanoic acid,0.8,0.2,502.0,501.91327,21.19,0.782,REJECTED_DES_RULE,False,False,True,False,False,False,False,True,,
2-(trimethylazaniumyl)acetate,"(2R,3R,4R,5S)-hexane-1,2,3,4,5,6-hexol",0.799,0.201,507.4,508.14783,22.3,0.7186,REJECTED_DES_RULE,False,False,True,False,False,False,False,True,,
2-(trimethylazaniumyl)acetate,"(1R,4R)-1,7,7-trimethylbicyclo[2.2.1]heptan-2-one",0.799,0.201,512.2,512.28595,23.43,0.6532,REJECTED_DES_RULE,False,False,True,False,False,False,False,True,,
2-(trimethylazaniumyl)acetate,5-methyl-2-propan-2-ylphenol,0.795,0.205,518.8,519.0528,20.44,0.8251,REJECTED_DES_RULE,False,False,True,False,False,False,False,True,,
2-(trimethylazaniumyl)acetate,urea,0.901,0.099,522.2,522.30347,23.64,0.6412,REJECTED_DES_RULE,False,False,True,False,False,False,False,True,,
2-(trimethylazaniumyl)acetate,"(2S,4R)-pentane-1,2,3,4,5-pentol",0.75,0.25,528.63,527.5822,21.84,0.745,REJECTED_DES_RULE,False,False,True,False,False,False,False,True,,
2-(trimethylazaniumyl)acetate,octadecan-1-ol,0.899,0.101,529.6,529.66754,20.08,0.846,REJECTED_DES_RULE,False,False,True,False,False,False,False,True,,
2-(trimethylazaniumyl)acetate,"(2R,3R,4R,5S)-hexane-1,2,3,4,5,6-hexol",0.899,0.101,534.7,534.7837,22.63,0.6996,REJECTED_DES_RULE,False,False,True,False,False,False,False,True,,
2-(trimethylazaniumyl)acetate,2-hydroxybenzoic acid,0.897,0.103,534.8,534.9499,22.86,0.686,REJECTED_DES_RULE,False,False,True,False,False,False,False,True,,
2-(trimethylazaniumyl)acetate,octadecanoic acid,0.9,0.1,537.0,536.78174,20.49,0.8223,REJECTED_DES_RULE,False,False,True,False,False,False,False,True,,
2-(trimethylazaniumyl)acetate,"(1R,2S,5R)-5-methyl-2-propan-2-ylcyclohexan-1-ol",0.897,0.103,541.5,541.4454,21.11,0.7865,REJECTED_DES_RULE,False,False,True,False,False,False,False,True,,
2-(trimethylazaniumyl)acetate,5-methyl-2-propan-2-ylphenol,0.896,0.104,547.9,547.693,20.44,0.8251,REJECTED_DES_RULE,False,False,True,False,False,False,False,True,,
2-(trimethylazaniumyl)acetate,"(1R,4R)-1,7,7-trimethylbicyclo[2.2.1]heptan-2-one",0.898,0.102,549.5,549.0593,23.57,0.6457,REJECTED_DES_RULE,False,False,True,False,False,False,False,True,,
2-hydroxyethyl(trimethyl)azanium;chloride,1-ethyl-3-methylimidazol-3-ium;chloride,0.4,0.6,303.4,304.38635,18.43,0.9411,PASS_WARMTEMP,True,False,False,False,True,False,False,True,,83.426
2-hydroxyethyl(trimethyl)azanium;chloride,benzyl-(2-hydroxyethyl)-dimethylazanium;chloride,0.399,0.601,305.7,305.73532,18.39,0.9432,PASS_WARMTEMP,True,False,False,False,True,False,False,True,,84.7
2-hydroxyethyl(trimethyl)azanium;chloride,benzyl-(2-hydroxyethyl)-dimethylazanium;chloride,0.356,0.644,307.7,307.46057,20.5,0.8217,PASS_WARMTEMP,True,False,False,False,True,False,False,True,,81.363
2-hydroxyethyl(trimethyl)azanium;chloride,2-hydroxyethyl(trimethyl)azanium;acetate,0.406,0.594,313.3,313.54855,18.27,0.9499,PASS_WARMTEMP,True,False,False,False,True,False,False,True,,91.862
2-hydroxyethyl(trimethyl)azanium;chloride,2-hydroxyethyl(trimethyl)azanium;acetate,0.408,0.592,313.6,313.4113,18.34,0.9462,PASS_WARMTEMP,True,False,False,False,True,False,False,True,,91.593
2-hydroxyethyl(trimethyl)azanium;chloride,benzyl-(2-hydroxyethyl)-dimethylazanium;chloride,0.319,0.681,316.0,316.41312,18.82,0.9184,PASS_WARMTEMP,True,False,False,False,True,False,False,True,,93.13
2-hydroxyethyl(trimethyl)azanium;chloride,tetrabutylazanium;chloride,0.49,0.51,316.3,317.52396,18.69,0.9258,PASS_WARMTEMP,True,False,False,False,True,False,False,True,,94.406
2-hydroxyethyl(trimethyl)azanium;chloride,benzyl-(2-hydroxyethyl)-dimethylazanium;chloride,0.303,0.697,317.6,318.34473,18.11,0.9591,PASS_WARMTEMP,True,False,False,False,True,False,False,True,,96.462
2-hydroxyethyl(trimethyl)azanium;chloride,tetrabutylazanium;chloride,0.488,0.512,317.7,317.0824,18.75,0.9225,PASS_WARMTEMP,True,False,False,False,True,False,False,True,,93.884
2-hydroxyethyl(trimethyl)azanium;chloride,1-ethyl-3-methylimidazol-3-ium;chloride,0.299,0.701,321.5,321.70923,18.08,0.9609,PASS_WARMTEMP,True,False,False,False,True,False,False,True,,97.369
2-hydroxyethyl(trimethyl)azanium;chloride,1-ethyl-3-methylimidazol-3-ium;chloride,0.301,0.699,322.5,322.28864,18.08,0.961,PASS_WARMTEMP,True,False,False,False,True,False,False,True,,96.862
2-hydroxyethyl(trimethyl)azanium;chloride,2-(3-methylimidazol-3-ium-1-yl)ethanol;chloride,0.501,0.499,323.5,324.44025,18.76,0.9216,PASS_WARMTEMP,True,False,False,False,True,False,False,True,,93.387
2-hydroxyethyl(trimethyl)azanium;chloride,2-hydroxyethyl(trimethyl)azanium;acetate,0.302,0.698,323.6,324.7966,18.59,0.9317,PASS_WARMTEMP,True,False,False,False,True,False,False,True,,93.477
2-hydroxyethyl(trimethyl)azanium;chloride,tetrabutylazanium;chloride,0.425,0.575,326.9,326.95227,19.45,0.8822,PASS_WARMTEMP,True,False,False,False,True,False,False,True,,89.595
2-hydroxyethyl(trimethyl)azanium;chloride,tetrabutylazanium;chloride,0.412,0.588,328.3,327.876,18.95,0.9107,PASS_WARMTEMP,True,False,False,False,True,False,False,True,,89.92
2-hydroxyethyl(trimethyl)azanium;chloride,benzyl-(2-hydroxyethyl)-dimethylazanium;chloride,0.222,0.778,330.5,329.9356,19.12,0.9014,PASS_WARMTEMP,True,False,False,False,True,False,False,True,,87.73
2-hydroxyethyl(trimethyl)azanium;chloride,benzyl-(2-hydroxyethyl)-dimethylazanium;chloride,0.197,0.803,331.5,331.4884,18.15,0.9567,PASS_WARMTEMP,True,False,False,False,True,False,False,True,,88.572
2-hydroxyethyl(trimethyl)azanium;chloride,tetrabutylazanium;chloride,0.296,0.704,331.6,332.2241,18.36,0.945,PASS_WARMTEMP,True,False,False,False,True,False,False,True,,87.455
2-hydroxyethyl(trimethyl)azanium;chloride,tetrabutylazanium;chloride,0.289,0.711,333.3,332.24692,18.55,0.9339,PASS_WARMTEMP,True,False,False,False,True,False,False,True,,86.991
2-hydroxyethyl(trimethyl)azanium;chloride,1-ethyl-3-methylimidazol-3-ium;chloride,0.202,0.798,333.4,332.98367,18.18,0.9551,PASS_WARMTEMP,True,False,False,False,True,False,False,True,,87.189
2-hydroxyethyl(trimethyl)azanium;chloride,2-(3-methylimidazol-3-ium-1-yl)ethanol;chloride,0.398,0.602,333.5,333.78247,18.16,0.9562,PASS_WARMTEMP,True,False,False,False,True,False,False,True,,86.528
2-hydroxyethyl(trimethyl)azanium;chloride,2-(3-methylimidazol-3-ium-1-yl)ethanol;chloride,0.4,0.6,333.7,332.75357,18.11,0.9592,PASS_WARMTEMP,True,False,False,False,True,False,False,True,,87.556
2-hydroxyethyl(trimethyl)azanium;chloride,1-ethyl-3-methylimidazol-3-ium;chloride,0.2,0.8,334.3,335.19742,18.13,0.9583,PASS_WARMTEMP,True,False,False,False,True,False,False,True,,85.364
2-hydroxyethyl(trimethyl)azanium;chloride,1-ethyl-3-methylimidazol-3-ium;chloride,0.501,0.499,337.1,335.39417,18.44,0.9402,PASS_WARMTEMP,True,False,False,False,True,False,False,True,,84.466
2-hydroxyethyl(trimethyl)azanium;chloride,benzyl-(2-hydroxyethyl)-dimethylazanium;chloride,0.114,0.886,338.8,339.87265,18.39,0.9431,PASS_WARMTEMP,True,False,False,False,True,False,False,True,,80.63
2-hydroxyethyl(trimethyl)azanium;chloride,2-hydroxyethyl(trimethyl)azanium;acetate,0.198,0.802,338.9,339.27878,18.6,0.9309,PASS_WARMTEMP,True,False,False,False,True,False,False,True,,80.666
2-hydroxyethyl(trimethyl)azanium;chloride,2-(3-methylimidazol-3-ium-1-yl)ethanol;chloride,0.302,0.698,340.5,338.64685,18.17,0.9555,PASS_WARMTEMP,True,False,False,False,True,False,False,True,,82.208
2-hydroxyethyl(trimethyl)azanium;chloride,2-hydroxyethyl(trimethyl)azanium;acetate,0.501,0.499,340.8,340.9873,19.19,0.8973,PASS_WARMTEMP,True,False,False,False,True,False,False,True,,77.815
2-hydroxyethyl(trimethyl)azanium;chloride,2-(3-methylimidazol-3-ium-1-yl)ethanol;chloride,0.301,0.699,340.9,341.0685,18.18,0.9554,PASS_WARMTEMP,True,False,False,False,True,False,False,True,,80.067
2-hydroxyethyl(trimethyl)azanium;chloride,tetrabutylazanium;chloride,0.191,0.809,341.3,341.22836,18.92,0.9129,PASS_WARMTEMP,True,False,False,False,True,False,False,True,,78.226
2-hydroxyethyl(trimethyl)azanium;chloride,tetrabutylazanium;chloride,0.114,0.886,341.6,341.3805,18.73,0.9235,PASS_WARMTEMP,True,False,False,False,True,False,False,True,,78.516
2-hydroxyethyl(trimethyl)azanium;chloride,benzyl-(2-hydroxyethyl)-dimethylazanium;chloride,0.499,0.501,341.7,341.87643,18.42,0.9413,PASS_WARMTEMP,True,False,False,False,True,False,False,True,,78.79
2-hydroxyethyl(trimethyl)azanium;chloride,1-ethyl-3-methylimidazol-3-ium;chloride,0.1,0.9,343.5,344.0486,18.08,0.9608,OUTSIDE_TARGET_RANGE,True,False,False,False,False,False,False,True,,
2-hydroxyethyl(trimethyl)azanium;chloride,1-ethyl-3-methylimidazol-3-ium;chloride,0.103,0.897,344.1,343.72507,18.03,0.9636,OUTSIDE_TARGET_RANGE,True,False,False,False,False,False,False,True,,
2-hydroxyethyl(trimethyl)azanium;chloride,2-(3-methylimidazol-3-ium-1-yl)ethanol;chloride,0.201,0.799,345.5,345.7837,18.19,0.9544,OUTSIDE_TARGET_RANGE,True,False,False,False,False,False,False,True,,
2-hydroxyethyl(trimethyl)azanium;chloride,benzyl-(2-hydroxyethyl)-dimethylazanium;chloride,0.101,0.899,345.8,344.3957,18.02,0.9643,OUTSIDE_TARGET_RANGE,True,False,False,False,False,False,False,True,,
2-hydroxyethyl(trimethyl)azanium;chloride,2-(3-methylimidazol-3-ium-1-yl)ethanol;chloride,0.2,0.8,346.1,346.11746,18.18,0.955,OUTSIDE_TARGET_RANGE,True,False,False,False,False,False,False,True,,
2-hydroxyethyl(trimethyl)azanium;chloride,2-(3-methylimidazol-3-ium-1-yl)ethanol;chloride,0.6,0.4,351.7,352.9395,18.26,0.9504,OUTSIDE_TARGET_RANGE,True,False,False,False,False,False,False,True,,
2-hydroxyethyl(trimethyl)azanium;chloride,2-(3-methylimidazol-3-ium-1-yl)ethanol;chloride,0.102,0.898,352.6,352.83023,18.38,0.9439,OUTSIDE_TARGET_RANGE,True,False,False,False,False,False,False,True,,
2-hydroxyethyl(trimethyl)azanium;chloride,2-(3-methylimidazol-3-ium-1-yl)ethanol;chloride,0.1,0.9,352.8,352.266,18.38,0.9438,OUTSIDE_TARGET_RANGE,True,False,False,False,False,False,False,True,,
2-hydroxyethyl(trimethyl)azanium;chloride,2-hydroxyethyl(trimethyl)azanium;acetate,0.119,0.881,353.5,352.87204,19.1,0.9021,OUTSIDE_TARGET_RANGE,True,False,False,False,False,False,False,True,,
tetramethylazanium;chloride,tetrapropylazanium;chloride,0.401,0.599,360.7,362.2415,23.24,0.6644,OUTSIDE_TARGET_RANGE,True,False,False,False,False,False,False,True,,
2-hydroxyethyl(trimethyl)azanium;chloride,1-butylpyridin-1-ium;chloride,0.399,0.601,363.32,363.17938,22.25,0.721,OUTSIDE_TARGET_RANGE,True,False,False,False,False,False,False,True,,
2-hydroxyethyl(trimethyl)azanium;chloride,tetrabutylazanium;chloride,0.606,0.394,368.4,369.40448,18.55,0.9342,REJECTED_DES_RULE,False,False,True,False,False,False,False,True,,
2-hydroxyethyl(trimethyl)azanium;chloride,1-butylpyridin-1-ium;chloride,0.351,0.649,368.52,368.812,22.5,0.7068,OUTSIDE_TARGET_RANGE,True,False,False,False,False,False,False,True,,
2-hydroxyethyl(trimethyl)azanium;chloride,1-butylpyridin-1-ium;chloride,0.449,0.551,373.9,373.72015,22.57,0.703,OUTSIDE_TARGET_RANGE,True,False,False,False,False,False,False,True,,
2-hydroxyethyl(trimethyl)azanium;chloride,1-butylpyridin-1-ium;chloride,0.303,0.697,375.15,374.65005,22.29,0.7192,OUTSIDE_TARGET_RANGE,True,False,False,False,False,False,False,True,,
2-hydroxyethyl(trimethyl)azanium;chloride,1-ethyl-3-methylimidazol-3-ium;chloride,0.6,0.4,377.0,375.70575,17.77,0.9785,REJECTED_DES_RULE,False,False,True,False,False,False,False,True,,
2-hydroxyethyl(trimethyl)azanium;chloride,1-ethyl-3-methylimidazol-3-ium;chloride,0.601,0.399,377.5,380.1732,17.77,0.9786,REJECTED_DES_RULE,False,False,True,False,False,False,False,True,,
2-hydroxyethyl(trimethyl)azanium;chloride,2-hydroxyethyl(trimethyl)azanium;acetate,0.6,0.4,382.9,382.5041,18.42,0.9412,REJECTED_DES_RULE,False,False,True,False,False,False,False,True,,
2-hydroxyethyl(trimethyl)azanium;chloride,2-hydroxyethyl(trimethyl)azanium;acetate,0.601,0.399,383.6,383.50143,18.42,0.9411,REJECTED_DES_RULE,False,False,True,False,False,False,False,True,,
2-hydroxyethyl(trimethyl)azanium;chloride,1-butylpyridin-1-ium;chloride,0.251,0.749,384.48,384.68353,22.77,0.6912,OUTSIDE_TARGET_RANGE,True,False,False,False,False,False,False,True,,
2-hydroxyethyl(trimethyl)azanium;chloride,1-butylpyridin-1-ium;chloride,0.498,0.502,386.6,387.0867,22.31,0.7181,OUTSIDE_TARGET_RANGE,True,False,False,False,False,False,False,True,,
2-hydroxyethyl(trimethyl)azanium;chloride,1-butylpyridin-1-ium;chloride,0.202,0.798,387.58,387.43912,22.62,0.7,OUTSIDE_TARGET_RANGE,True,False,False,False,False,False,False,True,,
2-hydroxyethyl(trimethyl)azanium;chloride,benzyl-(2-hydroxyethyl)-dimethylazanium;chloride,0.599,0.401,393.5,393.24664,17.82,0.9759,REJECTED_DES_RULE,False,False,True,False,False,False,False,True,,
2-hydroxyethyl(trimethyl)azanium;chloride,1-butylpyridin-1-ium;chloride,0.15,0.85,393.78,393.51517,22.28,0.7194,OUTSIDE_TARGET_RANGE,True,False,False,False,False,False,False,True,,
2-hydroxyethyl(trimethyl)azanium;chloride,benzyl-(2-hydroxyethyl)-dimethylazanium;chloride,0.601,0.399,397.5,395.07898,17.8,0.9767,REJECTED_DES_RULE,False,False,True,False,False,False,False,True,,
2-hydroxyethyl(trimethyl)azanium;chloride,1-butylpyridin-1-ium;chloride,0.101,0.899,397.98,397.9074,22.3,0.7186,OUTSIDE_TARGET_RANGE,True,False,False,False,False,False,False,True,,
2-hydroxyethyl(trimethyl)azanium;chloride,2-(3-methylimidazol-3-ium-1-yl)ethanol;chloride,0.699,0.301,403.2,404.32782,19.12,0.9012,REJECTED_DES_RULE,False,False,True,False,False,False,False,True,,
2-hydroxyethyl(trimethyl)azanium;chloride,1-butylpyridin-1-ium;chloride,0.55,0.45,403.4,402.3715,22.61,0.7008,OUTSIDE_TARGET_RANGE,True,False,False,False,False,False,False,True,,
2-hydroxyethyl(trimethyl)azanium;chloride,1-butylpyridin-1-ium;chloride,0.05,0.95,403.55,403.74747,23.93,0.625,OUTSIDE_TARGET_RANGE,True,False,False,False,False,False,False,True,,
tetramethylazanium;chloride,tetrapropylazanium;chloride,0.303,0.697,405.6,405.00543,24.04,0.6181,OUTSIDE_TARGET_RANGE,True,False,False,False,False,False,False,True,,
2-hydroxyethyl(trimethyl)azanium;chloride,2-methoxyethyl(trimethyl)azanium;chloride,0.498,0.502,411.7,411.59576,23.14,0.6702,OUTSIDE_TARGET_RANGE,True,False,False,False,False,False,False,True,,
2-hydroxyethyl(trimethyl)azanium;chloride,2-hydroxyethyl(trimethyl)azanium;acetate,0.667,0.333,415.5,415.8429,18.93,0.912,REJECTED_DES_RULE,False,False,True,False,False,False,False,True,,
2-hydroxyethyl(trimethyl)azanium;chloride,2-methoxyethyl(trimethyl)azanium;chloride,0.399,0.601,416.4,416.22476,23.1,0.6727,OUTSIDE_TARGET_RANGE,True,False,False,False,False,False,False,True,,
2-hydroxyethyl(trimethyl)azanium;chloride,2-hydroxyethyl(trimethyl)azanium;acetate,0.668,0.332,416.7,415.8429,18.9,0.9136,REJECTED_DES_RULE,False,False,True,False,False,False,False,True,,
2-hydroxyethyl(trimethyl)azanium;chloride,2-methoxyethyl(trimethyl)azanium;chloride,0.301,0.699,417.7,417.73392,22.96,0.6805,OUTSIDE_TARGET_RANGE,True,False,False,False,False,False,False,True,,
2-hydroxyethyl(trimethyl)azanium;chloride,1-butylpyridin-1-ium;chloride,0.598,0.402,418.9,419.57776,22.3,0.7181,REJECTED_DES_RULE,False,False,True,False,False,False,False,True,,
2-hydroxyethyl(trimethyl)azanium;chloride,1-butyl-1-methylpyrrolidin-1-ium;chloride,0.622,0.378,419.6,418.94647,21.82,0.7462,OUTSIDE_TARGET_RANGE,True,False,False,False,False,False,False,True,,
2-hydroxyethyl(trimethyl)azanium;chloride,1-butyl-1-methylpyrrolidin-1-ium;chloride,0.626,0.374,419.9,420.4382,21.94,0.7393,OUTSIDE_TARGET_RANGE,True,False,False,False,False,False,False,True,,
2-hydroxyethyl(trimethyl)azanium;chloride,tetrabutylazanium;chloride,0.696,0.304,421.4,422.40445,18.43,0.941,REJECTED_DES_RULE,False,False,True,False,False,False,False,True,,
tetramethylazanium;chloride,tetrapropylazanium;chloride,0.502,0.498,421.5,421.29813,23.26,0.6635,OUTSIDE_TARGET_RANGE,True,False,False,False,False,False,False,True,,
2-hydroxyethyl(trimethyl)azanium;chloride,tetrabutylazanium;chloride,0.692,0.308,422.7,421.1566,18.42,0.9415,REJECTED_DES_RULE,False,False,True,False,False,False,False,True,,
2-hydroxyethyl(trimethyl)azanium;chloride,1-ethyl-3-methylimidazol-3-ium;chloride,0.699,0.301,425.5,424.45746,18.27,0.9498,REJECTED_DES_RULE,False,False,True,False,False,False,False,True,,
2-hydroxyethyl(trimethyl)azanium;chloride,1-ethyl-3-methylimidazol-3-ium;chloride,0.698,0.302,427.6,427.96313,18.26,0.9504,REJECTED_DES_RULE,False,False,True,False,False,False,False,True,,
2-hydroxyethyl(trimethyl)azanium;chloride,1-butyl-1-methylpyrrolidin-1-ium;chloride,0.523,0.477,429.4,429.2766,21.6,0.7588,OUTSIDE_TARGET_RANGE,True,False,False,False,False,False,False,True,,
2-hydroxyethyl(trimethyl)azanium;chloride,1-butyl-1-methylpyrrolidin-1-ium;chloride,0.537,0.463,430.0,430.4994,21.83,0.7451,OUTSIDE_TARGET_RANGE,True,False,False,False,False,False,False,True,,
2-hydroxyethyl(trimethyl)azanium;chloride,benzyl-(2-hydroxyethyl)-dimethylazanium;chloride,0.672,0.328,431.6,432.72174,18.83,0.9176,REJECTED_DES_RULE,False,False,True,False,False,False,False,True,,
2-hydroxyethyl(trimethyl)azanium;chloride,benzyl-(2-hydroxyethyl)-dimethylazanium;chloride,0.677,0.323,432.1,431.27606,18.68,0.9263,REJECTED_DES_RULE,False,False,True,False,False,False,False,True,,
2-hydroxyethyl(trimethyl)azanium;chloride,2-methoxyethyl(trimethyl)azanium;chloride,0.106,0.894,433.1,434.01837,22.02,0.7343,OUTSIDE_TARGET_RANGE,True,False,False,False,False,False,False,True,,
2-hydroxyethyl(trimethyl)azanium;chloride,2-methoxyethyl(trimethyl)azanium;chloride,0.148,0.852,433.3,432.62643,22.16,0.7267,OUTSIDE_TARGET_RANGE,True,False,False,False,False,False,False,True,,
2-hydroxyethyl(trimethyl)azanium;chloride,1-butyl-1-methylpyrrolidin-1-ium;chloride,0.431,0.569,437.3,437.50912,21.58,0.7598,OUTSIDE_TARGET_RANGE,True,False,False,False,False,False,False,True,,
2-hydroxyethyl(trimethyl)azanium;chloride,1-butyl-1-methylpyrrolidin-1-ium;chloride,0.428,0.572,437.8,437.50912,21.52,0.7634,OUTSIDE_TARGET_RANGE,True,False,False,False,False,False,False,True,,
tetramethylazanium;chloride,tetrapropylazanium;chloride,0.202,0.798,439.8,440.5087,23.48,0.6506,OUTSIDE_TARGET_RANGE,True,False,False,False,False,False,False,True,,
2-hydroxyethyl(trimethyl)azanium;chloride,1-butylpyridin-1-ium;chloride,0.651,0.349,443.1,443.05243,22.56,0.7032,REJECTED_DES_RULE,False,False,True,False,False,False,False,True,,
2-hydroxyethyl(trimethyl)azanium;chloride,1-butyl-1-methylpyrrolidin-1-ium;chloride,0.315,0.685,445.5,445.57443,22.14,0.7278,OUTSIDE_TARGET_RANGE,True,False,False,False,False,False,False,True,,
2-hydroxyethyl(trimethyl)azanium;chloride,1-butyl-1-methylpyrrolidin-1-ium;chloride,0.323,0.677,445.9,445.9189,22.15,0.7272,OUTSIDE_TARGET_RANGE,True,False,False,False,False,False,False,True,,
tetramethylazanium;chloride,tetraethylazanium;chloride,0.4,0.6,447.7,447.63968,20.56,0.8186,OUTSIDE_TARGET_RANGE,True,False,False,False,False,False,False,True,,
2-hydroxyethyl(trimethyl)azanium;chloride,2-methoxyethyl(trimethyl)azanium;chloride,0.599,0.401,453.7,453.751,23.0,0.6779,REJECTED_DES_RULE,False,False,True,False,False,False,False,True,,
2-hydroxyethyl(trimethyl)azanium;chloride,1-butyl-1-methylpyrrolidin-1-ium;chloride,0.717,0.283,456.6,457.65253,21.15,0.7844,OUTSIDE_TARGET_RANGE,True,False,False,False,False,False,False,True,,
2-hydroxyethyl(trimethyl)azanium;chloride,1-butyl-1-methylpyrrolidin-1-ium;chloride,0.715,0.285,456.7,455.56635,21.16,0.7841,OUTSIDE_TARGET_RANGE,True,False,False,False,False,False,False,True,,
2-hydroxyethyl(trimethyl)azanium;chloride,1-butyl-1-methylpyrrolidin-1-ium;chloride,0.212,0.788,458.6,458.36844,23.35,0.6579,OUTSIDE_TARGET_RANGE,True,False,False,False,False,False,False,True,,
tetramethylazanium;chloride,tetraethylazanium;chloride,0.3,0.7,459.0,459.44293,20.55,0.8192,OUTSIDE_TARGET_RANGE,True,False,False,False,False,False,False,True,,
2-hydroxyethyl(trimethyl)azanium;chloride,2-hydroxyethyl(trimethyl)azanium;acetate,0.754,0.246,459.4,459.13422,20.53,0.8202,REJECTED_DES_RULE,False,False,True,False,False,False,False,True,,
2-hydroxyethyl(trimethyl)azanium;chloride,1-butyl-1-methylpyrrolidin-1-ium;chloride,0.122,0.878,463.3,463.4251,21.14,0.7852,OUTSIDE_TARGET_RANGE,True,False,False,False,False,False,False,True,,
2-hydroxyethyl(trimethyl)azanium;chloride,1-butyl-1-methylpyrrolidin-1-ium;chloride,0.12,0.88,463.4,463.4251,21.13,0.7855,OUTSIDE_TARGET_RANGE,True,False,False,False,False,False,False,True,,
2-hydroxyethyl(trimethyl)azanium;chloride,1-butylpyridin-1-ium;chloride,0.699,0.301,463.6,463.4896,22.73,0.6936,REJECTED_DES_RULE,False,False,True,False,False,False,False,True,,
tetramethylazanium;chloride,tetrapropylazanium;chloride,0.6,0.4,465.5,465.0951,24.08,0.6163,OUTSIDE_TARGET_RANGE,True,False,False,False,False,False,False,True,,
2-hydroxyethyl(trimethyl)azanium;chloride,tetrabutylazanium;chloride,0.803,0.197,471.2,471.56256,18.83,0.9179,REJECTED_DES_RULE,False,False,True,False,False,False,False,True,,
2-hydroxyethyl(trimethyl)azanium;chloride,2-hydroxyethyl(trimethyl)azanium;acetate,0.785,0.215,471.4,471.75095,18.96,0.9103,REJECTED_DES_RULE,False,False,True,False,False,False,False,True,,
2-hydroxyethyl(trimethyl)azanium;chloride,tetramethylazanium;chloride,0.495,0.505,473.4,473.18887,21.33,0.7742,OUTSIDE_TARGET_RANGE,True,False,False,False,False,False,False,True,,
2-hydroxyethyl(trimethyl)azanium;chloride,2-(3-methylimidazol-3-ium-1-yl)ethanol;chloride,0.799,0.201,473.6,472.18747,18.31,0.948,REJECTED_DES_RULE,False,False,True,False,False,False,False,True,,
2-hydroxyethyl(trimethyl)azanium;chloride,azanium;chloride,0.494,0.506,473.8,473.82382,20.08,0.846,OUTSIDE_TARGET_RANGE,True,False,False,False,False,False,False,True,,
2-hydroxyethyl(trimethyl)azanium;chloride,2-(3-methylimidazol-3-ium-1-yl)ethanol;chloride,0.797,0.203,473.9,472.9843,18.28,0.9495,REJECTED_DES_RULE,False,False,True,False,False,False,False,True,,
tetramethylazanium;chloride,tetraethylazanium;chloride,0.5,0.5,475.7,475.27853,20.52,0.8205,OUTSIDE_TARGET_RANGE,True,False,False,False,False,False,False,True,,
tetramethylazanium;chloride,tetrapropylazanium;chloride,0.103,0.897,477.5,477.52844,22.21,0.7235,OUTSIDE_TARGET_RANGE,True,False,False,False,False,False,False,True,,
2-hydroxyethyl(trimethyl)azanium;chloride,tetrapropylazanium;chloride,0.511,0.489,478.2,478.32727,22.58,0.7026,OUTSIDE_TARGET_RANGE,True,False,False,False,False,False,False,True,,
2-hydroxyethyl(trimethyl)azanium;chloride,1-ethyl-3-methylimidazol-3-ium;chloride,0.798,0.202,478.8,478.48526,18.08,0.9609,REJECTED_DES_RULE,False,False,True,False,False,False,False,True,,
2-hydroxyethyl(trimethyl)azanium;chloride,benzyl-(2-hydroxyethyl)-dimethylazanium;chloride,0.8,0.2,479.5,479.80508,18.07,0.9617,REJECTED_DES_RULE,False,False,True,False,False,False,False,True,,
2-hydroxyethyl(trimethyl)azanium;chloride,benzyl-(2-hydroxyethyl)-dimethylazanium;chloride,0.798,0.202,482.0,483.46164,18.05,0.9627,REJECTED_DES_RULE,False,False,True,False,False,False,False,True,,
2-hydroxyethyl(trimethyl)azanium;chloride,1-butylpyridin-1-ium;chloride,0.77,0.23,483.6,483.54977,22.22,0.7231,REJECTED_DES_RULE,False,False,True,False,False,False,False,True,,
2-hydroxyethyl(trimethyl)azanium;chloride,tetrapropylazanium;chloride,0.404,0.596,484.8,482.80167,22.65,0.6985,OUTSIDE_TARGET_RANGE,True,False,False,False,False,False,False,True,,
tetramethylazanium;chloride,tetrapropylazanium;chloride,0.055,0.945,489.7,489.20624,23.34,0.6587,OUTSIDE_TARGET_RANGE,True,False,False,False,False,False,False,True,,
tetramethylazanium;chloride,tetraethylazanium;chloride,0.2,0.8,490.9,490.6039,20.52,0.8208,OUTSIDE_TARGET_RANGE,True,False,False,False,False,False,False,True,,
2-hydroxyethyl(trimethyl)azanium;chloride,2-methoxyethyl(trimethyl)azanium;chloride,0.697,0.303,491.2,491.2575,22.93,0.6824,REJECTED_DES_RULE,False,False,True,False,False,False,False,True,,
2-hydroxyethyl(trimethyl)azanium;chloride,1-butyl-1-methylpyrrolidin-1-ium;chloride,0.805,0.195,493.5,494.2557,22.38,0.7137,REJECTED_DES_RULE,False,False,True,False,False,False,False,True,,
2-hydroxyethyl(trimethyl)azanium;chloride,tetramethylazanium;chloride,0.581,0.419,493.6,493.5332,22.09,0.7306,OUTSIDE_TARGET_RANGE,True,False,False,False,False,False,False,True,,
2-hydroxyethyl(trimethyl)azanium;chloride,tetrapropylazanium;chloride,0.2,0.8,496.6,495.4628,23.13,0.671,OUTSIDE_TARGET_RANGE,True,False,False,False,False,False,False,True,,
2-hydroxyethyl(trimethyl)azanium;chloride,tetramethylazanium;chloride,0.397,0.603,497.7,497.86337,21.37,0.7718,OUTSIDE_TARGET_RANGE,True,False,False,False,False,False,False,True,,
[N1111]Cl,[NH4]Cl,0.4,0.6,497.82,497.37262,20.53,0.8199,OUTSIDE_TARGET_RANGE,True,False,False,False,False,False,False,True,,
2-hydroxyethyl(trimethyl)azanium;chloride,2-hydroxyethyl(trimethyl)azanium;acetate,0.841,0.159,498.7,499.47443,20.77,0.8061,REJECTED_DES_RULE,False,False,True,False,False,False,False,True,,
2-hydroxyethyl(trimethyl)azanium;chloride,tetrapropylazanium;chloride,0.101,0.899,500.4,501.73563,21.96,0.7378,OUTSIDE_TARGET_RANGE,True,False,False,False,False,False,False,True,,
2-hydroxyethyl(trimethyl)azanium;chloride,1-butylpyridin-1-ium;chloride,0.801,0.199,503.1,503.80447,21.91,0.7409,REJECTED_DES_RULE,False,False,True,False,False,False,False,True,,
2-hydroxyethyl(trimethyl)azanium;chloride,tetraethylazanium;chloride,0.497,0.503,503.3,503.48087,20.11,0.8444,OUTSIDE_TARGET_RANGE,True,False,False,False,False,False,False,True,,
2-hydroxyethyl(trimethyl)azanium;chloride,azanium;chloride,0.695,0.305,503.8,503.8933,19.92,0.855,OUTSIDE_TARGET_RANGE,True,False,False,False,False,False,False,True,,
tetramethylazanium;chloride,tetraethylazanium;chloride,0.599,0.401,507.7,508.09195,20.85,0.8018,OUTSIDE_TARGET_RANGE,True,False,False,False,False,False,False,True,,
2-hydroxyethyl(trimethyl)azanium;chloride,azanium;chloride,0.384,0.616,510.0,509.9636,20.48,0.8229,OUTSIDE_TARGET_RANGE,True,False,False,False,False,False,False,True,,
tetramethylazanium;chloride,tetraethylazanium;chloride,0.111,0.889,512.9,513.02026,20.28,0.8344,OUTSIDE_TARGET_RANGE,True,False,False,False,False,False,False,True,,
2-hydroxyethyl(trimethyl)azanium;chloride,azanium;chloride,0.763,0.237,513.6,514.5923,20.8,0.8047,OUTSIDE_TARGET_RANGE,True,False,False,False,False,False,False,True,,
2-hydroxyethyl(trimethyl)azanium;chloride,tetraethylazanium;chloride,0.403,0.597,514.6,514.7318,20.4,0.8276,OUTSIDE_TARGET_RANGE,True,False,False,False,False,False,False,True,,
tetramethylazanium;chloride,tetrapropylazanium;chloride,0.699,0.301,515.2,515.3468,22.72,0.6941,REJECTED_DES_RULE,False,False,True,False,False,False,False,True,,
2-hydroxyethyl(trimethyl)azanium;chloride,tetraethylazanium;chloride,0.596,0.404,515.8,515.41406,20.94,0.7968,OUTSIDE_TARGET_RANGE,True,False,False,False,False,False,False,True,,
2-hydroxyethyl(trimethyl)azanium;chloride,2-(3-methylimidazol-3-ium-1-yl)ethanol;chloride,0.899,0.101,517.4,519.10547,18.3,0.9483,REJECTED_DES_RULE,False,False,True,False,False,False,False,True,,
2-hydroxyethyl(trimethyl)azanium;chloride,tetrabutylazanium;chloride,0.906,0.094,518.3,518.66284,18.33,0.9463,REJECTED_DES_RULE,False,False,True,False,False,False,False,True,,
2-hydroxyethyl(trimethyl)azanium;chloride,tetrapropylazanium;chloride,0.708,0.292,518.8,519.27747,21.49,0.7652,REJECTED_DES_RULE,False,False,True,False,False,False,False,True,,
[N1111]Cl,[NH4]Cl,0.499,0.501,518.9,519.09314,20.5,0.822,OUTSIDE_TARGET_RANGE,True,False,False,False,False,False,False,True,,
2-hydroxyethyl(trimethyl)azanium;chloride,tetramethylazanium;chloride,0.694,0.306,520.0,519.8734,21.16,0.784,OUTSIDE_TARGET_RANGE,True,False,False,False,False,False,False,True,,
2-hydroxyethyl(trimethyl)azanium;chloride,tetrabutylazanium;chloride,0.901,0.099,520.4,519.345,18.28,0.9495,REJECTED_DES_RULE,False,False,True,False,False,False,False,True,,
tetramethylazanium;chloride,tetraethylazanium;chloride,0.068,0.932,520.9,520.9099,21.3,0.7758,OUTSIDE_TARGET_RANGE,True,False,False,False,False,False,False,True,,
2-hydroxyethyl(trimethyl)azanium;chloride,tetraethylazanium;chloride,0.642,0.358,522.3,523.01,21.2,0.7816,OUTSIDE_TARGET_RANGE,True,False,False,False,False,False,False,True,,
2-hydroxyethyl(trimethyl)azanium;chloride,2-methoxyethyl(trimethyl)azanium;chloride,0.8,0.2,523.0,522.779,23.17,0.6685,REJECTED_DES_RULE,False,False,True,False,False,False,False,True,,
2-hydroxyethyl(trimethyl)azanium;chloride,1-butylpyridin-1-ium;chloride,0.848,0.152,523.7,523.0444,22.26,0.7205,REJECTED_DES_RULE,False,False,True,False,False,False,False,True,,
2-hydroxyethyl(trimethyl)azanium;chloride,1-ethyl-3-methylimidazol-3-ium;chloride,0.898,0.102,525.6,525.6502,17.88,0.9722,REJECTED_DES_RULE,False,False,True,False,False,False,False,True,,
2-hydroxyethyl(trimethyl)azanium;chloride,1-ethyl-3-methylimidazol-3-ium;chloride,0.9,0.1,525.7,526.9529,17.84,0.9745,REJECTED_DES_RULE,False,False,True,False,False,False,False,True,,
2-hydroxyethyl(trimethyl)azanium;chloride,tetramethylazanium;chloride,0.306,0.694,525.7,526.2348,21.36,0.7723,OUTSIDE_TARGET_RANGE,True,False,False,False,False,False,False,True,,
2-hydroxyethyl(trimethyl)azanium;chloride,tetraethylazanium;chloride,0.312,0.688,526.4,525.6054,20.39,0.8282,OUTSIDE_TARGET_RANGE,True,False,False,False,False,False,False,True,,
[N1111]Cl,[NH4]Cl,0.301,0.699,527.35,527.5888,20.52,0.8207,OUTSIDE_TARGET_RANGE,True,False,False,False,False,False,False,True,,
2-hydroxyethyl(trimethyl)azanium;chloride,1-butyl-1-methylpyrrolidin-1-ium;chloride,0.867,0.133,528.9,528.15,21.82,0.746,REJECTED_DES_RULE,False,False,True,False,False,False,False,True,,
2-hydroxyethyl(trimethyl)azanium;chloride,tetraethylazanium;chloride,0.204,0.796,530.4,530.6933,20.12,0.8434,OUTSIDE_TARGET_RANGE,True,False,False,False,False,False,False,True,,
2-hydroxyethyl(trimethyl)azanium;chloride,tetrapropylazanium;chloride,0.755,0.245,531.7,531.65234,21.34,0.7733,REJECTED_DES_RULE,False,False,True,False,False,False,False,True,,
tetramethylazanium;chloride,tetraethylazanium;chloride,0.696,0.304,532.3,532.9256,20.49,0.8226,OUTSIDE_TARGET_RANGE,True,False,False,False,False,False,False,True,,
2-hydroxyethyl(trimethyl)azanium;chloride,tetraethylazanium;chloride,0.684,0.316,532.6,532.3941,20.02,0.8493,OUTSIDE_TARGET_RANGE,True,False,False,False,False,False,False,True,,
2-hydroxyethyl(trimethyl)azanium;chloride,tetraethylazanium;chloride,0.122,0.878,534.5,534.5122,20.52,0.8206,OUTSIDE_TARGET_RANGE,True,False,False,False,False,False,False,True,,
2-hydroxyethyl(trimethyl)azanium;chloride,benzyl-(2-hydroxyethyl)-dimethylazanium;chloride,0.906,0.094,535.4,535.45685,18.08,0.9608,REJECTED_DES_RULE,False,False,True,False,False,False,False,True,,
2-hydroxyethyl(trimethyl)azanium;chloride,2-hydroxyethyl(trimethyl)azanium;acetate,0.9,0.1,535.5,535.21484,18.46,0.9393,REJECTED_DES_RULE,False,False,True,False,False,False,False,True,,
2-hydroxyethyl(trimethyl)azanium;chloride,2-hydroxyethyl(trimethyl)azanium;acetate,0.902,0.098,535.6,535.7179,18.46,0.9391,REJECTED_DES_RULE,False,False,True,False,False,False,False,True,,
2-hydroxyethyl(trimethyl)azanium;chloride,benzyl-(2-hydroxyethyl)-dimethylazanium;chloride,0.899,0.101,535.7,533.74615,17.9,0.9713,REJECTED_DES_RULE,False,False,True,False,False,False,False,True,,
2-hydroxyethyl(trimethyl)azanium;chloride,azanium;chloride,0.296,0.704,537.2,537.204,20.33,0.8317,OUTSIDE_TARGET_RANGE,True,False,False,False,False,False,False,True,,
2-hydroxyethyl(trimethyl)azanium;chloride,azanium;chloride,0.879,0.121,539.9,540.98804,20.46,0.8242,OUTSIDE_TARGET_RANGE,True,False,False,False,False,False,False,True,,
[N1111]Cl,[NH4]Cl,0.6,0.4,540.6,540.4284,20.82,0.8033,OUTSIDE_TARGET_RANGE,True,False,False,False,False,False,False,True,,
2-hydroxyethyl(trimethyl)azanium;chloride,tetraethylazanium;chloride,0.73,0.27,540.8,539.92615,20.52,0.8208,OUTSIDE_TARGET_RANGE,True,False,False,False,False,False,False,True,,
2-hydroxyethyl(trimethyl)azanium;chloride,tetramethylazanium;chloride,0.804,0.196,541.8,541.8656,21.56,0.761,OUTSIDE_TARGET_RANGE,True,False,False,False,False,False,False,True,,
2-hydroxyethyl(trimethyl)azanium;chloride,tetrapropylazanium;chloride,0.784,0.216,542.9,542.0939,21.49,0.7651,REJECTED_DES_RULE,False,False,True,False,False,False,False,True,,
2-hydroxyethyl(trimethyl)azanium;chloride,1-butylpyridin-1-ium;chloride,0.898,0.102,543.6,543.7726,23.01,0.6775,REJECTED_DES_RULE,False,False,True,False,False,False,False,True,,
2-hydroxyethyl(trimethyl)azanium;chloride,1-butyl-1-methylpyrrolidin-1-ium;chloride,0.91,0.09,546.4,546.2328,21.28,0.7769,REJECTED_DES_RULE,False,False,True,False,False,False,False,True,,
2-hydroxyethyl(trimethyl)azanium;chloride,tetraethylazanium;chloride,0.794,0.206,548.4,548.4661,20.65,0.8133,OUTSIDE_TARGET_RANGE,True,False,False,False,False,False,False,True,,
tetramethylazanium;chloride,tetrapropylazanium;chloride,0.798,0.202,551.8,551.96814,22.85,0.6865,REJECTED_DES_RULE,False,False,True,False,False,False,False,True,,
[N1111]Cl,[NH4]Cl,0.7,0.3,552.2,551.57306,20.47,0.8234,OUTSIDE_TARGET_RANGE,True,False,False,False,False,False,False,True,,
2-hydroxyethyl(trimethyl)azanium;chloride,2-methoxyethyl(trimethyl)azanium;chloride,0.899,0.101,553.1,553.1782,22.8,0.6897,REJECTED_DES_RULE,False,False,True,False,False,False,False,True,,
2-hydroxyethyl(trimethyl)azanium;chloride,2-hydroxyethyl(trimethyl)azanium;acetate,0.94,0.06,557.2,556.5377,20.36,0.83,REJECTED_DES_RULE,False,False,True,False,False,False,False,True,,
2-hydroxyethyl(trimethyl)azanium;chloride,tetraethylazanium;chloride,0.847,0.153,558.7,558.832,21.29,0.7764,OUTSIDE_TARGET_RANGE,True,False,False,False,False,False,False,True,,
2-hydroxyethyl(trimethyl)azanium;chloride,1-butyl-1-methylpyrrolidin-1-ium;chloride,0.945,0.055,560.7,560.8392,22.07,0.7316,REJECTED_DES_RULE,False,False,True,False,False,False,False,True,,
tetramethylazanium;chloride,tetraethylazanium;chloride,0.801,0.199,563.1,563.52936,20.75,0.8074,OUTSIDE_TARGET_RANGE,True,False,False,False,False,False,False,True,,
2-hydroxyethyl(trimethyl)azanium;chloride,tetrapropylazanium;chloride,0.882,0.118,563.2,562.98975,22.05,0.7326,REJECTED_DES_RULE,False,False,True,False,False,False,False,True,,
2-hydroxyethyl(trimethyl)azanium;chloride,tetramethylazanium;chloride,0.204,0.796,563.6,562.9393,21.33,0.7741,OUTSIDE_TARGET_RANGE,True,False,False,False,False,False,False,True,,
2-hydroxyethyl(trimethyl)azanium;chloride,tetraethylazanium;chloride,0.914,0.086,564.0,564.07477,20.28,0.8344,OUTSIDE_TARGET_RANGE,True,False,False,False,False,False,False,True,,
[N1111]Cl,[NH4]Cl,0.801,0.199,565.6,564.92017,20.73,0.8087,OUTSIDE_TARGET_RANGE,True,False,False,False,False,False,False,True,,
2-hydroxyethyl(trimethyl)azanium;chloride,tetramethylazanium;chloride,0.898,0.102,567.5,566.44293,21.31,0.7751,OUTSIDE_TARGET_RANGE,True,False,False,False,False,False,False,True,,
2-hydroxyethyl(trimethyl)azanium;chloride,azanium;chloride,0.2,0.8,568.6,570.6448,20.09,0.8456,OUTSIDE_TARGET_RANGE,True,False,False,False,False,False,False,True,,
2-hydroxyethyl(trimethyl)azanium;chloride,tetraethylazanium;chloride,0.938,0.062,568.7,568.5415,20.79,0.8051,OUTSIDE_TARGET_RANGE,True,False,False,False,False,False,False,True,,
2-hydroxyethyl(trimethyl)azanium;chloride,tetrapropylazanium;chloride,0.951,0.049,573.4,574.28394,22.07,0.7318,REJECTED_DES_RULE,False,False,True,False,False,False,False,True,,
[N1111]Cl,[NH4]Cl,0.201,0.799,573.78,572.6483,20.49,0.8223,OUTSIDE_TARGET_RANGE,True,False,False,False,False,False,False,True,,
2-hydroxyethyl(trimethyl)azanium;chloride,tetramethylazanium;chloride,0.102,0.898,586.9,587.0367,21.42,0.7689,REJECTED_DES_RULE,False,True,False,False,False,False,False,True,,
tetramethylazanium;chloride,tetrapropylazanium;chloride,0.899,0.101,589.2,589.24243,22.11,0.7294,REJECTED_DES_RULE,False,False,True,False,False,False,False,True,,
[N1111]Cl,[NH4]Cl,0.9,0.1,593.8,594.3908,20.07,0.8463,OUTSIDE_TARGET_RANGE,True,False,False,False,False,False,False,True,,
tetramethylazanium;chloride,tetraethylazanium;chloride,0.9,0.1,596.4,595.7825,20.07,0.8463,OUTSIDE_TARGET_RANGE,True,False,False,False,False,False,False,True,,
[N1111]Cl,[NH4]Cl,0.1,0.9,597.88,598.03424,20.14,0.8423,OUTSIDE_TARGET_RANGE,True,False,False,False,False,False,False,True,,
2-hydroxyethyl(trimethyl)azanium;chloride,azanium;chloride,0.106,0.894,598.8,597.28784,20.31,0.8326,REJECTED_DES_RULE,False,True,False,False,False,False,False,True,,
[N1111]Cl,[NH4]Cl,0.945,0.055,601.7,601.5809,20.03,0.8486,OUTSIDE_TARGET_RANGE,True,False,False,False,False,False,False,True,,
tetramethylazanium;chloride,tetraethylazanium;chloride,0.946,0.054,601.9,602.25726,20.07,0.8464,OUTSIDE_TARGET_RANGE,True,False,False,False,False,False,False,True,,
tetramethylazanium;chloride,tetrapropylazanium;chloride,0.949,0.051,603.0,602.579,22.26,0.7209,REJECTED_DES_RULE,False,False,True,False,False,False,False,True,,
