Name,solvent_SMILES,CAS,G-score prediction,G-score prediction uncertainty,Relative Energy Difference (RED),Source
Di-(2-Methoxyethyl) Ether,COCCOCCOC,111-96-6,4.629,0.7258,0,high-fidelity RED
Methylene Dichloride (Dichloromethane),[H]C(Cl)(Cl)[H],75-09-2,4.776,0.7079,0.73143694191639,high-fidelity RED
Ethyl Formate,[H]C(OCC)=O,109-94-4,5.85,0.7648,0.7524958471646207,high-fidelity RED
1-Nitrooctane,[N+]([O-])(CCCCCCCC)=O,629-37-8,5.385,0.9627,0.9962429422585639,low-fidelity RED
Isobutyl Nitrate,[O-][N+](=O)OCC(C)C,543-29-3,6.41,1.054,0.5921359641163507,low-fidelity RED
Bis[3-(Trimethoxysilyl)Propyl]Disulfide,[Si](OC)(OC)(OC)CCCSSCCC[Si](OC)(OC)(OC),35112-74-4,5.488,0.9848,0.7818247885555942,low-fidelity RED
"1-Bromo-2,2-Difluoroethylene (F-1122B1)",Br\C=C(F)/F,359-08-0,5.272,0.8189,0.800390529679106,low-fidelity RED
Cis-1-Bromo-1-Butene,Br\C=C/CC,31849-78-2,5.261,0.9004,0.9293815147720553,low-fidelity RED
Trans-1-Bromo-1-Butene,Br\C=C\CC,32620-08-9,5.261,0.9004,0.9293815147720553,low-fidelity RED
4-Bromo-Cis-2-Pentene,BrC(/C=C/C)C,56535-63-8,5.357,0.9239,0.9956153875869945,low-fidelity RED
"1,1-Dibromo-3,3,3-Trifluoroacetone",BrC(C(C(F)(F)F)=O)Br,431-67-4,4.973,0.9654,0.9750000000000003,low-fidelity RED
2-Bromo Propene,BrC(C)=C,557-93-7,5.585,0.8671,0.4479118216792233,high-fidelity RED
3-Bromo-1-Butene,BrC(C)C=C,22037-73-6,5.354,0.9066,0.8689073598491389,low-fidelity RED
4-Bromo-1-Pentene,BrC(C)CC=C,31950-56-8,5.697,0.9241,0.9141252649391116,low-fidelity RED
3-Bromo-1-Pentene,BrC(C=C)CC,53045-71-9,5.776,1.1,0.940744386111339,low-fidelity RED
3-Bromopentane,BrC(CC)CC,1809-10-5,5.505,0.8653,0.9633924433998846,low-fidelity RED
Bromodifluoromethane (F-22B1),BrC(F)(F)[H],1511-62-2,4.741,0.8483,0.9303897032964198,low-fidelity RED
3-Bromo-2-Methyl-1-Propene,BrCC(=C)\C,1458-98-6,5.707,0.9075,0.9486832980505138,low-fidelity RED
3-Bromo-2-Ethyl-1-Propene,BrCC(=C)CC,E13555,5.321,0.9727,0.9931012033020604,low-fidelity RED
"2-Bromo-1,1-Difluoroethane(Fc-1122B1)",BrCC(F)F,359-07-9,4.927,0.7689,0.8403868156985803,low-fidelity RED
"4-Bromo-1,2-Butadiene",BrCC=C=C,18668-68-3,5.186,0.9771,0.7968688725254617,high-fidelity RED
1-Bromopropane,BrCCC,106-94-5,4.802,0.7103,0.7110731326663946,high-fidelity RED
5-Bromo-1-Pentene,BrCCCC=C,1119-51-3,5.378,0.9684,0.9300537618869142,low-fidelity RED
Ethyl Tiglate.,C(/C)=C(/C)C(OCC)=O,5837-78-5,6.674,1.004,0.557337420240199,low-fidelity RED
2-Ethyl-2-Hexenal,C(=C(C=O)/CC)/CCC,645-62-5,5.949,0.9508,0.6726812023536859,low-fidelity RED
Linolenic Acid,C(=C\C\C=C\C\C=C\CCCCCCCC(=O)O)/CC,463-40-1,6.485,1.128,0.9384162189561728,low-fidelity RED
Oxalylchloride,C(=O)(C(=O)Cl)Cl,79-37-8,5.496,0.7617,0.6581223290544095,high-fidelity RED
"1,2-Dimethylpropyl Acetate",C(=O)(C)OC(C)C(C)C,5343-96-4,6.66,0.8323,0.7228416147400478,low-fidelity RED
Neopentyl Acetate,C(=O)(C)OCC(C)(C)C,926-41-0,6.847,0.8801,0.7818247885555942,low-fidelity RED
Dichloroacetaldehyde,C(=O)C(Cl)Cl,79-02-7,5.063,0.8355,0.9354143466934853,high-fidelity RED
"1,1,1-Trifluoro-2-Butanone",C(C(=O)CC)(F)(F)F,381-88-4,4.964,0.9136,0.795691523141977,low-fidelity RED
"1,1,1-Trifluoroacetone",C(C(C)=O)(F)(F)F,421-50-1,4.72,0.8492,0.7541551564499174,low-fidelity RED
2-Methyloctanoic Acid,C(C(C)CCCCCC)(=O)O,3004-93-1,6.482,0.9321,0.8845903006477069,low-fidelity RED
2-Methylpentanenitrile,C(C(C#N)C)CC,6339-13-5,5.724,0.9323,0.7424621202458748,low-fidelity RED
"1-Chloro-1,2-Difluoroethane",C(C(F)Cl)F,338-64-7,4.632,0.7908,0.9082951062292476,low-fidelity RED
1-Ethylpropyl Acetate,C(C)(=O)OC(CC)CC,620-11-1,7.169,0.9529,0.5963430220938282,low-fidelity RED
"2,4-Dimethyl-3-Ethyl-3-Pentanol",C(C)(C(CC)(C(C)C)O)C,3970-59-0,6.424,0.9278,0.9890020222426241,low-fidelity RED
Vinyl Pivalate,C(C)(C)(C)C(=O)OC=C,3377-92-2,6.117,0.8337,0.8440971508067063,low-fidelity RED
"3,3-Dimethylbutanenitrile",C(C)(C)(C)CC#N,3302-16-7,5.474,0.9392,0.8595056718835541,low-fidelity RED
2-Methyl-3-Ethyl-3-Pentanol,C(C)(C)C(CC)(CC)O,597-05-7,6.379,0.9317,0.7770135133960026,low-fidelity RED
5-Methyl-2-Ethyl-1-Hexanol,C(C)(C)CCC(CC)CO,66794-07-8,7.238,0.9555,0.75,low-fidelity RED
5-Methyl-2-Isopropyl-1-Hexanol,C(C)(C)CCC(CO)C(C)C,2051-33-4,6.674,0.9583,0.7420411039827913,low-fidelity RED
Isopropyl Acrylate,C(C)(C)OC(C=C)=O,689-12-3,6.994,1.047,0.48541219597368984,low-fidelity RED
"2,2-Dimethylpropyl Propanoate",C(C)C(=O)OCC(C)(C)C,3581-69-9,6.013,0.9677,0.9058835465996719,low-fidelity RED
"3,7-Dimethyl-3-Octanol",C(C)C(O)(C)CCCC(C)C,78-69-3,6.617,0.9308,0.8895223437328598,low-fidelity RED
6-Ethyl-3-Octanol,C(C)C(O)CCC(CC)CC,19781-27-2,6.213,0.9493,0.6637959023675877,low-fidelity RED
Ethylisopropylamine,C(C)NC(C)C,19961-27-4,5.577,0.8463,0.8385254915624211,low-fidelity RED
Diethyl Nonanedioate ,C(C)OC(CCCCCCCC(OCC)=O)=O,624-17-9,7.465,0.8499,0.5857687256929994,low-fidelity RED
Diethoxymethane,C(C)OCOCC,462-95-3,4.905,0.7461,0.45689167206242665,low-fidelity RED
5-Methyl-3-Ethyl-3-Hexanol,C(CC(C)C)(CC)(O)CC,597-77-3,6.098,0.8754,0.8547660498639378,low-fidelity RED
3-Ethyl-3-Heptanol,C(CC)(CC)(O)CCCC,19780-41-7,6.262,0.912,0.8340413658806141,low-fidelity RED
1-Propylcyclopentanol,C(CC1)CC1(O)CCC,1604-02-0,5.949,0.9297,0.95818839483684,low-fidelity RED
4-Ethyl-4-Heptanol,C(CCC)(O)(CC)CCC,597-90-0,6.024,0.9632,0.889170962188937,low-fidelity RED
"1,9-Nonane Dithiol",C(CCCCS)CCCCS,3489-28-9,5.652,0.7919,0.9526279441628822,low-fidelity RED
"1,8-Octane Dithiol",C(CCCCS)CCCS,1191-62-4,5.652,0.7919,0.8806957476904265,low-fidelity RED
"1,6-Hexane Dithiol",C(CCCS)CCS,1191-43-1,5.652,0.7919,0.953283798246882,low-fidelity RED
"1,1,1-Trifluoro-2-Methylpropan-2-ol",C(F)(C(C)(C)O)(F)F,507-52-8,5.168,0.8235,0.8806957476904266,low-fidelity RED
Trifluoromethane (Freon 23),C(F)(F)F,75-46-7,4.931,0.7085,0.920597631976098,high-fidelity RED
Difluoromethane,C(F)F,75-10-5,4.969,0.7314,0.7348469228349536,low-fidelity RED
Methyl-Propylamine,C(NC)CC,627-35-0,5.097,0.9324,0.5249999999999997,low-fidelity RED
4-Propyl-4-Heptanol,C(O)(CCC)(CCC)CCC,2198-72-3,5.643,0.8684,0.9864709828474431,low-fidelity RED
Ethyl 2-Bromo-2-Methylpropanoate,C(OC(C(C)(Br)C)=O)C,600-00-0,6.551,0.8741,0.480234317807464,low-fidelity RED
Isobutyl Methacrylate,C(OC(C(C)=C)=O)C(C)C,97-86-9,7.092,0.9783,0.83553874835342,low-fidelity RED
Ethyl 2-Chloropropanoate,C(OC(C(Cl)C)=O)C,535-13-7,6.225,0.9008,0.40773766075750256,low-fidelity RED
Ethyl Trifluoroacetate,C(OC(C(F)(F)F)=O)C,383-63-1,5.222,0.8207,0.5055937104039164,low-fidelity RED
Dipropyl Oxalate,C(OC(C(OCCC)=O)=O)CC,615-98-5,6.662,0.9288,0.36400549446402647,low-fidelity RED
Ethyl Fluoroacetate,C(OC(CF)=O)C,459-72-3,6.049,0.8559,0.6174544517614237,low-fidelity RED
"2,5-Dimethyl-2,5-Bis(Tert-Butylperoxy)Hexane",C(OOC(C)(C)CCC(OOC(C)(C)C)(C)C)(C)(C)C,78-63-7,5.768,0.9717,0.9624188277460077,low-fidelity RED
"2,2-Dimethoxypropane",C[C](OC)(C)OC,77-76-9,4.821,0.7879,0.835912674865024,low-fidelity RED
(Z)-Linalool Oxide (Furanoid),C[C]1(CC[C@@H](O1)C(C)(C)O)C=C,5989-33-3,6.243,1.101,0.658122329054409,low-fidelity RED
(E)-Linalool Oxide (Furanoid),C[C]1(CC[C@H](O1)C(C)(C)O)C=C,34995-77-2,6.243,1.101,0.658122329054409,low-fidelity RED
Fenchyl Alcohol,C[C]12[C@@H](O)C(C)(C)[C](CC2)([H])C1,2/9/17 0:00,5.428,1.034,0.8717797887081343,low-fidelity RED
(S)-(-)-Citronellal,C[C@@H](CCC=C(C)C)CC=O,5/3/49 0:00,6.979,1.091,0.8616843969807044,low-fidelity RED
Laevo-Citronellol,C[C@@H](CCC=C(C)C)CCO,7540-51-4,7.5,1.031,0.7470776398741968,low-fidelity RED
(S)-Rhodinol,C[C@@H](CCCC(=C)C)CCO,6812-78-8,7.848,1.024,0.5963430220938284,low-fidelity RED
Wine Lactone,C[C@@H]1[C@H]2CCC(=C[C@H]2OC1=O)C,182699-77-0,7.152,1.178,0.8359126748650246,low-fidelity RED
Laevo-Menthyl Lactate,C[C@@H]1CC[C@H]([C@@H](C1)OC(=O)C(C)O)C(C)C,59259-38-0,7.526,1.342,0.7500000000000006,low-fidelity RED
Dextro-Neomenthol,C[C@@H]1CC[C@H]([C@H](C1)O)C(C)C,2216-52-6,6.316,1.162,0.7697402159170327,low-fidelity RED
Laevo-Menthyl Acetoacetate,C[C@H]1CC[C@@H]([C@H](C1)OC(=O)CC(=O)C)C(C)C,59557-05-0,7.262,1.366,0.9565563234854498,low-fidelity RED
Trichloromethylsilane,C[Si](Cl)(Cl)Cl,75-79-6,4.79,0.8483,0.8591420138719793,high-fidelity RED
Dimethyl Citraconate,C/C(=C/C(=O)OC)/C(=O)OC,617-54-9,6.129,1.091,0.8077747210701764,low-fidelity RED
Ocimenol,C/C(=C\CCC(C)(C)O)/C=C,5986-38-9,6.244,1.143,0.7420411039827912,low-fidelity RED
Mesityl Oxide,C/C(C)=C/C(C)=O,141-79-7,5.716,0.961,0.5820223363411406,high-fidelity RED
"(2E)-3,7-Dimethylocta-2,6-Dienal",C/C(C)=C/CC/C(C)=C/C=O,5392-40-5,7.376,1.114,0.9178779875342907,low-fidelity RED
1-Chloro-2-Methyl Propene,C/C(C)=C/Cl,513-37-1,4.941,1.002,0.6581223290544095,high-fidelity RED
Geraniol,C/C(C)=C\CC/C(C)=C/CO,106-24-1,6.82,1.008,0.8131727983645293,low-fidelity RED
"2-Pentenal, 2-Methyl-",C/C(C=O)=C\CC,623-36-9,6.326,1.032,0.5178078794301992,low-fidelity RED
Methyl Crotonate,C/C=C/C(OC)=O,623-43-8,6.102,0.9148,0.5080600358225403,low-fidelity RED
Crotonaldehyde,C/C=C/C=O,4170-30-3,5.524,0.9885,0.8385254915624211,low-fidelity RED
Cis-Crotonaldehyde,C/C=C\C=O,15798-64-8,5.524,0.9885,0.8385254915624211,low-fidelity RED
2-Butenyl Methyl Ether (Cis),C/C=C\COC,25125-85-3,5.23,1.03,0.8116341540373962,high-fidelity RED
"(E,Z)-2,4,8-Trimethyl-3,7-Nonadien-2-ol",C\C(C)=C\CCC(C)=CC(C)(C)O,479547-57-4,6.689,1.075,0.9276987657639736,low-fidelity RED
"(±)-2,4,8-Trimethyl-7-Nonen-2-ol",C\C(C)=C\CCC(C)CC(C)(C)O,437770-28-0,6.768,1.158,0.8674675786448738,low-fidelity RED
"Cis-3,7-Dimethyl-2,6-Octadien-1-ol",C\C(CC\C=C(C)\C)=C/CO,106-25-2,6.82,1.008,0.8131727983645293,low-fidelity RED
Methyl Tiglate,C\C=C(/C)\C(=O)OC,6622-76-0,5.951,0.9769,0.5159941860137576,low-fidelity RED
Isobutyl Tiglate,C\C=C(/C)\C(=O)OCC(C)C,61692-84-0,7.332,1.02,0.878208403512515,low-fidelity RED
Allyl Tiglate,C\C=C(/C)\C(=O)OCC=C,7493-71-2,6.619,1.018,0.7441438033068614,low-fidelity RED
Isoamyl Tiglate,C\C=C(/C)\C(=O)OCCC(C)C,41519-18-0,7.021,1.088,0.9317322576792113,low-fidelity RED
Methyl 1-Propenyl Sulfide,C\C=C(/C)\S,10152-77-9,5.655,0.7949,0.6731456008918127,low-fidelity RED
Isoamyl Angelate,C\C=C(\C)/C(=O)OCCC(C)C,10482-55-0,7.021,1.088,0.9317322576792113,low-fidelity RED
(Z)-4-Hexen-1-Yl Acetate,C\C=C/CCCOC(=O)C,42125-34-8,7.713,1.043,0.6087897830942962,low-fidelity RED
Isopropyl (E)-Crotonate,C\C=C\C(=O)OC(C)C,6284-46-4,6.863,1.04,0.614918693812442,low-fidelity RED
Allyl Crotonate,C\C=C\C(=O)OCC=C,20474-93-5,6.59,1.075,0.6523994175349944,low-fidelity RED
Isoamyl Crotonate,C\C=C\C(=O)OCCC(C)C,25415-77-4,6.975,1.03,0.8291561975888498,low-fidelity RED
Allyl Sorbate,C\C=C\C=C\C(=O)OCC=C,30895-79-5,6.46,1.215,0.9542667341996165,low-fidelity RED
"(E,E)-2,4-Hexadien-1-Al",C\C=C\C=C\C=O,80466-34-8,5.248,1.066,0.8415016339853424,low-fidelity RED
"(E,E)-2,6-Octadien-1-Al",C\C=C\CC\C=C\C=O,56767-18-1,5.991,1.028,0.8081614937622307,low-fidelity RED
"Methyl 4,8-Decadienoate",C\C=C\CC\C=C\CCC(=O)OC,1191-03-3,6.895,0.9264,0.9542667341996154,low-fidelity RED
(Z)-4-Hexen-1-Al,C\C=C\CCC=O,4634-89-3,6.237,0.964,0.5857687256929991,low-fidelity RED
(E)-6-Octen-1-Al,C\C=C\CCCCC=O,63826-25-5,6.514,1.051,0.6562202374203352,low-fidelity RED
Methyl Undecylenate,C\C=C\CCCCCCCC(=O)OC,5760-50-9,7.338,0.9064,0.9532837982468807,low-fidelity RED
Undecen-1-Al Mixture (Aldehyde C-11 Mixed),C\C=C\CCCCCCCC=O,1337-83-3,6.459,1.061,0.8162413858657255,low-fidelity RED
(E)-4-Hexen-1-Yl Acetate,C\C=C\CCCOC(=O)C,42125-17-7,7.713,1.043,0.6087897830942962,low-fidelity RED
Bromoacetylene,C#CBr,593-61-3,4.915,0.8275,0.976281209488332,high-fidelity RED
Ethyl Acetylene,C#CCC,107-00-6,4.825,0.9456,0.8284020762890444,high-fidelity RED
1-Pentene-4-Yne,C#CCC=C,871-28-3,4.845,0.9916,0.7956915231419774,low-fidelity RED
Ethynyl Propyl Ether,C#COCCC,42842-08-0,5.384,1.055,0.6547900426854395,high-fidelity RED
"1,1-Dibromoethylene",C=C(Br)Br,593-92-0,5.653,0.8558,0.4286607049870561,high-fidelity RED
2-Bromo-1-Butene,C=C(Br)CC,23074-36-4,5.921,0.94,0.9144670579085943,low-fidelity RED
α-Chloro Methyl Acrylate,C=C(C(=O)OC)Cl,80-63-7,5.415,1.013,0.5916079783099617,high-fidelity RED
Methyl-α-Isobutylacrylate,C=C(C(OC)=O)CC(C)C,,5.86,1.138,0.83553874835342,low-fidelity RED
Methyl-α-n-Propylacrylate,C=C(C(OC)=O)CCC,,6.117,1.158,0.6388466169590319,low-fidelity RED
Methyl-α-n-Butylacrylate,C=C(C(OC)=O)CCCC,3070-68-6,6.279,1.149,0.7365459931328117,low-fidelity RED
Methyl-α-Methoxyacrylate,C=C(C(OC)=O)OC,,5.913,1.092,0.2610076627227637,low-fidelity RED
Ethyl α-Acetoxyacrylate,C=C(C(OCC)=O)OC(C)=O,,6.527,1.061,0.4153311931459034,low-fidelity RED
Diethylaminoethyl Methacrylate,C=C(C)C(=O)OC(C)N(CC)CC,,6.333,1.082,0.9410765112359355,low-fidelity RED
2-Acetoacetoxy Ethyl Methacrylate,C=C(C)C(=O)OCCOC(=O)CC(=O)C,21282-97-3,6.648,1.113,0.6451743950281967,low-fidelity RED
"(E)-2,6-Dimethyl-1,5,7-Octatrien-3-ol",C=C(C)C(O)CC=C(C)C=C,29414-56-0,6.097,1.293,0.8620469824783337,low-fidelity RED
Methyl Methacrylate,C=C(C)C(OC)=O,80-62-6,5.801,0.9898,0.29685855217594803,high-fidelity RED
n-Butyl Methacrylate,C=C(C)C(OCCCC)=O,97-88-1,6.765,1.013,0.36142080737002374,high-fidelity RED
Carbonyl Cyanide,C=C(C#N)C#N,922-64-5,5.781,0.9303,0.5153882032022074,high-fidelity RED
Bromoprene,C=C(C=C)Br,1822-86-2,5.677,0.952,0.7537406715840664,high-fidelity RED
"1,1-Difluoroethylene",C=C(F)F,75-38-7,5.2,0.9473,0.8112490369793974,high-fidelity RED
1-Methyl Vinyl Methyl Ether,C=C(OC)C,116-11-0,5.516,0.9766,0.6919176251549018,high-fidelity RED
1-Chloro Vinyl Ethyl Ether,C=C(OCC)Cl,54722-81-5,5.773,0.9181,0.5937171043518965,high-fidelity RED
"1,2-Propadiene (Allene)",C=C=C,463-49-0,4.968,0.8149,0.8038967595406761,high-fidelity RED
"4-Chloro-1,2-Butadiene",C=C=CCCl,25790-55-0 ,4.839,0.9683,0.6562202374203352,high-fidelity RED
Ketene,C=C=O,463-51-4,5.179,0.8432,0.3783186487605388,high-fidelity RED
"1,2-Epoxy-2-Propene",C=C1OC1,40079-14-9,6.447,0.863,0.743723739032176,high-fidelity RED
Bromoethylene,C=CBr,593-60-2,4.965,0.7526,0.29685855217594803,high-fidelity RED
4-Bromo-3-Methyl-1-Butene,C=CC(C)CBr,31950-55-7,5.27,0.9552,0.9141252649391116,low-fidelity RED
3-Chloro-1-Butene,C=CC(Cl)C,563-52-0,4.763,1.0,0.9313968005098578,low-fidelity RED
Acrylic Acid,C=CC(O)=O,79-10-7,5.587,0.8488,0.986787717799528,high-fidelity RED
"1,5-Octadien-3-ol",C=CC(O)C\C=C\CC,83861-74-9,6.513,1.131,0.9918417212438689,low-fidelity RED
sec-Butyl Acrylate,C=CC(OC(CC)C)=O,8/5/98 0:00,6.644,1.063,0.7228416147400478,low-fidelity RED
Acrylic Acid Trifluoromethyl Ester,C=CC(OC(F)(F)F)=O,,4.965,0.9756,0.4499999999999997,low-fidelity RED
"2,2,3,3-Tetrafluoropropyl Acrylate",C=CC(OCC(F)(C(F)F)F)=O,7383-71-3,5.67,1.026,0.3614208073700238,low-fidelity RED
Acrolein Diethyl Acetal,C=CC(OCC)OCC,3054-95-3,5.394,0.9839,0.7988272654335228,low-fidelity RED
1-Pentene-3-Yne,C=CC#CC,646-05-9,4.657,1.009,0.6689544080129827,low-fidelity RED
"1,5-Hexadien-3-Yne",C=CC#CC=C,821-08-9,4.642,0.9166,0.7044501401802686,low-fidelity RED
"1,3-Butadiene",C=CC=C,106-99-0,4.965,0.7526,0.966307404504384,high-fidelity RED
"2,4-Pentadien-1-Al",C=CC=CC=O,764-40-9,5.269,0.933,0.7976528066771905,low-fidelity RED
"3,4-Epoxy-1-Butene",C=CC1CO1,930-22-3,5.322,1.045,0.6427480066091229,high-fidelity RED
Allyl Bromide (3-Bromoprene),C=CCBr,106-95-6,5.696,0.834,0.6403124237432851,high-fidelity RED
Vinylacetic Acid,C=CCC(O)=O,625-38-7,5.925,0.9053,0.6169481339626536,low-fidelity RED
4-Bromo-1-Butene,C=CCCBr,5162-44-7,5.233,0.9164,0.640800280898815,high-fidelity RED
4-Pentenal,C=CCCC=O,2100-17-6,5.847,0.8674,0.5153882032022075,high-fidelity RED
Tangerine Nitrile,C=CCCCCCCC\C=C\CC#N,134769-33-8,6.002,1.124,0.8415016339853418,low-fidelity RED
9-Decenoic Acid,C=CCCCCCCCC(=O)O,14436-32-9,6.657,1.04,0.6652067347825033,low-fidelity RED
9-Decen-1-Al,C=CCCCCCCCC=O,39770-05-3,6.043,1.004,0.7499999999999999,low-fidelity RED
Undecylenic Aldehyde,C=CCCCCCCCCC=O,112-45-8,6.043,1.004,0.8692669325356858,low-fidelity RED
11-Dodecenoic Acid,C=CCCCCCCCCCC(=O)O,65423-25-8,6.657,1.04,0.6823672031978092,low-fidelity RED
10-Undecen-1-ol,C=CCCCCCCCCCO,112-43-6,7.577,0.9562,0.6950719387228922,low-fidelity RED
9-Decen-1-ol,C=CCCCCCCCCO,13019-22-2,7.577,0.9562,0.698212002188447,low-fidelity RED
4-Fluoro-1-Butene,C=CCCF,675-56-9,4.946,0.8633,0.8085480814398115,low-fidelity RED
Diallyl Amine,C=CCNCC=C,124-02-7,5.258,0.8731,0.4062019202317979,high-fidelity RED
Allyl 2-Furoate,C=CCOC(=O)C1=CC=CO1,4208-49-5,7.959,1.294,0.982662200351677,low-fidelity RED
Galbanum Oxyacetate,C=CCOC(=O)COC1CCCCC1,68901-15-5,6.923,1.272,0.8522030274529653,low-fidelity RED
Allyl Trifluoroacetate,C=CCOC(C(F)(F)F)=O,383-67-5,5.312,1.015,0.45345892868042587,low-fidelity RED
"1,1-Diallyloxyethane",C=CCOC(OCC=C)C,20682-69-3,5.924,0.9482,0.5153882032022075,high-fidelity RED
Vinyl Allyl Ether,C=CCOC=C,3917-15-5,5.041,0.933,0.5099019513592781,high-fidelity RED
Allyl Formate,C=CCOC=O,1838-59-1,5.863,0.9281,0.6010407640085655,high-fidelity RED
Diallyl Ether,C=CCOCC=C,557-40-4,5.394,0.8216,0.5573374202401985,high-fidelity RED
"Oxiane, [(2-Popenyloxy)Methyl]-",C=CCOCC1CO1,106-92-3,5.304,1.092,0.4974937185533109,low-fidelity RED
Allyl Mercaptan,C=CCS,870-23-5,5.254,0.8369,0.49560569003997507,high-fidelity RED
Allyl Disulfide,C=CCSSCC=C,2179-57-9,5.144,0.8409,0.6269968101992233,low-fidelity RED
Vinyl Pyrrolidone,C=CN1CCCC1=O,88-12-0,5.734,0.9439,0.8860022573334676,high-fidelity RED
Methyl Vinyl Ether,C=COC,107-25-5,4.943,0.8639,0.4499999999999995,high-fidelity RED
"Ethenyl 2,2-Dichloroacetate",C=COC(=O)C(Cl)Cl,4/8/61 0:00,6.118,1.057,0.8649421946003093,low-fidelity RED
Ethenyl 2-Chloroacetate,C=COC(=O)CCl,2549-51-1,5.49,0.9164,0.9171968163922077,low-fidelity RED
Vinyl Ether,C=COC=C,109-93-3,5.085,0.9066,0.6773108592072027,high-fidelity RED
Vinyl Formate,C=COC=O,692-45-5,5.435,0.8572,0.8306623862918071,high-fidelity RED
Diethylene Glycol Divinyl Ether,C=COCCOCCOC=C,764-99-8,5.408,0.9268,0.4847679857416331,high-fidelity RED
Divinylsulfide,C=CSC=C,627-51-0,4.985,0.8044,0.5926634795564851,high-fidelity RED
Vinyl Butyl Sulfide,C=CSCCCC,4789-70-2,5.184,0.9057,0.4168333000133267,high-fidelity RED
Vinyl S-Butyl Mercapto Ethyl Ether,C=CSCCCCOCC,,5.176,1.068,0.5159941860137576,high-fidelity RED
Vinyl S-Ethyl Mercapto Ethyl Ether,C=CSCCOCC,,4.93,0.9466,0.4344536799245689,high-fidelity RED
"Benzenamine, 2-(Trifluoromethyl)-",C1(=C(N)C=CC=C1)C(F)(F)F,88-17-5,4.885,0.9928,0.8746427842267958,low-fidelity RED
3-Methylfuran,C1=CC(=CO1)C,930-27-8,6.429,1.039,0.907606743033567,low-fidelity RED
"1,4-Cyclohexadiene",C1=CCC=CC1,628-41-1,5.199,0.9091,0.9968701018688445,low-fidelity RED
Cyclobutene,C1=CCC1,822-35-5,5.104,0.7891,0.9013878188659972,low-fidelity RED
"2,5-Dihydrofuran",C1=CCOC1,1708-29-8,5.279,0.8389,0.8100925873009832,low-fidelity RED
Cyclohexene Oxide,C12CCCCC1O2,286-20-4,5.354,0.9328,0.9253377761660883,low-fidelity RED
"2,3,4,5,2',3',4',5'-Octahydro-Bifuryl-(3,3')",C1CC(C2CCOC2)CO1,106538-38-9,5.958,0.8835,0.9813893213195272,low-fidelity RED
Octahydrocoumarin,C1CCC2C(C1)CCC(=O)O2,4430-31-3,6.833,1.136,0.9158329542007102,low-fidelity RED
Ethylene Dodecanoate,C1CCCCCC(=O)OCCOC(=O)CCCC1,54982-83-1,6.958,1.004,0.8732124598286494,low-fidelity RED
Piperidine,C1CCCCN1,110-89-4,5.028,1.012,0.9902651160169184,high-fidelity RED
Hexamethyleneimine,C1CCCNCC1,111-49-9,5.028,1.012,0.8919781387455636,low-fidelity RED
Dihydropyran,C1CCOC=C1,110-87-2,5.06,0.9513,0.9340770846134705,high-fidelity RED
Tetrahydrofuran (Thf),C1CCOC1,109-99-9,4.977,0.7305,0.6731456008918135,high-fidelity RED
Tetrahydropyran,C1CCOCC1,142-68-7,5.181,0.7656,0.37499999999999967,high-fidelity RED
Piperazine,C1CNCCN1,110-85-0,4.823,0.8796,0.872496418330758,high-fidelity RED
"1,3-Dioxane",C1OCCCO1,505-22-6,5.322,0.8822,0.9354143466934853,low-fidelity RED
"(E+Z)-4,8-Dimethyl-3,7-Nonadien-2-ol",CC(\C=C(/C)\CCC=C(C)C)O,67845-50-5,7.275,1.079,0.9168560410446122,low-fidelity RED
Cherry Pentenoate,CC(\C=C\C)C(=O)OCC,1617-23-8,6.997,0.9697,0.7254309064273456,low-fidelity RED
Dextro-Perillaldehyde,CC(=C)[C@@H]1CCC(=CC1)C=O,12/8/03 0:00,6.586,1.207,0.9048480535426928,low-fidelity RED
2-Methyl-2-Propenoyl Chloride,CC(=C)C(=O)Cl,920-46-7,5.522,0.883,0.606217782649107,low-fidelity RED
Allyl Methacrylate,CC(=C)C(=O)OCC=C,96-05-9,6.406,0.97,0.6123724356957945,high-fidelity RED
Benzyl Methacrylate,CC(=C)C(=O)OCC1=CC=CC=C1,2495-37-6,7.537,1.065,0.9552486587271405,high-fidelity RED
Tetrahydrofurfuryl Methacrylate,CC(=C)C(=O)OCC1CCCO1,2455-24-5,5.628,1.136,0.6538348415311016,low-fidelity RED
Glycidyl Methacrylate,CC(=C)C(=O)OCC1CO1,106-91-2,6.48,1.098,0.7000000000000004,high-fidelity RED
3-Bromo-2-Methyl-1-Butene,CC(=C)C(Br)C,51872-48-1,5.633,1.079,0.9669539802906857,low-fidelity RED
3-Isopropenyl-6-Oxoheptanoic Acid,CC(=C)C(CCC(=O)C)CC(=O)O,4436-82-2,6.45,1.289,0.857685839920422,low-fidelity RED
Perillaldehyde,CC(=C)C1CCC(=CC1)C=O,2111-75-3,6.586,1.207,0.9048480535426928,low-fidelity RED
4-Methyl-4-Penten-2-One,CC(=C)CC(C)=O,2/3/44 0:00,6.192,0.8629,0.539096466321196,low-fidelity RED
5-Methyl-5-Hexen-2-One,CC(=C)CCC(=O)C,9/3/40 0:00,6.517,0.9542,0.6604922406811456,low-fidelity RED
Isoprenyl Acetate,CC(=C)CCOC(=O)C,7/2/05 0:00,7.118,0.9341,0.5320949163448193,low-fidelity RED
N-Ethyl-2-Methylallylamine,CC(=C)CNCC,18328-90-0,5.828,1.079,0.7305819598101229,low-fidelity RED
Ipsdienol,CC(=C[C@H](CC(=C)C=C)O)C,35628-00-3,6.799,1.195,0.8620469824783337,low-fidelity RED
Methyl Heptadienone,CC(=C\C=C\C(=O)C)C,1604-28-0,5.658,1.135,0.8975661535508128,low-fidelity RED
Dimethyl Ketene,CC(=C=O)C,598-26-5,6.194,0.8404,0.590550590550886,high-fidelity RED
Methyl Dimethyl Acrylate,CC(=CC(=O)OC)C,924-50-5,6.354,1.001,0.5159941860137576,low-fidelity RED
Artemisyl Alcohol,CC(=CC(C(C)(C)C=C)O)C,29887-38-5,6.17,1.066,0.8595056718835541,low-fidelity RED
Santolina Alcohol,CC(=CC(C=C)C(C)(C)O)C,35671-15-9,6.364,0.9887,0.8280247580839595,low-fidelity RED
(-)-Lavandulol,CC(=CC[C@@H](CO)C(=C)C)C,498-16-8,6.137,1.118,0.7483314773547883,low-fidelity RED
3-Methyl-2-Buten-1-Al,CC(=CC=O)C,107-86-8,6.339,0.9701,0.5550900827793638,low-fidelity RED
Lavandulol,CC(=CCC(CO)C(=C)C)C,58461-27-1,6.137,1.118,0.7483314773547883,low-fidelity RED
Laevo-Linalool,CC(=CCC[C](C)(C=C)O)C,126-91-0,6.164,1.16,0.975961064797157,low-fidelity RED
(E)-Citral,CC(=CCC/C(=C/C=O)/C)C,141-27-5,7.376,1.114,0.9178779875342907,low-fidelity RED
Citral Glyceryl Acetal,CC(=CCC/C(=C/C1OCC(O1)CO)/C)C,5694-82-6,7.062,1.216,0.7830229881682912,low-fidelity RED
"(E,E)-Farnesol",CC(=CCC/C(=C/CC/C(=C/CO)/C)/C)C,106-28-5,6.911,1.061,0.9813893213195263,low-fidelity RED
Geranyl Formate,CC(=CCC/C(=C/COC=O)/C)C,105-86-2,7.205,1.048,0.8280247580839596,low-fidelity RED
Geranyl Oxyacetaldehyde,CC(=CCC/C(=C/COCC=O)/C)C,68213-87-6,7.001,1.057,0.7636262174650638,low-fidelity RED
Marine Decadienal,CC(=CCC/C(=C\CCC=O)/C)C,762-26-5,7.172,1.047,0.9801147891956333,low-fidelity RED
Neryl Formate,CC(=CCC/C(=C\COC=O)/C)C,2142-94-1,7.205,1.048,0.8280247580839596,low-fidelity RED
Citralva,CC(=CCCC(=CC#N)C)C,5585-39-7,7.414,1.103,0.8173891362135913,low-fidelity RED
Neral,CC(=CCCC(=CC=O)C)C,106-26-3,7.376,1.114,0.9178779875342907,low-fidelity RED
Farnesol,CC(=CCCC(=CCCC(=CCO)C)C)C,4602-84-0,6.911,1.061,0.9813893213195263,low-fidelity RED
Geranyl Acetoacetate,CC(=CCCC(=CCOC(=O)CC(=O)C)C)C,61759-64-6,7.368,1.133,0.8158584436040364,low-fidelity RED
Methyl Heptenone,CC(=CCCC(=O)C)C,110-93-0,6.878,0.9902,0.7701460900374688,low-fidelity RED
Dehydro β-Linalool,CC(=CCCC(C)(C#C)O)C,29171-20-8,6.335,1.154,0.8753570700005796,low-fidelity RED
Linalool,CC(=CCCC(C)(C=C)O)C,78-70-6,6.164,1.16,0.975961064797157,low-fidelity RED
Linalool Oxide,CC(=CCCC(C)(C1CO1)O)C,1365-19-1,7.084,1.152,0.9762812094883314,low-fidelity RED
Prenyl Acetate,CC(=CCOC(=O)C)C,1191-16-8,7.082,0.9495,0.5968668193156662,low-fidelity RED
Prenyl Senecioate,CC(=CCOC(=O)C=C(C)C)C,72779-06-7,6.832,1.062,0.9581883948368403,low-fidelity RED
Prenyl Formate,CC(=CCOC=O)C,68480-28-4,6.792,0.9647,0.41382363393117155,low-fidelity RED
Prenyl Mercaptan,CC(=CCS)C,5287-45-6,6.041,1.003,0.779422863405995,low-fidelity RED
Acetonemethyloxime,CC(=NOC)C,3376-35-0,5.649,0.7078,0.7850159234053792,high-fidelity RED
1-Acetyl Cyclohexyl Acetate,CC(=O)C1(CCCCC1)OC(=O)C,52789-73-8,6.536,0.88,0.9572094859538327,low-fidelity RED
Allyl Acetoacetate,CC(=O)CC(=O)OCC=C,1118-84-9,6.623,1.07,0.5706356105256665,high-fidelity RED
Methoxyhexanone (Pentoxone),CC(=O)CC(C)(C)OC,107-70-0,6.324,0.9291,0.2512468905280216,high-fidelity RED
4-Methyl 4-Mercaptopentan-2-One 1% In Pg,CC(=O)CC(C)(C)S,19872-52-7,6.577,0.9566,0.6067330549755807,low-fidelity RED
Cassis Pentanone,CC(=O)CC(C)(C)SC,23550-40-5,6.518,0.8958,0.8573214099741128,low-fidelity RED
Acetyl Acetaldehyde Dimethyl Acetal,CC(=O)CC(OC)OC,5436-21-5,6.795,0.8828,0.5963430220938285,low-fidelity RED
Methyl Levulinate,CC(=O)CCC(=O)OC,624-45-3,6.922,0.8393,0.8340413658806145,low-fidelity RED
Furfuryl Acetone,CC(=O)CCC1=CC=CO1,699-17-2,7.805,1.028,0.9861541461658013,low-fidelity RED
8-Nonen-2-One,CC(=O)CCCCCC=C,5009-32-5,6.972,1.062,0.8234834546000301,low-fidelity RED
10-Undecen-2-One,CC(=O)CCCCCCCC=C,36219-73-5,6.972,1.062,0.9526279441628824,low-fidelity RED
2-Chloroallylidene Diacetate,CC(=O)OC(C(=C)Cl)OC(=O)C,5459-90-5,6.468,1.062,0.8189169677079602,high-fidelity RED
Glucose Pentaacetate,CC(=O)OC[C@H]([C@H]([C@@H]([C@H](C=O)OC(=O)C)OC(=O)C)OC(=O)C)OC(=O)C,3891-59-6,7.406,1.152,0.9669539802906866,low-fidelity RED
"1-Acetoxy-1,3-Butadiene",CC(=O)OC=CC=C,1515-76-0,5.969,0.9867,0.6504805915628847,high-fidelity RED
Acorn Acetate,CC(=O)OC1(CCCCC1)C#C,5240-32-4,6.359,1.116,0.9000000000000008,low-fidelity RED
Acetomethoxane_2001Review,CC(=O)OC1OC(C)OC(C)C1,828-00-2,6.961,1.172,0.4905354217587155,low-fidelity RED
"(Z,Z)-3,6-Nonadien-1-Yl Acetate",CC(=O)OCC/C=C\C/C=C\CC,83334-93-4,6.803,1.048,0.9347459547919963,low-fidelity RED
(Z)-3-Hepten-1-Yl Acetate,CC(=O)OCC/C=C\CCC,1576-78-9,6.836,0.8899,0.7705517503711219,low-fidelity RED
(Z)-3-Nonen-1-Yl Acetate,CC(=O)OCC/C=C\CCCCC,13049-88-2,7.212,0.9022,0.9045026257562773,low-fidelity RED
Pentaacetyl Glucose,CC(=O)OCC1C(C(C(C(O1)OC(=O)C)OC(=O)C)OC(=O)C)OC(=O)C,604-68-2,7.543,1.255,0.7570501964863364,low-fidelity RED
3-Methyl-3-Methoxy Butyl Acetate,CC(=O)OCCC(C)(C)OC,103429-90-9,7.038,0.8847,0.6786935980249111,high-fidelity RED
3-Mercapto-3-Methyl-1-Butyl Acetate,CC(=O)OCCC(C)(C)S,50746-09-3,6.955,0.8891,0.4301162633521316,low-fidelity RED
Cyclohexyl Ethyl Acetate,CC(=O)OCCC1CCCCC1,21722-83-8,7.093,0.932,0.9516433155337144,low-fidelity RED
"1,4-Nonane Diol Diacetate",CC(=O)OCCCC(OC(C)=O)CCCCC,67715-81-5,7.839,0.9951,0.6745368781616023,low-fidelity RED
4-Penten-1-Yl Acetate,CC(=O)OCCCC=C,1576-85-8,7.315,0.9708,0.4616546328154851,low-fidelity RED
3-(Methyl Thio) Propyl Acetate,CC(=O)OCCCSC,16630-55-0,7.297,0.8603,0.7508328708840603,low-fidelity RED
2-(Methyl Thio) Ethyl Acetate,CC(=O)OCCSC,5862-47-5,6.92,0.8433,0.8645808232895288,low-fidelity RED
Thioacetic Acid,CC(=O)S,507-09-5,5.962,0.7136,0.8972179222463184,high-fidelity RED
Methyl Thioacetate,CC(=O)SC,1534-08-3,5.995,0.6492,0.8710625695092169,low-fidelity RED
2-Bromopropane,CC(Br)C,75-26-3,5.33,0.7454,0.7176350047203662,high-fidelity RED
2-Bromobutane,CC(Br)CC,78-76-2,5.568,0.8499,0.7250000000000003,high-fidelity RED
Acetoin Acetate,CC(C(=O)C)OC(=O)C,4906-24-5,6.749,0.9461,0.6576473218982953,low-fidelity RED
"Dextro,Laevo-3-(Methyl Thio) Butanone",CC(C(=O)C)SC,53475-15-3,6.278,0.8344,0.9526279441628822,low-fidelity RED
Butyl Tiglate,CC(C(=O)OCCCC)=[C@H]C,7785-66-2,7.006,1.061,0.8085480814398113,low-fidelity RED
"2-Hexanone,3,3,4,4,5,5,6,6-Octafluoro-",CC(C(C(F)(C(C(F)F)(F)F)F)(F)F)=O,93449-49-1,4.908,1.004,0.8624094155330166,low-fidelity RED
"3,3-Dimethyl-2-Pentanone",CC(C(C)(C)CC)=O,20669-04-9,6.337,0.7691,0.9370832406995655,low-fidelity RED
Butadione,CC(C(C)=O)=O,431-03-8,5.973,0.7099,0.2610076627227637,high-fidelity RED
3-Methyl-2-Hexanone,CC(C(C)CCC)=O,2550-21-2,6.164,0.8308,0.7356969484781082,low-fidelity RED
"2,3-Butane Dithiol",CC(C(C)S)S,4532-64-3,5.368,0.7345,0.9027735042633899,low-fidelity RED
Menthol,CC(C(CCC(C)C1)C1O)C,89-78-1,6.316,1.162,0.7697402159170327,low-fidelity RED
"1,1-Dichloroacetone",CC(C(Cl)Cl)=O,513-88-2,5.668,0.835,0.8403868156985814,high-fidelity RED
"3,3,4,4-Tetrafluoro-Butanone-(2)(S)",CC(C(F)(C(F)F)F)=O,679-97-0,5.228,0.8533,0.5244044240850758,low-fidelity RED
"2,2-Bis(Trifluoromethyl)Propanol",CC(C(F)(F)F)(CO)C(F)(F)F,2927-17-5,5.256,0.9167,0.9519716382329879,low-fidelity RED
"Ethyl 3-Methyl -4,4,4-Trifluorobutyrate",CC(C(F)(F)F)CC(OCC)=O,95853-67-1,5.81,1.04,0.8173891362135906,low-fidelity RED
"1,1-Difluoro-Acetone",CC(C(F)F)=O,431-05-0,5.916,0.804,0.761987532706409,low-fidelity RED
"2,2-Dimethylvaleric Acid",CC(C(O)=O)(C)CCC,1185-39-3,6.076,0.9096,0.8620469824783332,low-fidelity RED
"Propanedioic Acid, Methyl-, Diethyl Ester",CC(C(OCC)=O)C(OCC)=O,609-08-5,7.294,0.8512,0.3288236609491476,low-fidelity RED
Tert-Butyl Vinyl Ketone,CC(C)(C)C(=O)C=C,2177-30-2,5.819,0.8556,0.931732257679211,low-fidelity RED
Methyl Pivalate,CC(C)(C)C(=O)OC,598-98-1,6.198,0.7985,0.698659430624106,low-fidelity RED
"3,3-Dimethyl-2-Butanone",CC(C)(C)C(C)=O,75-97-8,5.998,0.7172,0.8609587678861282,low-fidelity RED
"3,3-Dimethyl-2-Butanol",CC(C)(C)C(O)C,464-07-3,6.524,0.8495,0.6229967897188555,low-fidelity RED
"2,2-Dimethylpropanal",CC(C)(C)C=O,630-19-3,5.606,0.8816,0.6284902544988266,low-fidelity RED
"2,4,4-Trimethyl-1-Pentanol",CC(C)(C)CC(C)CO,16325-63-6,7.079,0.8846,0.8299096336348913,low-fidelity RED
"7,7-Dimethyl-1-Octanol",CC(C)(C)CCCCCCO,66719-35-5,7.7,0.8442,0.7132671308843552,low-fidelity RED
"6,6-Dimethyl-1-Heptanol",CC(C)(C)CCCCCO,65769-10-0,7.7,0.8442,0.7399324293474371,low-fidelity RED
"2,2-Dimethyl-1-Propanethiol",CC(C)(C)CS,1679-08-9,5.406,0.7836,0.9031195934094222,low-fidelity RED
Methyl-t-Butyl Ether,CC(C)(C)OC,1634-04-4,5.173,0.7287,0.7386643351347074,high-fidelity RED
Tert-Butyl Acrylate,CC(C)(C)OC(=O)C=C,1663-39-4,6.443,1.009,0.8440971508067063,low-fidelity RED
t-Butyl Acetate,CC(C)(C)OC(C)=O,540-88-5,6.183,0.7618,0.705779710674655,high-fidelity RED
Ethylene Glycol Di-t-Butyl Ether,CC(C)(C)OCCOC(C)(C)C,26547-47-7,5.567,0.8259,0.8249999999999998,high-fidelity RED
Di-t-Butyl Peroxide,CC(C)(C)OOC(C)(C)C,110-05-4,5.266,0.7844,0.94406037942496,low-fidelity RED
Allyl-Tert-Butylperoxide,CC(C)(C)OOCC=C,39972-78-6,5.548,0.9522,0.505593710403917,low-fidelity RED
Yomogi Alcohol,CC(C)(C=C)\C=C\C(C)(C)O,30458-12-9,6.12,0.95,0.8418729120241368,low-fidelity RED
2-Methyl-3-Buten-2-ol,CC(C)(C=C)O,115-18-4,5.817,0.8894,0.9633924433998845,low-fidelity RED
Delta-Terpineol,CC(C)(C1CCC(=C)CC1)O,7299-42-5,6.449,1.056,0.8806957476904272,low-fidelity RED
"2,2-Dimethylbutanenitrile",CC(C)(CC)C#N,20654-46-0,6.27,0.9944,0.9110433579144298,low-fidelity RED
"4,4-Dimethyl-2-Hexanol",CC(C)(CC)CC(C)O,E14187,6.864,0.7954,0.7623975340988451,low-fidelity RED
Dimethyl Benzyl Carbinyl Formate,CC(C)(CC1=CC=CC=C1)OC=O,10058-43-2,6.946,1.218,0.9893179468704693,low-fidelity RED
"3,3-Dimethyl-1-Hexanol",CC(C)(CCC)CCO,10524-70-6,6.655,0.8509,0.7318640584152224,low-fidelity RED
Myrcenol,CC(C)(CCCC(=C)C=C)O,543-39-5,6.803,1.081,0.6329494450586083,low-fidelity RED
Iyral,CC(C)(CCCC1=CCC(CC1)C=O)O,31906-04-4,7.637,1.27,0.7619875327064085,low-fidelity RED
3-Mercapto-3-Methyl Butyl Formate,CC(C)(CCOC=O)S,50746-10-6,5.898,1.065,0.45414755311462407,low-fidelity RED
Tert-Butylamine,CC(C)(N)C,75-64-9,5.095,0.8727,0.700892288443809,low-fidelity RED
Methyl t-Butylcarbamate,CC(C)(NC(OC)=O)C,27701-01-5,6.065,0.7374,0.5640257086339239,low-fidelity RED
Ethyl t-Butylcarbamate,CC(C)(NC(OCC)=O)C,1611-50-3,6.662,0.8629,0.4160829244273311,low-fidelity RED
"2,3-Dimethyl-2-Butanol",CC(C)(O)C(C)C,594-60-5,6.309,0.8118,0.5841660722773959,low-fidelity RED
"2,4-Dimethyl-2-Pentanol",CC(C)(O)CC(C)C,625-06-9,6.472,0.8054,0.6349212549600146,low-fidelity RED
"2,4-Dimethyl-2-Octanol",CC(C)(O)CC(C)CCCC,18675-20-2,6.834,1.048,0.7830229881682913,low-fidelity RED
2-Methyl-2-Pentanol,CC(C)(O)CCC,590-36-3,5.974,0.8375,0.6914658342969664,low-fidelity RED
"2,5-Dimethyl-2-Hexanol",CC(C)(O)CCC(C)C,3730-60-7,6.378,0.8199,0.6637959023675876,low-fidelity RED
2-Methyl-2-Hexanol,CC(C)(O)CCCC,625-23-0,6.305,0.7894,0.7097534783289196,low-fidelity RED
"2,7-Dimethyl-2-Octanol",CC(C)(O)CCCCC(C)C,42007-73-8,6.69,0.9548,0.6914658342969664,low-fidelity RED
2-Methyl-2-Octanol,CC(C)(O)CCCCCC,628-44-4,6.434,0.8615,0.6661456297237114,low-fidelity RED
2-Methyl-2-Butanethiol,CC(C)(S)CC,1679-09-0,5.627,0.8659,0.9219544457292886,low-fidelity RED
"3-Laevo-Menthoxy-2-Methyl Propane-1,2-Diol",CC(C)[C@@H]1CC[C@H](C)C[C@H]1OCC(C)(O)CO,195863-84-4,6.593,1.414,0.8518362518700412,low-fidelity RED
Green Heptenal,CC(C)/C(=C/CC(C)C=O)/C,82784-84-7,6.776,1.103,0.9937303457175894,low-fidelity RED
"(E)-2,4-Dimethyl-2-Pentenoic Acid ",CC(C)\C=C(/C)\C(=O)[O-],21016-46-6,6.196,0.9989,0.9788385975225948,low-fidelity RED
Acetyl Isobutyryl,CC(C)C(=O)C(=O)C,7493-58-5,6.365,0.8082,0.9940447676035523,low-fidelity RED
Isopropyl Vinyl Ketone,CC(C)C(=O)C=C,1606-47-9,6.437,0.9692,0.6791538853603063,low-fidelity RED
"2,2,4-Trimethyl-1,3-Pentanediol Monoisobutyrate",CC(C)C(=O)OCC(C)(C)C(O)C(C)C,77-68-9,6.854,1.238,0.6082762530298218,low-fidelity RED
Prenyl Isobutyrate,CC(C)C(=O)OCC=C(C)C,76649-23-5,7.129,1.029,0.8573214099741122,low-fidelity RED
Furfuryl Isobutyrate,CC(C)C(=O)OCC1=CC=CO1,6270-55-9,8.248,1.162,0.6581223290544088,low-fidelity RED
Rhodinyl Isobutyrate,CC(C)C(=O)OCCC(C)CCCC(=C)C,138-23-8,7.739,1.194,0.9672771061076552,low-fidelity RED
3-Phenyl Propyl Isobutyrate,CC(C)C(=O)OCCCC1=CC=CC=C1,103-58-2,8.713,1.161,0.9069178573608531,low-fidelity RED
Phenoxyethyl Isobutyrate,CC(C)C(=O)OCCOC1=CC=CC=C1,103-60-6,8.497,1.148,0.9253377761660879,low-fidelity RED
Methyl Thioisobutyrate,CC(C)C(=O)SC,42075-42-3,6.447,0.8305,0.9927864825832393,low-fidelity RED
Texanol,CC(C)C(C(C)(C)COC(=O)C(C)C)O,25265-77-4,6.854,1.238,0.877852493303972,high-fidelity RED
Trimethyl Isopropyl Butanamide,CC(C)C(C)(C(C)C)C(=O)NC,51115-67-4,6.337,1.012,0.7652613932506986,low-fidelity RED
"2,3,4-Trimethyl-3-Pentanol",CC(C)C(C)(O)C(C)C,3054-92-0,6.451,0.9174,0.9034655499796325,low-fidelity RED
Methyl Isopropyl Ketone,CC(C)C(C)=O,563-80-4,6.256,0.8287,0.5640257086339239,low-fidelity RED
"2,3,4-Trimethyl-2-Pentanol",CC(C)C(C)C(C)(C)O,66576-26-9,6.569,0.761,0.7284401142166731,low-fidelity RED
"3,4-Dimethyl-2-Pentanol",CC(C)C(C)C(C)O,64502-86-9,6.124,0.8085,0.7778174593052021,low-fidelity RED
"4,5-Dimethyl-1-Hexanol",CC(C)C(C)CCCO,E14149,7.666,0.8997,0.49497474683058357,low-fidelity RED
2-Isopropyl-1-Pentanol,CC(C)C(CCC)CO,E15225,6.147,0.9039,0.7004462863060948,low-fidelity RED
3-Amino-2-Methylpentane,CC(C)C(N)CC,54287-41-1,5.891,0.825,0.8764274071479051,low-fidelity RED
"2,3-Dimethyl-3-Pentanol",CC(C)C(O)(C)CC,595-41-5,6.897,0.9665,0.7420411039827913,low-fidelity RED
"2,3-Dimethyl-3-Hexanol",CC(C)C(O)(C)CCC,4166-46-5,6.49,1.007,0.8573214099741123,low-fidelity RED
"2,4-Dimethyl-3-Pentanol",CC(C)C(O)C(C)C,600-36-2,6.346,0.8179,0.646625857818878,low-fidelity RED
"2,4-Dimethyl-3-Hexanol",CC(C)C(O)C(C)CC,13432-25-2,6.66,0.8838,0.7297259759663212,low-fidelity RED
2-Methyl-3-Pentanol,CC(C)C(O)CC,565-67-3,6.477,0.8617,0.8624094155330169,low-fidelity RED
"2,5-Dimethyl-3-Hexanol",CC(C)C(O)CC(C)C,19550-07-3,6.755,0.8246,0.7035623639735143,low-fidelity RED
2-Methyl-3-Hexanol,CC(C)C(O)CCC,617-29-8,6.38,0.8671,0.6914658342969666,low-fidelity RED
2-Methyl-3-Heptanol,CC(C)C(O)CCCC,18720-62-2,6.708,0.8622,0.702228595259407,low-fidelity RED
3-Methyl-2-Butanethiol,CC(C)C(S)C,2084-18-6,5.294,0.7254,0.9113863066779092,low-fidelity RED
Isodihydrolavandulol,CC(C)C\C=C(\CO)/C(C)C,40853-53-0,6.425,0.9984,0.6919176251549024,low-fidelity RED
(E)-6-Methyl-3-Hepten-2-One,CC(C)C\C=C\C(=O)C,20859-10-3,5.883,1.043,0.8400148808205724,low-fidelity RED
"2,4-Dimethyl-2-Pentenoic Acid",CC(C)C=C(C)C(O)=O,66634-97-7,5.657,0.9371,0.9788385975225948,low-fidelity RED
Filbert Hexenone,CC(C)C=CC(=O)C,5166-53-0,5.843,1.026,0.7369701486491841,low-fidelity RED
4-Methyl-2-Penten-1-Al,CC(C)C=CC=O,5362-56-1,5.779,0.9935,0.5766281297335402,low-fidelity RED
Isobutyraldehyde,CC(C)C=O,78-84-2,5.59,0.8971,0.6329494450586082,low-fidelity RED
α-Terpinen-7-Al,CC(C)C1=CC=C(CC1)C=O,1197-15-5,6.737,1.187,0.8189169677079609,low-fidelity RED
Menthadienyl Formate,CC(C)C1=CCC(=CC1)CCOC=O,68683-20-5,7.134,1.239,0.8845903006477063,low-fidelity RED
Para-Menth-3-En-1-ol,CC(C)C1=CCC(CC1)(C)O,586-82-3,6.759,1.244,0.959492053119775,low-fidelity RED
Sabinol,CC(C)C12CC1C(=C)C(C2)O,471-16-9,7.083,1.156,0.8678277478854889,low-fidelity RED
Ascaridole,CC(C)C12CCC(C=C1)(OO2)C,512-85-6,5.56,1.149,0.8477912478906585,low-fidelity RED
2-(Laevo-Menthoxy) Ethanol,CC(C)C1CCC(C)CC1OCCO,38618-23-4,7.431,1.229,0.6986594306241066,low-fidelity RED
Muguet Ethanol,CC(C)C1CCC(CC1)C(C)O,63767-86-2,6.76,1.012,0.8492643875731514,low-fidelity RED
Leather Cyclohexanol,CC(C)C1CCC(CC1)O,4/9/21 0:00,6.898,1.052,0.812403840463596,low-fidelity RED
Decatol,CC(C)C1CCC2CC(CCC2C1)O,34131-99-2,6.746,1.056,0.9555757426808204,low-fidelity RED
Acetyl Isovaleryl,CC(C)CC(=O)C(=O)C,13706-86-0,6.674,0.8968,0.8329165624478839,low-fidelity RED
2-Hydroxy-5-Methyl-3-Hexanone,CC(C)CC(=O)C(C)O,246511-74-0,6.415,0.902,0.962094070244693,low-fidelity RED
Isopropyl Isovalerate,CC(C)CC(=O)OC(C)C,32665-23-9,6.426,0.9871,0.9154916711800276,low-fidelity RED
Allyl Isovalerate,CC(C)CC(=O)OCC=C,2835-39-4,6.516,1.082,0.7516648189186453,low-fidelity RED
Furfuryl Isovalerate,CC(C)CC(=O)OCC1=CC=CO1,13678-60-9,7.788,1.154,0.6373774391990981,low-fidelity RED
3-Methyl Thiopropyl Isovalerate,CC(C)CC(=O)OCCCSC,84559-98-8,7.04,1.116,0.709313047955556,low-fidelity RED
3-Hydroxy-5-Methyl-2-Hexanone,CC(C)CC(C(=O)C)O,163038-04-8,6.325,0.9201,0.962094070244693,low-fidelity RED
"2,2,4-Trimethyl-1-Pentanol",CC(C)CC(C)(C)CO,123-44-4,5.773,0.899,0.7889866919029747,low-fidelity RED
"3,5-Dimethyl-2-Hexanol",CC(C)CC(C)C(C)O,66576-27-0,6.558,0.8562,0.7905694150420949,low-fidelity RED
"6,8-Dimethyl-2-Nonanol",CC(C)CC(C)CCCC(C)O,70214-77-6,7.248,0.9301,0.7322909257938404,low-fidelity RED
"3,5-Dimethyl-1-Hexanol",CC(C)CC(C)CCO,13501-73-0,7.188,0.7595,0.7619875327064083,low-fidelity RED
Methyl Amyl Acetate,CC(C)CC(C)OC(=O)C,108-84-9,6.977,0.7901,0.7941190087134294,high-fidelity RED
Di-Isobutyl Ketone,CC(C)CC(CC(C)C)=O,108-83-8,6.368,0.8398,0.8616843969807043,high-fidelity RED
2-Amino-4-Methylpentane,CC(C)CC(N)C,108-09-8,5.863,0.7903,0.7733854149129009,low-fidelity RED
2-Methyl-4-Heptanol,CC(C)CC(O)CCC,21570-35-4,6.017,0.9399,0.7288689868556625,low-fidelity RED
Methyl Isopentanoate,CC(C)CC(OC)=O,556-24-1,6.298,0.916,0.46165463281548463,low-fidelity RED
Ethyl Isovalerate,CC(C)CC(OCC)=O,108-64-5,6.436,0.936,0.6329494450586081,low-fidelity RED
Propyl Isopentanoate ,CC(C)CC(OCCC)=O,557-00-6,6.51,1.025,0.8370334521391603,low-fidelity RED
(E)-7-Methyl-3-Octen-2-One,CC(C)CC\C=C\C(=O)C,33046-81-0,5.756,1.024,0.890575656527844,low-fidelity RED
3-Methylbutanenitrile,CC(C)CC#N,625-28-5,5.796,0.8699,0.9182183836103481,low-fidelity RED
2-Isobutyl-3-Methoxypyrazine,CC(C)CC1=NC=CN=C1OC,24683-00-9,6.103,1.19,0.9516433155337146,low-fidelity RED
2-Isobutyl Thiazole,CC(C)CC1=NC=CS1,18640-74-9,6.246,1.129,0.966307404504384,low-fidelity RED
Sedanolide,CC(C)CC1C2CCCC=C2C(=O)O1,6415-59-4,7.491,1.173,0.9233092656309698,low-fidelity RED
Floral Pyranol,CC(C)CC1CC(CCO1)(C)O,63500-71-0,6.048,1.15,0.6932712311931021,low-fidelity RED
Methyl Iso-Amyl Ketone,CC(C)CCC(=O)C,110-12-3,6.436,0.8856,0.6264982043070836,low-fidelity RED
Methyl 4-Methyl Valerate,CC(C)CCC(=O)OC,2412-80-8,6.962,0.8562,0.5830951894845301,low-fidelity RED
"4,7-Dimethyl-1-Octanol",CC(C)CCC(C)CCCO,66719-34-4,7.664,0.9452,0.675,low-fidelity RED
Phytol,CC(C)CCC[C@@H](C)CCC[C@@H](C)CCC/C(=C/CO)/C,150-86-7,6.996,0.9922,0.9953014618697194,low-fidelity RED
Aldehydic Nitrile,CC(C)CCCC(C)CC#N,40188-41-8,6.277,1.036,0.8325412902673356,low-fidelity RED
Tetrahydrocitral,CC(C)CCCC(C)CC=O,5988-91-0,6.218,0.9855,0.884943501021393,low-fidelity RED
"(Z,E)-Phytol",CC(C)CCCC(C)CCCC(C)CCCC(=CCO)C,7541-49-3,6.996,0.9922,0.9953014618697194,low-fidelity RED
6-Methyl Heptanal,CC(C)CCCCC=O,63885-09-6,6.249,0.9777,0.6768493185340443,low-fidelity RED
Isodecanal,CC(C)CCCCCCC=O,1321-89-7,6.194,1.01,0.8753570700005798,low-fidelity RED
Isodecanol,CC(C)CCCCCCCO,25339-17-7,7.65,0.8631,0.6680194607943694,low-fidelity RED
Isononyl Alcohol,CC(C)CCCCCCO,27458-94-2,7.65,0.8631,0.7176350047203663,low-fidelity RED
Isononyl Anthranilate,CC(C)CCCCCCOC(=O)C1=CC=CC=C1N,49553-64-2,7.851,1.217,0.9117291264405241,low-fidelity RED
3-Methylbutylamine,CC(C)CCN,107-85-7,5.693,0.8797,0.5326818938165628,low-fidelity RED
3-Methylbutyl Nitrate,CC(C)CCO[N+](=O)[O-],543-87-3,6.076,1.066,0.5062114182829147,low-fidelity RED
Isoamyl Pyruvate,CC(C)CCOC(=O)C(=O)C,7779-72-8,6.86,0.982,0.3783186487605395,low-fidelity RED
Isoamyl Isobutyrate,CC(C)CCOC(=O)C(C)C,1/3/50 0:00,7.025,1.005,0.9788385975225945,low-fidelity RED
Isoamyl Lactate,CC(C)CCOC(=O)C(C)O,19329-89-6,6.876,0.981,0.9100137361600651,low-fidelity RED
Iso-Amyl Salicylate,CC(C)CCOC(=O)C1=CC=CC=C1O,87-20-7,7.964,1.033,0.979157801378308,low-fidelity RED
Isoamyl Acetoacetate,CC(C)CCOC(=O)CC(=O)C,2308-18-1,6.956,0.9865,0.39370039370059107,low-fidelity RED
Diisoamyl Thiomalate,CC(C)CCOC(=O)CC(C(=O)OCCC(C)C)S,68084-03-7,6.935,1.015,0.5706356105256661,low-fidelity RED
Isoamyl Levulinate,CC(C)CCOC(=O)CCC(=O)C,71172-75-3,7.531,0.9998,0.46165463281548524,low-fidelity RED
Diisopentyl Succinate,CC(C)CCOC(=O)CCC(=O)OCCC(C)C,818-04-2,7.613,0.9128,0.7866066361276137,low-fidelity RED
Isoamyl 3-(2-Furan) Propionate,CC(C)CCOC(=O)CCC1=CC=CO1,7779-67-1,8.611,1.145,0.7110731326663952,low-fidelity RED
Isopentyl Formate,CC(C)CCOC=O,110-45-2,6.105,0.9272,0.23584952830141487,low-fidelity RED
Allyl Amyl Glycolate,CC(C)CCOCC(=O)OCC=C,67634-01-9,6.48,1.16,0.6451743950281971,low-fidelity RED
3-Methyl-1-Butanethiol,CC(C)CCS,541-31-1,5.561,0.7357,0.7403546447480424,low-fidelity RED
Methyl Isopentyl Disulfide,CC(C)CCSSC,72437-56-0,5.427,0.8931,0.942072184070839,low-fidelity RED
Isobutyl Furyl Propionate,CC(C)COC(=O)CCC1=CC=CO1,105-01-1,8.933,1.144,0.6698880503487138,low-fidelity RED
Isobutyl Acetate,CC(C)COC(C)=O,110-19-0,7.56,0.7478,0.6726812023536853,high-fidelity RED
Isobutyl Chloroformate,CC(C)COC(Cl)=O,543-27-1,6.794,0.8549,0.42500000000000054,low-fidelity RED
Vinyl Isobutyl Ether,CC(C)COC=C,109-53-5,5.735,1.037,0.6800735254367721,high-fidelity RED
Propylene Glycol Monoisobutyl Ether,CC(C)COCC(C)O,23436-19-3,7.088,1.02,0.94505290857179,high-fidelity RED
Ethylene Glycol Monoisobutyl Ether,CC(C)COCCO,4439-24-1,7.651,0.869,0.867827747885489,high-fidelity RED
Isopropyl Amine (2-Propan Amine),CC(C)N,75-31-0,5.602,0.7163,0.6194755846681926,high-fidelity RED
Isopropyl Nitrate,CC(C)O[N+]([O-])=O,1712-64-7,5.948,0.9618,0.7830229881682913,low-fidelity RED
Isopropyl Tiglate,CC(C)OC(=O)C=C(C)C,1733-25-1,6.941,1.048,0.7905694150420947,low-fidelity RED
Isopropyl Levulinate,CC(C)OC(=O)CCC(=O)C,21884-26-4,7.204,0.938,0.43945989578117334,low-fidelity RED
Di-Isopropyl Glutarate,CC(C)OC(=O)CCCC(=O)OC(C)C,71340-46-0,7.427,0.8076,0.757050196486336,low-fidelity RED
Diisopropyl Adipate,CC(C)OC(=O)CCCCC(=O)OC(C)C,6938-94-9,7.589,0.7662,0.7335700375560607,low-fidelity RED
Vinyl Isopropyl Ether,CC(C)OC=C,926-65-8,5.586,0.9895,0.8821139382188674,high-fidelity RED
Allyl Isopropyl Ether,CC(C)OCC=C,6140-80-3,5.574,0.899,0.6284902544988265,high-fidelity RED
Fluoromethyl  1-Methylethyl  Ether,CC(C)OCF,372-12-3,5.394,0.8856,0.7237057413065064,low-fidelity RED
2-Methyl-1-Butene-3-Yne,CC(C#C)=C,78-80-8,5.437,0.9316,0.990265116016918,low-fidelity RED
Methacrylonitrile,CC(C#N)=C,126-98-7,6.092,0.9367,0.8947765084086641,high-fidelity RED
(±)-Lilac Aldehyde,CC(C=O)C1CCC(O1)(C)C=C,67920-63-2,6.313,1.178,0.7945124291035354,low-fidelity RED
2-Cyclohexyl Propionaldehyde,CC(C=O)C1CCCCC1,2109-22-0,6.189,1.046,0.9440603794249601,low-fidelity RED
2-Methylbutanal,CC(C=O)CC,96-17-3,5.712,0.8996,0.46165463281548463,low-fidelity RED
Herbal Norbornane,CC(C1C2CCC(C2)C1(C)C)O,66062-78-0,6.468,1.097,0.9137833441248532,low-fidelity RED
Marine Formate,CC(C1CCCC(C1)(C)C)OC=O,25225-08-5,6.301,1.09,0.9852030247619017,low-fidelity RED
4-Mercapto-2-Pentanone 1% In Acetoin,CC(CC(=O)C)S,92585-08-5,6.733,0.8676,0.9313968005098581,low-fidelity RED
4-(Methyl Thio)-2-Pentanone,CC(CC(=O)C)SC,143764-28-7,6.846,0.7966,0.8923284148787379,low-fidelity RED
Methyl 3-Acetoxybutyrate,CC(CC(=O)OC)OC(=O)C,89422-42-4,7.029,0.9218,0.5689903338370529,low-fidelity RED
Methyl 3-Mercaptobutanoate,CC(CC(=O)OC)S,54051-19-3,6.583,0.9389,0.8503675675847484,low-fidelity RED
Methyl 3-(Methyl Thio) Butanoate,CC(CC(=O)OC)SC,207983-28-6,6.811,0.8845,0.7834219807996199,low-fidelity RED
"4,4-Dimethyl-2-Pentanone",CC(CC(C)(C)C)=O,590-50-1,6.28,0.7642,0.9089829481348919,low-fidelity RED
"1-Hexyn-3-ol, 3,5-Dimethyl-",CC(CC(C)(C#C)O)C,107-54-0,6.589,0.9861,0.698212002188447,low-fidelity RED
Isophorone,CC(CC(C)=CC1=O)(C1)C,78-59-1,6.679,1.107,0.8881159834165808,high-fidelity RED
Acetylacetone,CC(CC(C)=O)=O,123-54-6,6.324,0.7365,0.9981232388838567,high-fidelity RED
Methyl Iso-Butyl Ketone (Mibk),CC(CC(C)C)=O,108-10-1,6.414,0.7615,0.6324555320336757,high-fidelity RED
4-Methyl-2-Hexanone,CC(CC(C)CC)=O,105-42-0,6.788,0.9154,0.8238628526642041,low-fidelity RED
Methyl Aceto Acetate,CC(CC(OC)=O)=O,105-45-3,6.31,0.7922,0.9344115795515378,high-fidelity RED
Ethyl Aceto Acetate (Keto),CC(CC(OCC)=O)=O,141-97-9,6.545,0.909,0.6726812023536859,high-fidelity RED
3-Methyl-3-Pentanol,CC(CC)(O)CC,77-74-7,6.332,0.8142,0.8097067370350826,low-fidelity RED
"3,5-Dimethyl-3-Hexanol",CC(CC)(O)CC(C)C,4209-91-0,6.419,0.9124,0.8077747210701756,low-fidelity RED
Methyl Ethyl Ketone (Mek),CC(CC)=O,78-93-3,5.995,0.716,0.8189169677079602,high-fidelity RED
3-Methyl-2-Pentanone,CC(CC)C(C)=O,565-61-7,6.434,0.8272,0.7215434844830905,low-fidelity RED
"3,4-Dimethyl-1-Hexanol",CC(CC)C(C)CCO,E14153,7.477,0.9653,0.7636262174650632,low-fidelity RED
Ethyl 2-Hydroxy-3-Methyl Valerate,CC(CC)C(O)C(=O)OCC,24323-38-4,7.24,0.8464,0.8796306042879591,low-fidelity RED
"2,4-Dimethyl-2-Hexanol",CC(CC)CC(C)(C)O,42328-76-7,6.551,0.958,0.7040063920164361,low-fidelity RED
"2,4-Dimethyl-1-Hexanol",CC(CC)CC(C)CO,3965-59-1,6.876,0.76,0.8154753215150043,low-fidelity RED
3-Methyl-1-Pentanol,CC(CC)CCO,589-35-5,7.174,0.8976,0.9817076958035929,low-fidelity RED
Sec-Butyl Acetate,CC(CC)OC(C)=O,105-46-4,6.596,0.8881,0.7470776398741964,high-fidelity RED
"(±)-2,3-Dihydrofarnesol",CC(CC\C=C(/C)\CCC=C(C)C)CCO,51411-24-6,7.895,1.119,0.9137833441248532,low-fidelity RED
Magnolia Decadienal,CC(CC\C=C(/C)\CCC=O)C=C,71077-31-1,7.255,1.162,0.9617692030835674,low-fidelity RED
Green Hexanal,CC(CC=O)CC(C)(C)C,5435-64-3,6.019,0.8738,0.940079783848158,low-fidelity RED
Potato Butyraldehyde,CC(CC=O)SC,16630-52-7,5.964,0.7408,0.9772410142846035,low-fidelity RED
Methyl Isoamyl Ketone,CC(CCC(C)C)=O,110-12-3,6.436,0.8856,0.6264982043070836,high-fidelity RED
"5,6-Dimethyl-2-Heptanol",CC(CCC(C)O)C(C)C,58795-24-7,6.68,0.9486,0.6819090848492927,low-fidelity RED
Methyl Propyl Ketone,CC(CCC)=O,107-87-9,6.364,0.7561,0.6046693311223913,high-fidelity RED
"2,3-Dimethyl-1-Hexanol",CC(CCC)C(C)CO,E14147,6.501,0.9191,0.8370334521391605,low-fidelity RED
α-Methylene Citronellal,CC(CCC=C(C)C)C(=C)C=O,22418-66-2,6.752,1.08,0.9864709828474428,low-fidelity RED
"2,6-Dimethyl-5-Heptenal",CC(CCC=C(C)C)C=O,106-72-9,7.001,1.063,0.80156097709407,low-fidelity RED
"3,7-Dimethyl-6-Octenoic Acid",CC(CCC=C(C)C)CC(=O)O,502-47-6,6.475,1.117,0.8806957476904268,low-fidelity RED
Methyl Citronellate,CC(CCC=C(C)C)CC(=O)OC,2270-60-2,6.903,1.076,0.9801147891956327,low-fidelity RED
Citronellyl Nitrile,CC(CCC=C(C)C)CC#N,51566-62-2,7.011,1.161,0.7382411530116699,low-fidelity RED
Citronellal,CC(CCC=C(C)C)CC=O,106-23-0,6.979,1.091,0.8616843969807044,low-fidelity RED
(R)-(+)-β-Citronellol,CC(CCC=C(C)C)CCO,1117-61-9,7.5,1.031,0.7470776398741968,low-fidelity RED
Citronellyl Formate,CC(CCC=C(C)C)CCOC=O,105-85-1,7.228,1.098,0.7862092596758197,low-fidelity RED
Citronellyl Oxyacetaldehyde,CC(CCC=C(C)C)CCOCC=O,7492-67-3,7.07,1.152,0.7356969484781082,low-fidelity RED
Coriander Heptenol,CC(CCC=C(C)C)O,1569-60-4,7.173,1.073,0.9158329542007104,low-fidelity RED
6-Methyl-5-Hepten-2-Yl Acetate,CC(CCC=C(C)C)OC(=O)C,19162-00-6,7.307,1.13,0.9347459547919956,low-fidelity RED
Waxy Undecadienol,CC(CCC=C(C)CCC=C(C)C)CO,24048-14-4,7.487,1.09,0.8838834764831843,low-fidelity RED
Nanofin,CC(CCC1)NC1C,504-03-0,5.21,1.007,0.8692669325356853,low-fidelity RED
Rhodinyl Formate,CC(CCCC(=C)C)CCOC=O,141-09-3,7.547,1.136,0.8097067370350823,low-fidelity RED
(±)-α-Melonol,CC(CCCC(=C)C)CO,36806-46-9,7.439,0.9991,0.6504805915628845,low-fidelity RED
Methyl 5-Acetoxyhexanoate,CC(CCCC(=O)OC)OC(=O)C,35234-22-1,7.776,1.059,0.48798053239857864,low-fidelity RED
Lime Octenol,CC(CCCC(C)(C)O)C=C,25279-09-8,6.74,1.101,0.6919176251549024,low-fidelity RED
Hydroxycitronellal Dimethyl Acetal,CC(CCCC(C)(C)O)CC(OC)OC,141-92-4,7.07,1.042,0.38078865529319544,low-fidelity RED
Aurantiol,CC(CCCC(C)(C)O)CC=NC1=CC=CC=C1C(=O)OC,89-43-0,8.352,1.296,0.7632168761236877,low-fidelity RED
Hydroxycitronellal,CC(CCCC(C)(C)O)CC=O,107-75-5,7.38,1.072,0.4038873605350875,low-fidelity RED
Sandal Octanol,CC(CCCC(C)(C)OC)C(C)O,41890-92-0,7.133,1.132,0.5326818938165628,low-fidelity RED
Methoxymelonal,CC(CCCC(C)(C)OC)C=O,62439-41-2,7.179,1.095,0.7762087348130012,low-fidelity RED
Methoxycitronellal,CC(CCCC(C)(C)OC)CC=O,3613-30-7,7.395,1.148,0.792148975887743,low-fidelity RED
Methyl Butyl Ketone,CC(CCCC)=O,591-78-6,6.641,0.7881,0.6324555320336757,high-fidelity RED
Methyl n-Amyl Ketone,CC(CCCCC)=O,110-43-0,6.891,0.8247,0.6576473218982953,high-fidelity RED
2-Octanone,CC(CCCCCC)=O,111-13-7,6.836,0.8253,0.7390872749547245,low-fidelity RED
2-Nonanone,CC(CCCCCCC)=O,821-55-6,6.836,0.8253,0.8154753215150048,low-fidelity RED
2-Decanone,CC(CCCCCCCC)=O,693-54-9,6.836,0.8253,0.9711462299777517,low-fidelity RED
2-Tridecanol,CC(CCCCCCCCCCC)O,1653-31-2,7.003,0.9055,0.7348469228349537,low-fidelity RED
β-Citronellol,CC(CCO)CC\C=C(C)/C,106-22-9,7.5,1.031,0.7470776398741968,low-fidelity RED
"3,7-Dimethyl-1-Octanol",CC(CCO)CCCC(C)C,106-21-8,7.5,0.869,0.7232738070744716,low-fidelity RED
3-Methoxy Butyl Acetate,CC(CCOC(=O)C)OC,4435-53-4,7.288,0.9417,0.6708203932499366,high-fidelity RED
(±)-3-Mercapto-1-Butyl Acetate,CC(CCOC(=O)C)S,89534-38-3,7.316,0.9062,0.7097534783289199,low-fidelity RED
"1,3-Dimethoxy Butane",CC(CCOC)OC,10143-66-5,4.728,0.9395,0.3614208073700239,high-fidelity RED
Nonisyl Formate,CC(CCOC=O)CC(C)(C)C,67355-38-8,6.322,1.063,0.9320675941153622,low-fidelity RED
Isobutylamine,CC(CN)C,78-81-9,5.765,0.7294,0.44791182167922267,low-fidelity RED
"2-Methyl 4,4,4-Trifluorobutanol",CC(CO)CC(F)(F)F,107103-95-7,5.413,0.8829,0.9672771061076548,low-fidelity RED
Propylene Glycol Diacetate,CC(COC(=O)C)OC(=O)C,623-84-7,7.818,0.8174,0.5689903338370529,low-fidelity RED
Tripropylene Glycol Dimethyl Ether,CC(COC(COC(COC)C)C)OC,42769-21-1,5.513,0.9984,0.6046693311223913,low-fidelity RED
Tripropylene Glycol Butyl Methyl Ether,CC(COC(COC(COC)C)C)OCCCC,7382-30-1,5.418,1.025,0.7369701486491838,low-fidelity RED
"2-Propanone, 1-Methoxy-",CC(COC)=O,5878-19-3,5.795,0.755,0.7909646009778187,low-fidelity RED
Propylene Glycol Monomethyl Ether Acetate,CC(COC)OC(=O)C,108-65-6,6.721,0.8783,0.8359126748650245,high-fidelity RED
Isobutyl Mercaptan,CC(CS)C,513-44-0,5.556,0.6814,0.6451743950281971,low-fidelity RED
Methyl 2-Methyl-3-Mercaptopropionate,CC(CS)C(=O)OC,4131-76-4,6.921,0.7952,0.8503675675847484,low-fidelity RED
"1,3-Difluorobutane",CC(F)CCF,691-42-9,5.352,0.7844,0.9727538229171858,low-fidelity RED
 (+-)-sec-Butylamine,CC(N)CC,33966-50-6,5.925,0.8439,0.5488624600025036,low-fidelity RED
1-Methylbutylamine,CC(N)CCC,625-30-9,5.502,0.9358,0.5798706752371601,low-fidelity RED
"2,3,3-Trimethyl-2-Pentanol",CC(O)(C)C(C)(C)CC,23171-85-9,6.243,0.8068,0.7520804478245658,low-fidelity RED
"2,3-Dimethyl-2-Pentanol",CC(O)(C)C(C)CC,4911-70-0,6.51,0.8071,0.6819090848492927,low-fidelity RED
2-Methyl-2-Heptanol,CC(O)(C)CCCCC,625-25-2,6.489,0.8555,0.70178344238091,low-fidelity RED
2-Methyl-2-Nonanol,CC(O)(C)CCCCCCC,10297-57-1,6.434,0.8615,0.6446898479113814,low-fidelity RED
α-Terpineol,CC(O)(C1CCC(C)=CC1)C,98-55-5,5.944,1.159,0.9503288904374109,low-fidelity RED
"3,3-Dimethyl-2-Hexanol",CC(O)C(C)(C)CCC,22025-20-3,6.758,1.104,0.8003905296791061,low-fidelity RED
"3,4-Dimethyl-2-Hexanol",CC(O)C(C)C(C)CC,19550-05-1,7.265,0.9198,0.8077747210701756,low-fidelity RED
3-Methyl-2-Pentanol,CC(O)C(C)CC,565-60-6,6.736,0.8965,0.9397473064606252,low-fidelity RED
3-Methyl-2-Hexanol,CC(O)C(C)CCC,2313-65-7,6.263,0.9423,0.860958767886128,low-fidelity RED
3-Methyl-2-Heptanol,CC(O)C(C)CCCC,31367-46-1,6.754,1.001,0.8444672877027269,low-fidelity RED
3-Ethyl-2-Pentanol,CC(O)C(CC)CC,609-27-8,6.684,0.872,0.8336666000266535,low-fidelity RED
"4,4-Dimethyl-2-Pentanol",CC(O)CC(C)(C)C,6144-93-0,6.79,0.9043,0.7454025757937786,low-fidelity RED
4-Methyl-2-Hexanol,CC(O)CC(C)CC,2313-61-3,6.844,0.7978,0.8177713616898062,low-fidelity RED
4-Methyl-2-Heptanol,CC(O)CC(C)CCC,56298-90-9,6.437,0.8043,0.7929375763576852,low-fidelity RED
5-Methyl-2-Hexanol,CC(O)CCC(C)C,627-59-8,6.657,0.936,0.8066132902450838,low-fidelity RED
5-Methyl-2-Heptanol,CC(O)CCC(C)CC,54630-50-1,6.561,0.9901,0.7280109889280517,low-fidelity RED
6-Methyl-2-Heptanol,CC(O)CCCC(C)C,4730-22-7,6.931,0.9365,0.6932712311931024,low-fidelity RED
2-Nonanol,CC(O)CCCCCCC,628-99-9,7.003,0.9055,0.6680194607943695,low-fidelity RED
2-Undecanol,CC(O)CCCCCCCCC,1653-30-1,7.003,0.9055,0.7198090024443986,low-fidelity RED
2-Dodecanol,CC(O)CCCCCCCCCC,10203-28-8,7.003,0.9055,0.7284401142166735,low-fidelity RED
2-Tetradecanol,CC(O)CCCCCCCCCCCC,4706-81-4,7.003,0.9055,0.878208403512515,low-fidelity RED
2-Pentadecanol,CC(O)CCCCCCCCCCCCC,1653-34-5,7.003,0.9055,0.9154916711800278,low-fidelity RED
2-Hexadecanol,CC(O)CCCCCCCCCCCCCC,14852-31-4,7.003,0.9055,0.9633924433998848,low-fidelity RED
2-Heptadecanol,CC(O)CCCCCCCCCCCCCCC,16813-18-6,7.003,0.9055,0.9620940702446928,low-fidelity RED
Isopropyl Trifluoroacetate,CC(OC(C(F)(F)F)=O)C,400-38-4,5.278,0.8807,0.770146090037468,low-fidelity RED
Ethylidene Diacetate,CC(OC(C)=O)OC(C)=O,542-10-9,6.84,0.8367,0.6368869601428507,low-fidelity RED
Iso-Propyl Acetate,CC(OC(C)C)=O,108-21-4,6.802,0.7483,0.7075485849042448,high-fidelity RED
Methyl Acetate,CC(OC)=O,79-20-9,6.068,0.7134,0.4015594601052252,high-fidelity RED
"1,2-Dimethoxypropane",CC(OC)COC,7778-85-0,5.475,0.8753,0.4506939094329985,low-fidelity RED
"1,1-Dimethoxy Ethane",CC(OC)OC,534-15-6,5.371,0.8956,0.5830951894845299,high-fidelity RED
"Acetic Acid, Cyclohexyl Ester",CC(OC1CCCCC1)=O,622-45-7,6.558,1.021,0.8947765084086642,low-fidelity RED
"2,2,2-Trifluoroethyl Acetate",CC(OCC(F)(F)F)=O,406-95-1,5.068,1.043,0.3082207001484488,low-fidelity RED
Glycerol Triacetate,CC(OCC(OC(C)=O)COC(C)=O)=O,102-76-1,8.216,0.7403,0.8616843969807043,high-fidelity RED
Ethyl Acetate,CC(OCC)=O,141-78-6,6.975,0.709,0.27041634565979933,high-fidelity RED
"1,1-Diethoxy Ethane",CC(OCC)OCC,105-57-7,5.874,0.8602,0.9842509842514762,high-fidelity RED
Propargyl Acetate,CC(OCC#C)=O,627-09-8,6.434,0.9384,0.5857687256929995,high-fidelity RED
Allyl Acetate,CC(OCC=C)=O,591-87-7,6.751,0.9362,0.5482928049865327,high-fidelity RED
Acetaldehyde Benzyl 2-Methoxyethyl Acetal,CC(OCc1ccccc1)OCCOC,7492-39-9,5.829,1.055,0.8891709621889378,low-fidelity RED
Iso-Pentyl Acetate,CC(OCCC(C)C)=O,123-92-2,7.228,0.7453,0.7862092596758191,high-fidelity RED
n-Propyl Acetate,CC(OCCC)=O,109-60-4,6.895,0.7371,0.5640257086339235,high-fidelity RED
n-Butyl Acetate,CC(OCCCC)=O,123-86-4,7.213,0.7044,0.6041522986797285,high-fidelity RED
Hexyl Acetate,CC(OCCCCCC)=O,142-92-7,7.192,0.6925,0.8154753215150045,high-fidelity RED
n-Heptyl Acetate,CC(OCCCCCCC)=O,112-06-1,7.192,0.6925,0.8396427811873333,high-fidelity RED
Octyl Acetate,CC(OCCCCCCCC)=O,112-14-1,7.192,0.6925,0.8746427842267951,high-fidelity RED
Decyl Acetate,CC(OCCCCCCCCCC)=O,112-17-4,7.192,0.6925,0.9965565713997375,low-fidelity RED
"Ethane, 1,1-Bis[2-Fluoroethoxy-",CC(OCCF)OCCF,371-30-2,6.102,0.9898,0.8591420138719793,low-fidelity RED
Ethylene Glycol Diacetate,CC(OCCOC(C)=O)=O,111-55-7,7.011,0.6961,0.9303897032964198,high-fidelity RED
Diethylene Glycol Monoethyl Ether Acetate,CC(OCCOCCOCC)=O,112-15-2,6.906,0.8479,0.7619875327064083,high-fidelity RED
2-Propanethiol,CC(S)C,75-33-2,5.393,0.6618,0.34731109973624574,high-fidelity RED
sec-Butyl Mercaptan,CC(S)CC,513-53-1,5.507,0.8079,0.7766112283504535,low-fidelity RED
Ethyl Linalool,CC/C(=C/CCC(C)(C=C)O)/C,10339-55-6,5.99,1.185,0.9620940702446932,low-fidelity RED
Bacdanol,CC/C(=C\CC1CC=C(C1(C)C)C)/CO,28219-61-6,7.224,1.282,0.9659839543180828,low-fidelity RED
Ethyl 2-Methyl-2-Pentenoate,CC\C=C(/C)\C(=O)OCC,58625-96-0,6.649,1.032,0.659545297913646,low-fidelity RED
Methyl Jasmonate,CC\C=C/C[C@@H]1[C@H](CCC1=O)CC(=O)OC,1211-29-6,7.623,1.222,0.9788385975225944,low-fidelity RED
"(E,E,Z)-2,4,7-Decatrien-1-Al",CC\C=C/C\C=C\C=C\C=O,66642-86-2,5.178,1.173,0.9447221813845589,low-fidelity RED
Methyl (Z)-3-Hexenoate,CC\C=C/CC(=O)OC,13894-62-7,6.025,0.9681,0.5279678020485716,low-fidelity RED
Ethyl (Z)-3-Hexenoate,CC\C=C/CC(=O)OCC,64187-83-3,6.575,0.9404,0.60673305497558,low-fidelity RED
(Z)-4-Hepten-2-Yl Acetate,CC\C=C/CC(C)OC(=O)C,94088-33-2,6.957,0.953,0.7881941385217225,low-fidelity RED
"(Z)-1,5-Octadien-3-ol",CC\C=C/CC(C=C)O,50306-18-8,6.513,1.131,0.9918417212438689,low-fidelity RED
(Z)-3-Hexen-1-Al Dimethyl Acetal,CC\C=C/CC(OC)OC,55444-65-0,5.796,0.9871,0.7110731326663946,low-fidelity RED
(Z)-3-Hexen-1-Al Diethyl Acetal,CC\C=C/CC(OCC)OCC,73545-18-3,6.084,1.001,0.8863548950617919,low-fidelity RED
Violet Nitrile,CC\C=C/CC\C=C\C#N,97752-28-8,5.618,1.105,0.783022988168291,low-fidelity RED
"(E,Z)-2,6-Nonadien-1-Yl Acetate",CC\C=C/CC\C=C\COC(=O)C,68555-65-7,6.965,1.05,0.9347459547919963,low-fidelity RED
Cis-3-Hexenal Solution,CC\C=C/CC=O,6789-80-6,5.541,1.005,0.5528336096873998,low-fidelity RED
Creamy Lactone,CC\C=C/CC1CCCC(=O)O1,25524-95-2,7.322,1.276,0.8325412902673361,low-fidelity RED
(Z)-4-Hepten-1-Al Diethyl Acetal,CC\C=C/CCC(OCC)OCC,18492-65-4,5.433,1.072,0.9414085191881366,low-fidelity RED
Cis-4-Heptenal,CC\C=C/CCC=O,6728-31-0,5.813,0.961,0.5678908345800278,low-fidelity RED
Waxy Lactone,CC\C=C/CCC1(CCC(=O)O1)C,70851-61-5,7.083,1.225,0.8562271894771858,low-fidelity RED
γ-Jasmolactone,CC\C=C/CCC1CCC(=O)O1,63095-33-0,7.006,1.262,0.7305819598101234,low-fidelity RED
Methyl (Z)-5-Octenoate,CC\C=C/CCCC(=O)OC,41654-15-3,7.116,0.9469,0.6860211367006119,low-fidelity RED
(Z)-5-Octen-1-Al,CC\C=C/CCCC=O,41547-22-2,6.088,1.019,0.6149186938124424,low-fidelity RED
(Z)-6-Nonen-1-Al Dimethyl Acetal,CC\C=C/CCCCC(OC)OC,68555-53-3,5.869,1.163,0.972111104761179,low-fidelity RED
(Z)-6-Nonen-1-Al,CC\C=C/CCCCC=O,2277-19-2,6.09,1.031,0.6986594306241058,low-fidelity RED
(Z)-7-Decen-1-Al,CC\C=C/CCCCCC=O,21661-97-2,6.036,1.04,0.7318640584152222,low-fidelity RED
(Z)-8-Undecen-1-Al,CC\C=C/CCCCCCC=O,147159-49-7,6.036,1.04,0.8143248737451163,low-fidelity RED
(Z)-6-Nonen-1-ol,CC\C=C/CCCCCO,35854-86-5,7.562,0.9954,0.8192984804086971,low-fidelity RED
(Z)-6-Nonen-1-Yl Acetate,CC\C=C/CCCCCOC(=O)C,76238-22-7,7.304,1.032,0.906228448019593,low-fidelity RED
(Z)-5-Octen-1-ol,CC\C=C/CCCCO,64275-73-6,7.618,0.9951,0.8696263565463044,low-fidelity RED
(Z)-5-Octen-1-Yl Propionate,CC\C=C/CCCCOC(=O)CC,196109-18-9,6.489,1.136,0.9370832406995656,low-fidelity RED
(Z)-3-Hexen-1-Yl Tiglate,CC\C=C/CCOC(=O)/C(=C\C)/C,67883-79-8,6.798,1.172,0.9650129532809392,low-fidelity RED
(Z)-3-Hexen-1-Yl (E)-Crotonate,CC\C=C/CCOC(=O)\C=C\C,65405-80-3,6.756,1.159,0.8796306042879595,low-fidelity RED
Cis-3-Hexenyl Acetate,CC\C=C/CCOC(=O)C,3681-71-8,6.975,0.95,0.6224949798994364,low-fidelity RED
(Z)-3-Hexen-1-Yl Pyruvate,CC\C=C/CCOC(=O)C(=O)C,68133-76-6,6.608,1.119,0.6373774391990978,low-fidelity RED
Hexenyl Isobutyrate,CC\C=C/CCOC(=O)C(C)C,41519-23-7,7.099,1.148,0.9212762886344139,low-fidelity RED
(Z)-3-Hexen-1-Yl (Z)-3-Hexenoate,CC\C=C/CCOC(=O)C\C=C/CC,61444-38-0,6.759,1.013,0.9663074045043848,low-fidelity RED
(Z)-3-Hexen-1-Yl Isovalerate,CC\C=C/CCOC(=O)CC(C)C,35154-45-1,6.595,1.137,0.9778803607803974,low-fidelity RED
(Z)-3-Hexen-1-Yl Methyl Carbonate,CC\C=C/CCOC(=O)OC,67633-96-9,6.999,1.023,0.41079191812887456,low-fidelity RED
(Z)-3-Hexen-1-Yl Formate,CC\C=C/CCOC=O,33467-73-1,5.985,1.037,0.37914377220257717,low-fidelity RED
"2,4,7-Decatrien-1-Al",CC\C=C\C\C=C\C=C\C=O,51325-37-2,5.178,1.173,0.9447221813845589,low-fidelity RED
"3,6-Nonadien-1-Yl Acetate",CC\C=C\C\C=C\CCOC(=O)C,76649-26-8,6.803,1.048,0.9347459547919963,low-fidelity RED
"(E,E)-3,5-Octadien-2-One",CC\C=C\C=C\C(=O)C,30086-02-3,5.535,1.128,0.8385254915624214,low-fidelity RED
"1,5-Octadien-3-One",CC\C=C\CC(=O)C=C,65213-86-7,6.174,0.9074,0.731864058415223,low-fidelity RED
"(E)-1,5-Octadien-3-ol",CC\C=C\CC(C=C)O,50306-14-4,6.513,1.131,0.9918417212438689,low-fidelity RED
"(E,E)-2,6-Nonadien-1-Al",CC\C=C\CC\C=C\C=O,17587-33-6,5.568,1.027,0.777013513396003,low-fidelity RED
Jasmin Lactone,CC\C=C\CC1CCCC(=O)O1,34686-71-0,7.322,1.276,0.8325412902673361,low-fidelity RED
Ethyl (Z)-4-Heptenoate,CC\C=C\CCC(=O)OCC,39924-27-1,7.099,0.9827,0.7115124735378856,low-fidelity RED
(E)-3-Hexen-1-Yl Crotonate,CC\C=C\CCOC(=O)\C=C\C,68938-58-9,6.756,1.159,0.8796306042879595,low-fidelity RED
(E)-3-Hexen-1-Yl Acetate,CC\C=C\CCOC(=O)C,3681-82-1,6.975,0.95,0.6224949798994364,low-fidelity RED
(Z)-3-Hexen-1-Yl Senecioate,CC\C=C\CCOC(=O)C=C(C)C,65416-28-6,6.847,1.18,0.9650129532809392,low-fidelity RED
Leaf Acetal,CC\C=C\CCOC(C)OCC,28069-74-1,6.0,1.106,0.873212459828649,low-fidelity RED
Bean Hexene,CC\C=C\CCOC(CC)OC,97358-54-8,5.518,1.151,0.873212459828649,low-fidelity RED
(Z)-3-Hexen-1-Yl Oxyacetaldehyde,CC\C=C\CCOCC=O,68133-72-2,5.825,1.096,0.6519202405202656,low-fidelity RED
Methyl Acetylene,CC#C,74-99-7,4.735,0.8616,0.9360822613424525,high-fidelity RED
Dimethyl Acetylene,CC#CC,503-17-3,4.911,0.7913,0.7881941385217222,high-fidelity RED
2-Pentyne,CC#CCC,627-21-4,4.869,0.8693,0.8062257748298549,low-fidelity RED
2-Hexyne,CC#CCCC,764-35-2,5.191,0.8291,0.9852030247619016,low-fidelity RED
Tiglic Aldehyde,CC=C(C)C=O,1115-11-3,6.124,0.8384,0.5550900827793638,low-fidelity RED
1-Chloro-2-Methyl-Trans-2-Butene,CC=C(C)CCl,23009-73-6,5.088,0.8532,0.9110433579144298,low-fidelity RED
1-Bromo Propene (Cis),CC=CBr,590-13-6,5.043,0.7605,0.48605555238059,high-fidelity RED
Vinyl Crotonate,CC=CC(=O)OC=C,14861-06-4,5.963,0.9958,0.6901086870921131,high-fidelity RED
Isobutyl 2-Butenoate,CC=CC(=O)OCC(C)C,589-66-2,7.301,1.073,0.7437237390321757,low-fidelity RED
Methyl Sorbate,CC=CC=CC(=O)OC,1515-80-6,5.974,1.078,0.7956915231419784,low-fidelity RED
Sorbyl Acetate,CC=CC=CCOC(=O)C,1516-17-2,6.638,1.106,0.85914201387198,low-fidelity RED
Sorbyl Isobutyrate,CC=CC=CCOC(=O)C(C)C,16491-24-0,6.767,1.166,0.9650129532809392,low-fidelity RED
(E)-4-Hexen-1-Al,CC=CCCC=O,25166-87-4,6.237,0.964,0.5857687256929991,low-fidelity RED
Mandarine Undecenal,CC=CCCCCCCCC=O,143-14-6,6.459,1.061,0.8162413858657255,low-fidelity RED
5-Chloro-Cis-2-Pentene,CC=CCCCl,53543-44-5,4.945,1.051,0.8433563896716497,low-fidelity RED
Methyl 1-Propenyl Ether,CC=COC,7319-16-6,5.024,0.8237,0.6041522986797284,high-fidelity RED
Sandal Cyclopropane,CC1([C@@H](C[C@@H]2[C]1(C2)C)C[C@H]3C[C]3(C)CO)C,198404-98-7,6.636,1.118,0.9493418773023762,low-fidelity RED
Cedanol,CC1([C@H]2CC[C]1([C@H](C2)OCCO)C)C,7070-15-7,7.113,1.128,0.8003905296791058,low-fidelity RED
Linalool Oxide (Pyranoid),CC1(C(CCC(O1)(C)C=C)O)C,14049-11-7,6.013,1.191,0.6344288770224762,low-fidelity RED
Isoborneol,CC1(C)C2CC[C]1(C)[C@H](O)C2,124-76-5,6.084,1.074,0.8717797887081343,low-fidelity RED
Borneol,CC1(C)C2CCC1(C)[C]([H])(O)C2,507-70-0,6.084,1.074,0.8717797887081343,low-fidelity RED
Myrtenal,CC1(C2CC=C(C1C2)C=O)C,564-94-3,5.795,1.335,0.9874208829065751,low-fidelity RED
Nopyl Aldehyde,CC1(C2CC=C(C1C2)CC=O)C,30897-75-7,6.056,1.219,0.9877373132569203,low-fidelity RED
Myrtenyl Formate,CC1(C2CC=C(C1C2)COC=O)C,72928-52-0,6.513,1.378,0.9585144756340411,low-fidelity RED
(E)-Pinocarveol,CC1(C2CC1C(=C)[C@H](C2)O)C,1674-08-4,6.681,1.175,0.8724964183307574,low-fidelity RED
Pinocarveol,CC1(C2CC1C(=C)C(C2)O)C,5947-36-4,6.681,1.175,0.8724964183307574,low-fidelity RED
Myrtanol,CC1(C2CCC(C1C2)CO)C,514-99-8,6.418,0.9032,0.8735702604828074,low-fidelity RED
Fenchyl Alcohol,CC1(C2CCC(C2)(C1O)C)C,1632-73-1,5.428,1.034,0.8717797887081343,low-fidelity RED
Camphene Hydrate,CC1(C2CCC(C2)C1(C)O)C,465-31-6,5.904,0.9147,0.9233092656309702,low-fidelity RED
(E)-Linalool Oxide (Pyranoid),CC1(CC[C@@H]([C](O1)(C)C=C)O)C,39028-58-5,6.006,1.267,0.6344288770224762,low-fidelity RED
Caryophyllene Alcohol,CC1(CC2C3CCCC(C2C1)(C3O)C)C,56747-96-7,6.765,1.127,0.9568829604502322,low-fidelity RED
Linalool Oxide (Furanoid),CC1(CCC(O1)C(C)(C)O)C=C,60047-17-8,6.243,1.101,0.658122329054409,low-fidelity RED
(S)-Dihydroactinidiolide,CC1(CCC[C]2(C1=CC(=O)O2)C)C,17092-92-1,6.346,1.201,0.9493418773023761,low-fidelity RED
Dihydroactinidolide,CC1(CCCC2(C1=CC(=O)O2)C)C,15356-74-8,6.346,1.201,0.9493418773023761,low-fidelity RED
Isobutyleneoxide,CC1(CO1)C,558-30-5,5.259,0.8446,0.41982139059366713,high-fidelity RED
Thujyl Alcohol,CC1[C@H]2C[C]2(C[C@H]1O)C(C)C,21653-20-3,6.876,1.149,0.8173891362135911,low-fidelity RED
Cyclotene Isovalerate,CC1=C(C(=O)CC1)OC(=O)CC(C)C,68084-07-1,7.416,1.224,0.8678277478854888,low-fidelity RED
Safranal,CC1=C(C(CC=C1)(C)C)C=O,116-26-7,6.336,1.199,0.8750000000000002,low-fidelity RED
β-Cyclocitral,CC1=C(C(CCC1)(C)C)C=O,432-25-7,5.547,1.322,0.8663861725581729,low-fidelity RED
β-Homocyclocitral,CC1=C(C(CCC1)(C)C)CC=O,472-66-2,6.29,1.304,0.8796306042879595,low-fidelity RED
Dihydro-β-Ionol,CC1=C(C(CCC1)(C)C)CCC(C)O,3293-47-8,7.359,1.307,0.9516433155337144,low-fidelity RED
Woody Heptene,CC1=C(C2(CC1CC2CO)C(=C)C)C,110458-85-0,7.441,1.293,0.9940447676035523,low-fidelity RED
Sulfuryl Isobutyrate,CC1=C(N=CS1)CCOC(=O)C(C)C,94021-42-8,7.981,1.153,0.8663861725581724,low-fidelity RED
"2,4,5-Trimethyl Oxazole",CC1=C(OC(=N1)C)C,20662-84-4,5.991,1.111,0.7123903424387509,low-fidelity RED
"2-Isobutyl-4,5-Dimethyl Oxazole",CC1=C(OC(=N1)CC(C)C)C,26131-91-9,6.623,1.2,0.9503288904374109,low-fidelity RED
Elsholtzia Ketone,CC1=C(OC=C1)C(=O)CC(C)C,488-05-1,7.11,1.15,0.9384162189561733,low-fidelity RED
(Z)-Piperitol,CC1=C[C@@H]([C@@H](CC1)C(C)C)O,16721-38-3,6.943,1.27,0.900694176732591,low-fidelity RED
(E)-Verbenol,CC1=C[C@@H]([C@@H]2C[C@H]1C2(C)C)O,1820-09-3,6.95,0.9674,0.9669539802906858,low-fidelity RED
(E)-Piperitol,CC1=C[C@@H]([C@H](CC1)C(C)C)O,16721-39-4,6.943,1.27,0.900694176732591,low-fidelity RED
(Z)-Verbenol,CC1=C[C@H]([C@@H]2C[C@H]1C2(C)C)O,1845-30-3,6.95,0.9674,0.9669539802906858,low-fidelity RED
Mesitene Lactone,CC1=CC(=O)OC(=C1)C,675-09-2,7.18,1.099,0.9545941546018395,low-fidelity RED
Piperitol,CC1=CC(C(CC1)C(C)C)O,491-04-3,6.943,1.27,0.900694176732591,low-fidelity RED
Pseudo-Cyclocitral,CC1=CC(C(CC1)C=O)(C)C,1726-47-2,6.507,1.149,0.9045026257562777,low-fidelity RED
Verbenol,CC1=CC(C2CC1C2(C)C)O,473-67-6,6.95,0.9674,0.9669539802906858,low-fidelity RED
(+)-α-Terpineol,CC1=CC[C@@H](CC1)C(C)(C)O,7785-53-7,5.944,1.159,0.9503288904374109,low-fidelity RED
(E)-Carveol,CC1=CC[C@H](C[C@@H]1O)C(=C)C,1197-07-5,6.428,1.183,0.9572094859538322,low-fidelity RED
(Z)-Carveol,CC1=CC[C@H](C[C@H]1O)C(=C)C,1197-06-4,6.428,1.183,0.9572094859538322,low-fidelity RED
"2,5-Dimethylfuran",CC1=CC=C(C)O1,625-86-5,6.302,0.8896,0.9233092656309702,low-fidelity RED
Sandal Butenol,CC1=CCC(C1(C)C)C\C=C(/C)\CO,28219-60-5,7.284,1.352,0.9864709828474433,low-fidelity RED
Trimethyl-3-Cyclopentenyl Acetonitrile,CC1=CCC(C1(C)C)CC#N,15373-31-6,6.717,1.342,0.8124038404635961,low-fidelity RED
Sandal Cyclopentane,CC1=CCC(C1(C)C)CCC(C)CO,72089-08-8,8.185,1.312,0.9659839543180829,low-fidelity RED
α-Campholenic Alcohol,CC1=CCC(C1(C)C)CCO,1901-38-8,8.262,1.304,0.9490126448051157,low-fidelity RED
Terpineol,CC1=CCC(CC1)C(C)(C)O,10482-56-1,5.944,1.159,0.9503288904374109,low-fidelity RED
Terpinyl Formate,CC1=CCC(CC1)C(C)(C)OC=O,2153-26-6,5.522,1.266,0.909670269933013,low-fidelity RED
Para-Menth-1-En-9-Al,CC1=CCC(CC1)C(C)C=O,29548-14-9,6.187,1.304,0.9246621004453464,low-fidelity RED
Levo-Carveol,CC1=CCC(CC1O)C(=C)C,99-48-9,6.428,1.183,0.9572094859538322,low-fidelity RED
"4-Methyl-5,6-Dihydro-2H-Pyran ",CC1=CCOCC1,16302-35-5,5.639,1.136,0.8418729120241368,low-fidelity RED
2-Methyl-5-Isopropyl Pyrazine,CC1=CN=C(C=N1)C(C)C,13925-05-8,6.449,1.146,0.9974968671630002,low-fidelity RED
Menthofuran,CC1=COC2=C1CCC(C)C2,494-90-6,4.992,1.34,0.868187767709267,high-fidelity RED
Tropical Thiazole,CC1=CSC(=N1)C(C)C,15679-13-7,6.846,1.165,0.9604686356149278,low-fidelity RED
2-Isobutyl-4-Methyl Thiazole,CC1=CSC(=N1)CC(C)C,61323-24-8,7.11,1.193,0.9953014618697191,low-fidelity RED
Peanut Oxazole,CC1C(=NC(O1)C)C,22694-96-8,6.42,1.247,0.7818247885555946,low-fidelity RED
(±)-Dihydromint Lactone,CC1C(=O)OC2CC(C)CCC12,92015-65-1,6.535,1.003,0.8591420138719796,low-fidelity RED
Butyl-6-Methyl-3-Cyclohexene Carboxylate,CC1C(C(OCCCC)=O)CC=CC1,,7.348,1.202,0.9433981132056606,high-fidelity RED
2-Methyl-3-Tetrahydrofuran Thiol,CC1C(CCO1)S,57124-87-5,5.732,1.018,0.7504165509901817,low-fidelity RED
"2,4-Ivy Carbaldehyde",CC1C=C(CCC1C=O)C,68039-49-6,6.293,1.134,0.8131727983645295,low-fidelity RED
Wine Lactone,CC1C2CCC(=CC2OC1=O)C,57743-63-2,7.152,1.178,0.8359126748650246,low-fidelity RED
Cyclocitral,CC1CC(=CC(C1C=O)C)C,1423-46-7,6.523,1.28,0.9839334327077217,low-fidelity RED
Isocyclogeraniol,CC1CC(=CC(C1CO)C)C,68527-77-5,7.19,1.317,0.9490126448051157,low-fidelity RED
Tonkavert,CC1CC(CC(=C1)C)C#N,66848-40-6,6.208,1.146,0.7537406715840673,low-fidelity RED
"3,5-Ivy Carbaldehyde",CC1CC(CC(=C1)C)C=O,68737-61-1,6.015,1.079,0.820060973342836,low-fidelity RED
Saffron Pyranone,CC1CC(CC(=O)O1)(C)C,71566-51-3,7.618,1.054,0.7271519786124494,low-fidelity RED
Homomenthol,CC1CC(CC(C1)(C)C)O,116-02-9,6.275,1.044,0.6950719387228922,low-fidelity RED
"(Z+E)-2,5-Dimethyl-3-Tetrahydrofuran Thiol",CC1CC(S)C(C)O1,26486-21-5,5.509,1.079,0.6896557112066867,low-fidelity RED
"3,6-Ivy Carbaldehyde",CC1CC=C(CC1C=O)C,67801-65-4,6.137,1.093,0.820060973342836,low-fidelity RED
"5,6-Dimethyl Tetrahydropyran-2-One",CC1CCC(=O)OC1C,10413-18-0,7.342,1.094,0.6504805915628843,low-fidelity RED
Floral Methanol,CC1CCC(C(C1)C)CO,68480-15-9,6.266,1.101,0.8280247580839598,low-fidelity RED
Isopulegol,CC1CCC(C(C1)O)C(=C)C,89-79-2,5.846,1.206,0.7905694150420953,low-fidelity RED
Menthol,CC1CCC(C(C1)O)C(C)C,1490-04-6,6.316,1.162,0.7697402159170327,low-fidelity RED
Menthyl Methyl Lactate,CC1CCC(C(C1)OC(=O)CC(C)O)C(C)C,108766-16-1,7.811,1.407,0.7782191208136694,low-fidelity RED
Laevo-Monomenthyl Glutarate,CC1CCC(C(C1)OC(=O)CCCC(=O)O)C(C)C,220621-22-7,7.568,1.389,0.6538348415311014,low-fidelity RED
Isopulegyl Formate,CC1CCC(C(C1)OC=O)C(=C)C,10588-15-5,5.949,1.339,0.9864709828474431,low-fidelity RED
"Dextro,Laevo-Menthone Glycerine Acetal",CC1CCC(C2(C1)OCC(O2)CO)C(C)C,63187-91-7,6.957,1.361,0.7356969484781091,low-fidelity RED
α-Dihydroterpineol,CC1CCC(CC1)C(C)(C)O,21129-27-1,5.789,0.9743,0.8215838362577491,low-fidelity RED
Dihydrocarveol,CC1CCC(CC1O)C(=C)C,619-01-2,5.8,1.134,0.7905694150420953,low-fidelity RED
Carvomenthol,CC1CCC(CC1O)C(C)C,499-69-4,7.003,1.091,0.7697402159170327,low-fidelity RED
6-Hydroxydihydrotheaspirane (Mixture Of Isomers),CC1CCC2(O1)C(CCCC2(C)O)(C)C,65620-50-0,6.133,1.156,0.8620469824783342,low-fidelity RED
Mint Lactone,CC1CCC2=C(C(=O)OC2C1)C,13341-72-5,6.958,1.278,0.8234834546000301,low-fidelity RED
Tetrahydroionol,CC1CCCC(C1CCC(C)O)(C)C,4361-23-3,7.028,1.272,0.8849435010213929,low-fidelity RED
2-Methylpiperidine,CC1CCCCN1,109-05-7,5.24,1.084,0.8774964387392121,low-fidelity RED
2-Methyl Tetrahydrofuran,CC1CCCO1,96-47-9,4.71,0.7722,0.8591420138719789,high-fidelity RED
3-Methyltetrahydrofuran,CC1CCOC1,13423-15-9,5.088,0.9323,0.5499999999999997,low-fidelity RED
Propylene Oxide,CC1CO1,75-56-9,5.848,0.8988,0.675,high-fidelity RED
Propylene Glycol Acetone Ketal,CC1COC(O1)(C)C,1193-11-9,5.822,0.9842,0.6046693311223913,low-fidelity RED
Propylene Acetal,CC1COC(O1)C,12/3/90 0:00,5.822,0.9958,0.3288236609491476,low-fidelity RED
Isobutyraldehyde Propylene Glycol Acetal,CC1COC(O1)C(C)C,67879-60-1,5.784,1.109,0.7487489565935969,low-fidelity RED
Furfural Propylene Glycol Acetal,CC1COC(O1)C2=CC=CO2,4359-54-0,6.928,1.215,0.9630680142129122,low-fidelity RED
Isovaleraldehyde Propylene Glycol Acetal,CC1COC(O1)CC(C)C,18433-93-7,6.059,1.148,0.8459462157844316,low-fidelity RED
Hydroxycitronellal Propylene Glycol Acetal,CC1COC(O1)CC(C)CCCC(C)(C)O,93804-64-9,7.583,1.345,0.5320949163448188,low-fidelity RED
"2,4-Dimethyl-3-Oxazoline",CC1N=C(CO1)C,77311-02-5,6.548,1.091,0.8860022573334676,low-fidelity RED
Sulfuryl Octanoate,Cc1ncsc1CCOC(=O)CCCCCCC,163266-17-9,8.472,1.19,0.8576858399204221,low-fidelity RED
Sulfuryl Decanoate,Cc1ncsc1CCOC(=O)CCCCCCCCC,101426-31-7,8.472,1.19,0.8933784192602827,low-fidelity RED
"2,5-Dimethyltetrahydrofuran",CC1OC(C)CC1,1003-38-9,5.691,0.9126,0.8268917704270614,low-fidelity RED
Paraldehyde,CC1OC(C)OC(C)O1,123-63-7,5.447,0.8874,0.3372684390808011,high-fidelity RED
"2,3-Dimethyltetrahydrofuran",CC1OCCC1C,E14558,5.298,0.9847,0.8268917704270614,low-fidelity RED
"2-Methyl-1,3-Dioxolane",CC1OCCO1,497-26-7,5.298,0.8169,0.8810505093353054,high-fidelity RED
(Z)-2-Pinanol,CC2(C)[C@@H]1C[C@H]2[C](C)(O)CC1,4948-28-1,5.649,0.9471,0.9233092656309702,low-fidelity RED
2-Ethyl Croton Aldehyde,CCC(=CC)C=O,19780-25-7,6.183,0.9297,0.5728219618694804,high-fidelity RED
Homogeranyl Nitrile,CCC(=CCCC(=CC#N)C)C,61792-11-8,7.236,1.132,0.8415016339853417,low-fidelity RED
Methyl Ethyl Ketoxime,CCC(=NO)C,96-29-7,5.673,0.908,0.6675514961409343,high-fidelity RED
Grapefruit Octenone,CCC(=O)C(C)CC=C(C)C,2550-11-0,6.243,0.9126,0.9711462299777515,low-fidelity RED
2-Mercapto-3-Pentanone,CCC(=O)C(C)S,17042-24-9,6.499,0.7819,0.8359126748650246,low-fidelity RED
Ethyl Vinyl Ketone,CCC(=O)C=C,1629-58-9,5.784,0.8579,0.4697073557013985,low-fidelity RED
1-(Methyl Thio)-3-Pentanone,CCC(=O)CCSC,66735-69-1,6.654,1.027,0.9182183836103485,low-fidelity RED
1-(Methyl Thio)-2-Butanone,CCC(=O)CSC,13678-58-5,6.237,0.8158,0.9688911187538047,low-fidelity RED
Cyclohexyl Propionate,CCC(=O)OC1CCCCC1,6222-35-1,6.39,1.073,0.906917857360853,low-fidelity RED
Propylene Glycol Dipropionate,CCC(=O)OCC(C)OC(=O)CC,10108-80-2,6.73,0.9365,0.37165171868296254,low-fidelity RED
Glyceryl Tripropanoate,CCC(=O)OCC(COC(=O)CC)OC(=O)CC,139-45-7,7.052,0.9529,0.37416573867739467,low-fidelity RED
(Z)-3-Octen-1-Yl Propionate,CCC(=O)OCC/C=C\CCCC,94134-03-9,6.147,1.068,0.8919781387455639,low-fidelity RED
Allyl Propionate,CCC(=O)OCC=C,2408-20-0,5.903,0.9918,0.35000000000000003,low-fidelity RED
Sorbyl Propionate,CCC(=O)OCC=CC=CC,16491-25-1,5.792,1.179,0.8433563896716496,low-fidelity RED
Furfuryl Propionate,CCC(=O)OCC1=CC=CO1,623-19-8,7.182,1.054,0.758287544405155,low-fidelity RED
Tetrahydrofurfuryl Propionate,CCC(=O)OCC1CCCO1,637-65-0,5.101,1.071,0.5111262075065218,low-fidelity RED
Phenoxyethyl Propionate,CCC(=O)OCCOC1=CC=CC=C1,23495-12-7,7.392,1.039,0.979157801378308,low-fidelity RED
s-(Methyl Thio) Propionate,CCC(=O)SC,5925-75-7,6.4,0.9029,0.8477912478906585,low-fidelity RED
s-Ethyl Propane Thioate,CCC(=O)SCC,2432-42-0,5.896,0.9573,0.9246621004453472,low-fidelity RED
Ethyl 2-Ethyl Acetoacetate,CCC(C(=O)C)C(=O)OCC,607-97-6,6.8,0.8828,0.39051248379533327,low-fidelity RED
3-Mercapto-2-Pentanone,CCC(C(=O)C)S,67633-97-0,6.408,0.7735,0.8359126748650246,low-fidelity RED
Methyl 2-(Methyl Thio) Butyrate,CCC(C(=O)OC)SC,51534-66-8,6.751,0.9196,0.6950719387228925,low-fidelity RED
"N-Ethyl-2,2-Diisopropyl Butanamide",CCC(C(C)C)(C(C)C)C(=O)NCC,51115-70-9,6.58,1.052,0.9263503656824454,low-fidelity RED
3-Mercapto-2-Methyl Pentanal,CCC(C(C)C=O)S,227456-28-2,5.856,0.9629,0.6991065727054787,low-fidelity RED
4-Methyl-3-Hexanone,CCC(C(C)CC)=O,17042-16-9,6.529,0.769,0.894776508408664,low-fidelity RED
"3,4,4-Trimethyl-1-Hexanol",CCC(C)(C)C(C)CCO,66793-73-5,7.17,1.052,0.7284401142166732,low-fidelity RED
"2,2-Dimethyl-1-Butanol",CCC(C)(C)CO,1185-33-7,5.933,0.8931,0.9410765112359356,low-fidelity RED
3-Methyl-1-Penten-3-ol,CCC(C)(C=C)O,918-85-4,6.095,0.9885,0.8874119674649423,low-fidelity RED
4-Mercapto-4-Methyl-2-Hexanone,CCC(C)(CC(=O)C)S,NF002,6.334,0.7941,0.6800735254367727,low-fidelity RED
2-Methyl-2-Ethyl-1-Butanol,CCC(C)(CC)CO,18371-13-6,6.241,0.936,0.9017344398435716,low-fidelity RED
Dihydrolinalool,CCC(C)(CCC=C(C)C)O,18479-51-1,6.859,1.037,0.9192388155425123,low-fidelity RED
3-Methyl-3-Hexanol,CCC(C)(O)CCC,597-96-6,6.14,0.873,0.7862092596758194,low-fidelity RED
3-Methyl-3-Heptanol,CCC(C)(O)CCCC,5582-82-1,6.471,0.8309,0.8321658488546622,low-fidelity RED
3-Methyl-3-Nonanol,CCC(C)(O)CCCCCC,21078-72-8,6.599,0.895,0.865303414993839,low-fidelity RED
Methyl 3-Methyl-2-Oxovalerate,CCC(C)C(=O)C(=O)OC,3682-42-6,5.995,0.9281,0.4100304866714179,low-fidelity RED
Filbert Heptenone,CCC(C)C(=O)C=CC,81925-81-7,6.505,0.9997,0.9330728803260764,low-fidelity RED
Methyl 2-Methyl Butyrate,CCC(C)C(=O)OC,868-57-5,6.862,0.8558,0.5255949010407159,low-fidelity RED
Isopropyl 2-Methyl Butyrate,CCC(C)C(=O)OC(C)C,66576-71-4,7.032,0.9702,0.9624188277460077,low-fidelity RED
Ethyl-2-Methyl Butyrate,CCC(C)C(=O)OCC,7452-79-1,6.828,0.8099,0.7022285952594068,low-fidelity RED
2-Amino-3-Methylpentane,CCC(C)C(C)N,35399-81-6,6.442,0.8298,0.851836251870041,low-fidelity RED
4-Methyl-3-Hexanol,CCC(C)C(O)CC,615-29-2,6.593,0.8839,0.7778174593052021,low-fidelity RED
3-Methyl-4-Heptanol,CCC(C)C(O)CCC,1838-73-9,6.55,0.9307,0.7508328708840603,low-fidelity RED
2-sec-Butyl-3-Methoxypyrazine,CCC(C)C1=NC=CN=C1OC,24168-70-5,6.804,1.15,0.982662200351677,low-fidelity RED
Leafy Oxime,CCC(C)CC(=NO)CC,22457-23-4,6.271,0.899,0.9082951062292474,low-fidelity RED
5-Methyl-3-Heptanone,CCC(C)CC(=O)CC,541-85-5,6.662,1.004,0.9437293044088437,low-fidelity RED
"4,6-Dimethyl-1-Octanol",CCC(C)CC(C)CCCO,66719-33-3,7.87,0.8679,0.7035623639735145,low-fidelity RED
"3,6-Dimethyl-3-Octanol",CCC(C)CCC(C)(O)CC,151-19-9,6.509,1.023,0.9581883948368399,low-fidelity RED
"2,6-Dimethyl-1-Octanol",CCC(C)CCCC(C)CO,62417-08-7,7.214,0.9422,0.7035623639735145,low-fidelity RED
6-Methyl Octanal,CCC(C)CCCCC=O,30689-75-9,6.374,1.089,0.9226321043622968,low-fidelity RED
6-Methyl-1-Octanol,CCC(C)CCCCCO,38514-05-5,7.951,1.011,0.7232738070744716,low-fidelity RED
5-Methyl-1-Heptanol,CCC(C)CCCCO,7212-53-5,8.008,0.9834,0.7335700375560607,low-fidelity RED
2-Methylbutylamine,CCC(C)CN,96-15-1,5.824,0.8267,0.6046693311223911,low-fidelity RED
2-Methylbutanenitrile,CCC(C#N)C,18936-17-9,5.992,0.8676,0.8874119674649423,low-fidelity RED
3-(5-Methyl-2-Furyl) Butanal,CCC(C=O)C1=CC=C(O1)C,31704-80-0,7.029,1.06,0.7705517503711223,low-fidelity RED
2-Ethylbutanal,CCC(C=O)CC,97-96-1,5.821,0.9412,0.5006246098625198,low-fidelity RED
Ethyl 2-Ethyl Butyrate,CCC(CC)C(=O)OCC,2983-38-2,6.723,0.9283,0.7474958193863027,low-fidelity RED
Allyl 2-Ethyl Butyrate,CCC(CC)C(=O)OCC=C,7493-69-8,6.699,1.034,0.8370334521391603,low-fidelity RED
2-Ethyl Butyl Acetate,CCC(CC)COC(=O)C,10031-87-5,7.685,0.8566,0.702228595259407,low-fidelity RED
3-Hexanone,CCC(CCC)=O,589-38-8,6.535,0.8632,0.6184658438426491,low-fidelity RED
Ethyl Amyl Ketone,CCC(CCCCC)=O,106-68-3,7.071,0.8603,0.7632168761236874,high-fidelity RED
3-Nonanone,CCC(CCCCCC)=O,925-78-0,7.015,0.8584,0.8444672877027269,low-fidelity RED
"1,1-Dichloropropane",CCC(Cl)Cl,78-99-9,5.092,0.8736,0.8849435010213932,high-fidelity RED
2-Nitrobutyl Acrylate,CCC(COC(=O)C=C)N(=O)=O,5390-54-5,6.574,1.163,0.25124689052802257,low-fidelity RED
Amber Butanol,CCC(COC1CCCCC1C(C)(C)C)O,139504-68-0,6.647,1.277,0.9154916711800277,low-fidelity RED
"1,2-Butane Dithiol",CCC(CS)S,16128-68-0,5.584,0.7296,0.9209370228196935,low-fidelity RED
"3,4-Dimethyl-3-Hexanol",CCC(O)(C)C(C)CC,19550-08-4,6.545,0.9407,0.8810505093353047,low-fidelity RED
3-Ethyl-3-Pentanol,CCC(O)(CC)CC,597-49-9,5.893,0.8216,0.7115124735378854,low-fidelity RED
3-Ethyl-3-Hexanol,CCC(O)(CC)CCC,597-76-2,5.808,0.9027,0.775,low-fidelity RED
4-Methyl-3-Heptanol,CCC(O)C(C)CCC,14979-39-6,6.176,0.9689,0.7516648189186454,low-fidelity RED
4-Ethyl-3-Hexanol,CCC(O)C(CC)CC,19780-44-0,6.442,0.8745,0.7267220926874316,low-fidelity RED
5-Methyl-3-Hexanol,CCC(O)CC(C)C,623-55-2,6.185,0.9918,0.7668930825088984,low-fidelity RED
5-Methyl-3-Heptanol,CCC(O)CC(C)CC,18720-65-5,6.412,0.9097,0.7093130479555553,low-fidelity RED
3-Nonanol,CCC(O)CCCCCC,624-51-1,6.498,1.001,0.7110731326663945,low-fidelity RED
3-Decanol,CCC(O)CCCCCCC,1565-81-7,6.498,1.001,0.6329494450586082,low-fidelity RED
Isobutyl Propanoate,CCC(OCC(C)C)=O,540-42-1,6.553,0.916,0.6329494450586081,low-fidelity RED
Isoamyl Propionate,CCC(OCCC(C)C)=O,105-68-0,6.232,0.9193,0.31819805153394637,high-fidelity RED
Ethoxyethyl Propionate,CCC(OCCOCC)=O,14272-48-1,5.733,0.9173,0.9397473064606252,high-fidelity RED
3-Pentanethiol,CCC(S)CC,616-31-9,5.942,0.7959,0.7537406715840671,low-fidelity RED
Methyl (Z)-4-Octenoate,CCC\C=C/CCC(=O)OC,21063-71-8,6.64,0.8877,0.7705517503711219,low-fidelity RED
Ethyl (Z)-4-Octenoate,CCC\C=C/CCC(=O)OCC,34495-71-1,6.959,0.9461,0.8547660498639381,low-fidelity RED
(Z)-4-Octen-1-ol,CCC\C=C/CCCO,54393-36-1,7.283,0.9188,0.8692669325356858,low-fidelity RED
3-Hepten-2-One,CCC\C=C\C(=O)C,1119-44-4,5.518,0.9665,0.6805328794408102,low-fidelity RED
(E)-2-Hexen-1-Al Dimethyl Acetal,CCC\C=C\C(OC)OC,18318-83-7,5.616,0.9675,0.799218368157289,low-fidelity RED
(E)-2-Hexen-1-Al Propylene Glycol Acetal,CCC\C=C\C1OCC(O1)C,94089-21-1,5.174,1.241,0.9320675941153629,low-fidelity RED
Jasmin\Cyclopentanol,CCC\C=C\CC1CCCC1O,34686-67-4,6.581,1.231,0.8444672877027266,low-fidelity RED
(E)-5-Nonen-2-One,CCC\C=C\CCC(=O)C,27039-84-5,6.425,0.9365,0.798827265433523,low-fidelity RED
Ethyl (E)-4-Octenoate,CCC\C=C\CCC(=O)OCC,1732-00-9,6.959,0.9461,0.8547660498639381,low-fidelity RED
6-Decenoic Acid,CCC\C=C\CCCCC(=O)O,85392-04-7,6.572,0.9843,0.7802243267163622,low-fidelity RED
(E)-3-Hepten-1-Yl Acetate,CCC\C=C\CCOC(=O)C,1576-77-8,6.836,0.8899,0.7705517503711219,low-fidelity RED
(E)-2-Hexen-1-Yl Butyrate,CCC\C=C\COC(=O)CCC,53398-83-7,7.177,1.104,0.9250000000000002,low-fidelity RED
(E)-2-Hexen-1-Yl Formate,CCC\C=C\COC=O,53398-78-0,5.891,1.02,0.4279310692155919,low-fidelity RED
3-Hexyne,CCC#CCC,928-49-4,4.969,0.7513,0.95818839483684,low-fidelity RED
Ethyl 2-Pentenoate,CCC=CC(=O)OCC,2445-93-4,6.941,1.131,0.5202163011671207,low-fidelity RED
"2,4,6-Nonatrien-1-Al",CCC=CC=CC=CC=O,56269-22-8,5.378,1.127,0.9659839543180831,low-fidelity RED
Trans-2-Penten-1-Al,CCC=CC=O,764-39-6,5.493,1.004,0.6446898479113815,low-fidelity RED
Ethyl 3-Hexenoate,CCC=CCC(=O)OCC,2396-83-0,6.575,0.9404,0.60673305497558,low-fidelity RED
3-Hexen-1-Al,CCC=CCC=O,4440-65-7,5.541,1.005,0.5528336096873998,low-fidelity RED
Methyl Epi-Jasmonate,CCC=CCC1C(CCC1=O)CC(=O)OC,39924-52-2,7.623,1.222,0.9788385975225944,low-fidelity RED
"(E,Z)-2,6-Nonadien-1-Al",CCC=CCCC=CC=O,26370-28-5,5.568,1.027,0.777013513396003,low-fidelity RED
8-Undecen-1-Al,CCC=CCCCCCCC=O,58296-81-4,6.036,1.04,0.8143248737451163,low-fidelity RED
3-Hexen-1-Yl Isovalerate,CCC=CCCOC(=O)CC(C)C,10032-11-8,6.595,1.137,0.9778803607803974,low-fidelity RED
3-Hexen-1-Yl Formate,CCC=CCCOC=O,9/5/15 0:00,5.985,1.037,0.37914377220257717,low-fidelity RED
"2,5-Diethyl-4-Methyl Thiazole",CCC1=C(N=C(S1)CC)C,41981-71-9,6.514,1.121,0.9737171047075224,low-fidelity RED
"2,5-Dimethyl-4-Ethyl Oxazole",CCC1=C(OC(=N1)C)C,30408-61-8,6.603,1.038,0.7044501401802686,low-fidelity RED
"2,5-Dimethyl-4-Ethyl Thiazole",CCC1=C(SC(=N1)C)C,32272-57-4,6.218,1.004,0.9749999999999996,low-fidelity RED
2-Ethyl-5-Methyl Furan,CCC1=CC=C(O1)C,1703-52-2,6.454,1.023,0.9113863066779092,low-fidelity RED
2-Ethylfuran,CCC1=CC=CO1,3208-16-0,6.766,1.035,0.8396427811873335,low-fidelity RED
"2,5-Diethyl Pyrazine",CCC1=CN=C(C=N1)CC,13238-84-1,6.028,1.014,0.9912113800799511,low-fidelity RED
"2,5-Diethyl Thiazole",CCC1=CN=C(S1)CC,15729-76-7,6.013,1.205,0.935414346693485,low-fidelity RED
3-Ethylfuran,CCC1=COC=C1,67363-95-5,6.346,1.125,0.8396427811873335,low-fidelity RED
"2-Ethyl-4,5-Dimethyl Oxazole",CCC1=NC(=C(O1)C)C,53833-30-0,6.088,1.22,0.7044501401802686,low-fidelity RED
"4,5-Dimethyl-2-Ethyl Thiazole",CCC1=NC(=C(S1)C)C,873-64-3,6.543,1.099,0.9749999999999996,low-fidelity RED
Shoyu Pyrazine,CCC1=NC=CN=C1CC,15707-24-1,5.591,1.044,0.9912113800799511,low-fidelity RED
Delta-Heptalactone,CCC1CCCC(=O)O1,3301-90-4,7.287,1.082,0.8591420138719795,low-fidelity RED
Butyleneoxide,CCC1CO1,106-88-7,5.792,0.911,0.33634060117684333,high-fidelity RED
2-Hepten-4-One,CCCC(=O)C=CC,4643-25-8,6.385,0.9266,0.6805328794408102,low-fidelity RED
Ethyl 3-Oxohexanoate,CCCC(=O)CC(=O)OCC,3249-68-1,6.945,1.038,0.5279678020485716,low-fidelity RED
4-Nonanone,CCCC(=O)CCCCC,4485-09-0,7.085,0.8622,0.8444672877027269,low-fidelity RED
Acetoin Butyrate,CCCC(=O)OC(C)C(=O)C,84642-61-5,6.734,1.069,0.5123475382979802,low-fidelity RED
Ethyl Butyryl Lactate,CCCC(=O)OC(C)C(=O)OCC,71662-27-6,7.252,1.063,0.4330127018922192,low-fidelity RED
2-Methyl Allyl Butyrate,CCCC(=O)OCC(=C)C,7149-29-3,6.709,0.9848,0.7420411039827914,low-fidelity RED
Propylene Glycol Dibutyrate,CCCC(=O)OCC(C)OC(=O)CCC,50980-84-2,7.608,1.034,0.6329494450586081,low-fidelity RED
Glycerol Tributyrate,CCCC(=O)OCC(COC(=O)CCC)OC(=O)CCC,60-01-5,7.93,1.056,0.956882960450232,high-fidelity RED
Allyl Butyrate,CCCC(=O)OCC=C,2051-78-7,6.853,1.051,0.568990333837052,low-fidelity RED
Prenyl Butyrate,CCCC(=O)OCC=C(C)C,71820-56-9,7.099,1.061,0.8204419540710967,low-fidelity RED
Sorbyl Butyrate,CCCC(=O)OCC=CC=CC,16930-93-1,6.737,1.233,0.9407443861113393,low-fidelity RED
Furfuryl Butyrate,CCCC(=O)OCC1=CC=CO1,623-21-2,8.124,1.11,0.6819090848492931,low-fidelity RED
Tetrahydrofurfuryl Butyrate,CCCC(=O)OCC1CCCO1,2217-33-6,6.041,1.121,0.5511351921262159,low-fidelity RED
Sulfuryl Butyrate,CCCC(=O)OCCC1=C(N=CS1)C,94159-31-6,7.948,1.182,0.9086390922693127,low-fidelity RED
Methionyl Butyrate,CCCC(=O)OCCCSC,16630-60-7,7.377,1.065,0.7057797106746548,low-fidelity RED
2-Phenoxyethyl Butyrate,CCCC(=O)OCCOC1=CC=CC=C1,23511-70-8,8.331,1.095,0.9407443861113386,low-fidelity RED
Methyl Thiomethyl Butyrate,CCCC(=O)OCSC,74758-93-3,7.055,0.9813,0.7232738070744726,low-fidelity RED
Amyl Acetoacetate,CCCC(C(=O)C)C(=O)OCC,1540-28-9,6.556,0.8671,0.4670385423067356,low-fidelity RED
Butyroin,CCCC(C(=O)CCC)O,496-77-5,6.395,0.9903,0.8905756565278442,low-fidelity RED
4-Methyl-4-Octanol,CCCC(C)(O)CCCC,23418-37-3,6.242,0.8169,0.894776508408664,low-fidelity RED
Methyl 2-Methyl Valerate,CCCC(C)C(=O)OC,2177-77-7,6.455,0.8707,0.6408002808988148,low-fidelity RED
Ethyl-2-Methyl Pentanoate,CCCC(C)C(=O)OCC,39255-32-8,6.563,0.809,0.770146090037468,low-fidelity RED
"4,5-Dimethyl-1-Octanol",CCCC(C)C(C)CCCO,66719-32-2,7.397,0.9341,0.7202430145443967,low-fidelity RED
2-Methylpentanal,CCCC(C)C=O,123-15-9,5.484,0.9144,0.4782781617427249,low-fidelity RED
4-Methyl-1-Heptanol,CCCC(C)CCCO,817-91-4,7.498,0.8492,0.770551750371122,low-fidelity RED
1-Methylbutyl Butanoate,CCCC(C)OC(=O)CCC,60415-61-4,6.793,1.008,0.9463746615373849,low-fidelity RED
Methyl R-3-Acetoxyhexanoate,CCCC(CC(=O)OC)OC(=O)C,77118-93-5,6.744,1.042,0.4609772228646447,low-fidelity RED
Ethyl 3-Hydroxyhexanoate,CCCC(CC(=O)OCC)O,2305-25-1,6.815,0.9769,0.9205976319760985,low-fidelity RED
Ethyl 3-Acetoxyhexanoate,CCCC(CC(=O)OCC)OC(=O)C,21188-61-4,6.993,1.046,0.4879805323985783,low-fidelity RED
3-Ethyl-1-Hexanol,CCCC(CC)CCO,41065-95-6,7.268,0.9162,0.7717674520216566,low-fidelity RED
3-Mercaptohexanal,CCCC(CC=O)S,51755-72-7,5.65,0.8572,0.8518362518700415,low-fidelity RED
3-(Methyl Thio) Hexanal,CCCC(CC=O)SC,38433-74-8,5.154,0.923,0.8097067370350832,low-fidelity RED
7-Methyl-4-Octanol,CCCC(CCC(C)C)O,33933-77-6,5.761,0.9077,0.7215434844830905,low-fidelity RED
Dipropyl Ketone ,CCCC(CCC)=O,123-19-3,6.54,0.8186,0.550567888638631,high-fidelity RED
Ethyl 5-Acetoxyoctanoate,CCCC(CCCC(=O)OCC)OC(=O)C,35234-25-4,7.777,1.074,0.5963430220938284,low-fidelity RED
3-Mercaptohexyl Acetate,CCCC(CCOC(=O)C)S,136954-20-6,6.64,0.8978,0.5873670062235372,low-fidelity RED
Lychee Mercaptan Acetate,CCCC(CCOC(=O)C)SC,51755-85-2,6.515,0.9505,0.8215838362577497,low-fidelity RED
3-Mercaptohexyl Butyrate,CCCC(CCOC(=O)CCC)S,136954-21-7,6.847,1.058,0.6581223290544099,low-fidelity RED
4-Methyl-4-Heptanol,CCCC(O)(C)CCC,598-01-6,5.948,0.8057,0.8580501150865258,low-fidelity RED
4-Methyl-4-Nonanol,CCCC(O)(C)CCCCC,23418-38-4,6.426,0.8798,0.9354143466934853,low-fidelity RED
4-Heptanol,CCCC(O)CCC,589-55-9,6.236,0.8147,0.7874007874011812,low-fidelity RED
4-Octanol,CCCC(O)CCCC,589-62-8,6.675,0.9479,0.775,low-fidelity RED
4-Nonanol,CCCC(O)CCCCC,5932-79-6,6.732,0.9493,0.757050196486336,low-fidelity RED
4-Decanol,CCCC(O)CCCCCC,2051-31-2,6.677,0.9566,0.7123903424387504,low-fidelity RED
Isopropyl Butanoate,CCCC(OC(C)C)=O,638-11-9,6.85,0.904,0.6968679932383177,low-fidelity RED
Ethyl Butyrate,CCCC(OCC)=O,105-54-4,6.891,0.8382,0.4077376607575022,high-fidelity RED
"1,1-Diethoxy Butane",CCCC(OCC)OCC,3658-95-5,5.054,0.8969,0.5814851674806502,high-fidelity RED
3-Methylbutyl Butanoate,CCCC(OCCC(C)C)=O,106-27-4,7.175,0.9807,0.8902246907382427,low-fidelity RED
Propyl Butanoate,CCCC(OCCC)=O,105-66-8,7.103,0.9459,0.6123724356957946,low-fidelity RED
"2,3-Epoxyheptanal",CCCC[C@@H]1[C@H](O1)C=O,58936-30-4,5.948,1.206,0.675,low-fidelity RED
2-Ethyl-2-Heptenal,CCCC\C=C(\CC)C=O,10031-88-6,6.138,0.9968,0.6873863542433764,low-fidelity RED
Ethyl (Z)-3-Octenoate,CCCC\C=C/CC(=O)OCC,69668-87-7,6.727,1.019,0.8325412902673358,low-fidelity RED
Bovolide,CCCC\C=C\1/C(=C(C(=O)O1)C)C,774-64-1,7.486,1.355,0.7093130479555555,low-fidelity RED
(E)-4-Nonen-1-Al,CCCC\C=C\C=C\C=O,5910-87-2,5.499,1.145,0.7830229881682915,low-fidelity RED
Ethyl (E)-3-Octenoate,CCCC\C=C\CC(=O)OCC,26553-47-9,6.727,1.019,0.8325412902673358,low-fidelity RED
(E)-4-Nonen-1-Al,CCCC\C=C\CCC=O,2277-16-9,5.861,0.9752,0.6446898479113815,low-fidelity RED
5-Decenoic Acid,CCCC\C=C\CCCC(=O)O,85392-03-6,6.321,1.001,0.8838834764831844,low-fidelity RED
(E)-2-Hepten-1-Yl Acetate,CCCC\C=C\COC(=O)C,16939-73-4,7.012,1.073,0.7810249675906655,low-fidelity RED
4-Octen-3-One,CCCC=CC(=O)CC,14129-48-7,5.778,0.955,0.7640353394968061,low-fidelity RED
Methyl 3-Hexenoate,CCCC=CC(=O)OC,2396-78-3,6.235,0.9743,0.6041522986797284,low-fidelity RED
Ethyl (E)-2-Hexenoate,CCCC=CC(=O)OCC,1552-67-6,6.875,1.077,0.6986594306241063,low-fidelity RED
(E)-2-Hexen-1-Al Diethyl Acetal,CCCC=CC(OCC)OCC,54306-00-2,5.857,0.996,0.9701803955966128,low-fidelity RED
"2,4-Octadien-1-Al",CCCC=CC=CC=O,5577-44-6,5.307,1.072,0.7632168761236877,low-fidelity RED
2-Hexen-1-Al,CCCC=CC=O,505-57-7,5.422,0.9496,0.5482928049865331,low-fidelity RED
2-Hexen-1-Yl Acetate,CCCC=CCOC(=O)C,10094-40-3,6.825,1.004,0.6882949948968099,low-fidelity RED
2-Propyl Furan,CCCC1=CC=CO1,4229-91-8,6.246,0.9983,0.9100137361600652,low-fidelity RED
"4,5-Dimethyl-2-Propyl Oxazole",CCCC1=NC(=C(O1)C)C,53833-32-2,6.014,1.082,0.8143248737451163,low-fidelity RED
5-Propyl Furan-2(5H)-One,CCCC1C=CC(=O)O1,57681-53-5,7.137,1.074,0.8459462157844322,low-fidelity RED
γ-Heptalactone,CCCC1CCC(=O)O1,105-21-5,6.996,1.116,0.7537406715840671,low-fidelity RED
Delta-Octalactone,CCCC1CCCC(=O)O1,698-76-0,7.144,1.227,0.6914658342969664,low-fidelity RED
Tropical Oxathiane,CCCC1CCOC(S1)C,67715-80-4,5.154,1.322,0.9978101021737551,low-fidelity RED
2-Octen-4-One,CCCCC(=O)\C=C\C,4643-27-0,6.844,0.9613,0.783022988168292,low-fidelity RED
"2,3-Heptane Dione",CCCCC(=O)C(=O)C,96-04-8,7.129,0.8564,0.9031195934094223,low-fidelity RED
2-Methyl-3-Heptanone,CCCCC(=O)C(C)C,13019-20-0,7.053,0.8319,0.9205976319760985,low-fidelity RED
Isopropyl Valerate,CCCCC(=O)OC(C)C,18362-97-5,7.191,0.8531,0.770146090037468,low-fidelity RED
Allyl Valerate,CCCCC(=O)OCC=C,6321-45-5,7.197,1.036,0.6694213919497944,low-fidelity RED
Furfuryl Valerate,CCCCC(=O)OCC1=CC=CO1,36701-01-6,8.463,1.106,0.7097534783289199,low-fidelity RED
Ethyl 2-Acetyl Hexanoate,CCCCC(C(=O)C)C(=O)OCC,1540-29-0,6.958,0.8645,0.4879805323985781,low-fidelity RED
5-Methyl-5-Nonanol,CCCCC(C)(O)CCCC,33933-78-7,6.28,0.7524,0.9354143466934853,low-fidelity RED
4-Methyl Octanoic Acid,CCCCC(C)CCC(=O)O,54947-74-9,6.876,1.045,0.8845903006477069,low-fidelity RED
4-Methyl-1-Octanol,CCCCC(C)CCCO,38514-03-3,7.738,0.8562,0.9637167633698193,low-fidelity RED
2-Hexyl Acetate,CCCCC(C)OC(=O)C,5953-49-1,7.207,1.022,0.7232738070744716,low-fidelity RED
2-Hexyl Butyrate,CCCCC(C)OC(=O)CCC,6963-52-6,7.33,1.104,0.9902651160169179,low-fidelity RED
1-Hepten-3-ol,CCCCC(C=C)O,4938-52-7,6.649,1.145,0.9931012033020604,low-fidelity RED
Orris Capronate,CCCCC(CC)C(=O)OCC,2983-37-1,6.806,1.042,0.9266876496425318,low-fidelity RED
3-Ethyl-2-Heptanol,CCCCC(CC)C(C)O,19780-39-3,6.704,0.8856,0.7697402159170326,low-fidelity RED
2-Ethylhexanal,CCCCC(CC)C=O,123-05-7,6.052,1.02,0.6393355926272212,low-fidelity RED
Green Dioxolane,CCCCC(CC)C1OCCO1,4359-47-1,5.633,1.115,0.8514693182963201,low-fidelity RED
3-Ethyl Heptanal,CCCCC(CC)CC=O,2570-97-0,6.419,0.8451,0.6873863542433761,low-fidelity RED
4-Ethyl Octanoic Acid,CCCCC(CC)CCC(=O)O,16493-80-4,7.104,1.004,0.75,low-fidelity RED
(±)-4-Ethyl Octanal,CCCCC(CC)CCC=O,58475-04-0,6.802,1.019,0.773385414912901,low-fidelity RED
3-Ethyl-1-Heptanol,CCCCC(CC)CCO,3525-25-5,7.793,0.8513,0.9620940702446927,low-fidelity RED
2-Ethyl Hexyl Phthalate (Mono),CCCCC(CC)COC(=O)C1=CC=CC=C1C(=O)O,4376-20-9,7.984,1.131,0.8038967595406771,high-fidelity RED
2-Ethyl Hexyl Salicylate,CCCCC(CC)COC(=O)C1=CC=CC=C1O,118-60-5,8.51,1.055,0.7846177413237607,low-fidelity RED
Diethylhexyl Phthalate (Dioctyl Phthalate),CCCCC(CC)COC(=O)c1ccccc1C(=O)OCC(CC)CCCC,117-81-7,8.387,1.097,0.9877373132569209,high-fidelity RED
Di-(2-Ethylhexyl)Azelate,CCCCC(CC)COC(=O)CCCCCCCC(=O)OCC(CC)CCCC,103-24-2,8.141,1.002,0.6408002808988148,high-fidelity RED
Di-(2-Ethyl Hexyl) Sebacate,CCCCC(CC)COC(=O)CCCCCCCCC(=O)OCC(CC)CCCC,122-62-3,8.141,1.002,0.7271519786124493,high-fidelity RED
2-Ethyl Hexyl 3-Mercaptopropionate,CCCCC(CC)COC(=O)CCS,50448-95-8,8.071,0.9917,0.6562202374203343,low-fidelity RED
Vinyl 2-Ethylhexyl Ether,CCCCC(CC)COC=C,103-44-6,6.012,1.126,0.8881159834165805,high-fidelity RED
Ektasolve Eeh,CCCCC(CC)COCCO,1559-35-9,8.049,0.9276,0.6471089552772391,low-fidelity RED
3-Heptyl Acetate,CCCCC(CC)OC(=O)C,5921-83-5,7.462,1.033,0.8518362518700411,low-fidelity RED
(±)-3-(Methyl Thio) Heptanal,CCCCC(CC=O)SC,51755-70-5,5.907,0.9534,0.7632168761236877,low-fidelity RED
Dibutyl Ketone,CCCCC(CCCC)=O,502-56-7,6.826,0.7848,0.6768493185340443,high-fidelity RED
3-Mercaptoheptyl Acetate,CCCCC(CCOC(=O)C)S,548774-80-7,7.15,0.9098,0.6169481339626539,low-fidelity RED
5-Nonanol,CCCCC(O)CCCC,623-93-8,6.846,0.9228,0.757050196486336,low-fidelity RED
5-Decanol,CCCCC(O)CCCCC,5205-34-5,6.953,0.9613,0.7335700375560607,low-fidelity RED
Methyl Pentanoate,CCCCC(OC)=O,624-24-8,6.92,0.7777,0.37165171868296265,low-fidelity RED
"Pentanoic Acid, Ethyl Ester",CCCCC(OCC)=O,539-82-2,7.235,0.8443,0.5055937104039172,low-fidelity RED
Valeraldehyde Diethyl Acetal,CCCCC(OCC)OCC,3658-79-5,5.727,0.9228,0.8806957476904267,low-fidelity RED
(3R)-1-Octen-3-ol,CCCCC[C@H](C=C)O,3687-48-7,6.705,1.14,0.895823643358446,low-fidelity RED
Epoxy-2-Decenal,CCCCC[C@H]1[C@H](O1)\C=C\C=O,134454-31-2,5.811,1.187,0.7026734661277604,low-fidelity RED
Linoleic Acid,CCCCC/C=C\C/C=C\CCCCCCCC(O)=O,60-33-3,6.451,1.02,0.9069178573608526,low-fidelity RED
(E)-2-Methyl-2-Octen-1-Al,CCCCC\C=C(/C)\C=O,49576-57-0,6.779,1.026,0.7088723439378914,low-fidelity RED
"(E,Z,Z)-2,4,7-Tridecatrien-1-Al",CCCCC\C=C/C\C=C/C=C/C=O,13552-96-0,5.524,1.215,0.9669539802906858,low-fidelity RED
"Methyl 2,4-Decadienoate",CCCCC\C=C/C=C/C(=O)OC,4493-42-9,6.418,1.096,0.9864709828474433,low-fidelity RED
"(E,Z)-2,4-Decadien-1-Al",CCCCC\C=C/C=C/C=O,25152-83-4,5.69,1.119,0.8097067370350826,low-fidelity RED
(Z)-2-Octen-1-Al,CCCCC\C=C/C=O,20664-46-4,5.806,1.001,0.5656854249492381,low-fidelity RED
"(E,Z)-2,6-Dodecadien-1-Al",CCCCC\C=C/CC\C=C\C=O,21662-13-5,5.808,1.007,0.8591420138719789,low-fidelity RED
Dairy Lactone,CCCCC\C=C/CC1CCC(=O)O1,15456-69-6,7.502,1.224,0.9410765112359356,low-fidelity RED
Methyl (Z)-4-Decenoate,CCCCC\C=C/CCC(=O)OC,7367-83-1,7.02,0.8684,0.9045026257562773,low-fidelity RED
(Z)-8-Tetradecen-1-Al,CCCCC\C=C/CCCCCCC=O,169054-69-7,5.997,0.9232,0.9303897032964196,low-fidelity RED
(Z)-4-Decen-1-Yl Acetate,CCCCC\C=C/CCCOC(=O)C,67452-27-1,7.256,0.9401,0.9239859306288162,low-fidelity RED
(E)-3-Nonen-2-One,CCCCC\C=C\C(=O)C,18402-83-0,5.903,1.012,0.8265137627408274,low-fidelity RED
Ethyl (E)-2-Octenoate,CCCCC\C=C\C(=O)OCC,7367-82-0,7.25,1.124,0.8325412902673358,low-fidelity RED
"3,6-Dodecadien-1-Al",CCCCC\C=C\C\C=C\CC=O,115422-60-1,5.718,1.11,0.8518362518700408,low-fidelity RED
"Isobutyl (E,E)-2,4-Decadienamide",CCCCC\C=C\C=C\C(=O)NCC(C)C,18836-52-7,6.646,1.141,0.7850159234053801,low-fidelity RED
Methyl (E)-3-Nonenoate,CCCCC\C=C\CC(=O)OC,36781-67-6,6.372,0.9499,0.8396427811873334,low-fidelity RED
Ethyl (E)-4-Decenoate,CCCCC\C=C\CCC(=O)OCC,76649-16-6,7.335,0.9662,0.9440603794249603,low-fidelity RED
(E)-2-Octen-1-Yl Acetate,CCCCC\C=C\COC(=O)C,2371-13-3,7.201,1.017,0.8396427811873334,low-fidelity RED
3-Octen-2-One,CCCCC=CC(=O)C,1669-44-9,5.712,1.051,0.783022988168292,low-fidelity RED
Ethyl 2-Heptenoate,CCCCC=CC(=O)OCC,54340-72-6,7.062,1.154,0.76852130744697,low-fidelity RED
"2,4-Nonadien-1-Al",CCCCC=CC=CC=O,3/4/50 0:00,5.499,1.145,0.7830229881682915,low-fidelity RED
(E)-2-Hepten-1-Al,CCCCC=CC=O,2463-63-0,5.615,1.028,0.5250000000000002,low-fidelity RED
Pentanal (Valeraldehyde),CCCCC=O,110-62-3,5.853,0.8666,0.8433563896716502,high-fidelity RED
2-Butyl Furan,CCCCC1=CC=CO1,4466-24-4,6.392,0.9943,0.9817076958035934,low-fidelity RED
Epsilon-Decalactone,CCCCC1CCCCC(=O)O1,5579-78-2,7.176,1.249,0.9397473064606252,low-fidelity RED
Jasmin Pyranol,CCCCC1COCC(C1OC(=O)C)C,38285-49-3 ,7.49,1.316,0.9069178573608528,low-fidelity RED
Valeraldehyde Propylene Glycol Acetal,CCCCC1OCC(O1)C,74094-60-3,5.95,1.144,0.7198090024443986,low-fidelity RED
Undecavertol,CCCCCC(/C(=C/CC)/C)O,81782-77-6,6.219,1.149,0.8003905296791058,low-fidelity RED
2-Pentyl-1-Buten-3-One,CCCCCC(=C)C(=O)C,63759-55-7,6.617,1.005,0.8958236433584461,low-fidelity RED
(E)-2-Nonen-4-One,CCCCCC(=O)\C=C\C,27743-70-0,7.093,0.9765,0.8265137627408274,low-fidelity RED
"2,3-Octane Dione",CCCCCC(=O)C(=O)C,585-25-1,7.378,0.8822,0.8215838362577493,low-fidelity RED
Methyl Nonane Dione,CCCCCC(=O)C(C)C(=O)C,113486-29-6,7.211,0.8054,0.7454025757937794,low-fidelity RED
1-Octen-3-One,CCCCCC(=O)C=C,4312-99-6,7.06,0.9245,0.7541551564499178,low-fidelity RED
2-Furyl Pentyl Ketone,CCCCCC(=O)C1=CC=CO1,14360-50-0,7.964,1.288,0.9711462299777514,low-fidelity RED
5-Oxodecanoic Acid,CCCCCC(=O)CCCC(=O)O,624-01-1,6.701,0.8674,0.9624188277460078,low-fidelity RED
Ethyl 5-Oxodecanoate,CCCCCC(=O)CCCC(=O)OCC,93919-00-7,7.586,0.9135,0.5055937104039174,low-fidelity RED
1-Methyl Thio-3-Octanone,CCCCCC(=O)CCSC,61837-77-2,7.061,1.035,0.8806957476904276,low-fidelity RED
Isopropyl Hexanoate,CCCCCC(=O)OC(C)C,2311-46-8,7.437,0.8267,0.8415016339853416,low-fidelity RED
(Z)-2-Penten-1-Yl Hexanoate,CCCCCC(=O)OC\C=C/CC,74298-89-8,7.665,1.088,0.8845903006477068,low-fidelity RED
Isobutyl Isohexanoate,CCCCCC(=O)OCC(C)C,105-79-3,8.083,0.9724,0.9463746615373849,low-fidelity RED
Propylene Glycol Dihexanoate,CCCCCC(=O)OCC(C)OC(=O)CCCCC,50343-36-7,8.192,1.012,0.8284020762890447,low-fidelity RED
(Z)-3-Hexen-1-Yl Hexanoate,CCCCCC(=O)OCC\C=C/CC,31501-11-8,7.633,1.045,0.9440603794249603,low-fidelity RED
(E)-3-Hexen-1-Yl Hexanoate,CCCCCC(=O)OCC\C=C\CC,56922-82-8,7.633,1.045,0.9440603794249603,low-fidelity RED
Allyl Caproate,CCCCCC(=O)OCC=C,123-68-2,7.444,1.034,0.7558108228915489,low-fidelity RED
Prenyl Hexanoate,CCCCCC(=O)OCC=C(C)C,76649-22-4,7.688,1.063,0.9347459547919956,low-fidelity RED
Furfuryl Hexanoate,CCCCCC(=O)OCC1=CC=CO1,39252-02-3,8.706,1.108,0.7057797106746548,low-fidelity RED
Isoamyl Hexanoate,CCCCCC(=O)OCCC(C)C,2198-61-0,7.76,0.9844,0.981389321319526,low-fidelity RED
3-Mercaptohexyl Hexanoate,CCCCCC(=O)OCCC(CCC)S,136954-22-8,7.437,1.071,0.7520804478245661,low-fidelity RED
Sulfuryl Hexanoate,CCCCCC(=O)OCCC1=C(N=CS1)C,94159-32-7,8.53,1.188,0.8891709621889367,low-fidelity RED
Butyl Hexanoate,CCCCCC(=O)OCCCC,626-82-4,7.72,0.9339,0.873212459828649,low-fidelity RED
Amyl Hexanoate,CCCCCC(=O)OCCCCC,540-07-8,7.678,0.9145,0.9317322576792113,low-fidelity RED
(Methyl Thio) Methyl Hexanoate,CCCCCC(=O)OCSC,74758-91-1,7.647,0.9776,0.7373940601876315,low-fidelity RED
2-Methyl-3-Octanol,CCCCCC(C(C)C)O,26533-34-6,6.764,0.8466,0.7075485849042452,low-fidelity RED
"2,4-Dimethyl-4-Nonanol",CCCCCC(C)(CC(C)C)O,74356-31-3,6.552,0.9906,0.994359090067567,low-fidelity RED
3-Methyl-3-Octanol,CCCCCC(C)(CC)O,5340-36-3,6.654,0.8888,0.8616843969807043,low-fidelity RED
4-Methyl Nonanoic Acid,CCCCCC(C)CCC(=O)O,45019-28-1,6.932,1.041,0.8189169677079604,low-fidelity RED
sec-Heptyl Acetate,CCCCCC(C)OC(=O)C,5921-82-4,7.263,1.009,0.8325412902673357,low-fidelity RED
2-Heptane Thiol,CCCCCC(C)S,628-00-2,5.702,0.8815,0.9672771061076549,low-fidelity RED
Octenol,CCCCCC(C=C)O,3391-86-4,6.705,1.14,0.895823643358446,low-fidelity RED
1-Octen-3-Yl Acetate,CCCCCC(C=C)OC(=O)C,10/6/42 0:00,7.338,1.082,0.9480242612929269,low-fidelity RED
Methyl 3-Acetoxyoctanoate,CCCCCC(CC(=O)OC)OC(=O)C,35234-21-0,7.308,1.073,0.5984354601792908,low-fidelity RED
Ethyl 3-Hydroxyoctanoate,CCCCCC(CC(=O)OCC)O,7367-90-0,7.476,1.068,0.8162413858657257,low-fidelity RED
Ethyl 3-Acetoxyoctanoate,CCCCCC(CC(=O)OCC)OC(=O)C,85554-66-1,7.555,1.081,0.614918693812442,low-fidelity RED
3-Octyl Acetate,CCCCCC(CC)OC(=O)C,4864-61-3,7.518,1.038,0.900694176732591,low-fidelity RED
Hydroxymethyl Hexyl Ethyl Ketone,CCCCCC(CO)C(=O)C,59191-78-5,7.417,1.007,0.9993748045653347,low-fidelity RED
3-Octanol,CCCCCC(O)CC,589-98-0,6.553,0.993,0.7952986860293435,low-fidelity RED
"Hexanoic Acid, Methyl Ester",CCCCCC(OC)=O,106-70-7,7.17,0.7595,0.5055937104039172,low-fidelity RED
Hexanal Dimethyl Acetal,CCCCCC(OC)OC,1599-47-9,5.744,0.9215,0.7284401142166732,low-fidelity RED
Ethyl Capronate,CCCCCC(OCC)=O,123-66-0,7.483,0.8477,0.7470776398741965,high-fidelity RED
Hexanal Diethyl Acetal,CCCCCC(OCC)OCC,3658-93-3,5.784,0.9265,0.9154916711800276,low-fidelity RED
"Hexanoic Acid, Propyl Ester",CCCCCC(OCCC)=O,626-77-7,7.694,0.9572,0.7830229881682913,low-fidelity RED
(Z)-2-Nonen-1-Al,CCCCCC\C=C/C=O,60784-31-8,5.752,0.9871,0.6446898479113815,low-fidelity RED
(Z)-3-Decen-1-Yl Acetate,CCCCCC\C=C/CCOC(=O)C,81634-99-3,7.153,0.8879,0.942403841248538,low-fidelity RED
"(E,E)-2,4-Undecadien-1-Al",CCCCCC\C=C\C=C\C=O,30361-29-6,5.637,1.101,0.8284020762890442,low-fidelity RED
(E)-2-Nonen-1-Yl Acetate,CCCCCC\C=C\COC(=O)C,30418-89-4,7.143,1.003,0.9045026257562773,low-fidelity RED
Allyl Heptine Carbonate,CCCCCC#CC(=O)OCC=C,73157-43-4,6.474,1.1,0.5798706752371604,low-fidelity RED
2-Methyl-2-Octen-1-Al,CCCCCC=C(C)C=O,73757-27-4,6.779,1.026,0.7088723439378914,low-fidelity RED
3-Nonen-2-One,CCCCCC=CC(=O)C,14309-57-0,5.903,1.012,0.8265137627408274,low-fidelity RED
Methyl Octenoate,CCCCCC=CC(=O)OC,2396-85-2,6.616,1.008,0.7810249675906655,low-fidelity RED
Ethyl 2-Octenoate,CCCCCC=CC(=O)OCC,2351-90-8,7.25,1.124,0.8325412902673358,low-fidelity RED
"(E,E)-2,4-Decadien-1-Al",CCCCCC=CC=CC=O,2363-88-4,5.69,1.119,0.8097067370350826,low-fidelity RED
2-Octen-1-Al,CCCCCC=CC=O,2363-89-5,5.806,1.001,0.5656854249492381,low-fidelity RED
Methyl 3-Nonenoate,CCCCCC=CCC(=O)OC,13481-87-3,6.372,0.9499,0.8396427811873334,low-fidelity RED
9-Dodecen-5-olide,CCCCCC=CCC1CCC(=O)O1,15456-68-5,7.502,1.224,0.9410765112359356,low-fidelity RED
4-Decenoic Acid,CCCCCC=CCCC(=O)O,26303-90-2,6.4,0.9907,0.9414085191881363,low-fidelity RED
4-Decen-1-Al,CCCCCC=CCCC=O,30390-50-2,6.052,0.941,0.6768493185340443,low-fidelity RED
Hexanal,CCCCCC=O,66-25-1,6.045,0.8799,0.6504805915628846,high-fidelity RED
Autumn\Carboxylate,CCCCCC1CC(=O)C=C(C1C(=O)OCC)C,59151-19-8,8.402,1.272,0.9624188277460086,low-fidelity RED
"Acetaldehyde 1,3-Octane Diol Acetal",CCCCCC1CCOC(O1)C,202188-43-0,5.688,1.114,0.8514693182963201,low-fidelity RED
Herbal Pyran,CCCCCC1COCCC1OC(=O)C,18871-14-2,7.157,1.221,0.8003905296791061,low-fidelity RED
Hexanal Propylene Glycol Acetal,CCCCCC1OCC(O1)C,1599-49-1,5.967,1.092,0.801950746617272,low-fidelity RED
Allyl Heptanoate,CCCCCCC(=O)OCC=C,142-19-8,7.388,1.03,0.8154753215150047,low-fidelity RED
Furfuryl Heptanoate,CCCCCCC(=O)OCC1=CC=CO1,39481-28-2,8.648,1.111,0.7026734661277604,low-fidelity RED
Propyl Heptanoate,CCCCCCC(=O)OCCC,7778-87-2,7.637,0.9587,0.8681877677092669,low-fidelity RED
Butyl Heptanoate,CCCCCCC(=O)OCCCC,5454-28-4,7.662,0.9379,0.9467048114380745,low-fidelity RED
Amyl Heptanoate,CCCCCCC(=O)OCCCCC,7493-82-5,7.62,0.9126,0.9810708435174293,low-fidelity RED
Jasmin Acetoacetate,CCCCCCC(C(=O)C)C(=O)OCC,29214-60-6,6.958,0.8895,0.57662812973354,low-fidelity RED
2-Methyl Octanal,CCCCCCC(C)C=O,7786-29-0,6.071,0.9568,0.7123903424387504,low-fidelity RED
2-Octanol,CCCCCCC(C)O,5978-70-1,7.003,0.9055,0.8100925873009828,low-fidelity RED
2-Octyl Acetate,CCCCCCC(C)OC(=O)C,2051-50-5,7.206,1.02,0.8933784192602818,low-fidelity RED
1-Nonen-3-ol,CCCCCCC(C=C)O,21964-44-3,6.65,1.145,0.800390529679106,low-fidelity RED
2-Ethyl-1-Octanol,CCCCCCC(CC)CO,20592-10-3,7.57,0.9011,0.9182183836103481,low-fidelity RED
Nonan-3-Yl Acetate,CCCCCCC(CC)OC(=O)C,60826-15-5,7.461,1.049,0.9852030247619016,low-fidelity RED
Jasmin Acetate,CCCCCCC(CCOC(=O)C)O,1322-17-4,7.85,0.9931,0.707548584904245,low-fidelity RED
"1,3-Nonane Diyl Diacetate",CCCCCCC(CCOC(=O)C)OC(=O)C,63270-14-4,7.894,0.9797,0.6745368781616023,low-fidelity RED
Herbal Ketone,CCCCCCC(CO)C(=O)C,67801-33-6,7.361,1.019,0.8340413658806141,low-fidelity RED
"Heptanoic Acid, Methyl Ester",CCCCCCC(OC)=O,106-73-0,7.114,0.7566,0.5900211860602974,low-fidelity RED
Heptanal Dimethyl Acetal,CCCCCCC(OC)OC,10032-05-0,5.689,0.9326,0.8003905296791061,low-fidelity RED
"Heptanoic Acid, Ethyl Ester",CCCCCCC(OCC)=O,106-30-9,7.427,0.8468,0.7075485849042453,low-fidelity RED
Heptanal Diethyl Acetal,CCCCCCC(OCC)OCC,688-82-4,5.729,0.9367,0.9663074045043845,low-fidelity RED
"2,3-Epoxydecanal",CCCCCCC[C@@H]1[C@H](O1)C=O,102369-06-2,5.91,1.142,0.6067330549755803,low-fidelity RED
(Z)-4-Dodecen-1-Al,CCCCCCC\C=C/CCC=O,21944-98-9,5.997,0.9232,0.7956915231419776,low-fidelity RED
5(6)-Decenoic Acid,CCCCCCC\C=C\C(=O)O,72881-27-7,6.227,0.9671,0.8838834764831844,low-fidelity RED
Methyl 2-Decenoate,CCCCCCC\C=C\C(=O)OC,2482-39-5,6.561,0.9941,0.8778524933039717,low-fidelity RED
Ethyl (E)-2-Decenoate,CCCCCCC\C=C\C(=O)OCC,37486-72-9,7.194,1.114,0.9360822613424529,low-fidelity RED
"(E,E)-2,4-Dodecadien-1-Al",CCCCCCC\C=C\C=C\C=O,13162-47-5,5.637,1.101,0.8514693182963206,low-fidelity RED
"(E,E)-2,4-Dodecadien-1-ol",CCCCCCC\C=C\C=C\CO,18485-38-6,6.369,0.9614,0.9672771061076556,low-fidelity RED
Methyl Octine Carbonate,CCCCCCC#CC(=O)OC,111-80-8,6.373,0.9948,0.4776243293635704,low-fidelity RED
2-Ethyl Octine Carbonate,CCCCCCC#CC(=O)OCC,10031-92-2,6.62,0.9414,0.5178078794301999,low-fidelity RED
2-Nonyn-1-Al Dimethyl Acetal,CCCCCCC#CC(OC)OC,13257-44-8,5.36,0.9167,0.5900211860602973,low-fidelity RED
Heptanenitrile,CCCCCCC#N,629-08-3,6.097,0.8284,0.6637959023675878,low-fidelity RED
3-Decen-2-One,CCCCCCC=CC(=O)C,10519-33-2,5.848,1.003,0.9027735042633899,low-fidelity RED
Melon Nonenoate,CCCCCCC=CC(=O)OC,111-79-5,6.561,0.9941,0.8429857650043683,low-fidelity RED
(E)-2-Nonen-1-Al,CCCCCCC=CC=O,2463-53-8,5.752,0.9871,0.6446898479113815,low-fidelity RED
3-Decenoic Acid,CCCCCCC=CCC(=O)O,15469-77-9,6.148,0.9079,0.9414085191881363,low-fidelity RED
1-Heptanal,CCCCCCC=O,111-71-7,5.99,0.8705,0.4616546328154849,low-fidelity RED
(±)-3-Methyl-γ-Decalactone,CCCCCCC1C(CC(=O)O1)C,67663-01-8,7.57,1.1,0.9711462299777516,low-fidelity RED
Dihydrojasmonate,CCCCCCC1C(CCC1=O)C(=O)OC,37172-53-5,7.91,1.193,0.8877640452282359,low-fidelity RED
2-Hexyl-4-Acetoxytetrahydrofuran,CCCCCCC1CC(CO1)OC(=O)C,10039-39-1,7.184,1.176,0.7956915231419781,low-fidelity RED
Epsilon-Dodecalactone,CCCCCCC1CCCCC(=O)O1,16429-21-3,7.137,1.209,0.7652613932506986,low-fidelity RED
Heptanal Cyclic Propylene Acetal,CCCCCCC1OCC(O1)C,10/4/51 0:00,5.913,1.096,0.8874119674649424,low-fidelity RED
Heptanal Glyceryl Acetal,CCCCCCC1OCC(O1)CO,1708-35-6,6.584,1.004,0.7305819598101236,low-fidelity RED
"Heptanal Butene-1,4-Glycol Acetal",CCCCCCC1OCC=CCO1,61732-96-5,5.924,1.007,0.8681877677092674,low-fidelity RED
Heptanal Cyclic Ethylene Acetal,CCCCCCC1OCCO1,1708-34-5,6.282,0.9121,0.6661456297237112,low-fidelity RED
3-Decanone,CCCCCCCC(=O)CC,928-80-3,7.015,0.8584,0.8993052874302474,low-fidelity RED
4-Undecanone,CCCCCCCC(=O)CCC,14476-37-0,7.029,0.8608,0.9620940702446931,low-fidelity RED
5-Oxododecanoic Acid,CCCCCCCC(=O)CCCC(=O)O,3637-16-9,6.646,0.8649,0.6712860791048784,low-fidelity RED
Isopropyl Octanoate,CCCCCCCC(=O)OC(C)C,5458-59-3,7.381,0.8305,0.675,low-fidelity RED
Propylene Di(Octanoate),CCCCCCCC(=O)OCC(C)OC(=O)CCCCCCC,7384-98-7,8.134,1.014,0.9585144756340406,low-fidelity RED
Allyl Octanoate,CCCCCCCC(=O)OCC=C,4230-97-1,7.388,1.03,0.8933784192602822,low-fidelity RED
Butyl Octanoate,CCCCCCCC(=O)OCCCC,589-75-3,7.662,0.9379,0.9852030247619015,low-fidelity RED
1-Decen-3-ol,CCCCCCCC(C=C)O,51100-54-0,6.65,1.145,0.698212002188447,low-fidelity RED
Ethyloctylamine,CCCCCCCC(CC)N,4088-36-2,5.987,0.9356,0.9357483636106451,low-fidelity RED
Octanoyl Chloride,CCCCCCCC(Cl)=O,111-64-8,6.258,0.9222,0.7925433742073678,low-fidelity RED
Jasimia,CCCCCCCC(COC(=O)C)OC(=O)C,68683-25-0,8.169,0.9585,0.6745368781616023,low-fidelity RED
Octanoic Acid,CCCCCCCC(O)=O,124-07-2,6.542,0.7999,0.8189169677079599,high-fidelity RED
"Octanoic Acid, Methyl Ester",CCCCCCCC(OC)=O,111-11-5,7.114,0.7566,0.6623820649745885,low-fidelity RED
Octanal Dimethyl Acetal,CCCCCCCC(OC)OC,10022-28-3,5.689,0.9326,0.8400148808205722,low-fidelity RED
Octanal Diethyl Acetal,CCCCCCCC(OCC)OCC,54889-48-4,5.729,0.9367,0.986470982847443,low-fidelity RED
Propyl Octanoate,CCCCCCCC(OCCC)=O,624-13-5,7.637,0.9587,0.9340770846134703,low-fidelity RED
Glyceryl Monooleate,CCCCCCCC\C=C/CCCCCCCC(=O)OCC(CO)O,25496-72-4,8.52,1.189,0.8905756565278438,low-fidelity RED
Methyl Oleate,CCCCCCCC\C=C/CCCCCCCC(OC)=O,112-62-9,7.19,0.777,0.801950746617272,high-fidelity RED
Butyl Oleate,CCCCCCCC\C=C/CCCCCCCC(OCCCC)=O,142-77-8,7.734,1.018,0.8835298523536147,high-fidelity RED
Octanenitrile,CCCCCCCC#N,124-12-9,6.097,0.8284,0.6986594306241063,low-fidelity RED
2-Decenoic Acid,CCCCCCCC=CC(=O)O,3913-85-7,6.227,0.9671,0.8838834764831844,low-fidelity RED
2-Decen-1-Al,CCCCCCCC=CC=O,3913-71-1,5.752,0.9871,0.7075485849042454,low-fidelity RED
(E)-2-Decen-1-Yl Acetate,CCCCCCCC=CCOC(=O)C,19487-61-7,7.143,1.003,0.9239859306288162,low-fidelity RED
1-Octanal,CCCCCCCC=O,124-13-0,5.99,0.8705,0.5482928049865328,low-fidelity RED
3-Heptyl Dihydro-5-Methyl-2(3H)-Furanone,CCCCCCCC1CC(OC1=O)C,40923-64-6,7.524,0.9601,0.9096702699330127,low-fidelity RED
Delta-2-Dodecenolactone,CCCCCCCC1CC=CC(=O)O1,16400-72-9,7.152,1.092,0.9701803955966128,low-fidelity RED
Octanal Propylene Glycol Acetal,CCCCCCCC1OCC(O1)C,74094-61-4,5.913,1.096,0.912414379544733,low-fidelity RED
Octanal Glycol Acetal,CCCCCCCC1OCCO1,4359-57-3,6.282,0.9121,0.7071067811865478,low-fidelity RED
Acetyl Nonyryl,CCCCCCCCC(=O)C(=O)C,7493-59-6,7.322,0.8819,0.8154753215150051,low-fidelity RED
Methyl Nonanoate,CCCCCCCCC(=O)OC,1731-84-6,7.114,0.7566,0.8681877677092669,low-fidelity RED
Peach Nitrile,CCCCCCCCC(C)C#N,69300-15-8,6.098,0.9206,0.8860022573334675,low-fidelity RED
Methyl Octyl Acetaldehyde,CCCCCCCCC(C)C=O,19009-56-4,6.071,0.9568,0.9182183836103479,low-fidelity RED
Nonanoic Acid,CCCCCCCCC(O)=O,112-05-0,6.542,0.7999,0.8325412902673358,low-fidelity RED
Nonanal Dimethyl Acetal,CCCCCCCCC(OC)OC,18824-63-0,5.689,0.9326,0.9968701018688443,low-fidelity RED
(E)-2-Dodecen-1-Al,CCCCCCCCC\C=C\C=O,20407-84-5,5.752,0.9871,0.8573214099741121,low-fidelity RED
Methyl 2-Undecynoate,CCCCCCCCC#CC(=O)OC,10522-18-6,6.373,0.9948,0.6837397165588671,low-fidelity RED
Nonanenitrile,CCCCCCCCC#N,2243-27-8,6.097,0.8284,0.7420411039827916,low-fidelity RED
(E)-2-Undecen-1-Al,CCCCCCCCC=CC=O,2463-77-6,5.752,0.9871,0.8085480814398114,low-fidelity RED
Oleic Acid,CCCCCCCCC=CCCCCCCCC(=O)O,112-80-1,6.622,0.9284,0.8418729120241368,high-fidelity RED
Ethyl Oleate,CCCCCCCCC=CCCCCCCCC(=O)OCC,111-62-6,7.501,0.9288,0.9893179468704688,high-fidelity RED
1-Nonanal,CCCCCCCCC=O,124-19-6,5.99,0.8705,0.6964194138592062,low-fidelity RED
Gamma Dodecalactone,CCCCCCCCC1CCC(=O)O1,146589,7.204,1.074,0.8782084035125151,low-fidelity RED
Delta-Tridecalactone,CCCCCCCCC1CCCC(=O)O1,7370-92-5,7.352,1.186,0.9017344398435719,low-fidelity RED
Methyl Nonyl Acetaldehyde,CCCCCCCCCC(C)C=O,110-41-8,6.071,0.9568,0.9727538229171862,low-fidelity RED
Orange Nitrile,CCCCCCCCCC(C)CC#N,85351-07-1,6.346,1.051,0.9633924433998848,low-fidelity RED
Decanoic Acid,CCCCCCCCCC(O)=O,334-48-5,6.542,0.7999,0.7689278249614852,low-fidelity RED
Capric Acid Methyl Ester,CCCCCCCCCC(OC)=O,110-42-9,7.114,0.7566,0.9317322576792113,low-fidelity RED
"Decanoic Acid, Ethyl Ester",CCCCCCCCCC(OCC)=O,110-38-3,7.427,0.8468,0.9877373132569205,low-fidelity RED
(Z)-2-Tridecen-1-ol,CCCCCCCCCC\C=C/CO,74962-98-4,6.571,0.863,0.9842509842514762,low-fidelity RED
(E)-2-Tridecenoic Acid,CCCCCCCCCC\C=C\C(=O)O,32466-55-0,6.227,0.9671,0.7762087348130017,low-fidelity RED
(E)-2-Tridecen-1-Al,CCCCCCCCCC\C=C\C=O,7069-41-2,5.752,0.9871,0.9086390922693123,low-fidelity RED
(E)-2-Tridecen-1-ol,CCCCCCCCCC\C=C\CO,68480-25-1,6.571,0.863,0.9842509842514762,low-fidelity RED
Decanenitrile,CCCCCCCCCC#N,1975-78-6,6.097,0.8284,0.7420411039827916,low-fidelity RED
2-Dodecen-1-Al,CCCCCCCCCC=CC=O,4826-62-4,5.752,0.9871,0.8573214099741121,low-fidelity RED
Decanal,CCCCCCCCCC=O,112-31-2,5.99,0.8705,0.7390872749547245,low-fidelity RED
Nonyl Phenol,CCCCCCCCCC1=CC=C(C=C1)O,104-40-5,7.209,0.9533,0.9303897032964198,high-fidelity RED
Delta-Tetradecalactone,CCCCCCCCCC1CCCC(=O)O1,2721-22-4,7.352,1.186,0.8329165624478841,low-fidelity RED
Methyl Undecanoate,CCCCCCCCCCC(=O)OC,1731-86-8,7.114,0.7566,0.9965565713997375,low-fidelity RED
2-Methyl-Dodecan-1-ol,CCCCCCCCCCC(C)CO,22663-61-2,7.16,0.8826,0.965983954318083,low-fidelity RED
(E)-2-Tetradecen-1-Al,CCCCCCCCCCC\C=C\C=O,64461-99-0,5.752,0.9871,0.9503288904374105,low-fidelity RED
Undecanenitrile,CCCCCCCCCCC#N,7/7/44 0:00,6.097,0.8284,0.8340413658806142,low-fidelity RED
Waxy Nitrile,CCCCCCCCCCC=CC#N,22629-49-8,5.8,1.071,0.8937281465859738,low-fidelity RED
2-Tridecen-1-Al,CCCCCCCCCCC=CC=O,7774-82-5,5.752,0.9871,0.9086390922693123,low-fidelity RED
Undecanal,CCCCCCCCCCC=O,112-44-7,5.99,0.8705,0.8234834546000305,low-fidelity RED
2-Methyl-1-Tridecanol,CCCCCCCCCCCC(C)CO,32480-16-3,7.16,0.8826,0.8764274071479055,low-fidelity RED
Dodecanoic Acid,CCCCCCCCCCCC(O)=O,143-07-7,6.542,0.7999,0.6543126164151203,low-fidelity RED
Isopropyl Laurate,CCCCCCCCCCCC(OC(C)C)=O,10233-13-3,7.381,0.8305,0.9447221813845592,low-fidelity RED
Dodecanenitrile,CCCCCCCCCCCC#N,2437-25-4,6.097,0.8284,0.8806957476904269,low-fidelity RED
Dodecanal,CCCCCCCCCCCC=O,112-54-9,5.99,0.8705,0.8692669325356858,low-fidelity RED
Delta-Juniper Lactone,CCCCCCCCCCCC1CCCC(=O)O1,7370-44-7,7.352,1.186,0.889170962188937,low-fidelity RED
1-Tridecanal,CCCCCCCCCCCCC=O,10486-19-8,5.99,0.8705,0.9931012033020604,low-fidelity RED
γ-Palmitolactone,CCCCCCCCCCCCC1CCC(=O)O1,730-46-1,7.204,1.074,0.9082951062292475,low-fidelity RED
Hexadecanoic Acid,CCCCCCCCCCCCCCCC(O)=O,57-10-3,6.542,0.7999,0.7636262174650632,low-fidelity RED
Isopropyl Palmitate,CCCCCCCCCCCCCCCC(OC(C)C)=O,142-91-6,7.381,0.8305,0.9246621004453464,high-fidelity RED
Sorbitan Stearate,CCCCCCCCCCCCCCCCCC(=O)OCC([C@@H]1[C@H]([C@@H](CO1)O)O)O,1338-41-6,8.98,1.353,0.44300112866673397,low-fidelity RED
Propylene Glycol Stearate,CCCCCCCCCCCCCCCCCC(=O)OCC(C)O,1323-39-3,8.341,0.9693,0.8860022573334674,low-fidelity RED
"1,3-Eicosanediol",CCCCCCCCCCCCCCCCCC(CCO)O,E14694,7.769,0.981,0.975961064797157,low-fidelity RED
Stearic Acid,CCCCCCCCCCCCCCCCCC(O)=O,57-11-4,6.542,0.7999,0.8015609770940701,high-fidelity RED
1-Eicosanol,CCCCCCCCCCCCCCCCCCCCO,629-96-9,7.453,0.6459,0.9630680142129112,low-fidelity RED
1-Octadecanol,CCCCCCCCCCCCCCCCCCO,112-92-5,7.453,0.6459,0.9158329542007101,low-fidelity RED
1-Heptadecanol,CCCCCCCCCCCCCCCCCO,1454-85-9,7.453,0.6459,0.9317322576792113,low-fidelity RED
Cetyl Alcohol (1-Hexadecanol),CCCCCCCCCCCCCCCCO,36653-82-4,7.453,0.6459,0.8015609770940696,high-fidelity RED
Cetyl Lactate,CCCCCCCCCCCCCCCCOC(=O)C(C)O,35274-05-6,7.164,0.9394,0.8295330011518531,low-fidelity RED
1-Pentadecanol,CCCCCCCCCCCCCCCO,629-76-5,7.453,0.6459,0.8663861725581729,low-fidelity RED
1-Tetradecanol,CCCCCCCCCCCCCCO,112-72-1,7.453,0.6459,0.9467048114380746,low-fidelity RED
Dodecanol,CCCCCCCCCCCCO,112-53-8,7.453,0.6459,0.8877640452282354,high-fidelity RED
Lauryl Lactate,CCCCCCCCCCCCOC(=O)C(C)O,6283-92-7,7.164,0.9394,0.6485560885536427,low-fidelity RED
Undecylamine,CCCCCCCCCCCN,7307-55-3,5.568,0.9102,0.9775607398008578,low-fidelity RED
Decyl Anthranilate,CCCCCCCCCCOC(=O)C1=CC=CC=C1N,18189-07-6,7.657,1.067,0.9058835465996715,low-fidelity RED
Nonylamine,CCCCCCCCCN,112-20-9,5.568,0.9102,0.8735702604828076,low-fidelity RED
Nonyl Acetate,CCCCCCCCCOC(=O)C,143-13-5,7.192,0.6925,0.9317322576792113,low-fidelity RED
Nonyl Anthranilate,CCCCCCCCCOC(=O)C1=CC=CC=C1N,72724-82-4,7.657,1.067,0.822344210169927,low-fidelity RED
1-Chloroheptane,CCCCCCCCl,629-06-1,4.762,0.8425,0.9912113800799505,low-fidelity RED
Octylamine,CCCCCCCCN,111-86-4,5.568,0.9102,0.7897784499465655,low-fidelity RED
n-n-Octylacrylamide,CCCCCCCCNC(=O)C=C,10124-68-2,6.275,1.048,0.7420411039827921,low-fidelity RED
Octyl 2-Furoate,CCCCCCCCOC(=O)C1=CC=CO1,39251-88-2,8.31,1.223,0.7846177413237608,low-fidelity RED
Octyl Propanoate,CCCCCCCCOC(=O)CC,142-60-9,6.316,0.8877,0.946374661537385,low-fidelity RED
Octyl Formate,CCCCCCCCOC=O,112-32-3,6.115,0.8977,0.5755432216610669,low-fidelity RED
Octyl Oxyacetaldehyde,CCCCCCCCOCC=O,53488-14-5,5.854,0.9927,0.520816666399992,low-fidelity RED
Trioctyl Phosphate,CCCCCCCCOP(=O)(OCCCCCCCC)OCCCCCCCC,1806-54-8,5.376,0.9939,0.6289872812704562,high-fidelity RED
Heptylamine,CCCCCCCN,111-68-2,5.568,0.9102,0.5787918451395113,low-fidelity RED
Ethylheptylamine,CCCCCCCNCC,66793-76-8,5.223,0.8871,0.9663074045043843,low-fidelity RED
Heptyl Isobutyrate,CCCCCCCOC(=O)C(C)C,2349-13-5,7.314,1.008,0.675,low-fidelity RED
Heptyl Valerate,CCCCCCCOC(=O)CCCC,5451-80-9,7.456,0.9106,0.9852030247619015,low-fidelity RED
Heptanal Cyclic Acetal With Glycerol,CCCCCCCOCC(=O)CO,72854-42-3,6.825,1.067,0.8989577298182603,low-fidelity RED
Heptyl Mercaptan,CCCCCCCS,1639-09-4,5.517,0.739,0.8634958019585273,low-fidelity RED
Hexylamine,CCCCCCN,111-26-2,5.568,0.9102,0.6224949798994367,low-fidelity RED
Hexyl Tiglate,CCCCCCOC(=O)/C(=C/C)/C,16930-96-4,6.988,1.064,0.947694571051243,low-fidelity RED
Hexyl 2-Butenoate,CCCCCCOC(=O)\C=C\C,19089-92-0,6.947,1.064,0.8429857650043683,low-fidelity RED
Dihexyl Fumarate,CCCCCCOC(=O)\C=C\C(=O)OCCCCCC,19139-31-2,7.075,1.034,0.8385254915624216,low-fidelity RED
n-Hexyl Methacrylate,CCCCCCOC(=O)C(=C)C,142-09-6,6.748,1.018,0.8877640452282352,low-fidelity RED
Hexyl Isobutyrate,CCCCCCOC(=O)C(C)C,7/7/49 0:00,7.314,1.008,0.9233092656309694,low-fidelity RED
Hexyl Lactate,CCCCCCOC(=O)C(C)O,20279-51-0,7.164,0.9394,0.9737171047075225,low-fidelity RED
Hexyl 2-Furoate,CCCCCCOC(=O)C1=CC=CO1,39251-86-0,8.31,1.223,0.7369701486491835,low-fidelity RED
Hexyl 3-Mercaptobutanoate,CCCCCCOC(=O)CC(C)S,796857-79-9,7.096,1.011,0.6466258578188787,low-fidelity RED
Hexyl Valerate,CCCCCCOC(=O)CCCC,1117-59-5,7.456,0.9106,0.9467048114380745,low-fidelity RED
Hexyl Hexanoate,CCCCCCOC(=O)CCCCC,6378-65-0,7.62,0.9126,0.9810708435174293,low-fidelity RED
Acetaldehyde Methyl Hexyl Acetal,CCCCCCOC(C)OC,54340-90-8,5.918,1.04,0.8003905296791061,low-fidelity RED
Earthy Acetal,CCCCCCOC(C)OCC,54484-73-0,6.154,0.9521,0.8916277250063503,low-fidelity RED
Hexoxyacetaldehyde Dimethyl Acetal,CCCCCCOCC(OC)OC,17597-95-4,5.899,0.936,0.5984354601792912,low-fidelity RED
Diethylene Glycol Hexyl Ether,CCCCCCOCCOCCO,112-59-4,7.468,0.7946,0.8881159834165806,high-fidelity RED
Pentylamine,CCCCCN,110-58-7,5.622,0.9025,0.5578978401105349,low-fidelity RED
Pentyl Nitrate,CCCCCO[N+](=O)[O-],1002-16-0,6.214,0.9854,0.4555216789572151,low-fidelity RED
Amyl Tiglate,CCCCCOC(=O)/C(=C/C)/C,7785-65-1,7.046,1.063,0.8710625695092171,low-fidelity RED
Amyl Angelate,CCCCCOC(=O)/C(=C\C)/C,7785-63-9,7.046,1.063,0.8710625695092171,low-fidelity RED
Amyl Isobutyrate,CCCCCOC(=O)C(C)C,2445-72-9,7.373,1.003,0.8415016339853416,low-fidelity RED
Amyl Salicylate,CCCCCOC(=O)C1=CC=CC=C1O,2050-08-0,7.992,1.006,0.9171968163922074,low-fidelity RED
Amyl Furoate,CCCCCOC(=O)C1=CC=CO1,1334-82-3,8.37,1.218,0.7228416147400478,low-fidelity RED
n-Pentyl Propionate,CCCCCOC(=O)CC,624-54-4,6.373,0.883,0.3051638903933426,high-fidelity RED
Amyl Isovalerate,CCCCCOC(=O)CC(C)C,25415-62-7,6.867,1.009,0.9463746615373849,low-fidelity RED
Amyl Valerate,CCCCCOC(=O)CCCC,2173-56-0,7.514,0.9084,0.873212459828649,low-fidelity RED
Isoamyl 3-Methyl Thiopropionate,CCCCCOC(=O)CCSC,93762-35-7,7.768,1.067,0.748331477354788,low-fidelity RED
Pentyl Formate,CCCCCOC=O,638-49-3,6.171,0.8964,0.143614066163451,low-fidelity RED
2-(2-Pentoxyethoxy)Ethanol,CCCCCOCCOCCO,18912-81-7,7.526,0.79,0.9280355596635295,low-fidelity RED
Dipentyl Sulfate,CCCCCOS(=O)(=O)OCCCCC,5867-98-1,5.962,0.9785,0.3142451272494136,low-fidelity RED
Pentyl Mercaptan,CCCCCS,110-66-7,5.571,0.7353,0.6955213871621775,low-fidelity RED
Amyl Methyl Disulfide,CCCCCSSC,72437-68-4,5.117,0.7935,0.9695359714832655,low-fidelity RED
n-Butyl Amine,CCCCN,109-73-9,5.714,0.9191,0.6025985396596975,high-fidelity RED
"N,N-Dibutyl Formamide",CCCCN(CCCC)C=O,761-65-9,5.536,0.8853,0.7110731326663947,high-fidelity RED
Butyl Isocyanate,CCCCN=C=O,111-36-4,5.297,0.9281,0.4387482193696066,low-fidelity RED
Ethylbutylamine,CCCCNCC,13360-63-9,5.194,0.8346,0.7454025757937786,low-fidelity RED
Methyl Butyl Ether,CCCCOC,628-28-4,4.634,0.8448,0.8038967595406762,low-fidelity RED
Butyl (E)-2-Crotonate,CCCCOC(=O)\C=C\C,591-63-9,6.964,1.063,0.7057797106746553,low-fidelity RED
Iso-Butyl Isobutyrate,CCCCOC(=O)C(C)C,97-87-0,7.332,1.004,0.8951256894984077,low-fidelity RED
Butyl 2-Methyl Butyrate,CCCCOC(=O)C(C)CC,15706-73-7,7.369,0.9204,0.9463746615373849,low-fidelity RED
Chamomile Valerate,CCCCOC(=O)C(C)CCC,6297-41-2,7.105,0.9469,0.9902651160169179,low-fidelity RED
Butyl Butyryl Lactate,CCCCOC(=O)C(C)OC(=O)CCC,7492-70-8,7.784,1.177,0.6368869601428501,low-fidelity RED
Butyl 2-Furoate,CCCCOC(=O)C1=CC=CO1,583-33-5,8.33,1.219,0.7668930825088988,low-fidelity RED
n-Butyl Aceto Acetate,CCCCOC(=O)CC(=O)C,591-60-6,6.94,0.9538,0.4981214711292828,high-fidelity RED
Butyl Ethyl Malonate,CCCCOC(=O)CC(=O)OCC,17373-84-1,6.991,0.961,0.38810436740650106,low-fidelity RED
"Dextro,Laevo-Dibutyl Malate",CCCCOC(=O)CC(C(=O)OCCCC)O,6280-99-5,7.309,1.09,0.8415016339853424,low-fidelity RED
Butyl Isovalerate,CCCCOC(=O)CC(C)C,109-19-3,6.826,1.008,0.8749999999999999,low-fidelity RED
Butyl Cyanoacetate,CCCCOC(=O)CC#N,5459-58-5,7.034,1.048,0.965983954318083,low-fidelity RED
Butyl Levulinate,CCCCOC(=O)CCC(=O)C,2052-15-5,7.52,0.9672,0.4847679857416339,low-fidelity RED
Dibutyl Succinate,CCCCOC(=O)CCC(=O)OCCCC,141-03-7,7.602,0.8817,0.612882533606563,low-fidelity RED
Di-Butyl Glutarate,CCCCOC(=O)CCCC(=O)OCCCC,6624-57-3,7.473,0.9118,0.6368869601428501,low-fidelity RED
Dibutyl Decanedioate,CCCCOC(=O)CCCCCCCCC(=O)OCCCC,98781-27-2,7.579,0.9398,0.8860022573334674,low-fidelity RED
Butyl Butyryl Glycollate,CCCCOC(=O)COC(=O)CCC,94022-04-5,7.385,0.9883,0.46368092477478556,low-fidelity RED
"Ethanedioic Acid, Dibutyl Ester",CCCCOC(C(OCCCC)=O)=O,2050-60-4,6.98,0.9086,0.5184110338331928,low-fidelity RED
Butyl Isopropenyl Ether,CCCCOC(C)=C,22022-33-9,6.453,1.044,0.6189709201569968,high-fidelity RED
Butyl Valerate,CCCCOC(CCCC)=O,591-68-4,7.473,0.9118,0.81891696770796,low-fidelity RED
"Butane, 1-(Difluoromethoxy)-",CCCCOC(F)F,1481-51-2,5.679,0.8679,0.7754031209635409,low-fidelity RED
Vinyl Butyl Ether,CCCCOC=C,111-34-2,5.251,0.9283,0.659545297913646,high-fidelity RED
Butyl Formate,CCCCOC=O,592-84-7,6.128,0.88,0.6823672031978089,high-fidelity RED
Propylene Glycol Monobutyl Ether,CCCCOCC(C)O,5131-66-8,7.232,0.9452,0.809706737035082,high-fidelity RED
Dipropylene Glycol Mono N-Butyl Ether,CCCCOCC(C)OCC(C)O,29911-28-2,7.145,1.005,0.8806957476904269,high-fidelity RED
Butoxy Ethoxy Propanol,CCCCOCC(COCC)O,39332-55-3,6.861,1.031,0.9357483636106448,high-fidelity RED
Ethylene Glycol Butyl Methyl Ether,CCCCOCCOC,13343-98-1,4.673,0.7919,0.46970735570139815,high-fidelity RED
Butyl Glycol Acetate,CCCCOCCOC(=O)C,112-07-2,7.348,0.7917,0.41003048667141784,high-fidelity RED
2-Butoxyethyl Acrylate,CCCCOCCOC(=O)C=C,7251-90-3,7.081,0.954,0.552268050859363,low-fidelity RED
Ethylene Glycol Butyl Ethyl Ether,CCCCOCCOCC,4413-13-2,5.564,0.8134,0.5963430220938278,high-fidelity RED
Ethylene Glycol Dibutyl Ether,CCCCOCCOCCCC,112-48-1,5.858,0.7329,0.7004462863060948,high-fidelity RED
Butyl Diglycol Acetate,CCCCOCCOCCOC(=O)C,124-17-4,7.348,0.7917,0.673145600891813,high-fidelity RED
Vinyl Butyl Carbitol,CCCCOCCOCCOC=C,,5.457,0.9398,0.3372684390808011,high-fidelity RED
Diethylene Glycol Dibutyl Ether,CCCCOCCOCCOCCCC,112-73-2,5.858,0.7329,0.6329494450586081,high-fidelity RED
Butyl Nitrite,CCCCON=O,544-16-1,6.123,0.9618,0.636396103067893,low-fidelity RED
Tributyl Phosphate,CCCCOP(=O)(OCCCC)OCCCC,126-73-8,5.388,0.9779,0.6284902544988271,high-fidelity RED
Dibutyl Sulfite,CCCCOS(OCCCC)=O,626-85-7,6.917,0.9906,0.5159941860137573,low-fidelity RED
1-Butanethiol,CCCCS,109-79-5,5.486,0.7379,0.616441400296898,high-fidelity RED
Methyl Butyl Disulfide,CCCCSSC,60779-24-0,5.031,0.7966,0.9182183836103482,low-fidelity RED
Butyl Ethyl Disulfide,CCCCSSCC,63986-03-8,5.122,0.9283,0.8767838958375092,low-fidelity RED
Propyl Amine,CCCN,107-10-8,5.295,0.7788,0.6229967897188555,high-fidelity RED
Propyl Tiglate,CCCOC(=O)/C(=C/C)/C,61692-83-9,6.689,1.077,0.7369701486491841,low-fidelity RED
Propyl Crotonate,CCCOC(=O)\C=C\C,10352-87-1,6.647,1.076,0.6041522986797284,low-fidelity RED
Propyl 2-Furan Acrylate,CCCOC(=O)\C=C\C1=CC=CO1,623-22-3,7.707,1.301,0.9058835465996715,low-fidelity RED
Propyl Pyruvate,CCCOC(=O)C(=O)C,20279-43-0,6.526,0.9749,0.8003905296791066,low-fidelity RED
Propyl 2-Methyl Butyrate,CCCOC(=O)C(C)CC,37064-20-3,7.052,0.9365,0.8902246907382427,low-fidelity RED
Propyl 2-Mercaptopropionate,CCCOC(=O)C(C)S,19788-50-2,7.025,0.9641,0.6254998001598399,low-fidelity RED
Propyl 2-Furoate,CCCOC(=O)C1=CC=CO1,615-10-1,8.02,1.232,0.8602325267042635,low-fidelity RED
n-Propyl Propanoate,CCCOC(=O)CC,106-36-5,6.011,0.9009,0.25617376914898976,high-fidelity RED
Propyl Levulinate,CCCOC(=O)CCC(=O)C,645-67-0,7.204,0.979,0.5623610939600998,low-fidelity RED
Dipropyl Glutarate,CCCOC(=O)CCCC(=O)OCCC,1724-48-7,7.428,0.9423,0.5037360419902471,low-fidelity RED
Dipropyl Adipate,CCCOC(=O)CCCCC(=O)OCCC,106-19-4,7.592,0.9401,0.6422616289332568,low-fidelity RED
Acetaldehyde Ethyl Propyl Acetal,CCCOC(C)OCC,20680-10-8,5.844,0.9539,0.8019507466172717,low-fidelity RED
Acetaldehyde Dipropyl Acetal,CCCOC(C)OCCC,105-82-8,5.86,0.9284,0.9154916711800276,low-fidelity RED
Vinyl Propyl Ether,CCCOC=C,764-47-6,4.924,0.9499,0.8295330011518526,high-fidelity RED
Propyl Formate,CCCOC=O,110-74-7,5.804,0.9027,0.5900211860602972,high-fidelity RED
Propylene Glycol Monopropyl Ether,CCCOCC(C)O,1569-01-3,7.016,0.9691,0.7132671308843552,high-fidelity RED
1-Propanethiol,CCCS,107-03-9,5.063,0.8014,0.2926174977679913,high-fidelity RED
Methyl Propyl Disulfide,CCCSSC,2179-60-4,4.954,0.7337,0.7648529270389184,low-fidelity RED
Ethyl Propyl Disulfide,CCCSSCC,30453-31-7,5.044,0.8758,0.7697402159170329,low-fidelity RED
Allyl Propyl Disulfide,CCCSSCC=C,2179-59-1,4.767,0.9061,0.7470776398741966,low-fidelity RED
Furfuryl Propyl Disulfide,CCCSSCc1ccco1,252736-36-0,6.347,1.047,0.9659839543180831,low-fidelity RED
Dipropyl Disulfide,CCCSSCCC,629-19-6,4.954,0.7337,0.9072623655812028,low-fidelity RED
Ethyl Iodide,CCI,75-03-6,5.234,0.6388,0.9360822613424531,high-fidelity RED
"1,3-Propanediamine, N,N-Diethyl-",CCN(CC)CCCN,104-78-9,5.037,1.019,0.5279678020485719,low-fidelity RED
Menthol Carboxamide,CCNC(=O)C1CC(CCC1C(C)C)C,39711-79-0,6.388,1.331,0.9695359714832666,low-fidelity RED
2-Ethylhexyl Amine,CCNCCCCCC,20352-67-4,5.223,0.8871,0.48541219597368984,high-fidelity RED
Ethyl Isopropenyl Ether,CCOC(=C)C,926-66-9,6.076,0.9313,0.8645808232895287,high-fidelity RED
(E)-Ethyl Tiglate,CCOC(=O)/C(=C/C)/C,55514-48-2,6.674,1.004,0.557337420240199,low-fidelity RED
Ethyl 3-(Methyl Thio)-(E)-2-Propenoate,CCOC(=O)\C=C\SC,136115-65-6,7.117,1.183,0.9555757426808207,low-fidelity RED
Ethyl Pyruvate,CCOC(=O)C(=O)C,617-35-6,6.51,0.8939,0.9669539802906858,low-fidelity RED
Citronellyl Ethoxalate,CCOC(=O)C(=O)OCCC(C)CCC=C(C)C,60788-25-2,7.279,1.221,0.7909646009778188,low-fidelity RED
(±)-Ethyl 3-Acetoxy-2-Methyl Butyrate,CCOC(=O)C(C)C(C)OC(=O)C,139564-43-5,6.718,0.9582,0.5226136240091721,low-fidelity RED
Berry Pentadienoate,CCOC(=O)C(C)C=C=C,60523-21-9,6.497,1.015,0.7437237390321757,low-fidelity RED
Pineapple Pentenoate,CCOC(=O)C(C)CC=C,53399-81-8,6.927,0.963,0.7280109889280517,low-fidelity RED
Ethyl Acetyl Lactate,CCOC(=O)C(C)OC(=O)C,2985-28-6,7.212,0.9963,0.44791182167922267,low-fidelity RED
Ethyl 2-Mercaptopropionate,CCOC(=O)C(C)S,19788-49-9,6.801,0.8292,0.7288689868556623,low-fidelity RED
Spicy Acetoacetate,CCOC(=O)C(CC1=CC=CC=C1)C(=O)C,620-79-1,7.43,0.9762,0.9772410142846035,low-fidelity RED
Ethyl α-Fluoroacrylate,CCOC(=O)C(F)=C,760-80-5,6.14,1.078,0.39449334595148705,low-fidelity RED
Ethyl Senecioate,CCOC(=O)C=C(C)C,638-10-8,7.007,1.063,0.557337420240199,low-fidelity RED
Ethyl 3-(Trifluoromethyl)Crotonate,CCOC(=O)C=C(C)C(F)(F)F,24490-03-7,5.493,1.178,0.68829499489681,low-fidelity RED
Ethyl Crotonate,CCOC(=O)C=CC,10544-63-5,6.917,1.037,0.44581386250317484,low-fidelity RED
Ethyl Sorbate,CCOC(=O)C=CC=CC,2396-84-1,6.787,1.182,0.7976528066771905,low-fidelity RED
Ethyl 2-Furfuracrylate,CCOC(=O)C=CC1=CC=CO1,623-20-1,7.978,1.257,0.9124143795447333,low-fidelity RED
Ethyl Cyclohexyl Carboxylate,CCOC(=O)C1CCCCC1,3289-28-9,6.842,0.9775,0.906917857360853,low-fidelity RED
Ethyl 3-Mercaptobutyrate,CCOC(=O)CC(C)S,156472-94-5,6.721,0.9515,0.6519202405202645,low-fidelity RED
Ethyl 3-(Ethyl Thio) Butyrate,CCOC(=O)CC(C)SCC,90201-28-8,6.886,1.039,0.7202430145443972,low-fidelity RED
Acetyl Triethyl Citrate,CCOC(=O)CC(CC(=O)OCC)(C(=O)OCC)OC(=O)C,77-89-4,6.422,0.9397,0.9490126448051157,high-fidelity RED
"Ethyl (Z)-4,7-Octadienoate",CCOC(=O)CC/C=C\CC=C,69925-33-3,7.041,1.013,0.8143248737451163,low-fidelity RED
Ethyl 4-Methyl-3-Pentenoate,CCOC(=O)CC=C(C)C,6849-18-9,6.608,0.876,0.669421391949794,low-fidelity RED
Fruity Ketal,CCOC(=O)CC1(OCC(O1)C)C,6290-17-1,7.383,1.091,0.5390964663211956,low-fidelity RED
Applinal,CCOC(=O)CC1(OCCO1)C,1647153,6.816,1.091,0.6174544517614231,low-fidelity RED
Ethyl Cyclohexyl Acetate,CCOC(=O)CC1CCCCC1,5452-75-5,7.08,0.9581,0.9354143466934852,low-fidelity RED
Ethyl 4-Methyl Valerate,CCOC(=O)CCC(C)C,25415-67-2,7.165,0.8919,0.7318640584152223,low-fidelity RED
"Ethyl 4,4,4-Trifluorobutyrate",CCOC(=O)CCC(F)(F)F,371-26-6,6.069,0.9919,0.6363961030678924,low-fidelity RED
Ethyl 4-Pentenoate,CCOC(=O)CCC=C,1968-40-7,7.04,0.9099,0.4750000000000001,low-fidelity RED
Ethyl 3-(2-Furyl) Propanoate,CCOC(=O)CCC1=CC=CO1,10031-90-0,8.222,1.02,0.6623820649745888,low-fidelity RED
Ethyl Cyclohexane Propionate,CCOC(=O)CCC1CCCCC1,10094-36-7,7.106,0.975,0.9905806378079474,low-fidelity RED
Ethyl 5-Hexenoate,CCOC(=O)CCCC=C,54653-25-7,7.345,0.9948,0.5863019699779286,low-fidelity RED
Berry Hexanoate,CCOC(=O)CCCCCOC(=O)C,104986-28-9,7.882,0.9642,0.4308421984903525,low-fidelity RED
Ethyl 4-(Methyl Thio) Butyrate,CCOC(=O)CCCSC,22014-48-8,7.339,0.9291,0.6786935980249117,low-fidelity RED
Ethyl 3-Mercaptopropionate,CCOC(=O)CCS,6/8/66 0:00,7.119,0.8219,0.8681877677092673,low-fidelity RED
Ethyl Methyl Mercaptopropionate,CCOC(=O)CCSC,13327-56-5,7.34,0.9897,0.7040063920164372,low-fidelity RED
Ethyl 3-(Furfuryl Thio) Propionate,CCOC(=O)CCSCC1=CC=CO1,94278-27-0,8.221,1.215,0.9506576670915783,low-fidelity RED
WS-5,CCOC(=O)CNC(=O)C1CC(CCC1C(C)C)C,68489-14-5,6.473,1.476,0.9624188277460085,low-fidelity RED
Ethyl 2-(Methyl Thio) Acetate,CCOC(=O)CSC,4455-13-4,6.42,0.8061,0.760756202735147,low-fidelity RED
Ethyl Difluoroacetate,CCOC(C(F)F)=O,454-31-9,6.333,0.8034,0.12247448713915929,low-fidelity RED
Diethyl Oxalate,CCOC(C(OCC)=O)=O,95-92-1,6.648,0.8325,0.7866066361276138,high-fidelity RED
Acetaldehyde Ethyl Methyl Acetal,CCOC(C)OC,10471-14-4,5.623,0.9925,0.5618051263561057,low-fidelity RED
1-Ethoxyethyl Acetate,CCOC(C)OC(=O)C,1608-72-6,6.993,0.8763,0.16770509831248456,low-fidelity RED
Acetaldehyde Ethyl Isopropyl Acetal,CCOC(C)OC(C)C,25334-93-4,5.508,0.8772,0.9096702699330126,low-fidelity RED
Phenethyl Acetal,CCOC(C)OC1=CC=CC=C1,5426-78-8,6.839,0.9044,0.9711462299777521,low-fidelity RED
Acetaldehyde Ethyl Isobutyl Acetal,CCOC(C)OCC(C)C,6986-51-2,5.856,0.995,0.9688911187538051,low-fidelity RED
"1,2-Di((1-Ethoxy)Ethoxy) Propane",CCOC(C)OCC(C)OC(C)OCC,67715-79-1,6.089,1.011,0.6708203932499369,low-fidelity RED
Acetaldehyde Ethyl Glyceryl Mixed Acetal,CCOC(C)OCC(COC(C)OCC)OC(C)OCC,67715-82-6,5.837,1.029,0.6031169040907409,low-fidelity RED
Furfural Diethyl Acetal,CCOC(C1=CC=CO1)OCC,13529-27-6,6.902,1.172,0.5744562646538031,low-fidelity RED
1-Ethyl Vinyl Ethyl Ether,CCOC(CC)=C,1528-20-7,6.102,1.049,0.7008922884438091,high-fidelity RED
"Ethane, 1,1-Diethoxy-2-Fluoro-",CCOC(CF)OCC,370-63-8,5.222,0.7608,0.6269968101992227,low-fidelity RED
Triethyl Orthoacetate,CCOC(OCC)(C)OCC,78-39-7,4.898,0.8293,0.8536685539481934,low-fidelity RED
Triethoxymethane,CCOC(OCC)OCC,108055-42-1,5.578,0.7717,0.5550900827793627,low-fidelity RED
Ethyl Ethynylether,CCOC#C,927-80-0,5.448,0.982,0.4974937185533099,high-fidelity RED
Ethyl-1-Propynylether,CCOC#CC,14273-06-4,5.191,0.9037,0.30207614933986443,high-fidelity RED
Ethyl Vinylether,CCOC=C,109-92-2,5.171,0.9643,0.5482928049865323,high-fidelity RED
Cyclohexanone Diethyl Acetal,CCOC1(CCCCC1)OCC,1670-47-9,5.424,1.022,0.982344135219425,low-fidelity RED
"2,5-Dimethyl-4-Ethoxy-3(2H)-Furanone",CCOC1=C(OC(C1=O)C)C,65330-49-6,7.405,1.252,0.8455767262643891,low-fidelity RED
"2,5-Diethoxy Tetrahydrofuran",CCOC1OC(OCC)CC1,3320-90-9,5.921,1.076,0.49812147112928284,high-fidelity RED
Propylene Glycol Monoethyl Ether Acetate,CCOCC(C)OC(=O)C,54839-24-6,6.89,0.9595,0.3082207001484488,high-fidelity RED
Dipropylene Glycol Monoethyl Ether,CCOCC(C)OCC(C)O,30025-38-8,6.663,0.9707,0.6805328794408102,low-fidelity RED
Tripropylene Glycol Monoethyl Ether,CCOCC(C)OCC(C)OCC(C)O,75899-69-3,6.752,1.027,0.3682729965664065,low-fidelity RED
"Ethyl  2,2-Difluoroethyl  Ether",CCOCC(F)F,372-55-4,5.148,0.8423,0.5787918451395112,low-fidelity RED
Allyl Ethylether,CCOCC=C,557-31-3,5.092,0.8916,0.5921359641163504,high-fidelity RED
Prenyl Ethyl Ether,CCOCC=C(C)C,22094-00-4,5.999,0.9906,0.8507349763586778,low-fidelity RED
Furfuryl Ethyl Ether,CCOCC1=CC=CO1,6270-56-0,6.403,1.034,0.6451743950281967,low-fidelity RED
Ethyl Propyl Ether,CCOCCC,628-32-0,5.054,0.8193,0.9124143795447327,low-fidelity RED
Ektapro Eep,CCOCCC(=O)OCC,763-69-9,6.811,0.8712,0.9397473064606252,low-fidelity RED
3-Ethoxy Propionaldehyde,CCOCCC=O,2806-85-1,5.619,0.9498,0.7271519786124497,high-fidelity RED
Ethyl Butyl Ether,CCOCCCC,628-81-9,5.279,0.7978,0.9300537618869135,high-fidelity RED
Ethylene Glycol Mono Ethyl Ether Acrylate,CCOCCOC(=O)C=C,106-74-1,6.348,0.9835,0.7500000000000002,high-fidelity RED
Ethylene Glycol Diethyl Ether,CCOCCOCC,629-14-1,5.117,0.7863,0.3984344362627304,high-fidelity RED
Acetaldehyde Ethyl 3-Methyl Butyl Acetal,CCOCCOCCC(C)C,13442-90-5,5.528,0.8951,0.8459462157844314,low-fidelity RED
Vinyl Ethyl Carbitol,CCOCCOCCOC=C,10143-53-0,5.015,0.9699,0.10606601717798259,high-fidelity RED
Diethylene Glycol Diethyl Ether,CCOCCOCCOCC,112-36-7,5.414,0.786,0.23584952830141528,high-fidelity RED
Ethyl Hypochlorite,CCOCl,624-85-1,4.95,0.828,0.625,high-fidelity RED
Diethyl Peroxide,CCOOCC,628-37-5,5.227,0.7957,0.89895772981826,low-fidelity RED
Diethyl Sulfite,CCOS(OCC)=O,623-81-4,6.026,0.9742,0.9113863066779097,low-fidelity RED
Ethanethiol (Ethyl Mercaptan),CCS,75-08-1,5.282,0.7215,0.18027756377319945,high-fidelity RED
s-Ethyl Thioacetate,CCSC(C)=O,625-60-5,5.945,0.8061,0.8477912478906585,low-fidelity RED
Vinyl Ethyl Sulfide,CCSC=C,627-50-9,5.273,0.9874,0.36142080737002363,high-fidelity RED
Methyl Ethyl Disulfide,CCSSC,20333-39-5,5.181,0.7243,0.6041522986797287,low-fidelity RED
Diethyldisulfide,CCSSCC,110-81-6,5.325,0.7963,0.6964194138592064,high-fidelity RED
Diethyl Trisulfide,CCSSSCC,3600-24-6,5.236,0.802,0.9899494936611668,low-fidelity RED
Ethyl α-Chloroacrylate,Cl/C(=C)C(=O)OCC,687-46-7,6.272,1.055,0.3881043674065011,low-fidelity RED
2-Chloroallyl Acetate,Cl/C(=C)COC(=O)C,692-72-8,6.016,1.019,0.43373378932243706,low-fidelity RED
Heptanoyl Chloride,ClC(=O)CCCCCC,2528-61-2,6.258,0.9222,0.7202430145443964,low-fidelity RED
Isopropyl Chloroformate,ClC(=O)OC(C)C,108-23-6,6.123,0.8545,0.4092676385936222,low-fidelity RED
"1,3-Dichlorobutane",ClC(C)CCCl,1190-22-3,4.845,0.9809,0.9740379869389081,low-fidelity RED
"1,1-Dichloro-2-Fluoroethane",ClC(Cl)CF,430-53-5,4.632,0.7908,0.958514475634041,low-fidelity RED
1-Chloro-Cis-2-Butene,ClC\C=C/C,4628-21-1,4.979,0.9902,0.7636262174650638,low-fidelity RED
1-Chloro-Trans-2-Butene,ClC\C=C\C,4894-61-5,4.979,0.9902,0.7636262174650638,low-fidelity RED
3-Chloro-2-Ethyl-1-Propene,ClCC(=C)/CC,E13694,4.85,0.9229,0.9370832406995656,low-fidelity RED
Allyl Chloroacetate,ClCC(=O)OC\C=C,2916-14-5,5.714,1.023,0.7862092596758204,low-fidelity RED
4-Chloro-3-Methyl-1-Butene,ClCC(C)C=C,10524-01-3,5.007,0.9802,0.864580823289529,low-fidelity RED
"1,2-Dichlorobutane",ClCC(Cl)CC,616-21-7,4.711,0.9009,0.9708243919473805,low-fidelity RED
"1,2-Dichlorohexane",ClCC(Cl)CCCC,2162-92-7,4.824,0.9387,0.907262365581203,low-fidelity RED
Chloroacetic Acid Isopropyl Ester ,ClCC(OC(C)C)=O,105-48-6,5.972,0.913,0.47565743976101155,low-fidelity RED
Chloroacetaldehyde Diethyl Acetal,ClCC(OCC)OCC,621-62-5,4.867,0.8476,0.5315072906367329,low-fidelity RED
1-Chloro-3-Methyl-2-Butene,ClCC=C(C)C,503-60-6,5.841,0.963,0.9110433579144298,low-fidelity RED
4-Chloro-2-Methyl-1-Butene,ClCCC(=C)C,10523-96-3,5.641,0.9897,0.8595056718835542,low-fidelity RED
"1,3-Dichloropentane",ClCCC(Cl)CC,30122-12-4,4.63,1.024,0.9965565713997377,low-fidelity RED
5-Chloro-Trans-2-Pentene,ClCCC=CC,10524-07-9,4.945,1.051,0.8433563896716497,low-fidelity RED
5-Chloro-1-Pentene,ClCCCC=C,928-50-7,4.945,1.009,0.7721722605740253,low-fidelity RED
Methylene Chloride,ClCCl,75-09-2,4.776,0.7079,0.73143694191639,low-fidelity RED
2-Chloroethyl Methacrylate,ClCCOC(=O)\C(=C)C,1888-94-4,5.862,1.111,0.6204836822995425,low-fidelity RED
2-Chloroethyl Acrylate,ClCCOC(=O)\C=C,2206-89-5,6.021,1.039,0.7862092596758204,low-fidelity RED
"N,N-Dichloromethyl Amine",ClCNCCl,7651-91-4,4.757,0.8554,0.6504805915628846,high-fidelity RED
Chloromethyl Methacrylate,ClCOC(=O)\C(=C)C,27550-73-8,5.758,1.056,0.7176350047203666,low-fidelity RED
Bis(Chloromethyl)Ether,ClCOCCl,542-88-1,4.797,0.7489,0.955902714715258,high-fidelity RED
Meclofenoxate,CN(C)CCOC(=O)COC1=CC=C(C=C1)Cl,51-68-3,7.204,1.305,0.6432340165134305,high-fidelity RED
n-Nitrosodimethylamine,CN(C)N=O,62-75-9,5.42,0.8936,0.4776243293635701,low-fidelity RED
N-Methyl Pyrrolidine,CN1CCCC1,120-94-5,4.786,0.9298,0.9927864825832394,high-fidelity RED
Methylisopropylamine,CNC(C)C,4747-21-1,5.204,0.8275,0.6557438524302001,low-fidelity RED
Methylhexylamine,CNCCCCCC,35161-70-7,5.279,0.92,0.8066132902450839,low-fidelity RED
Methylheptylamine,CNCCCCCCC,36343-05-2,5.279,0.92,0.8547660498639378,low-fidelity RED
Tetramethoxymethane ,CO[C](OC)(OC)OC,1850-14-2,4.734,0.7244,0.4430011286667338,low-fidelity RED
Trimethoxysilane,CO[Si]([H])(OC)OC,2487-90-3,5.127,0.7542,0.7491662031885847,low-fidelity RED
Tetramethoxysilane ,CO[Si](OC)(OC)OC,681-84-5,5.112,0.7148,0.9842509842514763,low-fidelity RED
Trimethyl Borate,COB(OC)OC,121-43-7,5.513,0.7552,0.7877975628294362,low-fidelity RED
Dimethyl Ether,COC,115-10-6,4.779,0.6924,0.3201562118716424,high-fidelity RED
Tuberose Acetate,COC(=O)C=C1CCCC1,40203-73-4,6.755,1.09,0.9864709828474435,low-fidelity RED
"Dimethyl-1,4-Cyclohexanedicarboxylate",COC(=O)C1CCC(C(=O)OC)CC1,94-60-0,6.136,0.9231,0.792148975887743,low-fidelity RED
Vanilla Carboxylate,COC(=O)C1CCCCC1,4630-82-4,6.243,0.9746,0.8947765084086642,low-fidelity RED
Dimethyl 2-Methylpentanedioate,COC(=O)CCC(C(=O)OC)C,14035-94-0,7.26,0.9996,0.49117206760971277,low-fidelity RED
Methyl 4-Pentenoate,COC(=O)CCC=C,818-57-5,6.832,0.8687,0.3482097069296035,low-fidelity RED
Methyl 4-(Methyl Thio) Butyrate,COC(=O)CCCSC,53053-51-3,7.135,0.8625,0.7508328708840603,low-fidelity RED
Violet Methyl Carbonate,COC(=O)OC1CCC\C=C/CC1,87731-18-8,6.975,1.121,0.7866066361276141,low-fidelity RED
Herbal Carbonate,COC(=O)OC1CCCCCCC1,61699-38-5,6.937,1.01,0.7382411530116707,low-fidelity RED
"2,3,3,3-Tetrafluoropropionic Acid Methyl Ester",COC(C(C(F)(F)F)F)=O,382-93-4,5.3,0.899,0.6025985396596975,low-fidelity RED
Methyl Trifluoroacetate,COC(C(F)(F)F)=O,431-47-0,5.021,0.9063,0.4015594601052247,low-fidelity RED
Methyl Difluoroacetate,COC(C(F)F)=O,433-53-4,5.904,0.8591,0.4500000000000002,low-fidelity RED
Methyl Isopropyl Ether,COC(C)C,598-53-8,5.31,0.7931,0.9347459547919957,low-fidelity RED
"Methyl 4,4,4-Trifluorocrotnate",COC(C=C([H])C(F)(F)F)=O,70577-95-6,4.784,1.038,0.3436931771216879,low-fidelity RED
"1,1,3,3-Tetramethoxypropane",COC(CC(OC)OC)OC,102-52-3,5.709,0.8292,0.43660622991432424,high-fidelity RED
Bean Hexene,COC(CC)OCC/C=C\CC,97358-55-9,5.518,1.151,0.873212459828649,low-fidelity RED
Methyl Butanoate,COC(CCC)=O,623-42-7,6.571,0.8119,0.23048861143232222,low-fidelity RED
Dimethyl Glutarate,COC(CCCC(OC)=O)=O,1119-40-0,7.152,0.7442,0.5706356105256672,low-fidelity RED
3-(Methylthio)Propanoic Acid Methyl Ester,COC(CCSC)=O,13532-18-8,7.133,0.9636,0.8645808232895288,low-fidelity RED
2-Butenyl Methyl Ether (Trans),COC/C=C/C,10034-14-7,5.23,1.03,0.7232738070744713,high-fidelity RED
Ethynyl Methyl Ether,COC#C,6443-91-0,4.863,0.8467,0.5024937810560446,high-fidelity RED
"1-Methoxy-1,3-Butadiene",COC=CC=C,3036-66-6,4.77,0.9416,0.6229967897188557,high-fidelity RED
Ocean\Carboxaldehyde,COC1CC2CC1C3C2CC(C3)C=O,86803-90-9,6.157,1.044,0.971146229977752,low-fidelity RED
"2,5-Dimethoxytetrahydrofuran",COC1CCC(O1)OC,696-59-3,5.935,0.9784,0.747495819386303,high-fidelity RED
"2H-Pyran, 3,4-Dihydro-2-Methoxy-",COC1CCC=CO1,5/1/54 0:00,5.319,1.122,0.6786935980249117,low-fidelity RED
Cyclopentyl Methyl Ether,COC1CCCC1,5614-37-9,5.118,0.763,0.8689073598491384,high-fidelity RED
2-Methoxy Tetrahydropyrane,COC1OCCCC1,6581-66-4,4.856,0.9765,0.770551750371122,high-fidelity RED
Methyl Ethyl Ether,COCC,540-67-0,4.701,0.8005,0.9276987657639733,high-fidelity RED
Methyl Isobutyl Ether,COCC(C)C,625-44-5,5.5,0.9016,0.9974968671629998,low-fidelity RED
Dipropylene Glycol Dimethyl Ether,COCC(C)OCC(C)OC,111109-77-4,5.513,0.9984,0.5431390245600107,low-fidelity RED
"2,2-Difluoroethyl  Methyl  Ether",COCC(F)F,461-57-4,4.914,0.8687,0.45069390943299864,low-fidelity RED
3-Methoxyisopropylamine,COCC(N)C,37143-54-7,5.864,0.9797,0.43660622991432496,low-fidelity RED
Allyl Methyl Ether,COCC=C,627-40-7,4.786,0.8058,0.5894913061275795,high-fidelity RED
Furfuryl Methyl Ether,COCC1=CC=CO1,13679-46-4,6.1,0.9644,0.757050196486336,low-fidelity RED
Methyl Pentyl Ether,COCCCCC,628-80-8,4.678,0.8535,0.8381527307120104,low-fidelity RED
Dipropylene Glycol Monomethyl Ether Acetate,COCCCOCCCOC(C)=O,88917-22-0,6.535,0.9877,0.5662375826453065,high-fidelity RED
Diethylene Glycol Methyl t-Butyl Ether,COCCOCCOC(C)(C)C,52788-79-1,4.69,0.8841,0.3588175023601834,high-fidelity RED
Triethylene Glycol Dimethyl Ether,COCCOCCOCCOC,112-49-2,4.629,0.7258,0.22638462845343632,low-fidelity RED
Tetraethylene Glycol Dimethyl Ether,COCCOCCOCCOCCOC,143-24-8,4.629,0.7258,0.25617376914899076,low-fidelity RED
Methoxymethyl Vinyl Sulfide,COCS\C=C,,4.792,0.8899,0.7652613932506993,low-fidelity RED
Dimethyl Sulfide,CSC,75-18-3,5.024,0.7155,0.3102418411497722,high-fidelity RED
Methyl Vinyl Sulfide,CSC=C,1822-74-8,5.115,0.8559,0.47762432936356963,high-fidelity RED
2-Thiabutane,CSCC,624-89-5,5.181,0.7243,0.39370039370059057,high-fidelity RED
Allyl Methyl Sulfide,CSCC=C,10152-76-8,4.936,0.9627,0.9874208829065753,low-fidelity RED
Allyl Methyl Disulfide,CSSCC=C,2179-58-0,5.16,0.8439,0.7508328708840606,low-fidelity RED
Methyl 2-Fluoroacrylate,F/C(=C)C(=O)OC,2343-89-7,5.382,1.104,0.14142135623730917,low-fidelity RED
Bromotrifluoroethylene,F\C(F)=C(Br)/F,598-73-2,5.3,0.838,0.9940447676035521,low-fidelity RED
Benzoyl Fluoide,FC(=O)c1ccccc1,455-32-3,6.146,1.008,0.9848857801796101,low-fidelity RED
"1H,1H,7H-Dodecafluoro-1-Heptanol",FC(C(F)(F)C(F)(F)CO)(F)C(F)(F)C(F)(F)C(F)F,335-99-9,5.105,0.9351,0.9711462299777514,low-fidelity RED
"Benzene, Pentafluoro-",FC(C(F)=CC(F)=C1F)=C1F,363-72-4,5.171,1.039,0.7826237921249264,low-fidelity RED
"Benzene, 1,2,3,4-Tetrafluoro-",FC(C(F)=CC=C1F)=C1F,551-62-2,5.58,0.8609,0.8173891362135912,low-fidelity RED
"2,3,3,4,4-Pentafluorooxolane",FC(C(OCC(F)1F)F)1F,204391-86-6,4.643,0.9864,0.6269968101992225,low-fidelity RED
"Benzene, 1,2,4-Trifluoro-",FC(C=C1F)=C(C=C1)F,367-23-7,5.358,0.9414,0.9685685313905263,low-fidelity RED
1-Chloro-1-Fluoro Ethylene,FC(Cl)=C,2317-91-1,4.716,0.9713,0.6731456008918131,high-fidelity RED
"2,2-Difluoroethyl  Difluoromethyl  Ether",FC(COC(F)F)F,32778-16-8,5.68,0.8994,0.5303300858899105,low-fidelity RED
"Ethyl 4,4,4-Trifluorocrotonate",FC(F)(F)\C=C\C(=O)OCC,25597-16-4,5.602,1.15,0.5226136240091718,low-fidelity RED
"Ethyl 4,4,4-Trifluoroaceto Acetate",FC(F)(F)C(=O)CC(=O)OCC,372-31-6,5.609,1.006,0.4220485754033535,low-fidelity RED
n-Buthyl Trifluoroacetate,FC(F)(F)C(=O)OCCCC,367-64-6,5.576,0.9006,0.6412877669190328,low-fidelity RED
"Ethyl 2-Bromo-2,3,3,3-Tetrafluoropropionate ",FC(F)(F)C(F)(Br)C(=O)OCC,10186-73-9,5.581,0.9813,0.6991065727054775,low-fidelity RED
Hexafluoro-Tert-Buthanol,FC(F)(F)C(O)(C)C(F)(F)F,1515-14-6,5.219,0.8636,0.9656603957913981,low-fidelity RED
 -(Trifluoromethyl)Vinyl Acetate,FC(F)(F)C(OC(=O)C)=C,2247-91-8,4.8,1.014,0.6209871174187107,low-fidelity RED
"3,5-Bis(Trifluoromethyl)Benzylamine",FC(F)(F)c1cc(cc(c1)C(F)(F)F)CN,85068-29-7,5.156,1.01,0.7685213074469699,low-fidelity RED
3-Trifluoromethylaniline,FC(F)(F)c1cc(N)ccc1,98-16-8,5.326,1.126,0.872496418330758,low-fidelity RED
"2,2,2- Trifluoroethyl Butyrate",FC(F)(F)COC(=O)CCC,371-27-7,5.19,1.178,0.6509608283145767,low-fidelity RED
"1-Pentanol, 2,2,3,3,4,4,5,5-Octafluoro-",FC(F)C(F)(F)C(F)(F)C(F)(F)CO,355-80-6,5.138,0.8972,0.9344115795515373,low-fidelity RED
"n-Butyl-1,1,2,2-Tetrafluoroethyl Ether",FC(F)C(F)(F)OCCCC,358-37-2,4.889,0.9553,0.8810505093353045,low-fidelity RED
"1,1,2,2-Tetrafluoroethane",FC(F)C(F)F,359-35-3,4.851,0.776,0.9817076958035929,low-fidelity RED
"1,1,3,3-Tetrafluoropropane",FC(F)CC(F)F,66794-30-7,5.274,0.7961,0.9762812094883316,low-fidelity RED
Bis(Difluoromethyl)Ether,FC(F)OC(F)F,1691-17-4,5.138,0.8561,0.5645794895318108,low-fidelity RED
"2,2,5,5-Tetrafluorooxolane",FC(OC(CC1)(F)F)1F,65238-17-7,5.061,1.016,0.6025985396596973,low-fidelity RED
"1,1,2-Trifluoroethyl  Difluoromethyl  Ether",FC(OC(F)(CF)F)F,69948-24-9,4.682,1.083,0.7533259586659681,low-fidelity RED
"Ethane, 1,1-Difluoro-2-(Trifluoromethoxy)-",FC(OCC(F)F)(F)F,84011-15-4,4.846,0.9144,0.8933784192602817,low-fidelity RED
Trans-1-Fluoro-2-Butene,FC/C=C/C,E14895,5.223,0.9682,0.7470776398741971,low-fidelity RED
"2 -Pyran, 2,2,6,6-Tetrafluorotetrahydro-",FC1(F)OC(F)(F)CCC1,66711-92-0,4.921,1.032,0.7846177413237606,low-fidelity RED
"1,4-Dioxane, 2,2,5,5-Tetrafluoro-",FC1(F)OCC(F)(F)OC1,83250-90-2,4.738,0.9633,0.44229515032385347,low-fidelity RED
Decafluorobiphenyl,FC1=C(C(C(F)=C(F)C(F)=C2F)=C2F)C(F)=C(F)C(F)=C1F,434-90-2,5.357,0.8688,0.9476945710512432,low-fidelity RED
"Benzene, 1-(Difluoromethyl)-2,3,4,5-Tetrafluoro-",FC1=C(F)C(F)=C(F)C=C1C(F)F,116487-71-9,5.323,1.15,0.8649421946003099,low-fidelity RED
"Benzene, 1,2,3,5-Tetrafluoro-",FC1=C(F)C(F)=CC(F)=C1,2367-82-0,5.043,0.9657,0.8173891362135912,low-fidelity RED
"Benzene, 1,2,4,5-Tetrafluoro-",FC1=C(F)C=C(F)C(F)=C1,327-54-8,5.276,0.9108,0.8173891362135912,low-fidelity RED
"Benzene, 1,2-Difluoro-3-(Trifluoromethyl)-",FC1=C(F)C=CC=C1C(F)(F)F,64248-59-5,4.691,0.9832,0.8616843969807046,low-fidelity RED
"Benzene, 1,3,5-Trifluoro-",FC1=CC(F)=CC(F)=C1,372-38-3,5.097,0.8455,0.9685685313905263,low-fidelity RED
"Benzene, 2-(Difluoromethyl)-1,3-Difluoro-",FC1=CC=CC(F)=C1C(F)F,91624-89-4,5.121,1.001,0.9581883948368408,low-fidelity RED
"Benzene, 1,2,3-Trifluoro-",FC1=CC=CC(F)=C1F,1489-53-8,5.518,0.8704,0.9685685313905263,low-fidelity RED
"Furan, 2,2,3,5,5-Pentafluorotetrahydro-,( )-",FC1CC(F)(F)OC(F)1F,75988-19-1,5.396,1.098,0.6269968101992225,low-fidelity RED
3-Fluorooxetane,FC1COC1,26272-86-6,5.264,0.957,0.8081614937622307,low-fidelity RED
"1,2-Difluoropropane",FCC(F)C,62126-90-3,5.367,0.8022,0.9965565713997373,low-fidelity RED
"1,1,2-Trifluoroethane",FCC(F)F,430-66-0,5.216,0.726,0.8989577298182602,low-fidelity RED
"1,1,3-Trifluoropropane",FCCC(F)F,E16215,5.184,0.8018,0.8753570700005798,low-fidelity RED
"1,1,4-Trifluorobutane",FCCCC(F)F,E16197,5.354,0.8762,0.9303897032964198,low-fidelity RED
5-Fluoro-1-Pentene,FCCCC=C,407-79-4,5.212,0.99,0.9100137361600648,low-fidelity RED
"1,4-Difluorobutane",FCCCCF,372-90-7,5.214,0.7929,0.9855201672213515,low-fidelity RED
"4-Iodo-1,2-Butadiene",ICC=C=C,29871-57-6,5.451,0.9816,0.8547660498639376,high-fidelity RED
(E)-Dimethyldiazene,N(=N/C)\C,4143-41-3,5.069,0.7089,0.9055385138137416,low-fidelity RED
N-Methyl-2-Heptanamine,N(C(C)CCCCC)C,540-43-2,5.748,0.8182,0.9968701018688443,low-fidelity RED
Methyl-sec-Butylamine,N(C)C(C)CC,7713-69-1,5.466,0.8933,0.8403868156985802,low-fidelity RED
Methylethylamine,N(C)CC,624-78-2,5.201,0.7479,0.41382363393117105,low-fidelity RED
Methyl-Tert-Butylamine,N(C)CC(C)C,625-43-4,5.665,0.8442,0.7794228634059948,low-fidelity RED
Methyl-Butylamine,N(C)CCCC,110-68-9,5.25,0.8495,0.596866819315666,low-fidelity RED
Methylpentylamine,N(C)CCCCC,25419-06-1,5.333,0.9058,0.7115124735378854,low-fidelity RED
Ethyl-sec-Butylamine,N(CC)C(C)CC,21035-44-9,5.545,0.8514,0.9912113800799504,low-fidelity RED
Ethylisobutylamine,N(CC)CC(C)C,13205-60-2,5.592,0.8729,0.9293815147720551,low-fidelity RED
1-Ethylpropylamine,N(CC)CCC,20193-20-8,5.041,0.8902,0.6873863542433758,low-fidelity RED
Ethylpentylamine,N(CC)CCCCC,17839-26-8,5.277,0.8845,0.8162413858657253,low-fidelity RED
"N,N-Diethylhydrazine",N(NCC)CC,1615-80-1,5.28,0.694,0.48476798574163316,low-fidelity RED
"2-Butenoic Acid, 3-Amino-, Ethyl Ester",N/C(C)=C/C(OCC)=O,7318-00-5,6.828,1.01,0.876427407147906,low-fidelity RED
2-Ethylbutanenitrile,N#CC(CC)CC,617-80-1,5.957,0.8618,0.8035079339994098,low-fidelity RED
Cyclopentanecarbonitrile,N#CC1CCCC1,2/8/54 0:00,6.006,0.8631,0.9864709828474432,low-fidelity RED
3-Methylpentanenitrile,N#CCC(C)CC,21101-88-2,6.007,0.8956,0.744983221287567,low-fidelity RED
4-Methylpentanenitrile,N#CCCC(C)C,542-54-1,5.875,0.8753,0.76852130744697,low-fidelity RED
Hexanenitrile,N#CCCCCC,628-73-9,6.152,0.8211,0.7145802963978227,low-fidelity RED
Undecanenitrile,N#CCCCCCCCCCC,7/7/44 0:00,6.097,0.8284,0.8340413658806142,low-fidelity RED
3-(Dimethylamino)-Propanenitrile,N#CCCN(C)C,1738-25-6,5.278,1.008,0.8250000000000004,low-fidelity RED
"1,2-Dimethylpyrrolidine",N1(C)C(C)CCC1,765-48-0,4.634,1.038,0.9287087810503354,low-fidelity RED
"N,N'-Dimethylpiperazine",N1(C)CCN(C)CC1,106-58-1,5.027,0.9343,0.863495801958528,low-fidelity RED
"Phosphorothioic Acid, O,O-Diethyl O-[6-Methyl-2-(1-Methyleth",N1=C(C)C=C(N=C1C(C)C)OP(=S)(OCC)OCC,333-41-5,6.939,1.389,0.8514693182963201,low-fidelity RED
"2,5-Dimethylpiperazine",N1CC(NCC1C)C,106-55-8,5.252,0.8195,0.7040063920164372,low-fidelity RED
"1,1-Dimethylpropylamine",NC(C)(C)CC,594-39-8,5.603,0.9061,0.7180703308172535,low-fidelity RED
2-Amino-2-Methylpentane,NC(C)(C)CCC,53310-02-4,5.259,0.9482,0.9062284480195927,low-fidelity RED
3-Amino-3-Methylpentane,NC(C)(CC)CC,3495-46-3,5.567,0.9059,0.9672771061076549,low-fidelity RED
"2-Amino-3,3-Dimethyl Butane",NC(C)C(C)(C)C,3850-30-4,5.788,0.8246,0.9753204601565579,low-fidelity RED
"1,2-Dimethylpropylamine",NC(C)C(C)C,598-74-3,6.102,0.7679,0.7145802963978224,low-fidelity RED
2-Aminohexane,NC(C)CCCC,5329-79-3,6.014,0.9112,0.6576473218982952,low-fidelity RED
3-Pentanamine,NC(CC)CC,616-24-0,5.821,0.8507,0.5080600358225393,low-fidelity RED
3-Aminohexane,NC(CC)CCC,16751-58-9,5.366,0.9561,0.7288689868556625,low-fidelity RED
Cyclopentylamine,NC1CCCC1,1003-03-8,5.549,0.8913,0.9617692030835672,low-fidelity RED
"2,2-Dimethylpropylamine",NCC(C)(C)C,5813-64-9,5.532,0.8855,0.7369701486491835,low-fidelity RED
"1-Amino-2,2-Dimethylbutane",NCC(C)(C)CC,41781-17-3,5.581,0.8487,0.7968688725254612,low-fidelity RED
1-Amino-2-Methylpentane,NCC(C)CCC,13364-16-4,5.417,0.775,0.687386354243376,low-fidelity RED
1-Amino-2-Ethylbutane,NCC(CC)CC,617-79-8,5.968,0.9662,0.608789783094296,low-fidelity RED
"1-Hexanamine, 2-Ethyl-",NCC(CC)CCCC,104-75-6,6.395,0.8903,0.8284020762890445,low-fidelity RED
"1-Amino-3,3-Dimethylbutane",NCCC(C)(C)C,15673-00-4,5.602,0.8821,0.7487489565935966,low-fidelity RED
1-Amino-3-Methylpentane,NCCC(C)CC,42245-37-4,5.709,0.9408,0.6882949948968102,low-fidelity RED
1-Amino-4-Methylpentane,NCCCC(C)C,5344-20-7,5.886,0.9399,0.6046693311223911,low-fidelity RED
Decylamine,NCCCCCCCCCC,2016-57-1,5.568,0.9102,0.8774964387392125,low-fidelity RED
Hexamethylenediamine,NCCCCCCN,124-09-4,5.704,0.9584,0.9711462299777519,low-fidelity RED
Cadaverine,NCCCCCN,462-94-2,5.704,0.9584,0.9303897032964197,low-fidelity RED
"Cis-2,5-Dimethyltetrahydrofuran",O([C@@H](C1)C)[C@H](C1)C,2144-41-4,5.691,0.9126,0.8268917704270614,low-fidelity RED
Vinyl Glycidyl  Ether,O(\C=C)CC1OC1,3678-15-7,5.037,1.121,0.575543221661067,low-fidelity RED
Dimethoxyborane,O(BOC)C,4542-61-4,4.982,0.8122,0.9877373132569205,low-fidelity RED
3-(Trimethoxysilyl)-1-Propanethiol,O(C)[Si](OC)(OC)CCCS,4420-74-0,5.988,0.8825,0.7305819598101226,low-fidelity RED
Di(Propylene Glycol) Dimethyl Ether,O(C)CCCOCCCOC,11109-77 -4,4.984,0.8756,0.4038873605350878,low-fidelity RED
"2,3-Dimethylfuran",O(C=C1)C(C)=C1C,14920-89-9,6.265,1.018,0.9233092656309702,low-fidelity RED
"2,4-Dimethylfuran",O(C=C1C)C(=C1)C,3710-43-8,6.296,1.008,0.9233092656309702,low-fidelity RED
"3,4-Dimethylfuran",O(C=C1C)C=C1C,20843-07-6,5.861,0.9457,0.9233092656309702,low-fidelity RED
Metoprolol,O(c1ccc(cc1)CCOC)CC(O)CNC(C)C,37350-58-6,7.663,1.373,0.9290452088031026,low-fidelity RED
Alprenolol,O(c1ccccc1C\C=C)CC(O)CNC(C)C,13655-52-2,8.394,1.349,0.9685685313905261,low-fidelity RED
Oxprenolol,O(c1ccccc1OC\C=C)CC(O)CNC(C)C,6452-71-7,8.067,1.201,0.9788385975225957,low-fidelity RED
2-{2-[(2-Ethylhexyl)Oxy]Ethoxy}Ethanol,O(CC(CCCC)CC)CCOCCO,1559-36-0,8.326,0.9059,0.604152298679729,low-fidelity RED
Trans-2-Hexenal Diethyl Acetal,O(CC)C(OCC)/C=C/CCC,67746-30-9,5.857,0.996,0.9701803955966128,low-fidelity RED
Hydroxycitronellal Diethyl Acetal,O(CC)C(OCC)CC(C)CCCC(O)(C)C,7779-94-4,6.993,0.9513,0.48023431780746356,low-fidelity RED
1-Ethoxypentane,O(CC)CCCCC,17952-11-3,5.323,0.8452,0.9594920531197741,low-fidelity RED
Triethylene Glycol Diethyl Ether,O(CC)CCOCCOCCOCC,4499-99-4,5.414,0.786,0.23584952830141506,low-fidelity RED
"2,2-Dimethyltetrahydrofuran",O(CC1)C(C1)(C)C,1003-17-4,5.234,0.9619,0.9027735042633894,low-fidelity RED
2-Tetrahydrofurfuryl Acetate,O(CC1)C(C1)COC(=O)C,637-64-9,5.974,0.9922,0.6087897830942957,low-fidelity RED
1-(2-(2-Methoxyethoxy)Ethoxy)Butane,O(CCCC)CCOCCOC,7382-32-3,4.673,0.7919,0.4077376607575024,low-fidelity RED
"1,4-Butanediol Diglycidylether",O(CCCCOCC1OC1)CC2OC2,2425-79-8,5.731,1.019,0.841501633985342,low-fidelity RED
Pentaethylene Glycol Dimethyl Ether,O(CCOCCOCCOCCOC)CCOC,1191-87-3,4.629,0.7258,0.2462214450449028,low-fidelity RED
"Peroxide, (3,3,5-Trimethylcyclohexylidene)Bis[(1,1-Dimethyle",O(OC1(OOC(C)(C)C)CC(CC(C1)C)(C)C)C(C)(C)C,6731-36-8,4.976,1.06,0.689655711206686,low-fidelity RED
l-Menthol,O[C@H]1C[C@@H](C)CC[C@@H]1[C@H](C)C,2216-51-5,6.316,1.162,0.7318640584152224,high-fidelity RED
α-Fenchol,O[C@H]2[C]1(CC[C@H](C1)C2(C)C)C,512-13-0,5.428,1.034,0.8717797887081343,low-fidelity RED
Butyl Nitrate,O=[N+]([O-])OCCCC,928-45-0,6.171,0.972,0.5894913061275802,low-fidelity RED
5-Methyl-2-Hepten-4-One,O=C(/C=C/C)C(C)CC,81925-81-7,6.505,0.9997,0.9330728803260764,low-fidelity RED
"2,5-Heptadien-4-One, 2,6-Dimethyl-",O=C(\C=C(C)/C)\C=C(C)/C,504-20-1,6.105,0.8811,0.93407708461347,low-fidelity RED
4-Hexen-3-One,O=C(\C=C/C)CC,2497-21-4,5.818,0.9031,0.5678908345800275,low-fidelity RED
"2,4-Pentanedione, 3-Butyl-",O=C(C(C(=O)C)CCCC)C,1540-36-9,6.628,0.8066,0.7640353394968069,low-fidelity RED
"2,2,3,3-Tetrafluoroethyl-Trifluoro Methyl-Ketone(S)",O=C(C(C(F)F)(F)F)C(F)(F)F,42287-74-1,4.981,0.8528,0.8891709621889368,low-fidelity RED
"Ethyl  -Methyl-4,4,4-Trifluoro-Acetoacetate,Tech.",O=C(C(C(OCC)=O)C)C(F)(F)F,344-00-3,6.076,0.9801,0.38242646351945875,low-fidelity RED
Methyl Pivaloylacetate,O=C(C(C)(C)C)CC(=O)OC,55107-14-7,6.401,0.7889,0.2936835031117684,low-fidelity RED
Ethyl Methacrylate,O=C(C(C)=C)OCC,97-63-2,6.431,0.9511,0.37500000000000017,high-fidelity RED
"Propanoic Acid, 2-Bromo-, Ethyl Ester",O=C(C(C)Br)OCC,535-11-5,6.373,0.9369,0.6344288770224756,low-fidelity RED
"2,4-Dimethyl-3-Pentanone",O=C(C(C)C)C(C)C,565-80-0,6.432,0.8195,0.9839334327077213,low-fidelity RED
Ethyl Isobutanoate,O=C(C(C)C)OCC,97-62-1,6.792,0.8907,0.49053542175871456,low-fidelity RED
Isobutyl Isobutyrate,O=C(C(C)C)OCC(C)C,97-85-8,7.296,0.951,0.8951256894984077,high-fidelity RED
Ethyl Dichloroacetate,O=C(C(Cl)Cl)OCC,535-15-9,6.046,0.9562,0.722841614740049,low-fidelity RED
"2-Pentanone,1,3,3,4,4,5,5-Heptafluoro-",O=C(C(F)(C(C(F)F)(F)F)F)CF,26502-41-0,5.436,0.9851,0.8066132902450839,low-fidelity RED
"3-Bromo-1,1,1-Trifluoroacetone",O=C(C(F)(F)F)CBr,431-35-6,4.734,0.9364,0.7673004626611402,low-fidelity RED
"2,2,2-Trifluoroethyl Trifluoroacetate",O=C(C(F)(F)F)OCC(F)(F)F,407-38-5,4.736,1.054,0.8158584436040356,low-fidelity RED
Butyl Lactate,O=C(C(O)C)OCCCC,138-22-7,7.181,0.931,0.9317322576792111,high-fidelity RED
"3,4-Dimethyl-2-Pentanone",O=C(C)C(C)C(C)C,565-78-6,6.327,0.6877,0.8792752697534486,low-fidelity RED
3-Ethyl-2-Pentanone,O=C(C)C(CC)CC,3/7/37 0:00,6.518,0.7549,0.7520804478245662,low-fidelity RED
Isobutyl Acetoacetate,O=C(C)CC(=O)OCC(C)C,7779-75-1,7.278,0.9827,0.3783186487605395,low-fidelity RED
6-Methyl-2-Heptanone,O=C(C)CCCC(C)C,928-68-7,6.903,0.896,0.8238628526642041,low-fidelity RED
Isoheptyl Acetate,O=C(C)OCCCCC(C)C,180348-60-1,7.453,0.867,0.7802243267163617,low-fidelity RED
Hexylene Glycol Diacetate,O=C(C)OCCCCCCOC(C)=O,6222-17-9,7.341,0.7739,0.4802343178074633,high-fidelity RED
Ethyl 4-(Acetyl Thio) Butyrate,O=C(C)SCCCC(=O)OCC,104228-51-5,7.132,0.9133,0.9672771061076563,low-fidelity RED
Methyl Heptine Carbonate,O=C(C#CCCCCC)OC,111-12-6,6.429,0.9918,0.39051248379533315,low-fidelity RED
Ethyl Acrylate,O=C(C=C)OCC,140-88-5,6.897,0.9311,0.3674234614174766,high-fidelity RED
Isobutyl Acrylate,O=C(C=C)OCC(C)C,106-63-8,7.281,0.9721,0.38890872965260104,high-fidelity RED
Propyl Acrylate,O=C(C=C)OCCC,925-60-0,6.625,0.9694,0.42573465914816017,low-fidelity RED
n-Butyl Acrylate,O=C(C=C)OCCCC,141-32-2,6.944,0.952,0.40388736053508767,high-fidelity RED
"1-Chloro-1,1,5,5,5-Pentafluoro-2,4-Pentanedione",O=C(CC(C(F)(Cl)F)=O)C(F)(F)F,f2689,4.734,1.007,0.972753822917186,low-fidelity RED
5-Methyl-3-Hexanone,O=C(CC(C)C)CC,623-56-3,6.153,0.9434,0.8085480814398115,low-fidelity RED
"2,2-Dimethyl-3-Pentanone",O=C(CC)C(C)(C)C,564-04-5,6.315,0.8641,0.9663074045043843,low-fidelity RED
Ethyl Isopropyl Ketone,O=C(CC)C(C)C,565-69-5,6.481,0.7917,0.735696948478108,low-fidelity RED
Diethyl Ketone,O=C(CC)CC,96-22-0,6.463,0.7431,0.5878988008152424,high-fidelity RED
Ethyl Isoamyl Ketone,O=C(CC)CCC(C)C,624-42-0,6.564,0.9267,0.8544003745317531,low-fidelity RED
Ethyl Butyl Ketone,O=C(CC)CCCC,106-35-4,6.821,0.8344,0.7057797106746553,high-fidelity RED
Propionic Anhydride,O=C(CC)OC(CC)=O,123-62-6,5.87,0.8803,0.7862092596758196,high-fidelity RED
Vinyl Propionate,O=C(CC)OC=C,105-38-4,5.902,0.8596,0.6562202374203344,high-fidelity RED
Ethyl Propionate,O=C(CC)OCC,105-37-3,5.931,0.7415,0.41231056256176585,high-fidelity RED
(Z)-3-Hexen-1-Yl Propionate,O=C(CC)OCC/C=C\CC,33467-74-2,6.095,1.04,0.7115124735378856,low-fidelity RED
n-Butyl Propionate,O=C(CC)OCCCC,590-01-2,6.331,0.8822,0.21213203435596414,high-fidelity RED
"Butanedioic Acid, Dimethyl Ester",O=C(CCC(OC)=O)OC,106-65-0,7.004,0.7197,0.758287544405155,low-fidelity RED
Diethyl Succinate,O=C(CCC(OCC)=O)OCC,123-25-1,7.215,0.7396,0.33911649915626396,low-fidelity RED
Dipropyl Succinate,O=C(CCC(OCCC)=O)OCCC,925-15-5,7.285,0.9008,0.4479118216792228,low-fidelity RED
2-Methyl-3-Hexanone,O=C(CCC)C(C)C,12/6/79 0:00,6.768,0.8612,0.8299096336348916,low-fidelity RED
4-Octanone,O=C(CCC)CCCC,589-63-9,6.834,0.8354,0.8035079339994099,low-fidelity RED
n-Butyl Butyrate,O=C(CCC)OCCCC,109-21-7,7.42,0.9305,0.8325412902673356,high-fidelity RED
Pentyl Butanoate,O=C(CCC)OCCCCC,540-18-1,7.461,0.9281,0.7830229881682913,low-fidelity RED
5-Hexen-2-One,O=C(CCC=C)C,109-49-9,6.616,0.9259,0.5202163011671203,low-fidelity RED
(E)-2-Hexen-1-Yl Valerate,O=C(CCCC)OC\C=C\CCC,56922-74-8,7.52,1.079,0.9801147891956327,low-fidelity RED
(Z)-3-Hexen-1-Yl Valerate,O=C(CCCC)OCC\C=C\CC,35852-46-1,7.387,1.058,0.8919781387455639,low-fidelity RED
Dibutyl Adipate,O=C(CCCCC(OCCCC)=O)OCCCC,105-99-7,7.637,0.9179,0.7810249675906655,low-fidelity RED
"Propanoic Acid, 3-Chloro-, Ethyl Ester",O=C(CCCl)OCC,623-71-2,6.482,0.9251,0.6689544080129832,low-fidelity RED
"Acetic Acid, Chloro-, Ethyl Ester",O=C(CCl)OCC,105-39-5,5.656,0.848,0.8085480814398118,low-fidelity RED
Phosgene,O=C(Cl)Cl,75-44-5,5.533,0.7704,0.5024937810560443,high-fidelity RED
"N,N-Dimethylpentanamide",O=C(N(C)C)CCCC,6/5/25 0:00,6.665,0.7924,0.8139410298049858,low-fidelity RED
Lauryl Sarcosine,O=C(N(C)CC(=O)O)CCCCCCCCCCC,97-78-9,6.555,0.9134,0.7228416147400477,low-fidelity RED
Tetraethylurea,O=C(N(CC)CC)N(CC)CC,1187-03-7,5.761,0.8132,0.9918417212438685,low-fidelity RED
Oleamide,O=C(N)CCCCCCC\C=C/CCCCCCCC,301-02-0,7.332,0.9606,0.4451123453691211,low-fidelity RED
Hexadecanamide,O=C(N)CCCCCCCCCCCCCCC,629-54-9,7.256,0.8386,0.3741657386773947,low-fidelity RED
Docosanamide,O=C(N)CCCCCCCCCCCCCCCCCCCCC,3061-75-4,7.256,0.8386,0.6123724356957945,low-fidelity RED
n-Dodecylmethacrylamide,O=C(NCCCCCCCCCCCC)\C(=C)C,1191-39-5,5.583,1.016,0.676849318534045,low-fidelity RED
N(2-Octadecanoylaminoethyl)Octadecanamide Commercial Grade,O=C(NCCNC(=O)CCCCCCCCCCCCCCCCC)CCCCCCCCCCCCCCCCC,110-30-5,6.801,0.9962,0.743723739032176,low-fidelity RED
Enalapril,O=C(O)[C@H]2N(C(=O)[C@@H](N[C@@H](C(=O)OCC)CCc1ccccc1)C)CCC2,75847-73-3,7.359,1.392,0.889170962188937,low-fidelity RED
"Hexanoic Acid, 2-Ethyl-",O=C(O)C(CC)CCCC,149-57-5,6.904,0.9457,0.9604686356149276,low-fidelity RED
Elaidic Acid,O=C(O)CCCCCCC\C=C\CCCCCCCC,112-79-8,6.622,0.9284,0.8863548950617915,low-fidelity RED
10-Undecenoic Acid,O=C(O)CCCCCCCCC=C,112-38-9,6.657,1.04,0.6576473218982956,low-fidelity RED
Undecanoic Acid,O=C(O)CCCCCCCCCC,112-37-8,6.542,0.7999,0.7115124735378856,low-fidelity RED
Tridecanoic Acid,O=C(O)CCCCCCCCCCCC,638-53-9,6.542,0.7999,0.7004462863060948,low-fidelity RED
Tetradecanoic Acid,O=C(O)CCCCCCCCCCCCC,544-63-8,6.542,0.7999,0.7619875327064087,low-fidelity RED
Pentadecanoic Acid,O=C(O)CCCCCCCCCCCCCC,1002-84-2,6.542,0.7999,0.7470776398741967,low-fidelity RED
Heptadecanoic Acid,O=C(O)CCCCCCCCCCCCCCCC,506-12-7,6.542,0.7999,0.9048480535426928,low-fidelity RED
Nonadecanoic Acid,O=C(O)CCCCCCCCCCCCCCCCCC,646-30-0,6.542,0.7999,0.9620940702446927,low-fidelity RED
Eicosanoic Acid,O=C(O)CCCCCCCCCCCCCCCCCCC,506-30-9,6.542,0.7999,0.9823441352194251,low-fidelity RED
l-Menthyl Lactate,O=C(O[C@H]1[C@@H](CC[C@H](C1)C)C(C)C)[C@@H](O)C,61597-98-6,7.526,1.342,0.7500000000000006,low-fidelity RED
Vinyl_n-Hexanoate,O=C(O\C=C)CCCCC,3050-69-9,7.061,0.8932,0.6694213919497944,low-fidelity RED
1-Hexen-3-Yl Acetate,O=C(OC(/C=C)CCC)C,35926-04-6,6.789,1.113,0.8314144574157946,low-fidelity RED
2-Methylpropanoic Anhydride,O=C(OC(=O)C(C)C)C(C)C,97-72-3,6.674,0.9378,0.4506939094329985,low-fidelity RED
t-Butyl Methacrylate,O=C(OC(C)(C)C)\C(=C)C,585-07-9,6.089,0.9631,0.9965565713997372,low-fidelity RED
Tert-Butyl Propanoate,O=C(OC(C)(C)C)CC,20487-40-5,6.062,0.886,0.8403868156985804,low-fidelity RED
t-Butyl Acetoacetate,O=C(OC(C)(C)C)CC(C)=O,1694-31-1,6.511,0.9355,0.2936835031117684,low-fidelity RED
Tert-Pentyl Acetate,O=C(OC(C)(C)CC)C,625-16-1,6.683,0.9719,0.7909646009778185,low-fidelity RED
"1-Propen-2-ol, Acetate",O=C(OC(C)=C)C,108-22-5,5.88,0.9266,0.2512468905280224,low-fidelity RED
Isopropyl  Methacrylate,O=C(OC(C)C)\C(=C)C,4655-34-9,6.43,0.8878,0.7106335201775947,low-fidelity RED
Isopropyl Isobutyrate ,O=C(OC(C)C)C(C)C,617-50-5,6.816,0.9833,0.7929375763576851,low-fidelity RED
Isopropyl Propanoate,O=C(OC(C)C)CC,637-78-5,6.361,0.8598,0.49053542175871456,low-fidelity RED
sec-Butyl Propanoate,O=C(OC(C)CC)CC,591-34-4,6.086,0.9168,0.7022285952594068,low-fidelity RED
sec-Butyl Butanoate,O=C(OC(C)CC)CCC,819-97-6,6.577,0.989,0.8902246907382427,low-fidelity RED
1-Methylbutyl Acetate,O=C(OC(C)CCC)C,626-38-0,6.67,0.9137,0.6408002808988148,low-fidelity RED
1-Methylbutyl Propanoate,O=C(OC(C)CCC)CC,54004-43-2,6.161,0.9537,0.770146090037468,low-fidelity RED
Ethyl 4-Acetoxyoctanoate,O=C(OC(CCC(=O)OCC)CCCC)C,121312-01-4,7.914,1.154,0.6025985396596976,low-fidelity RED
1-Propoxy-2-Propanyl Acetate,O=C(OC(COCCC)C)C,22326,7.156,1.007,0.4750000000000001,low-fidelity RED
Methyl Trans-2-Octenoate,O=C(OC)/C=C/CCCCC,7367-81-9,6.616,1.008,0.7810249675906655,low-fidelity RED
Methyl Sorbate,O=C(OC)\C=C\C=C\C,689-89-4,5.974,1.078,0.7956915231419784,low-fidelity RED
Methyl Isobutylate,O=C(OC)C(C)C,547-63-7,6.655,0.9171,0.2738612787525831,low-fidelity RED
Methyl Dichloroacetate,O=C(OC)C(Cl)Cl,116-54-1,5.905,0.9856,0.9663074045043841,low-fidelity RED
Methyl Acrylate,O=C(OC)C=C,96-33-3,6.067,0.8587,0.7668930825088983,high-fidelity RED
Methyl Propionate,O=C(OC)CC,554-12-1,5.845,0.7389,0.33166247903553997,high-fidelity RED
Methyl Trifluoroacetoacetone,O=C(OC)CC(C(F)(F)F)=O,83643-84-9,5.368,0.9069,0.5706356105256667,low-fidelity RED
"Propanedioic Acid, Dimethyl Ester",O=C(OC)CC(OC)=O,108-59-8,6.398,0.7245,0.9772410142846035,low-fidelity RED
Methyl Dihydrojasmonate,O=C(OC)CC1C(C(=O)CC1)CCCCC,2630-39-9,7.841,1.169,0.8591420138719801,low-fidelity RED
"Hexanedioic Acid, Dimethyl Ester",O=C(OC)CCCCC(OC)=O,627-93-0,7.317,0.7178,0.4527692569068711,low-fidelity RED
"Nonanedioic Acid, Dimethyl Ester",O=C(OC)CCCCCCCC(OC)=O,1732-10-1,7.261,0.7508,0.4847679857416332,low-fidelity RED
Dimethyl Sebacate,O=C(OC)CCCCCCCCC(OC)=O,106-79-6,7.261,0.7508,0.9192388155425123,high-fidelity RED
Ethyl Methyl Carbonate,O=C(OC)OCC,623-53-0,6.989,0.8187,0.6576473218982952,low-fidelity RED
Trans-2-Hexenyl Acetate,O=C(OC/C=C/CCC)C,2497-18-9,6.825,1.004,0.6882949948968099,low-fidelity RED
Trans-2-Hexenyl Propionate,O=C(OC/C=C/CCC)CC,53398-80-4,6.09,1.074,0.7810249675906655,low-fidelity RED
Vinyl Acetate,O=C(OC=C)C,108-05-4,6.418,0.844,0.34731109973624535,high-fidelity RED
Vinyl-2-Ethyl Hexanoate,O=C(OC=C)C(CC)CCCC,94-04-2,7.528,1.094,0.8692669325356853,high-fidelity RED
Vinyl Butyrate,O=C(OC=C)CCC,123-20-6,6.465,0.9111,0.5612486080160911,high-fidelity RED
Mono-Menthyl Succinate,O=C(OC1CC(C)CCC1C(C)C)CCC(O)=O,77341-67-4,7.426,1.386,0.790964600977819,low-fidelity RED
2-Methylcyclohexylacetate,O=C(OC1CCCCC1C)C,5726-19-2,6.629,1.124,0.9861541461658011,low-fidelity RED
Isobutyl Angelate,O=C(OCC(C)C)\C(=C/C)C,7779-81-9,7.332,1.02,0.878208403512515,low-fidelity RED
Isobutyl-3-(Methyl Thio) Butyrate,O=C(OCC(C)C)CC(C)SC,127931-21-9,7.355,0.9638,0.815475321515005,low-fidelity RED
Isobutyl Butanoate,O=C(OCC(C)C)CCC,539-90-2,7.498,0.9799,0.8370334521391603,low-fidelity RED
Isobutyl Pentanoate,O=C(OCC(C)C)CCCC,10588-10-0,7.839,0.975,0.8749999999999999,low-fidelity RED
2-Methylbutyl Acetate,O=C(OCC(C)CC)C,624-41-9,7.448,0.8769,0.6623820649745885,low-fidelity RED
2-Methylbutyl Propanoate,O=C(OCC(C)CC)CC,2438-20-2,6.56,0.9631,0.7850159234053791,low-fidelity RED
2-Methylbutyl Butanoate,O=C(OCC(C)CC)CCC,51115-64-1,7.507,1.026,0.9604686356149273,low-fidelity RED
2-Ethyl Hexyl Acetate,O=C(OCC(CC)CCCC)C,103-09-3,7.781,0.7668,0.8746427842267951,high-fidelity RED
2-Ethylhexylthioglycolate,O=C(OCC(CCCC)CC)CS,7659-86-1,7.506,0.8825,0.609302880347697,low-fidelity RED
"2,2,3,3-Tetrafluoropropyl Trifluoroacetate ",O=C(OCC(F)(C(F)F)F)C(F)(F)F,f4047,5.564,0.9369,0.625,low-fidelity RED
Monoolein,O=C(OCC(O)CO)CCCCCCCC=CCCCCCCCC,111-03-5,8.52,1.189,0.8905756565278438,low-fidelity RED
Tricaproin,O=C(OCC(OC(=O)CCCCC)COC(=O)CCCCC)CCCCC,621-70-5,8.512,1.033,0.8989577298182603,low-fidelity RED
"2-Butenoic Acid, Ethyl Este, (E)-",O=C(OCC)/C=C/C,623-70-1,6.917,1.037,0.44581386250317484,low-fidelity RED
Ethyl Trans-2-Decenoate,O=C(OCC)/C=C/CCCCCCC,7367-88-6,7.194,1.114,0.9360822613424529,low-fidelity RED
Diethyl Maleate,O=C(OCC)\C=C/C(OCC)=O,141-05-9,7.046,1.01,0.5533985905294664,low-fidelity RED
Diethyl Fumarate,O=C(OCC)\C=C\C(OCC)=O,623-91-6,7.046,1.01,0.5533985905294664,low-fidelity RED
Ethyl Bromofluoroacetate,O=C(OCC)C(Br)F,401-55-8,6.29,1.05,0.6025985396596981,low-fidelity RED
"Ethyl 2,2-Difluoroacetoacetate",O=C(OCC)C(C(C)=O)(F)F,2266-48-0,5.297,0.8599,0.4513867521316947,low-fidelity RED
Diethyl Diethylmalonate,O=C(OCC)C(CC)(CC)C(OCC)=O,77-25-8,6.497,0.8368,0.770551750371122,low-fidelity RED
Ethyl Chlorofluoroacetate,O=C(OCC)C(Cl)F,401-56-9,5.751,0.8881,0.24238399287081647,low-fidelity RED
Ethyl 5H-Octafluoropentanoate,O=C(OCC)C(F)(C(C(C(F)F)(F)F)(F)F)F,2795-50-8,5.716,0.9918,0.8660254037844386,low-fidelity RED
Ethyl Chlorodifluoroacetate,O=C(OCC)C(F)(F)Cl,383-62-0,4.685,0.8598,0.6504805915628841,low-fidelity RED
Tropical 3-Thiobutyrate,O=C(OCC)CC(C)SC,233665-96-8,6.949,0.8986,0.6873863542433756,low-fidelity RED
Ethyl-3-Methylpentanoate,O=C(OCC)CC(CC)C,5870-68-8,6.941,0.9438,0.7850159234053791,low-fidelity RED
Diethyl Malonate,O=C(OCC)CC(OCC)=O,105-53-3,6.635,0.844,0.6344288770224765,high-fidelity RED
Ethyl Cyanoacetate,O=C(OCC)CC#N,105-56-6,6.643,0.982,0.8093207028119325,high-fidelity RED
Ethyl Levulinate,O=C(OCC)CCC(C)=O,539-88-8,7.133,0.8588,0.6209871174187118,low-fidelity RED
Diethyl Glutarate,O=C(OCC)CCCC(OCC)=O,818-38-2,7.357,0.8213,0.2806243040080456,low-fidelity RED
"Hexanedioic Acid, Diethyl Ester",O=C(OCC)CCCCC(OCC)=O,141-28-6,7.521,0.82,0.39210967853395295,low-fidelity RED
"Octanoic Acid, Ethyl Ester",O=C(OCC)CCCCCCC,106-32-1,7.427,0.8468,0.7685213074469699,low-fidelity RED
Ethyl Nonanoate,O=C(OCC)CCCCCCCC,123-29-5,7.427,0.8468,0.946374661537385,low-fidelity RED
"Decanedioic Acid, Diethyl Ester",O=C(OCC)CCCCCCCCC(OCC)=O,110-40-7,7.465,0.8499,0.7075485849042453,low-fidelity RED
Ethyl 2-Ethoxyacetate,O=C(OCC)COCC,817-95-8,6.252,0.9277,0.103077640640442,low-fidelity RED
Ethyl Propylcarbamate,O=C(OCC)NCCC,623-85-8,6.452,1.0,0.8696263565463046,low-fidelity RED
Diethyl Carbonate,O=C(OCC)OCC,105-58-8,6.908,0.7401,0.8093207028119322,high-fidelity RED
Green\Cyclopropionate,O=C(OCC\C=C/CC)C1CC1,188570-78-7,6.683,1.109,0.9287087810503364,low-fidelity RED
Cis-3-Hexenyl Butyrate,O=C(OCC\C=C/CC)CCC,16491-36-4,7.044,1.085,0.8547660498639381,low-fidelity RED
Diallyl Maleate,O=C(OCC=C)\C=C/C(OCC=C)=O,999-21-3,6.701,1.063,0.7215434844830902,low-fidelity RED
"2-Propenoic Acid, 2-Propenyl Ester",O=C(OCC=C)C=C,999-55-3,6.607,0.9382,0.4220485754033533,low-fidelity RED
Glycidyl Acrylate,O=C(OCC1OC1)\C=C,106-90-1,6.614,1.149,0.9141252649391117,low-fidelity RED
"Neodecanoic Acid, 2,3-Epoxypropyl Ester",O=C(OCC1OC1)C(CCCCCC)(C)C,26761-45-5,6.759,1.157,0.7689278249614852,low-fidelity RED
Tetrahydrofurfuryl Acrylate,O=C(OCC1OCCC1)\C=C,2399-48-6,5.762,1.171,0.6309714732061977,low-fidelity RED
Furfuryl Octanoate,O=C(OCc1occc1)CCCCCCC,39252-03-4,8.648,1.111,0.7520804478245661,low-fidelity RED
Isopentyl Pentanoate,O=C(OCCC(C)C)CCCC,9/1/50 0:00,7.515,0.9807,0.9463746615373849,low-fidelity RED
"1,3-Diacetoxybutane",O=C(OCCC(OC(=O)C)C)C,1117-31-3,7.679,0.9264,0.49117206760971277,low-fidelity RED
Dipropyl Maleate,O=C(OCCC)\C=C/C(=O)OCCC,2432-63-5,6.775,1.049,0.5905505905508867,low-fidelity RED
Propyl Methacrylate,O=C(OCCC)C(C)=C,2210-28-8,6.447,1.031,0.20310096011589882,high-fidelity RED
Propyl Isobutyrate ,O=C(OCCC)C(C)C,644-49-5,7.016,1.018,0.6968679932383177,low-fidelity RED
Propyl Pentanoate,O=C(OCCC)CCCC,141-06-0,7.447,0.9507,0.6937218462755804,low-fidelity RED
Dibutyl Maleate,O=C(OCCCC)\C=C/C(OCCCC)=O,105-76-0,7.092,1.032,0.43660622991432485,high-fidelity RED
Di Butyl Fumarate,O=C(OCCCC)\C=C\C(OCCCC)=O,105-75-9,7.092,1.032,0.9236476600955582,high-fidelity RED
2-Butoxy-2-oxyethyl butyl phthalate,O=C(OCCCC)c1ccccc1C(=O)OCC(=O)OCCCC,85-70-1,7.762,1.179,0.9490126448051163,low-fidelity RED
Dibutyl Sebacate,O=C(OCCCC)CCCCCCCCC(OCCCC)=O,109-43-3,7.579,0.9398,0.8774964387392122,high-fidelity RED
Butyl Ethylcarbamate,O=C(OCCCC)NCC,16246-07-4,6.943,0.8897,0.7537406715840673,low-fidelity RED
Butyl Carbonate,O=C(OCCCC)OCCCC,542-52-9,7.154,0.8526,0.5408326913195984,low-fidelity RED
Di-Isoheptyl Phthalate,O=C(OCCCCC(C)C)C1=CC=CC=C1C(OCCCCC(C)C)=O,71888-89-6,8.185,1.131,0.9893179468704694,high-fidelity RED
n-Amyl Acetate,O=C(OCCCCC)C,628-63-7,7.253,0.6874,0.7088723439378913,high-fidelity RED
Dipentyl Oxalate,O=C(OCCCCC)C(=O)OCCCCC,20602-86-2,7.022,0.9079,0.6154266812545582,low-fidelity RED
Hexyl Propanoate,O=C(OCCCCCC)CC,2445-76-3,6.316,0.8877,0.7075485849042453,low-fidelity RED
Dihexyl Adipate,O=C(OCCCCCC)CCCCC(OCCCCCC)=O,110-33-8,7.62,0.9126,0.9246621004453465,low-fidelity RED
Heptyl Butanoate,O=C(OCCCCCCC)CCC,5870-93-9,7.403,0.9313,0.9340770846134703,low-fidelity RED
"Acrylic Acid, Octyl Ester",O=C(OCCCCCCCC)\C=C,2499-59-4,6.927,0.9503,0.9965565713997375,low-fidelity RED
Octyl p-Aminobenzoate,O=C(OCCCCCCCC)c1ccc(N)cc1,14309-41-2,7.554,1.089,0.9526279441628837,low-fidelity RED
Dodecyl p-Aminobenzoate,O=C(OCCCCCCCCCCCC)c1ccc(N)cc1,20043-94-1,7.554,1.089,0.8821139382188681,low-fidelity RED
Hexamethylene Diacrylate,O=C(OCCCCCCOC(=O)\C=C)\C=C,13048-33-4,7.058,1.003,0.7176350047203665,low-fidelity RED
2(Dimethylamino)Ethyl Methacrylate,O=C(OCCN(C)C)\C(=C)C,2867-47-2,6.166,1.117,0.6773108592072034,low-fidelity RED
2(Dimethylamino)Ethyl Acrylate,O=C(OCCN(C)C)\C=C,2439-35-2,6.344,1.052,0.5367727638395972,low-fidelity RED
2-Diethylaminoethyl_Methacrylate,O=C(OCCN(CC)CC)\C(=C)C,105-16-8,5.723,1.119,0.8177713616898062,low-fidelity RED
Procaine,O=C(OCCN(CC)CC)c1ccc(N)cc1,59-46-1,6.533,1.187,0.9698582370635422,low-fidelity RED
Ethylene Glycol Diacrylate,O=C(OCCOC(=O)C=C)C=C,11/5/74 0:00,6.725,0.9057,0.508674748734396,low-fidelity RED
"Methacrylic Acid,  2-Methoxyethyl Ester",O=C(OCCOC)\C(=C)C,6976-93-8,5.438,0.9924,0.3724916106437834,low-fidelity RED
2-Methoxyethyl Acrylate,O=C(OCCOC)\C=C,3121-61-7,5.613,0.9097,0.36912057650583563,low-fidelity RED
Polysorbate 20,O=C(OCCOCC(OCCO)C1OC(OCCO)CC1OCCO)CCCCCCC/C=C/CCCCCCCC,9005-64-5,8.723,1.481,0.9775607398008577,low-fidelity RED
Diethylene Glycoldimethacrylate,O=C(OCCOCCOC(=O)\C(=C)C)\C(=C)C,2358-84-1,6.87,1.018,0.6698880503487129,low-fidelity RED
Allyl Diglycol Carbonate,O=C(OCCOCCOC(=O)OC\C=C)OC\C=C,142-22-3,7.085,1.006,0.24494897427831822,low-fidelity RED
2-(2-Methoxyethoxy)Ethyl Acetate,O=C(OCCOCCOC)C,629-38-9,6.189,0.8436,0.49560569003997507,low-fidelity RED
Adipic Acid Bis(2-(2-Butoxyethoxy)Ethyl) Ester,O=C(OCCOCCOCCCC)CCCCC(=O)OCCOCCOCCCC,141-17-3,7.771,0.9302,0.5766281297335402,low-fidelity RED
"2,2'-Ethylenedioxydiethyl Bis(2-Ethylbutyrate)",O=C(OCCOCCOCCOC(=O)C(CC)CC)C(CC)CC,95-08-9,7.258,1.019,0.6619101147436867,low-fidelity RED
Bis(Ethylhexanoate) Triethylene Glycol,O=C(OCCOCCOCCOC(=O)C(CC)CCCC)C(CC)CCCC,94-28-0,7.196,1.129,0.8975661535508123,low-fidelity RED
Tert-Butyl=2-Ethylperoxyhexate,O=C(OOC(C)(C)C)C(CCCC)CC,3006-82-4,7.354,1.052,0.658122329054409,low-fidelity RED
"(±)-(Z+E)-1,2-Dihydroperillaldehyde",O=C[C@@H]1CC[C@@H](\C(=C)C)CC1,22451-50-9,6.046,1.098,0.9124143795447334,low-fidelity RED
W321818 Trans-2-Pentenal,O=C/C=C/CC,1576-87-0,5.493,1.004,0.6446898479113815,low-fidelity RED
"Trans-2,Cis-6-Nonadienal",O=C/C=C/CC\C=C/CC,557-48-2,5.568,1.027,0.777013513396003,low-fidelity RED
W256005 Trans-2-Hexen-1-Al,O=C/C=C/CCC,6728-26-3,5.422,0.9496,0.5482928049865331,low-fidelity RED
W316504 Trans-2-Heptenal.,O=C/C=C/CCCC,18829-55-5,5.615,1.028,0.5250000000000002,low-fidelity RED
Trans-2-Octenal,O=C/C=C/CCCCC,2548-87-0,5.806,1.001,0.5656854249492381,low-fidelity RED
Trans-2-Decenal,O=C/C=C/CCCCCCC,3913-81-3,5.752,0.9871,0.7075485849042454,low-fidelity RED
Trans-2-Undecenal.,O=C/C=C/CCCCCCCC,53448-07-0,5.752,0.9871,0.8085480814398114,low-fidelity RED
2-Butyl-2-Butenal,O=C\C(=C/C)CCCC,25409-08-9,6.566,0.9259,0.6229967897188554,low-fidelity RED
"Trans,Trans-2,4-Hexadienal",O=C\C=C\C=C\C,142-83-6,5.248,1.066,0.8415016339853424,low-fidelity RED
"Trans, Trans-2,4-Heptandienal",O=C\C=C\C=C\CC,3/5/13 0:00,5.378,1.127,0.7636262174650642,low-fidelity RED
Decadienal,O=C\C=C\C=C\CCCCC,25152-84-5,5.69,1.119,0.8097067370350826,low-fidelity RED
"2,4-Undecadien-1-Al",O=C\C=C\C=C\CCCCCC,13162-46-4,5.637,1.101,0.8284020762890442,low-fidelity RED
(S)-( )-Perillaldehyde,O=C\C1=C\C[C@@H](\C(=C)C)CC1,18031-40-8,6.586,1.207,0.9048480535426928,low-fidelity RED
n-Propyl_Isocyanate,O=C=N/CCC,110-78-1,5.128,0.9653,0.5465802777268863,low-fidelity RED
"1,6-Diisocyanatohexane",O=C=N\CCCCCC/N=C=O,88357-62-4,5.36,1.02,0.9407443861113393,low-fidelity RED
Vinyl Isocyanate,O=C=NC=C,3555-94-0,4.784,0.9711,0.9656603957913981,low-fidelity RED
Cyclohexyl Isocyanate,O=C=NC1CCCCC1,3173-53-3,5.444,0.9673,0.9581883948368405,low-fidelity RED
Allyl Isocyanate,O=C=NCC=C,1476-23-9,5.209,1.042,0.6637959023675877,low-fidelity RED
"1,6-Hexamethylene Diisocyanate",O=C=NCCCCCCN=C=O,822-06-0,5.36,1.02,0.9407443861113393,low-fidelity RED
Carbon Dioxide (Fit = 1.0),O=C=O,124-38-9,5.233,0.7869,0.20615528128088298,high-fidelity RED
Methyl Dihydro Jasmonate,O=C1C(CCCCC)C(CC(=O)OC)CC1,24851-98-7,7.841,1.169,0.8591420138719801,low-fidelity RED
Tuberose Lactone,O=C1CCC(C\C=C\C\C=C\CC)O1,153175-57-6,7.003,1.256,0.9486832980505145,low-fidelity RED
Jasmin Pyranone,O=C1CCCC(CC\C=C/CC)O1,68959-28-4,7.153,1.358,0.8831760866327847,low-fidelity RED
Petal Pyranone,O=C1CCCC(CC\C=C\C)O1,32764-98-0,7.572,1.365,0.8485281374238569,low-fidelity RED
Cyclodecanone,O=C1CCCCCCCCC1,1502-06-3,7.224,0.7114,0.9424038412485387,high-fidelity RED
"1,5-Dimethyl-2-Pyrrolidinone",O=C1N(C)C(C)CC1,5075-92-3,6.834,1.019,0.8947765084086647,low-fidelity RED
Menthone Lactone,O=C1OC(C(C)C)CCC(C1)C,499-54-7,7.184,1.191,0.8139410298049856,low-fidelity RED
Delta-Dodecalactone,O=C1OC(CCCCCCC)CCC1,713-95-1,7.352,1.186,0.9676001240181816,low-fidelity RED
Undecanolide,O=C1OCCCCCCCCCC1,1335-45-1,7.067,0.996,0.8284020762890442,low-fidelity RED
Artemisinin,O=C3O[C@@H]4O[C]1(OO[C]42[C@@H](CC1)[C@H](C)CC[C@H]2[C@H]3C)C,63968-64-9,6.861,1.313,0.7972609359550986,low-fidelity RED
"2,2-Dimethylbutanal",O=CC(C)(C)CC,2094-75-9,5.883,0.991,0.6982120021884471,low-fidelity RED
"2,3-Dimethylbutanal",O=CC(C)C(C)C,2109-98-0,5.887,0.9582,0.6334429729659963,low-fidelity RED
2-Methylhexanal,O=CC(C)CCCC,925-54-2,6.069,0.9619,0.5196152422706632,low-fidelity RED
Neocyclocitral,O=CC1C\C(=C/C(C)C1C)C,67634-07-5,6.367,1.139,0.9839334327077217,low-fidelity RED
3-Cyclohexene-1-Carboxaldehyde,O=CC1CCC=CC1,100-50-5,5.264,0.9762,0.9695359714832661,low-fidelity RED
"3,3-Dimethylbutanal",O=CCC(C)(C)C,2987-16-8,5.64,0.7715,0.6274950199005566,low-fidelity RED
3-Methylpentanal,O=CCC(C)CC,15877-57-3,5.957,0.8584,0.5055937104039172,low-fidelity RED
Cis-4-Decenal,O=CCC\C=C/CCCCC,21662-09-9,6.052,0.941,0.6768493185340443,low-fidelity RED
4-Methylpentanal,O=CCCC(C)C,1119-16-0,5.791,0.9515,0.47696960070847283,low-fidelity RED
"N,N-Dipropylformamide",O=CN(CCC)CCC,6282-00-4,5.289,0.9354,0.8645808232895289,low-fidelity RED
Tert-Butyl Formate,O=COC(C)(C)C,762-75-4,5.878,0.9092,0.47037219305566896,low-fidelity RED
"1,1-Dimethylpropyl Formate",O=COC(C)(C)CC,757-88-0,6.021,1.006,0.4937104414532874,low-fidelity RED
Isopropyl Formate,O=COC(C)C,625-55-8,5.957,0.8993,0.27950849718747356,low-fidelity RED
sec-Butyl Formate,O=COC(C)CC,589-40-2,5.771,0.9444,0.160078105935821,low-fidelity RED
3-Octyl Formate,O=COC(CCCCC)CC,84434-65-1,6.53,1.031,0.6269968101992227,low-fidelity RED
Cyclohexyl Formate,O=COC1CCCCC1,4351-54-6,5.366,1.035,0.6991065727054785,low-fidelity RED
"2,2-Dimethylpropyl Formate",O=COCC(C)(C)C,23361-67-3,6.622,0.9442,0.492442890089805,low-fidelity RED
Isobutyl Formate,O=COCC(C)C,542-55-2,6.423,0.9216,0.14999999999999986,high-fidelity RED
2-Methylbutyl Formate,O=COCC(C)CC,35073-27-9,6.392,0.9251,0.28394541729001366,low-fidelity RED
Hexyl Formate,O=COCCCCCC,629-33-4,6.115,0.8977,0.25617376914899015,low-fidelity RED
Nonyl Formate,O=COCCCCCCCCC,5451-92-3,6.115,0.8977,0.6731456008918131,low-fidelity RED
Decyl Formate,O=COCCCCCCCCCC,5451-52-5,6.115,0.8977,0.7403546447480424,low-fidelity RED
Undecyl Formate,O=COCCCCCCCCCCC,5454-24-0,6.115,0.8977,0.7842193570679061,low-fidelity RED
Tert-Butyl Nitrite,O=NOC(C)(C)C,540-80-7,5.831,0.885,0.7925433742073673,low-fidelity RED
Isopropyl Nitrite,O=NOC(C)C,541-42-4,5.891,0.8684,0.9086390922693119,low-fidelity RED
Propyl Nitrite,O=NOCCC,543-67-9,5.633,0.9468,0.919918474648705,low-fidelity RED
Amyl Nitrite,O=NOCCCCC,463-04-7,6.166,0.9753,0.4153311931459035,low-fidelity RED
"Phosphoric Acid, Tris(2-Ethylhexyl) Ester",O=P(OCC(CC)CCCC)(OCC(CCCC)CC)OCC(CCCC)CC,78-42-2,6.261,1.076,0.8295330011518531,low-fidelity RED
Triallylphosphate,O=P(OCC=C)(OCC=C)OCC=C,1623-19-4,5.178,1.013,0.671286079104878,low-fidelity RED
Tripropyl Phosphate,O=P(OCCC)(OCCC)OCCC,513-08-6,5.062,1.002,0.5159941860137576,low-fidelity RED
"Ethanol, 2-Butoxy-, Phosphate (3:1)",O=P(OCCOCCCC)(OCCOCCCC)OCCOCCCC,78-51-3,5.517,1.041,0.6269968101992229,low-fidelity RED
Thionyl Chloride,O=S(Cl)Cl,9/7/19 0:00,5.2,0.9176,0.6128825336065629,high-fidelity RED
Butyl Ethyl Sulfite,O=S(OCC)OCCCC,92876-99-8,6.853,1.112,0.5623610939600997,low-fidelity RED
Dipropyl Sulfate,O=S(OCCC)(OCCC)=O,598-05-0,5.584,1.002,0.9503288904374109,low-fidelity RED
Dibutyl Sulfate,O=S(OCCCC)(OCCCC)=O,625-22-9,5.919,0.9624,0.49053542175871484,low-fidelity RED
Dipentyl Sulfite,O=S(OCCCCC)OCCCCC,2051-05-0,6.959,1.007,0.5297405025104281,low-fidelity RED
"2-Vinyl-1,3-Dioxolane",O1C(OCC1)\C=C,3984-22-3,5.28,0.9842,0.5049752469181039,low-fidelity RED
2-Furfuryl Acetate,O1C=CC=C1COC(C)=O,623-17-6,8.064,0.9802,0.9918417212438696,low-fidelity RED
"3,4-Dimethyltetrahydrofuran",O1CC(C)C(C)C1,32970-37-9,5.617,0.8808,0.8112490369793977,low-fidelity RED
"3,3-Dimethyltetrahydrofuran",O1CCC(C)(C)C1,15833-75-7,4.795,0.969,0.8381527307120108,low-fidelity RED
"2,3-Dihydrofuran",O1CCC=C1,1191-99-7,5.102,0.8949,0.7163274390947212,low-fidelity RED
Oxepane,O1CCCCCC1,592-90-5,5.181,0.7656,0.847791247890659,low-fidelity RED
n-Isobutylmorpholine,O1CCN(CC1)CC(C)C,10315-98-7,4.749,0.9967,0.7470776398741973,low-fidelity RED
"1,2-Epoxy-4-(Epoxyethyl)Cyclohexane",O3C(C1CC2OC2CC1)C3,106-87-6,5.351,1.095,0.9620940702446932,low-fidelity RED
"Ethyl 2-Methyl-3-Hydroxy-4,4,4-Trifluorobutyrate",OC(C(C(OCC)=O)C)C(F)(F)F,91600-33-8,5.403,0.9668,0.8591420138719792,low-fidelity RED
"2,4,4-Trimethyl-3-Hexanol",OC(C(C)C)C(C)(C)CC,66793-92-8,6.477,1.017,0.7956915231419772,low-fidelity RED
"2,6-Dimethyl-3-Heptanol",OC(C(C)C)CCC(C)C,19549-73-6,6.634,0.9381,0.7128288714691626,low-fidelity RED
"2,7-Dimethyl-3-Octanol",OC(C(C)C)CCCC(C)C,66719-55-9,6.637,0.8708,0.7254309064273453,low-fidelity RED
"3,5-Dimethyl-4-Heptanol",OC(C(C)CC)C(C)CC,19549-79-2,6.66,0.8838,0.85146931829632,low-fidelity RED
"2,3,5-Trimethyl-3-Hexanol",OC(C)(C(C)C)CC(C)C,65927-60-8,6.581,0.9561,0.9519716382329885,low-fidelity RED
"2,3-Dimethyl-3-Heptanol",OC(C)(C(C)C)CCCC,19549-71-4,6.709,0.9163,0.8881159834165805,low-fidelity RED
"2,3-Dimethyl-3-Octanol",OC(C)(C(C)C)CCCCC,19781-10-3,6.89,0.9714,0.9424038412485382,low-fidelity RED
"2,3,4-Trimethyl-2-Hexanol",OC(C)(C)C(C)C(C)CC,21102-13-6,6.746,0.9171,0.8631338250816033,low-fidelity RED
"2,3-Dimethyl-2-Hexanol",OC(C)(C)C(C)CCC,19550-03-9,6.11,0.8789,0.7128288714691626,low-fidelity RED
2-Methyl-3-Ethyl-2-Pentanol,OC(C)(C)C(CC)CC,19780-63-3,6.4,0.8749,0.6373774391990981,low-fidelity RED
2-Methyl-3-Ethyl-2-Hexanol,OC(C)(C)C(CC)CCC,66794-02-3,6.177,1.048,0.7516648189186453,low-fidelity RED
"2,3-Dimethyl-2-Heptanol",OC(C)(C)C(CCCC)C,1331-39-1,6.624,0.9296,0.7668930825088984,low-fidelity RED
"2,4-Dimethyl-2-Heptanol",OC(C)(C)CC(C)CCC,65822-93-7,6.146,0.9642,0.7520804478245662,low-fidelity RED
"2,5-Dimethyl-2-Heptanol",OC(C)(C)CCC(CC)C,E14177,6.345,0.9897,0.758287544405155,low-fidelity RED
"2,6-Dimethyl-2-Heptanol",OC(C)(C)CCCC(C)C,13254-34-7,6.569,0.882,0.6754628043053147,low-fidelity RED
"2,6-Dimethyt-2-Octanol",OC(C)(C)CCCC(C)CC,18479-57-7,6.873,1.003,0.7846177413237607,low-fidelity RED
"3,4,4-Trimethyl-3-Hexanol",OC(C)(CC)C(C)(C)CC,66793-74-6,6.187,0.8737,0.9347459547919957,low-fidelity RED
3-Methyl-4-Ethyl-3-Hexanol,OC(C)(CC)C(CC)CC,66794-05-6,6.607,1.01,0.8310385069297331,low-fidelity RED
"3,5-Dimethyl-3-Heptanol",OC(C)(CC)CC(C)CC,19549-74-7,6.649,0.9491,0.9154916711800276,low-fidelity RED
"3,6-Dimethyl-3-Heptanol",OC(C)(CC)CCC(C)C,1573-28-0,6.427,0.8551,0.8558621384311844,low-fidelity RED
"2,4-Dimethyl-4-Heptanol",OC(C)(CCC)CC(C)C,19549-77-0,6.042,0.9678,0.9086390922693124,low-fidelity RED
"4,7-Dimethyl-4-Octanol",OC(C)(CCC)CCC(C)C,19781-13-6,6.054,0.8582,0.9733961166965892,low-fidelity RED
"2,4-Dimethyl-4-Octanol",OC(C)(CCCC)CC(C)C,33933-79-8,6.37,0.9315,0.9630680142129112,low-fidelity RED
"3,3-Dimethyl-2-Pentanol",OC(C)C(C)(C)CC,19781-24-9,6.967,1.004,0.8444672877027267,low-fidelity RED
"3,7-Dimethyl-2-Octanol",OC(C)C(C)CCCC(C)C,15340-96-2,6.683,1.005,0.7420411039827913,low-fidelity RED
3-Methyl-2-Octanol,OC(C)C(C)CCCCC,27644-49-1,6.81,0.9845,0.81891696770796,low-fidelity RED
"4,6-Dimethyl-2-Heptanol",OC(C)CC(C)CC(C)C,51079-52-8,6.783,0.8044,0.773385414912901,low-fidelity RED
"5,5-Dimethyl-2-Hexanol",OC(C)CCC(C)(C)C,31841-77-7,6.937,0.8858,0.9072623655812027,low-fidelity RED
2-Octanol,OC(C)CCCCCC,4128-31-8,7.003,0.9055,0.8100925873009828,low-fidelity RED
"2,5-Dimethyl-4-Octanol",OC(CC(C)C)C(C)CCC,66719-53-7,6.215,0.9934,0.8035079339994098,low-fidelity RED
"2,6-Dimethyl-4-Octanol",OC(CC(C)C)CC(C)CC,66719-54-8,6.45,0.8922,0.825,low-fidelity RED
"2,7-Dimethyl-4-Octanol",OC(CC(C)C)CCC(C)C,19781-11-4,6.065,1.011,0.7553972464869063,low-fidelity RED
3-Ethyl-3-Octanol,OC(CC)(CC)CCCCC,2051-32-3,6.445,0.9678,0.8746427842267952,low-fidelity RED
2-Methyl-3-Ethyl-3-Hexanol,OC(CC)(CCC)C(C)C,66794-03-4,6.545,1.016,0.9273618495495703,low-fidelity RED
"2,2-Dimethyl-3-Pentanol",OC(CC)C(C)(C)C,3970-62-5,6.552,0.8028,0.8200609733428362,low-fidelity RED
"4,4-Dimethyl-3-Hexanol",OC(CC)C(C)(C)CC,19550-09-5,6.683,0.9577,0.7441438033068607,low-fidelity RED
3-Hexanol,OC(CC)CCC,623-37-0,5.885,0.9036,0.9113863066779093,low-fidelity RED
6-Methyl-3-Heptanol,OC(CC)CCC(C)C,18720-66-6,5.727,0.978,0.7106335201775948,low-fidelity RED
6-Methyl-3-Octanol,OC(CC)CCC(C)CC,40225-75-0,5.691,1.022,0.6819090848492927,low-fidelity RED
Undecan-3-ol,OC(CC)CCCCCCCC,8/4/29 0:00,6.498,1.001,0.722841614740048,low-fidelity RED
Dodecan-3-ol,OC(CC)CCCCCCCCC,10203-30-2,6.498,1.001,0.7403546447480422,low-fidelity RED
((Butoxy Methyl Ethoxy)Methyl Ethoxy)Propan-1-ol,OC(CC)OC(C)COC(C)COCCCC,55934-93-5,7.055,1.21,0.30516389039334274,low-fidelity RED
5-Methyl-4-Octanol,OC(CCC)C(C)CCC,59734-23-5,6.43,0.9326,0.75,low-fidelity RED
Undecan-4-ol,OC(CCC)CCCCCCC,6/4/72 0:00,6.677,0.9566,0.6745368781616021,low-fidelity RED
2-Methyl-4-Octanol,OC(CCCC)CC(C)C,40575-41-5,6.626,1.055,0.7508328708840603,low-fidelity RED
1-Ethoxy Ethoxy-2-Propanol,OC(COCC)COCC,4043-59-8,6.674,0.9479,0.20155644370746334,high-fidelity RED
"2-Propanol, 1,3-Bis(3-Methylbutoxy)-",OC(COCCC(C)C)COCCC(C)C,626-78-8,6.954,1.035,0.3535533905932736,low-fidelity RED
"3,7-Dimethyl-2-Octen-1-ol (6,7-Dihydrogeraniol)",OC/C=C(/CCCC(C)C)C,40607-48-5,6.817,0.9524,0.7044501401802687,low-fidelity RED
Terpinen-4-ol,OC1(C(C)C)C/C=C(\CC1)C,562-74-3,6.673,1.074,0.959492053119775,low-fidelity RED
β-Terpineol,OC1(C)CCC(/C(=C)C)CC1,138-87-4,5.685,1.156,0.8965210538520553,low-fidelity RED
2-Tert-Butylphenol,OC1=C(C(C)(C)C)C=CC=C1,88-18-6,6.979,0.8202,0.9604686356149276,low-fidelity RED
"2,2,6,6-Tetramethylpiperidin-4-ol",OC1CC(NC(C)(C)C1)(C)C,2403-88-5,6.403,1.141,0.6964194138592062,low-fidelity RED
"2,2-Dimethyl-1-Pentanol",OCC(C)(C)CCC,12/9/70 0:00,5.393,0.9902,0.8223442101699262,low-fidelity RED
"2,2-Dimethyl-1-Heptanol",OCC(C)(C)CCCCC,14250-79-4,5.882,0.9597,0.9384162189561731,low-fidelity RED
"2,2-Dimethyl-1-Octanol",OCC(C)(C)CCCCCC,2370-14-1,5.828,0.963,0.8881159834165807,low-fidelity RED
"2,3,3-Trimethyl-1-Butanol",OCC(C)C(C)(C)C,36794-64-6,6.936,0.7607,0.8724964183307572,low-fidelity RED
"2,3-Dimethyl-1-Butanol",OCC(C)C(C)C,19550-30-2,6.936,0.6926,0.8961724164467462,low-fidelity RED
"2,3,4-Trimethyl-1-Pentanol",OCC(C)C(C)C(C)C,6570-88-3,6.827,0.7568,0.7352720584926369,low-fidelity RED
"2,3-Dimethyl-1-Pentanol",OCC(C)C(C)CC,10143-23-4,7.106,0.9125,0.8565920849505905,low-fidelity RED
"2,4-Dimethyl-1-Pentanol",OCC(C)CC(C)C,6305-71-1,6.813,0.6941,0.8667467911679858,low-fidelity RED
"2,5-Dimethyl-1-Hexanol",OCC(C)CCC(C)C,6886-16-4,6.634,0.8672,0.7988272654335229,low-fidelity RED
"1-Propanol, 2-(2-Ethoxypropoxy)-",OCC(C)OCC(C)OCC,15764-24-6,6.75,1.047,0.7044501401802686,low-fidelity RED
4-Methyl-2-Ethyl-1-Pentanol,OCC(CC(C)C)CC,106-67-2,7.06,0.9396,0.7794228634059946,low-fidelity RED
3-Methyl-2-Ethyl-1-Hexanol,OCC(CC)C(C)CCC,66794-04-5,6.573,0.8961,0.7782191208136688,low-fidelity RED
2-Ethyl-1-Pentanol,OCC(CC)CCC,27522-11-8,7.045,0.8911,0.8852965604812885,low-fidelity RED
4-Methyl-2-Propyl-1-Pentanol,OCC(CCC)CC(C)C,54004-41-0,6.415,0.9161,0.7504165509901817,low-fidelity RED
2-Propyl-1-Pentanol,OCC(CCC)CCC,58175-57-8,6.644,0.8538,0.8019507466172722,low-fidelity RED
2-Propyl-1-Hexanol,OCC(CCC)CCCC,817-46-9,7.001,0.8739,0.9915266007525969,low-fidelity RED
2-Butyl-Nonan-1-ol,OCC(CCCCCCC)CCCC,51655-57-3,7.223,0.905,0.9276987657639739,low-fidelity RED
"1,2-Eicosanediol",OCC(O)CCCCCCCCCCCCCCCCCC,39825-93-9,7.38,0.9965,0.975961064797157,low-fidelity RED
Propylene Glycol 2-Tert-Butyl Ether,OCC(OC(C)(C)C)C,94023-15-1,6.633,0.9695,0.6964194138592058,low-fidelity RED
Tripropylene Glycol Monomethyl Ether,OCC(OC(COC(C)COC)C)C,25498-49-1,6.395,1.051,0.5172040216394301,low-fidelity RED
Dipropylene Glycol Monomethyl Ether,OCC(OCC(OC)C)C,34590-94-8,6.75,1.11,0.8891709621889371,low-fidelity RED
Agathadiol,OCC/C(=C)CC[C@H]1C(=C)\CC[C@H]2[C](CCC[C]12C)(C)CO,1857-24-5,7.525,1.427,0.8778524933039722,low-fidelity RED
Isoagatholal,OCC=C(C)C[C]([H])([H])(C1C(=C)CC[C]2([H])([C](C)(C=O)(CCC[C]21(C)))),17990-11-3,7.595,1.21,0.9192388155425117,low-fidelity RED
"(E)-3,7,11,15-Tetramethylhexadec-2-En-1-ol",OCC=C(C)CCCC(C)CCCC(C)CCCC(C)C,102608-53 -7,6.996,0.9922,0.9953014618697194,low-fidelity RED
"3,3-Dimethyl-1-Butanol",OCCC(C)(C)C,624-95-3,6.923,0.7249,0.9503288904374105,low-fidelity RED
"3,3-Dimethyl-1-Pentanol",OCCC(C)(C)CC,19264-94-9,6.977,0.8333,0.7968688725254612,low-fidelity RED
"3,4-Dimethyl-1-Pentanol",OCCC(C)C(C)C,6570-87-2,7.179,0.9013,0.7558108228915486,low-fidelity RED
"3,5,5-Trimethyl-1-Hexanol",OCCC(C)CC(C)(C)C,3452-97-9,7.349,0.9467,0.7786205751198717,low-fidelity RED
3-Methyl-1-Hexanol,OCCC(C)CCC,13231-81-7,6.877,0.8146,0.9069178573608525,low-fidelity RED
"4,4-Dimethyl-1-Pentanol",OCCCC(C)(C)C,3121-79-7,7.66,0.7527,0.7778174593052021,low-fidelity RED
4-Methyl-1-Hexanol,OCCCC(C)CC,818-49-5,7.793,0.9344,0.7889866919029752,low-fidelity RED
2-Methyl-2-Ethyl-1-Pentanol,OCCCC(CC)(C)C,5970-63-8,7.712,0.8578,0.6562202374203344,low-fidelity RED
"1,4-Eicosanediol",OCCCC(O)CCCCCCCCCCCCCCCC,E14693,7.939,0.9442,0.9414085191881366,low-fidelity RED
"5,5-Dimethyl-1-Hexanol",OCCCCC(C)(C)C,E14148,7.757,0.8213,0.7566372975210778,low-fidelity RED
5-Methyl-1-Hexanol,OCCCCC(C)C,627-98-5,7.706,0.8237,0.8093207028119322,low-fidelity RED
6-Methyl-1-Heptanol,OCCCCCC(C)C,1653-40-3,7.65,0.8631,0.744983221287567,low-fidelity RED
7-Methyl-1-Octanol,OCCCCCCC(C)C,2430-22-0,7.65,0.8631,0.7176350047203663,low-fidelity RED
Isodecanol,OCCCCCCCC(C)C,68526-85-2,7.65,0.8631,0.6680194607943694,low-fidelity RED
Isotridecanol,OCCCCCCCCCCC(C)C,68526-86-3,7.65,0.8631,0.757050196486336,low-fidelity RED
1-Nonadecanol,OCCCCCCCCCCCCCCCCCCC,1454-84-8,7.453,0.6459,0.8721381771256204,low-fidelity RED
"1,20-Eicosanediol",OCCCCCCCCCCCCCCCCCCCCO,E14691,7.59,0.7067,0.7454025757937789,low-fidelity RED
2-(Dibutylamino)Ethanol,OCCN(CCCC)CCCC,102-81-8,6.465,0.9751,0.7913595895672206,low-fidelity RED
2-(2-(2-Butoxyethoxy)Ethoxy)Ethanol,OCCOCCOCCOCCCC,143-22-6,7.482,0.7182,0.6964194138592059,low-fidelity RED
Triethylene Glycol Monooleyl Ether,OCCOCCOCCOCCCCCCCC/C=C\CCCCCCCC,5274-66-8,7.54,0.9651,0.9003471552684553,high-fidelity RED
Butyl Ethyl Sulfate,S(=O)(=O)(OCC)OCCCC,5867-95-8,5.904,0.9865,0.7909646009778187,low-fidelity RED
Tert-Butyl Mercaptan,S[C](C)(C)C,75-66-1,5.122,0.7662,0.8276472678623423,low-fidelity RED
Fensulfothion,S=P(Oc1ccc(SC)cc1)(OCC)OCC,3070-15-3,6.055,1.192,0.7520804478245662,low-fidelity RED
Methyl Mercaptan,SC([H])([H])[H],74-93-1,5.063,0.6266,0.7988272654335234,high-fidelity RED
2-Pentanethiol,SC(C)CCC,2084-19-7,5.304,0.9188,0.8003905296791061,low-fidelity RED
2-Hexanethiol,SC(C)CCCC,1679-06-7,5.646,0.8946,0.9000000000000001,low-fidelity RED
2-Methyl-1-Butanethiol,SCC(C)CC,1878-18-8,5.568,0.8769,0.8724964183307576,low-fidelity RED
Hexyl Mercaptan,SCCCCCC,111-31-9,5.517,0.739,0.7897784499465654,low-fidelity RED
