Name,solvent_SMILES,CAS,G-score prediction,G-score prediction uncertainty,Relative Energy Difference (RED),Source
Dimethyl Ether,COC,115-10-6,4.779,0.6924,0,high-fidelity RED
Trichlorosilane,[H][Si](Cl)(Cl)Cl,10025-78-2,4.859,0.7619,0.9307255234493143,high-fidelity RED
Ethyl Formate,[H]C(OCC)=O,109-94-4,5.85,0.7648,0.8993052874302477,high-fidelity RED
1-Nitrooctane,[N+]([O-])(CCCCCCCC)=O,629-37-8,5.385,0.9627,0.9000000000000002,low-fidelity RED
1-Nitrodecane,[N+](CCCCCCCCCC)([O-])=O,4609-87-4,5.385,0.9627,0.9222933372848361,low-fidelity RED
1-Nitroheptane,[O-][N+](=O)CCCCCCC,693-39-0,5.385,0.9627,0.9387491677759295,low-fidelity RED
1-Nitroundecane,[O-][N+](=O)CCCCCCCCCCC,2216-25-3,5.385,0.9627,0.9555757426808198,low-fidelity RED
Isobutyl Nitrate,[O-][N+](=O)OCC(C)C,543-29-3,6.41,1.054,0.5367727638395974,low-fidelity RED
Bis[3-(Trimethoxysilyl)Propyl]Disulfide,[Si](OC)(OC)(OC)CCCSSCCC[Si](OC)(OC)(OC),35112-74-4,5.488,0.9848,0.6031169040907408,low-fidelity RED
[3-(Mercapto)Propyl]Triethoxysilane,[Si](OCC)(OCC)(OCC)CCCS,14814-09-6,5.657,0.9443,0.7339959127951597,low-fidelity RED
"1-Bromo-2,2-Difluoroethylene (F-1122B1)",Br\C=C(F)/F,359-08-0,5.272,0.8189,0.8050621094052307,low-fidelity RED
2-Bromo Propene,BrC(C)=C,557-93-7,5.585,0.8671,0.49307707308290144,high-fidelity RED
3-Bromo-1-Butene,BrC(C)C=C,22037-73-6,5.354,0.9066,0.9287087810503364,low-fidelity RED
4-Bromo-1-Pentene,BrC(C)CC=C,31950-56-8,5.697,0.9241,0.9711462299777524,low-fidelity RED
3-Bromo-1-Pentene,BrC(C=C)CC,53045-71-9,5.776,1.1,0.9630680142129113,low-fidelity RED
3-Bromopentane,BrC(CC)CC,1809-10-5,5.505,0.8653,0.9141252649391111,low-fidelity RED
3-Bromo-2-Methyl-1-Propene,BrCC(=C)\C,1458-98-6,5.707,0.9075,0.986154146165801,low-fidelity RED
3-Bromo-2-Ethyl-1-Propene,BrCC(=C)CC,E13555,5.321,0.9727,0.9893179468704691,low-fidelity RED
"2-Bromo-1,1-Difluoroethane(Fc-1122B1)",BrCC(F)F,359-07-9,4.927,0.7689,0.9374166629626334,low-fidelity RED
"4-Bromo-1,1,2-Trifluorobutene",BrCC\C(F)=C(F)/F,10493-44-4,5.522,0.9838,0.9877373132569205,low-fidelity RED
"4-Bromo-1,2-Butadiene",BrCC=C=C,18668-68-3,5.186,0.9771,0.9394147114027971,high-fidelity RED
1-Bromopropane,BrCCC,106-94-5,4.802,0.7103,0.7830229881682912,high-fidelity RED
Ethyl Tiglate.,C(/C)=C(/C)C(OCC)=O,5837-78-5,6.674,1.004,0.6950719387228926,low-fidelity RED
2-Ethyl-2-Hexenal,C(=C(C=O)/CC)/CCC,645-62-5,5.949,0.9508,0.6819090848492935,low-fidelity RED
Oxalylchloride,C(=O)(C(=O)Cl)Cl,79-37-8,5.496,0.7617,0.8576858399204227,high-fidelity RED
"1,2-Dimethylpropyl Acetate",C(=O)(C)OC(C)C(C)C,5343-96-4,6.66,0.8323,0.6633249580710799,low-fidelity RED
Neopentyl Acetate,C(=O)(C)OCC(C)(C)C,926-41-0,6.847,0.8801,0.6661456297237114,low-fidelity RED
"1,1,1-Trifluoro-2-Butanone",C(C(=O)CC)(F)(F)F,381-88-4,4.964,0.9136,0.5105144464165533,low-fidelity RED
2-Methylpentanenitrile,C(C(C#N)C)CC,6339-13-5,5.724,0.9323,0.6661456297237113,low-fidelity RED
1-Ethylpropyl Acetate,C(C)(=O)OC(CC)CC,620-11-1,7.169,0.9529,0.57282196186948,low-fidelity RED
"2,4-Dimethyl-3-Ethyl-3-Pentanol",C(C)(C(CC)(C(C)C)O)C,3970-59-0,6.424,0.9278,0.9698582370635411,low-fidelity RED
Vinyl Pivalate,C(C)(C)(C)C(=O)OC=C,3377-92-2,6.117,0.8337,0.7176350047203661,low-fidelity RED
"3,3-Dimethylbutanenitrile",C(C)(C)(C)CC#N,3302-16-7,5.474,0.9392,0.6451743950281971,low-fidelity RED
2-Methyl-3-Ethyl-3-Pentanol,C(C)(C)C(CC)(CC)O,597-05-7,6.379,0.9317,0.8492643875731516,low-fidelity RED
5-Methyl-2-Ethyl-1-Hexanol,C(C)(C)CCC(CC)CO,66794-07-8,7.238,0.9555,0.9192388155425117,low-fidelity RED
5-Methyl-2-Isopropyl-1-Hexanol,C(C)(C)CCC(CO)C(C)C,2051-33-4,6.674,0.9583,0.8295330011518528,low-fidelity RED
Isopropyl Acrylate,C(C)(C)OC(C=C)=O,689-12-3,6.994,1.047,0.4776243293635699,low-fidelity RED
"2,2-Dimethylpropyl Propanoate",C(C)C(=O)OCC(C)(C)C,3581-69-9,6.013,0.9677,0.7603453162872774,low-fidelity RED
"3-Pentanone,1,1,1,2,2-Pentafluoro-",C(C)C(C(C(F)(F)F)(F)F)=O,378-72-3,5.167,0.8676,0.9813893213195257,low-fidelity RED
"3,7-Dimethyl-3-Octanol",C(C)C(O)(C)CCCC(C)C,78-69-3,6.617,0.9308,0.9453835200594519,low-fidelity RED
6-Ethyl-3-Octanol,C(C)C(O)CCC(CC)CC,19781-27-2,6.213,0.9493,0.8204419540710971,low-fidelity RED
Ethylisopropylamine,C(C)NC(C)C,19961-27-4,5.577,0.8463,0.6932712311931023,low-fidelity RED
Diethyl Nonanedioate ,C(C)OC(CCCCCCCC(OCC)=O)=O,624-17-9,7.465,0.8499,0.6368869601428505,low-fidelity RED
Diethoxymethane,C(C)OCOCC,462-95-3,4.905,0.7461,0.19039432764659775,low-fidelity RED
5-Methyl-3-Ethyl-3-Hexanol,C(CC(C)C)(CC)(O)CC,597-77-3,6.098,0.8754,0.9100137361600649,low-fidelity RED
3-Ethyl-3-Heptanol,C(CC)(CC)(O)CCCC,19780-41-7,6.262,0.912,0.9737171047075228,low-fidelity RED
4-Ethyl-4-Heptanol,C(CCC)(O)(CC)CCC,597-90-0,6.024,0.9632,0.9737171047075224,low-fidelity RED
"1,1,1-Trifluoro-2-Methylpropan-2-ol",C(F)(C(C)(C)O)(F)F,507-52-8,5.168,0.8235,0.9290452088031022,low-fidelity RED
Trifluoromethane (Freon 23),C(F)(F)F,75-46-7,4.931,0.7085,0.777817459305202,high-fidelity RED
Difluoromethane,C(F)F,75-10-5,4.969,0.7314,0.8789197915623476,low-fidelity RED
Methyl-Propylamine,C(NC)CC,627-35-0,5.097,0.9324,0.4879805323985783,low-fidelity RED
Ethyl 2-Bromo-2-Methylpropanoate,C(OC(C(C)(Br)C)=O)C,600-00-0,6.551,0.8741,0.6269968101992232,low-fidelity RED
Isobutyl Methacrylate,C(OC(C(C)=C)=O)C(C)C,97-86-9,7.092,0.9783,0.7685213074469698,low-fidelity RED
Ethyl 2-Chloropropanoate,C(OC(C(Cl)C)=O)C,535-13-7,6.225,0.9008,0.6623820649745888,low-fidelity RED
Ethyl Trifluoroacetate,C(OC(C(F)(F)F)=O)C,383-63-1,5.222,0.8207,0.2512468905280216,low-fidelity RED
Dipropyl Oxalate,C(OC(C(OCCC)=O)=O)CC,615-98-5,6.662,0.9288,0.6363961030678934,low-fidelity RED
Ethyl Fluoroacetate,C(OC(CF)=O)C,459-72-3,6.049,0.8559,0.8268917704270617,low-fidelity RED
"2,5-Dimethyl-2,5-Bis(Tert-Butylperoxy)Hexane",C(OOC(C)(C)CCC(OOC(C)(C)C)(C)C)(C)(C)C,78-63-7,5.768,0.9717,0.8177713616898062,low-fidelity RED
"2,2-Dimethoxypropane",C[C](OC)(C)OC,77-76-9,4.821,0.7879,0.5711829829397929,low-fidelity RED
(Z)-Linalool Oxide (Furanoid),C[C]1(CC[C@@H](O1)C(C)(C)O)C=C,5989-33-3,6.243,1.101,0.897566153550812,low-fidelity RED
(E)-Linalool Oxide (Furanoid),C[C]1(CC[C@H](O1)C(C)(C)O)C=C,34995-77-2,6.243,1.101,0.897566153550812,low-fidelity RED
(S)-(-)-Citronellal,C[C@@H](CCC=C(C)C)CC=O,5/3/49 0:00,6.979,1.091,0.8860022573334678,low-fidelity RED
(S)-Rhodinol,C[C@@H](CCCC(=C)C)CCO,6812-78-8,7.848,1.024,0.8234834546000307,low-fidelity RED
Wine Lactone,C[C@@H]1[C@H]2CCC(=C[C@H]2OC1=O)C,182699-77-0,7.152,1.178,0.9676001240181817,low-fidelity RED
"(Z,Z)-Photocitral A",C[C@@H]1CC[C@@H]([C@@H]1C=O)C(=C)C,55253-28-6,6.049,1.171,0.9877373132569204,low-fidelity RED
Laevo-Menthyl Lactate,C[C@@H]1CC[C@H]([C@@H](C1)OC(=O)C(C)O)C(C)C,59259-38-0,7.526,1.342,0.9899494936611671,low-fidelity RED
Dextro-Neomenthol,C[C@@H]1CC[C@H]([C@H](C1)O)C(C)C,2216-52-6,6.316,1.162,0.966953980290686,low-fidelity RED
Trichloromethylsilane,C[Si](Cl)(Cl)Cl,75-79-6,4.79,0.8483,0.8605957239029256,high-fidelity RED
Ocimenol,C/C(=C\CCC(C)(C)O)/C=C,5986-38-9,6.244,1.143,0.926350365682445,low-fidelity RED
Mesityl Oxide,C/C(C)=C/C(C)=O,141-79-7,5.716,0.961,0.682825014187383,high-fidelity RED
1-Chloro-2-Methyl Propene,C/C(C)=C/Cl,513-37-1,4.941,1.002,0.6368869601428506,high-fidelity RED
"2-Pentenal, 2-Methyl-",C/C(C=O)=C\CC,623-36-9,6.326,1.032,0.6446898479113811,low-fidelity RED
Methyl Crotonate,C/C=C/C(OC)=O,623-43-8,6.102,0.9148,0.8158584436040369,low-fidelity RED
2-Butenyl Methyl Ether (Cis),C/C=C\COC,25125-85-3,5.23,1.03,0.6973162840490675,high-fidelity RED
"(±)-2,4,8-Trimethyl-7-Nonen-2-ol",C\C(C)=C\CCC(C)CC(C)(C)O,437770-28-0,6.768,1.158,0.9721111047611795,low-fidelity RED
Methyl Tiglate,C\C=C(/C)\C(=O)OC,6622-76-0,5.951,0.9769,0.7474958193863029,low-fidelity RED
Isobutyl Tiglate,C\C=C(/C)\C(=O)OCC(C)C,61692-84-0,7.332,1.02,0.8739279146474273,low-fidelity RED
Allyl Tiglate,C\C=C(/C)\C(=O)OCC=C,7493-71-2,6.619,1.018,0.8782084035125155,low-fidelity RED
Isoamyl Tiglate,C\C=C(/C)\C(=O)OCCC(C)C,41519-18-0,7.021,1.088,0.9222933372848363,low-fidelity RED
Methyl 1-Propenyl Sulfide,C\C=C(/C)\S,10152-77-9,5.655,0.7949,0.8863548950617914,low-fidelity RED
Isoamyl Angelate,C\C=C(\C)/C(=O)OCCC(C)C,10482-55-0,7.021,1.088,0.9222933372848363,low-fidelity RED
(Z)-4-Hexen-1-Yl Acetate,C\C=C/CCCOC(=O)C,42125-34-8,7.713,1.043,0.7636262174650635,low-fidelity RED
Isopropyl (E)-Crotonate,C\C=C\C(=O)OC(C)C,6284-46-4,6.863,1.04,0.6968679932383176,low-fidelity RED
Allyl Crotonate,C\C=C\C(=O)OCC=C,20474-93-5,6.59,1.075,0.8533024082938006,low-fidelity RED
Isoamyl Crotonate,C\C=C\C(=O)OCCC(C)C,25415-77-4,6.975,1.03,0.8573214099741122,low-fidelity RED
4-Fluoro-Trans-2-Pentene,C\C=C\C(C)F,66702-90-7,5.015,0.9016,0.9965565713997374,low-fidelity RED
(Z)-4-Hexen-1-Al,C\C=C\CCC=O,4634-89-3,6.237,0.964,0.7909646009778187,low-fidelity RED
(E)-6-Octen-1-Al,C\C=C\CCCCC=O,63826-25-5,6.514,1.051,0.7537406715840678,low-fidelity RED
Methyl Undecylenate,C\C=C\CCCCCCCC(=O)OC,5760-50-9,7.338,0.9064,0.9778803607803971,low-fidelity RED
Undecen-1-Al Mixture (Aldehyde C-11 Mixed),C\C=C\CCCCCCCC=O,1337-83-3,6.459,1.061,0.8359126748650246,low-fidelity RED
(E)-4-Hexen-1-Yl Acetate,C\C=C\CCCOC(=O)C,42125-17-7,7.713,1.043,0.7636262174650635,low-fidelity RED
Bromoacetylene,C#CBr,593-61-3,4.915,0.8275,0.9826622003516775,high-fidelity RED
Ethyl Acetylene,C#CCC,107-00-6,4.825,0.9456,0.699106572705478,high-fidelity RED
1-Pentene-4-Yne,C#CCC=C,871-28-3,4.845,0.9916,0.7110731326663946,low-fidelity RED
Ethynyl Propyl Ether,C#COCCC,42842-08-0,5.384,1.055,0.588430114796991,high-fidelity RED
"1,1-Dibromoethylene",C=C(Br)Br,593-92-0,5.653,0.8558,0.6791538853603062,high-fidelity RED
2-Bromo-1-Butene,C=C(Br)CC,23074-36-4,5.921,0.94,0.9103570728016566,low-fidelity RED
α-Chloro Methyl Acrylate,C=C(C(=O)OC)Cl,80-63-7,5.415,1.013,0.8381527307120107,high-fidelity RED
Methyl-α-Isobutylacrylate,C=C(C(OC)=O)CC(C)C,,5.86,1.138,0.7685213074469698,low-fidelity RED
Methyl-α-n-Propylacrylate,C=C(C(OC)=O)CCC,,6.117,1.158,0.6485560885536426,low-fidelity RED
Methyl-α-n-Butylacrylate,C=C(C(OC)=O)CCCC,3070-68-6,6.279,1.149,0.7483314773547883,low-fidelity RED
Methyl-α-Methoxyacrylate,C=C(C(OC)=O)OC,,5.913,1.092,0.5706356105256664,low-fidelity RED
Ethyl α-Acetoxyacrylate,C=C(C(OCC)=O)OC(C)=O,,6.527,1.061,0.7280109889280515,low-fidelity RED
Diethylaminoethyl Methacrylate,C=C(C)C(=O)OC(C)N(CC)CC,,6.333,1.082,0.8649421946003096,low-fidelity RED
2-Acetoacetoxy Ethyl Methacrylate,C=C(C)C(=O)OCCOC(=O)CC(=O)C,21282-97-3,6.648,1.113,0.9212762886344136,low-fidelity RED
Methyl Methacrylate,C=C(C)C(OC)=O,80-62-6,5.801,0.9898,0.3250000000000007,high-fidelity RED
n-Butyl Methacrylate,C=C(C)C(OCCCC)=O,97-88-1,6.765,1.013,0.16770509831248448,high-fidelity RED
Carbonyl Cyanide,C=C(C#N)C#N,922-64-5,5.781,0.9303,0.585768725692999,high-fidelity RED
Bromoprene,C=C(C=C)Br,1822-86-2,5.677,0.952,0.8891709621889367,high-fidelity RED
"2,3-Dichloropropene",C=C(Cl)CCl,78-88-6,5.196,0.9311,0.9414085191881366,high-fidelity RED
"1,1-Difluoroethylene",C=C(F)F,75-38-7,5.2,0.9473,0.5437140792732885,high-fidelity RED
1-Methyl Vinyl Methyl Ether,C=C(OC)C,116-11-0,5.516,0.9766,0.5159941860137569,high-fidelity RED
1-Chloro Vinyl Ethyl Ether,C=C(OCC)Cl,54722-81-5,5.773,0.9181,0.8062257748298557,high-fidelity RED
Vinyl Silane,C=C[Si],7291-09-0,5.261,0.8086,0.9842509842514763,high-fidelity RED
Vinyltrimethoxysilane,C=C[Si](OC)(OC)OC,315607,4.861,0.8965,0.9058835465996719,low-fidelity RED
"Cis-1,3-Pentadiene",C=C\C=C/C,1574-41-0,4.964,0.9469,0.9842509842514763,low-fidelity RED
"1,2-Propadiene (Allene)",C=C=C,463-49-0,4.968,0.8149,0.823862852664204,high-fidelity RED
"4-Chloro-1,2-Butadiene",C=C=CCCl,25790-55-0 ,4.839,0.9683,0.8821139382188684,high-fidelity RED
Ketene,C=C=O,463-51-4,5.179,0.8432,0.3172144385112382,high-fidelity RED
"1,2-Epoxy-2-Propene",C=C1OC1,40079-14-9,6.447,0.863,0.9357483636106454,high-fidelity RED
Bromoethylene,C=CBr,593-60-2,4.965,0.7526,0.3614208073700245,high-fidelity RED
4-Bromo-3-Methyl-1-Butene,C=CC(C)CBr,31950-55-7,5.27,0.9552,0.9711462299777524,low-fidelity RED
4-Fluoro-3-Methyl-1-Butene,C=CC(C)CF,66213-82-9,5.154,0.9558,0.9003471552684553,low-fidelity RED
sec-Butyl Acrylate,C=CC(OC(CC)C)=O,8/5/98 0:00,6.644,1.063,0.7000000000000002,low-fidelity RED
Acrylic Acid Trifluoromethyl Ester,C=CC(OC(F)(F)F)=O,,4.965,0.9756,0.22360679774997877,low-fidelity RED
"2,2,3,3-Tetrafluoropropyl Acrylate",C=CC(OCC(F)(C(F)F)F)=O,7383-71-3,5.67,1.026,0.3363406011768428,low-fidelity RED
Acrolein Diethyl Acetal,C=CC(OCC)OCC,3054-95-3,5.394,0.9839,0.6289872812704563,low-fidelity RED
"1,3-Butadiene",C=CC=C,106-99-0,4.965,0.7526,0.8492643875731513,high-fidelity RED
"3,4-Epoxy-1-Butene",C=CC1CO1,930-22-3,5.322,1.045,0.9113863066779101,high-fidelity RED
Allyl Bromide (3-Bromoprene),C=CCBr,106-95-6,5.696,0.834,0.7433034373659255,high-fidelity RED
Vinylacetic Acid,C=CCC(O)=O,625-38-7,5.925,0.9053,0.8735702604828077,low-fidelity RED
"1,4-Pentadiene",C=CCC=C,591-93-5,5.111,0.8692,0.9519716382329886,low-fidelity RED
4-Bromo-1-Butene,C=CCCBr,5162-44-7,5.233,0.9164,0.7163274390947205,high-fidelity RED
4-Pentenal,C=CCCC=O,2100-17-6,5.847,0.8674,0.5900211860602974,high-fidelity RED
Tangerine Nitrile,C=CCCCCCCC\C=C\CC#N,134769-33-8,6.002,1.124,0.8488963423174826,low-fidelity RED
9-Decenoic Acid,C=CCCCCCCCC(=O)O,14436-32-9,6.657,1.04,0.9380831519646856,low-fidelity RED
9-Decen-1-Al,C=CCCCCCCCC=O,39770-05-3,6.043,1.004,0.714142842854285,low-fidelity RED
Undecylenic Aldehyde,C=CCCCCCCCCC=O,112-45-8,6.043,1.004,0.7988272654335234,low-fidelity RED
11-Dodecenoic Acid,C=CCCCCCCCCCC(=O)O,65423-25-8,6.657,1.04,0.8764274071479055,low-fidelity RED
10-Undecen-1-ol,C=CCCCCCCCCCO,112-43-6,7.577,0.9562,0.9113863066779092,low-fidelity RED
9-Decen-1-ol,C=CCCCCCCCCO,13019-22-2,7.577,0.9562,0.9246621004453465,low-fidelity RED
4-Fluoro-1-Butene,C=CCCF,675-56-9,4.946,0.8633,0.6490377492873586,low-fidelity RED
Diallyl Amine,C=CCNCC=C,124-02-7,5.258,0.8731,0.5123475382979799,high-fidelity RED
Galbanum Oxyacetate,C=CCOC(=O)COC1CCCCC1,68901-15-5,6.923,1.272,0.9893179468704686,low-fidelity RED
Allyl Trifluoroacetate,C=CCOC(C(F)(F)F)=O,383-67-5,5.312,1.015,0.3132491021535416,low-fidelity RED
"1,1-Diallyloxyethane",C=CCOC(OCC=C)C,20682-69-3,5.924,0.9482,0.3508917211904552,high-fidelity RED
Vinyl Allyl Ether,C=CCOC=C,3917-15-5,5.041,0.933,0.2061552812808827,high-fidelity RED
Allyl Formate,C=CCOC=O,1838-59-1,5.863,0.9281,0.8329165624478841,high-fidelity RED
Diallyl Ether,C=CCOCC=C,557-40-4,5.394,0.8216,0.43945989578117356,high-fidelity RED
"Oxiane, [(2-Popenyloxy)Methyl]-",C=CCOCC1CO1,106-92-3,5.304,1.092,0.7176350047203672,low-fidelity RED
Allyl Mercaptan,C=CCS,870-23-5,5.254,0.8369,0.8143248737451163,high-fidelity RED
Allyl Disulfide,C=CCSSCC=C,2179-57-9,5.144,0.8409,0.7487489565935979,low-fidelity RED
Methyl Vinyl Ether,C=COC,107-25-5,4.943,0.8639,0.29154759474226466,high-fidelity RED
Vinyl Ether,C=COC=C,109-93-3,5.085,0.9066,0.5159941860137569,high-fidelity RED
Diethylene Glycol Divinyl Ether,C=COCCOCCOC=C,764-99-8,5.408,0.9268,0.7433034373659255,high-fidelity RED
Divinylsulfide,C=CSC=C,627-51-0,4.985,0.8044,0.7508328708840607,high-fidelity RED
Vinyl Butyl Sulfide,C=CSCCCC,4789-70-2,5.184,0.9057,0.49117206760971277,high-fidelity RED
Vinyl S-Butyl Mercapto Ethyl Ether,C=CSCCCCOCC,,5.176,1.068,0.706222344591277,high-fidelity RED
Vinyl S-Ethyl Mercapto Ethyl Ether,C=CSCCOCC,,4.93,0.9466,0.6451743950281967,high-fidelity RED
Cyclobutene,C1=CCC1,822-35-5,5.104,0.7891,0.9924716620639603,low-fidelity RED
Tetrahydrofuran (Thf),C1CCOC1,109-99-9,4.977,0.7305,0.9902651160169185,high-fidelity RED
Tetrahydropyran,C1CCOCC1,142-68-7,5.181,0.7656,0.6067330549755795,high-fidelity RED
Cherry Pentenoate,CC(\C=C\C)C(=O)OCC,1617-23-8,6.997,0.9697,0.805450184679351,low-fidelity RED
2-Methyl-2-Propenoyl Chloride,CC(=C)C(=O)Cl,920-46-7,5.522,0.883,0.7106335201775945,low-fidelity RED
Allyl Methacrylate,CC(=C)C(=O)OCC=C,96-05-9,6.406,0.97,0.6726812023536854,high-fidelity RED
Tetrahydrofurfuryl Methacrylate,CC(=C)C(=O)OCC1CCCO1,2455-24-5,5.628,1.136,0.8396427811873339,low-fidelity RED
Glycidyl Methacrylate,CC(=C)C(=O)OCC1CO1,106-91-2,6.48,1.098,0.8139410298049858,high-fidelity RED
3-Bromo-2-Methyl-1-Butene,CC(=C)C(Br)C,51872-48-1,5.633,1.079,0.9552486587271398,low-fidelity RED
4-Methyl-4-Penten-2-One,CC(=C)CC(C)=O,2/3/44 0:00,6.192,0.8629,0.5414101956926938,low-fidelity RED
5-Methyl-5-Hexen-2-One,CC(=C)CCC(=O)C,9/3/40 0:00,6.517,0.9542,0.623498195666997,low-fidelity RED
Isoprenyl Acetate,CC(=C)CCOC(=O)C,7/2/05 0:00,7.118,0.9341,0.6209871174187117,low-fidelity RED
3-Fluoro-2-Methyl-1-Propene,CC(=C)CF,920-35-4,5.462,0.8628,0.8284020762890446,low-fidelity RED
2-Chloro Propene (Isopropenyl Chloride),CC(=C)Cl,557-98-2,5.1,0.8368,0.9003471552684554,high-fidelity RED
N-Ethyl-2-Methylallylamine,CC(=C)CNCC,18328-90-0,5.828,1.079,0.6791538853603063,low-fidelity RED
Dimethyl Ketene,CC(=C=O)C,598-26-5,6.194,0.8404,0.3952847075210476,high-fidelity RED
Methyl Dimethyl Acrylate,CC(=CC(=O)OC)C,924-50-5,6.354,1.001,0.7474958193863029,low-fidelity RED
Santolina Alcohol,CC(=CC(C=C)C(C)(C)O)C,35671-15-9,6.364,0.9887,0.9864709828474426,low-fidelity RED
(-)-Lavandulol,CC(=CC[C@@H](CO)C(=C)C)C,498-16-8,6.137,1.118,0.97082439194738,low-fidelity RED
3-Methyl-2-Buten-1-Al,CC(=CC=O)C,107-86-8,6.339,0.9701,0.7652613932506993,low-fidelity RED
Lavandulol,CC(=CCC(CO)C(=C)C)C,58461-27-1,6.137,1.118,0.97082439194738,low-fidelity RED
Geranyl Formate,CC(=CCC/C(=C/COC=O)/C)C,105-86-2,7.205,1.048,0.9370832406995655,low-fidelity RED
Geranyl Oxyacetaldehyde,CC(=CCC/C(=C/COCC=O)/C)C,68213-87-6,7.001,1.057,0.8721381771256209,low-fidelity RED
Neryl Formate,CC(=CCC/C(=C\COC=O)/C)C,2142-94-1,7.205,1.048,0.9370832406995655,low-fidelity RED
Citralva,CC(=CCCC(=CC#N)C)C,5585-39-7,7.414,1.103,0.8975661535508128,low-fidelity RED
Geranyl Acetoacetate,CC(=CCCC(=CCOC(=O)CC(=O)C)C)C,61759-64-6,7.368,1.133,0.9607939425287821,low-fidelity RED
Methyl Heptenone,CC(=CCCC(=O)C)C,110-93-0,6.878,0.9902,0.825000000000001,low-fidelity RED
Prenyl Acetate,CC(=CCOC(=O)C)C,1191-16-8,7.082,0.9495,0.780224326716362,low-fidelity RED
Prenyl Formate,CC(=CCOC=O)C,68480-28-4,6.792,0.9647,0.7097534783289199,low-fidelity RED
Prenyl Mercaptan,CC(=CCS)C,5287-45-6,6.041,1.003,0.9669539802906861,low-fidelity RED
Acetonemethyloxime,CC(=NOC)C,3376-35-0,5.649,0.7078,0.527967802048572,high-fidelity RED
Allyl Acetoacetate,CC(=O)CC(=O)OCC=C,1118-84-9,6.623,1.07,0.829533001151853,high-fidelity RED
Methoxyhexanone (Pentoxone),CC(=O)CC(C)(C)OC,107-70-0,6.324,0.9291,0.07500000000000047,high-fidelity RED
4-Methyl 4-Mercaptopentan-2-One 1% In Pg,CC(=O)CC(C)(C)S,19872-52-7,6.577,0.9566,0.758699545274677,low-fidelity RED
Cassis Pentanone,CC(=O)CC(C)(C)SC,23550-40-5,6.518,0.8958,0.92330926563097,low-fidelity RED
Acetyl Acetaldehyde Dimethyl Acetal,CC(=O)CC(OC)OC,5436-21-5,6.795,0.8828,0.7267220926874323,low-fidelity RED
8-Nonen-2-One,CC(=O)CCCCCC=C,5009-32-5,6.972,1.062,0.7846177413237607,low-fidelity RED
10-Undecen-2-One,CC(=O)CCCCCCCC=C,36219-73-5,6.972,1.062,0.8916277250063503,low-fidelity RED
"1-Acetoxy-1,3-Butadiene",CC(=O)OC=CC=C,1515-76-0,5.969,0.9867,0.8975661535508126,high-fidelity RED
Acetomethoxane_2001Review,CC(=O)OC1OC(C)OC(C)C1,828-00-2,6.961,1.172,0.7198090024443995,low-fidelity RED
(Z)-3-Hepten-1-Yl Acetate,CC(=O)OCC/C=C\CCC,1576-78-9,6.836,0.8899,0.8492643875731513,low-fidelity RED
(Z)-3-Nonen-1-Yl Acetate,CC(=O)OCC/C=C\CCCCC,13049-88-2,7.212,0.9022,0.9698582370635414,low-fidelity RED
3-Methyl-3-Methoxy Butyl Acetate,CC(=O)OCCC(C)(C)OC,103429-90-9,7.038,0.8847,0.7636262174650632,high-fidelity RED
3-Mercapto-3-Methyl-1-Butyl Acetate,CC(=O)OCCC(C)(C)S,50746-09-3,6.955,0.8891,0.6837397165588674,low-fidelity RED
"1,4-Nonane Diol Diacetate",CC(=O)OCCCC(OC(C)=O)CCCCC,67715-81-5,7.839,0.9951,0.7794228634059952,low-fidelity RED
4-Penten-1-Yl Acetate,CC(=O)OCCCC=C,1576-85-8,7.315,0.9708,0.5706356105256671,low-fidelity RED
2-Bromopropane,CC(Br)C,75-26-3,5.33,0.7454,0.6224949798994369,high-fidelity RED
2-Bromobutane,CC(Br)CC,78-76-2,5.568,0.8499,0.7537406715840673,high-fidelity RED
Acetoin Acetate,CC(C(=O)C)OC(=O)C,4906-24-5,6.749,0.9461,0.9192388155425119,low-fidelity RED
Butyl Tiglate,CC(C(=O)OCCCC)=[C@H]C,7785-66-2,7.006,1.061,0.8838834764831841,low-fidelity RED
"2-Hexanone,3,3,4,4,5,5,6,6-Octafluoro-",CC(C(C(F)(C(C(F)F)(F)F)F)(F)F)=O,93449-49-1,4.908,1.004,0.5755432216610666,low-fidelity RED
"3,3,4,4,4-Pentafluoro-Butan-2-One",CC(C(C(F)(F)F)(F)F)=O,374-41-4,4.788,0.8567,0.9842509842514764,low-fidelity RED
"3,3-Dimethyl-2-Pentanone",CC(C(C)(C)CC)=O,20669-04-9,6.337,0.7691,0.7454025757937788,low-fidelity RED
Butadione,CC(C(C)=O)=O,431-03-8,5.973,0.7099,0.4479118216792229,high-fidelity RED
3-Methyl-2-Hexanone,CC(C(C)CCC)=O,2550-21-2,6.164,0.8308,0.635413251356942,low-fidelity RED
Menthol,CC(C(CCC(C)C1)C1O)C,89-78-1,6.316,1.162,0.966953980290686,low-fidelity RED
"2-Pentanone,3,3,4,5,5,5-Hexafluoro-",CC(C(F)(C(C(F)(F)F)F)F)=O,60249-67-4,4.983,0.8401,0.7749999999999998,low-fidelity RED
"3,3,4,4-Tetrafluoro-Butanone-(2)(S)",CC(C(F)(C(F)F)F)=O,679-97-0,5.228,0.8533,0.33541019662496857,low-fidelity RED
"2,2-Bis(Trifluoromethyl)Propanol",CC(C(F)(F)F)(CO)C(F)(F)F,2927-17-5,5.256,0.9167,0.899305287430247,low-fidelity RED
"Ethyl 3-Methyl -4,4,4-Trifluorobutyrate",CC(C(F)(F)F)CC(OCC)=O,95853-67-1,5.81,1.04,0.6408002808988148,low-fidelity RED
"1,1-Difluoro-Acetone",CC(C(F)F)=O,431-05-0,5.916,0.804,0.8325412902673364,low-fidelity RED
"Propanedioic Acid, Methyl-, Diethyl Ester",CC(C(OCC)=O)C(OCC)=O,609-08-5,7.294,0.8512,0.6046693311223912,low-fidelity RED
Tert-Butyl Vinyl Ketone,CC(C)(C)C(=O)C=C,2177-30-2,5.819,0.8556,0.7284401142166733,low-fidelity RED
Methyl Pivalate,CC(C)(C)C(=O)OC,598-98-1,6.198,0.7985,0.5482928049865327,low-fidelity RED
"3,3-Dimethyl-2-Butanone",CC(C)(C)C(C)=O,75-97-8,5.998,0.7172,0.6194755846681933,low-fidelity RED
"3,3-Dimethyl-2-Butanol",CC(C)(C)C(O)C,464-07-3,6.524,0.8495,0.5055937104039171,low-fidelity RED
"2,2,4-Trimethyl-3-Pentanol",CC(C)(C)C(O)C(C)C,5162-48-1,6.168,0.8025,0.9775607398008576,low-fidelity RED
"2,2-Dimethyl-3-Hexanol",CC(C)(C)C(O)CCC,4209-90-9,6.145,0.8237,0.8821139382188674,low-fidelity RED
"2,2-Dimethylpropanenitrile",CC(C)(C)C#N,630-18-2,5.382,0.9229,0.81891696770796,low-fidelity RED
"2,2-Dimethylpropanal",CC(C)(C)C=O,630-19-3,5.606,0.8816,0.35,low-fidelity RED
4-Tert-Butyl Cyclohexane Carboxaldehyde,CC(C)(C)C1CCC(CC1)C=O,20691-52-5,5.77,0.9348,0.938416218956173,low-fidelity RED
"2,4,4-Trimethyl-1-Pentanol",CC(C)(C)CC(C)CO,16325-63-6,7.079,0.8846,0.9624188277460077,low-fidelity RED
"7,7-Dimethyl-1-Octanol",CC(C)(C)CCCCCCO,66719-35-5,7.7,0.8442,0.8223442101699263,low-fidelity RED
"6,6-Dimethyl-1-Heptanol",CC(C)(C)CCCCCO,65769-10-0,7.7,0.8442,0.8746427842267951,low-fidelity RED
"2,2-Dimethyl-1-Propanethiol",CC(C)(C)CS,1679-08-9,5.406,0.7836,0.7956915231419774,low-fidelity RED
Methyl-t-Butyl Ether,CC(C)(C)OC,1634-04-4,5.173,0.7287,0.5226136240091716,high-fidelity RED
Tert-Butyl Acrylate,CC(C)(C)OC(=O)C=C,1663-39-4,6.443,1.009,0.7176350047203661,low-fidelity RED
t-Butyl Acetate,CC(C)(C)OC(C)=O,540-88-5,6.183,0.7618,0.612882533606563,high-fidelity RED
Ethylene Glycol Di-t-Butyl Ether,CC(C)(C)OCCOC(C)(C)C,26547-47-7,5.567,0.8259,0.838525491562421,high-fidelity RED
Di-t-Butyl Peroxide,CC(C)(C)OOC(C)(C)C,110-05-4,5.266,0.7844,0.764035339496806,low-fidelity RED
Allyl-Tert-Butylperoxide,CC(C)(C)OOCC=C,39972-78-6,5.548,0.9522,0.48798053239857825,low-fidelity RED
Yomogi Alcohol,CC(C)(C=C)\C=C\C(C)(C)O,30458-12-9,6.12,0.95,0.9253377761660875,low-fidelity RED
"1-Nitro-2,2-Dimethylbutane",CC(C)(CC)C[N+](=O)[O-],2625-29-8,5.351,0.9669,0.970180395596613,low-fidelity RED
"2,2-Dimethylbutanenitrile",CC(C)(CC)C#N,20654-46-0,6.27,0.9944,0.7088723439378912,low-fidelity RED
"4,4-Dimethyl-2-Hexanol",CC(C)(CC)CC(C)O,E14187,6.864,0.7954,0.8965210538520553,low-fidelity RED
"3,3-Dimethyl-1-Hexanol",CC(C)(CCC)CCO,10524-70-6,6.655,0.8509,0.8905756565278439,low-fidelity RED
Myrcenol,CC(C)(CCCC(=C)C=C)O,543-39-5,6.803,1.081,0.7701460900374687,low-fidelity RED
3-Mercapto-3-Methyl Butyl Formate,CC(C)(CCOC=O)S,50746-10-6,5.898,1.065,0.747495819386303,low-fidelity RED
Tert-Butylamine,CC(C)(N)C,75-64-9,5.095,0.8727,0.6194755846681932,low-fidelity RED
Methyl t-Butylcarbamate,CC(C)(NC(OC)=O)C,27701-01-5,6.065,0.7374,0.7586995452746759,low-fidelity RED
Ethyl t-Butylcarbamate,CC(C)(NC(OCC)=O)C,1611-50-3,6.662,0.8629,0.557337420240199,low-fidelity RED
"2,3-Dimethyl-2-Butanol",CC(C)(O)C(C)C,594-60-5,6.309,0.8118,0.7237057413065063,low-fidelity RED
"2,4-Dimethyl-2-Pentanol",CC(C)(O)CC(C)C,625-06-9,6.472,0.8054,0.7454025757937788,low-fidelity RED
"2,4-Dimethyl-2-Octanol",CC(C)(O)CC(C)CCCC,18675-20-2,6.834,1.048,0.886354895061792,low-fidelity RED
2-Methyl-2-Pentanol,CC(C)(O)CCC,590-36-3,5.974,0.8375,0.8891709621889368,low-fidelity RED
"2,5-Dimethyl-2-Hexanol",CC(C)(O)CCC(C)C,3730-60-7,6.378,0.8199,0.7537406715840668,low-fidelity RED
2-Methyl-2-Hexanol,CC(C)(O)CCCC,625-23-0,6.305,0.7894,0.9062284480195931,low-fidelity RED
"2,7-Dimethyl-2-Octanol",CC(C)(O)CCCCC(C)C,42007-73-8,6.69,0.9548,0.7215434844830906,low-fidelity RED
2-Methyl-2-Octanol,CC(C)(O)CCCCCC,628-44-4,6.434,0.8615,0.8314144574157946,low-fidelity RED
2-Methyl-2-Butanethiol,CC(C)(S)CC,1679-09-0,5.627,0.8659,0.8200609733428362,low-fidelity RED
Green Heptenal,CC(C)/C(=C/CC(C)C=O)/C,82784-84-7,6.776,1.103,0.9354143466934853,low-fidelity RED
"3-Methyl-1,2-Butadiene",CC(C)=C=C,598-25-4,5.319,0.8518,0.95,high-fidelity RED
Isopropyl Vinyl Ketone,CC(C)C(=O)C=C,1606-47-9,6.437,0.9692,0.5419870847169701,low-fidelity RED
"2,2,4-Trimethyl-1,3-Pentanediol Monoisobutyrate",CC(C)C(=O)OCC(C)(C)C(O)C(C)C,77-68-9,6.854,1.238,0.6576473218982951,low-fidelity RED
Prenyl Isobutyrate,CC(C)C(=O)OCC=C(C)C,76649-23-5,7.129,1.029,0.873212459828649,low-fidelity RED
Furfuryl Isobutyrate,CC(C)C(=O)OCC1=CC=CO1,6270-55-9,8.248,1.162,0.8806957476904265,low-fidelity RED
Rhodinyl Isobutyrate,CC(C)C(=O)OCCC(C)CCCC(=C)C,138-23-8,7.739,1.194,0.8591420138719793,low-fidelity RED
Trimethyl Isopropyl Butanamide,CC(C)C(C)(C(C)C)C(=O)NC,51115-67-4,6.337,1.012,0.7537406715840673,low-fidelity RED
"2,3,4-Trimethyl-3-Pentanol",CC(C)C(C)(O)C(C)C,3054-92-0,6.451,0.9174,0.9103570728016561,low-fidelity RED
Methyl Isopropyl Ketone,CC(C)C(C)=O,563-80-4,6.256,0.8287,0.38810436740650084,low-fidelity RED
"2,3,4-Trimethyl-2-Pentanol",CC(C)C(C)C(C)(C)O,66576-26-9,6.569,0.761,0.7668930825088982,low-fidelity RED
"3,4-Dimethyl-2-Pentanol",CC(C)C(C)C(C)O,64502-86-9,6.124,0.8085,0.9630680142129109,low-fidelity RED
"4,5-Dimethyl-1-Hexanol",CC(C)C(C)CCCO,E14149,7.666,0.8997,0.7433034373659257,low-fidelity RED
2-Isopropyl-1-Pentanol,CC(C)C(CCC)CO,E15225,6.147,0.9039,0.867827747885489,low-fidelity RED
3-Amino-2-Methylpentane,CC(C)C(N)CC,54287-41-1,5.891,0.825,0.775,low-fidelity RED
"2,3-Dimethyl-3-Pentanol",CC(C)C(O)(C)CC,595-41-5,6.897,0.9665,0.8591420138719792,low-fidelity RED
"2,3-Dimethyl-3-Hexanol",CC(C)C(O)(C)CCC,4166-46-5,6.49,1.007,0.931396800509858,low-fidelity RED
"2,4-Dimethyl-3-Pentanol",CC(C)C(O)C(C)C,600-36-2,6.346,0.8179,0.775,low-fidelity RED
"2,4-Dimethyl-3-Hexanol",CC(C)C(O)C(C)CC,13432-25-2,6.66,0.8838,0.8306623862918074,low-fidelity RED
"2,5-Dimethyl-3-Hexanol",CC(C)C(O)CC(C)C,19550-07-3,6.755,0.8246,0.8046738469715541,low-fidelity RED
2-Methyl-3-Hexanol,CC(C)C(O)CCC,617-29-8,6.38,0.8671,0.8721381771256205,low-fidelity RED
2-Methyl-3-Heptanol,CC(C)C(O)CCCC,18720-62-2,6.708,0.8622,0.8835298523536147,low-fidelity RED
3-Methyl-2-Butanethiol,CC(C)C(S)C,2084-18-6,5.294,0.7254,0.8385254915624213,low-fidelity RED
Isodihydrolavandulol,CC(C)C\C=C(\CO)/C(C)C,40853-53-0,6.425,0.9984,0.8162413858657255,low-fidelity RED
(E)-6-Methyl-3-Hepten-2-One,CC(C)C\C=C\C(=O)C,20859-10-3,5.883,1.043,0.8173891362135912,low-fidelity RED
4-Methyl-2-Pentyne,CC(C)C#CC,21020-27-9,5.162,0.9067,0.9273618495495705,low-fidelity RED
Filbert Hexenone,CC(C)C=CC(=O)C,5166-53-0,5.843,1.026,0.731864058415223,low-fidelity RED
4-Methyl-2-Penten-1-Al,CC(C)C=CC=O,5362-56-1,5.779,0.9935,0.6363961030678934,low-fidelity RED
Isobutyraldehyde,CC(C)C=O,78-84-2,5.59,0.8971,0.5640257086339242,low-fidelity RED
α-Terpinen-7-Al,CC(C)C1=CC=C(CC1)C=O,1197-15-5,6.737,1.187,0.986470982847444,low-fidelity RED
2-(Laevo-Menthoxy) Ethanol,CC(C)C1CCC(C)CC1OCCO,38618-23-4,7.431,1.229,0.9250000000000007,low-fidelity RED
(E)-Tagetone,CC(C)CC(=O)\C=C(/C)\C=C,6752-80-3,6.155,1.071,0.9918417212438689,low-fidelity RED
(Z)-Tagetone,CC(C)CC(=O)\C=C(\C)/C=C,3588-18-9,6.155,1.071,0.9918417212438689,low-fidelity RED
Acetyl Isovaleryl,CC(C)CC(=O)C(=O)C,13706-86-0,6.674,0.8968,0.8951256894984077,low-fidelity RED
Dihydrotagetone,CC(C)CC(=O)CC(C)C=C,1879-00-1,6.033,1.111,0.9611191393370545,low-fidelity RED
Isopropyl Isovalerate,CC(C)CC(=O)OC(C)C,32665-23-9,6.426,0.9871,0.7909646009778188,low-fidelity RED
Allyl Isovalerate,CC(C)CC(=O)OCC=C,2835-39-4,6.516,1.082,0.7158910531638177,low-fidelity RED
Furfuryl Isovalerate,CC(C)CC(=O)OCC1=CC=CO1,13678-60-9,7.788,1.154,0.8177713616898062,low-fidelity RED
3-Methyl Thiopropyl Isovalerate,CC(C)CC(=O)OCCCSC,84559-98-8,7.04,1.116,0.8250000000000008,low-fidelity RED
"2,2,4-Trimethyl-1-Pentanol",CC(C)CC(C)(C)CO,123-44-4,5.773,0.899,0.8860022573334674,low-fidelity RED
"3,5-Dimethyl-2-Hexanol",CC(C)CC(C)C(C)O,66576-27-0,6.558,0.8562,0.9526279441628825,low-fidelity RED
"6,8-Dimethyl-2-Nonanol",CC(C)CC(C)CCCC(C)O,70214-77-6,7.248,0.9301,0.8359126748650244,low-fidelity RED
"3,5-Dimethyl-1-Hexanol",CC(C)CC(C)CCO,13501-73-0,7.188,0.7595,0.9633924433998846,low-fidelity RED
Methyl Amyl Acetate,CC(C)CC(C)OC(=O)C,108-84-9,6.977,0.7901,0.7988272654335228,high-fidelity RED
Di-Isobutyl Ketone,CC(C)CC(CC(C)C)=O,108-83-8,6.368,0.8398,0.8246211251235323,high-fidelity RED
2-Amino-4-Methylpentane,CC(C)CC(N)C,108-09-8,5.863,0.7903,0.7386643351347079,low-fidelity RED
2-Methyl-4-Heptanol,CC(C)CC(O)CCC,21570-35-4,6.017,0.9399,0.8852965604812886,low-fidelity RED
Methyl Isopentanoate,CC(C)CC(OC)=O,556-24-1,6.298,0.916,0.44791182167922294,low-fidelity RED
Isobutyl Isopentanoate,CC(C)CC(OCC(C)C)=O,589-59-3,6.962,0.9932,0.8803408430829506,low-fidelity RED
Ethyl Isovalerate,CC(C)CC(OCC)=O,108-64-5,6.436,0.936,0.5505678886386312,low-fidelity RED
Isopentyl Isovalerate,CC(C)CC(OCCC(C)C)=O,659-70-1,6.641,1.001,0.95524865872714,low-fidelity RED
Propyl Isopentanoate ,CC(C)CC(OCCC)=O,557-00-6,6.51,1.025,0.7537406715840668,low-fidelity RED
(E)-7-Methyl-3-Octen-2-One,CC(C)CC\C=C\C(=O)C,33046-81-0,5.756,1.024,0.8634958019585277,low-fidelity RED
3-Methylbutanenitrile,CC(C)CC#N,625-28-5,5.796,0.8699,0.8370334521391607,low-fidelity RED
Isodihydrolavandulal,CC(C)CC=C(C=O)C(C)C,35158-25-9,6.584,1.061,0.8986100377805716,low-fidelity RED
Isovaleraldehyde,CC(C)CC=O,590-86-3,5.768,0.823,0.9031195934094223,high-fidelity RED
Sedanolide,CC(C)CC1C2CCCC=C2C(=O)O1,6415-59-4,7.491,1.173,0.9486832980505145,low-fidelity RED
Floral Pyranol,CC(C)CC1CC(CCO1)(C)O,63500-71-0,6.048,1.15,0.9762812094883314,low-fidelity RED
Methyl Iso-Amyl Ketone,CC(C)CCC(=O)C,110-12-3,6.436,0.8856,0.5744562646538032,low-fidelity RED
Methyl 4-Methyl Valerate,CC(C)CCC(=O)OC,2412-80-8,6.962,0.8562,0.5678908345800273,low-fidelity RED
"4,7-Dimethyl-1-Octanol",CC(C)CCC(C)CCCO,66719-34-4,7.664,0.9452,0.8503675675847477,low-fidelity RED
Aldehydic Nitrile,CC(C)CCCC(C)CC#N,40188-41-8,6.277,1.036,0.7004462863060953,low-fidelity RED
Tetrahydrocitral,CC(C)CCCC(C)CC=O,5988-91-0,6.218,0.9855,0.7685213074469702,low-fidelity RED
6-Methyl Heptanal,CC(C)CCCCC=O,63885-09-6,6.249,0.9777,0.5618051263561062,low-fidelity RED
Isodecanal,CC(C)CCCCCCC=O,1321-89-7,6.194,1.01,0.7673004626611405,low-fidelity RED
Isodecanol,CC(C)CCCCCCCO,25339-17-7,7.65,0.8631,0.8536685539481937,low-fidelity RED
Isononyl Alcohol,CC(C)CCCCCCO,27458-94-2,7.65,0.8631,0.9205976319760987,low-fidelity RED
Isononyl Acetate,CC(C)CCCCCCOC(=O)C,40379-24-6,7.392,0.9158,0.9572094859538326,low-fidelity RED
3-Methylbutylamine,CC(C)CCN,107-85-7,5.693,0.8797,0.5755432216610669,low-fidelity RED
3-Methylbutyl Nitrate,CC(C)CCO[N+](=O)[O-],543-87-3,6.076,1.066,0.4344536799245693,low-fidelity RED
Isoamyl Pyruvate,CC(C)CCOC(=O)C(=O)C,7779-72-8,6.86,0.982,0.570635610525667,low-fidelity RED
Isoamyl Isobutyrate,CC(C)CCOC(=O)C(C)C,1/3/50 0:00,7.025,1.005,0.8663861725581727,low-fidelity RED
Isoamyl Acetoacetate,CC(C)CCOC(=O)CC(=O)C,2308-18-1,6.956,0.9865,0.5545268253204716,low-fidelity RED
Diisoamyl Thiomalate,CC(C)CCOC(=O)CC(C(=O)OCCC(C)C)S,68084-03-7,6.935,1.015,0.7093130479555552,low-fidelity RED
Isoamyl Levulinate,CC(C)CCOC(=O)CCC(=O)C,71172-75-3,7.531,0.9998,0.570635610525667,low-fidelity RED
Diisopentyl Succinate,CC(C)CCOC(=O)CCC(=O)OCCC(C)C,818-04-2,7.613,0.9128,0.7458216945088151,low-fidelity RED
Isoamyl 3-(2-Furan) Propionate,CC(C)CCOC(=O)CCC1=CC=CO1,7779-67-1,8.611,1.145,0.8325412902673365,low-fidelity RED
Isopentyl Formate,CC(C)CCOC=O,110-45-2,6.105,0.9272,0.2704163456597992,low-fidelity RED
Allyl Amyl Glycolate,CC(C)CCOCC(=O)OCC=C,67634-01-9,6.48,1.16,0.6314665470157547,low-fidelity RED
3-Methyl-1-Butanethiol,CC(C)CCS,541-31-1,5.561,0.7357,0.7180703308172537,low-fidelity RED
Methyl Isopentyl Disulfide,CC(C)CCSSC,72437-56-0,5.427,0.8931,0.9565563234854503,low-fidelity RED
Isobutyl Furyl Propionate,CC(C)COC(=O)CCC1=CC=CO1,105-01-1,8.933,1.144,0.8038967595406773,low-fidelity RED
Isobutyl Acetate,CC(C)COC(C)=O,110-19-0,7.56,0.7478,0.6204836822995426,high-fidelity RED
Isobutyl Chloroformate,CC(C)COC(Cl)=O,543-27-1,6.794,0.8549,0.5595757321399855,low-fidelity RED
Vinyl Isobutyl Ether,CC(C)COC=C,109-53-5,5.735,1.037,0.5244044240850758,high-fidelity RED
Isopropyl Amine (2-Propan Amine),CC(C)N,75-31-0,5.602,0.7163,0.520816666399991,high-fidelity RED
Isopropyl Nitrate,CC(C)O[N+]([O-])=O,1712-64-7,5.948,0.9618,0.7909646009778187,low-fidelity RED
Isopropyl Tiglate,CC(C)OC(=O)C=C(C)C,1733-25-1,6.941,1.048,0.8200609733428362,low-fidelity RED
Isopropyl Levulinate,CC(C)OC(=O)CCC(=O)C,21884-26-4,7.204,0.938,0.6249999999999997,low-fidelity RED
Di-Isopropyl Glutarate,CC(C)OC(=O)CCCC(=O)OC(C)C,71340-46-0,7.427,0.8076,0.7586995452746761,low-fidelity RED
Diisopropyl Adipate,CC(C)OC(=O)CCCCC(=O)OC(C)C,6938-94-9,7.589,0.7662,0.7075485849042455,low-fidelity RED
Isopropyl Ether,CC(C)OC(C)C,108-20-3,5.271,0.7513,0.9585144756340406,high-fidelity RED
Acetaldehyde Diisopropyl Acetal,CC(C)OC(C)OC(C)C,4285-59-0,5.238,0.9001,0.9233092656309694,low-fidelity RED
Vinyl Isopropyl Ether,CC(C)OC=C,926-65-8,5.586,0.9895,0.7075485849042452,high-fidelity RED
Allyl Isopropyl Ether,CC(C)OCC=C,6140-80-3,5.574,0.899,0.6184658438426489,high-fidelity RED
Fluoromethyl  1-Methylethyl  Ether,CC(C)OCF,372-12-3,5.394,0.8856,0.4808846015417837,low-fidelity RED
Isopropyl Disulfide,CC(C)SSC(C)C,4253-89-8,5.407,0.7421,0.9246621004453467,low-fidelity RED
2-Methyl-1-Butene-3-Yne,CC(C#C)=C,78-80-8,5.437,0.9316,0.8444672877027269,low-fidelity RED
Methacrylonitrile,CC(C#N)=C,126-98-7,6.092,0.9367,0.9045026257562775,high-fidelity RED
(±)-Lilac Aldehyde,CC(C=O)C1CCC(O1)(C)C=C,67920-63-2,6.313,1.178,0.8147085368400165,low-fidelity RED
2-Methylbutanal,CC(C=O)CC,96-17-3,5.712,0.8996,0.36142080737002413,low-fidelity RED
Marine Formate,CC(C1CCCC(C1)(C)C)OC=O,25225-08-5,6.301,1.09,0.9711462299777519,low-fidelity RED
Methyl 3-Acetoxybutyrate,CC(CC(=O)OC)OC(=O)C,89422-42-4,7.029,0.9218,0.8838834764831852,low-fidelity RED
"4,4-Dimethyl-2-Pentanone",CC(CC(C)(C)C)=O,590-50-1,6.28,0.7642,0.7062223445912768,low-fidelity RED
Tmh Aldehyde,CC(CC(C)(C)C)C(C)C=O,68391-29-7,6.154,1.023,0.981389321319526,low-fidelity RED
"1-Hexyn-3-ol, 3,5-Dimethyl-",CC(CC(C)(C#C)O)C,107-54-0,6.589,0.9861,0.9246621004453465,low-fidelity RED
Methyl Iso-Butyl Ketone (Mibk),CC(CC(C)C)=O,108-10-1,6.414,0.7615,0.4031128874149277,high-fidelity RED
4-Methyl-2-Hexanone,CC(CC(C)CC)=O,105-42-0,6.788,0.9154,0.7044501401802689,low-fidelity RED
Ethyl Aceto Acetate (Keto),CC(CC(OCC)=O)=O,141-97-9,6.545,0.909,0.9669539802906861,high-fidelity RED
"3,5-Dimethyl-3-Hexanol",CC(CC)(O)CC(C)C,4209-91-0,6.419,0.9124,0.9055385138137418,low-fidelity RED
Methyl Ethyl Ketone (Mek),CC(CC)=O,78-93-3,5.995,0.716,0.841501633985342,high-fidelity RED
3-Methyl-2-Pentanone,CC(CC)C(C)=O,565-61-7,6.434,0.8272,0.585768725692999,low-fidelity RED
"3,4-Dimethyl-1-Hexanol",CC(CC)C(C)CCO,E14153,7.477,0.9653,0.9542667341996158,low-fidelity RED
"2,4-Dimethyl-2-Hexanol",CC(CC)CC(C)(C)O,42328-76-7,6.551,0.958,0.7925433742073679,low-fidelity RED
Sec-Butyl Acetate,CC(CC)OC(C)=O,105-46-4,6.596,0.8881,0.7717674520216563,high-fidelity RED
Magnolia Decadienal,CC(CC\C=C(/C)\CCC=O)C=C,71077-31-1,7.255,1.162,0.9630680142129113,low-fidelity RED
Green Hexanal,CC(CC=O)CC(C)(C)C,5435-64-3,6.019,0.8738,0.7623975340988453,low-fidelity RED
Methyl Isoamyl Ketone,CC(CCC(C)C)=O,110-12-3,6.436,0.8856,0.5744562646538032,high-fidelity RED
"5,6-Dimethyl-2-Heptanol",CC(CCC(C)O)C(C)C,58795-24-7,6.68,0.9486,0.8200609733428363,low-fidelity RED
Methyl Propyl Ketone,CC(CCC)=O,107-87-9,6.364,0.7561,0.6025985396596977,high-fidelity RED
α-Methylene Citronellal,CC(CCC=C(C)C)C(=C)C=O,22418-66-2,6.752,1.08,0.969858237063541,low-fidelity RED
"2,6-Dimethyl-5-Heptenal",CC(CCC=C(C)C)C=O,106-72-9,7.001,1.063,0.8396427811873336,low-fidelity RED
Citronellal Dimethyl Acetal,CC(CCC=C(C)C)CC(OC)OC,923-69-3,6.638,1.117,0.9974968671630007,low-fidelity RED
Citronellyl Nitrile,CC(CCC=C(C)C)CC#N,51566-62-2,7.011,1.161,0.7499999999999998,low-fidelity RED
Citronellal,CC(CCC=C(C)C)CC=O,106-23-0,6.979,1.091,0.8860022573334678,low-fidelity RED
Citronellyl Formate,CC(CCC=C(C)C)CCOC=O,105-85-1,7.228,1.098,0.8250000000000004,low-fidelity RED
Citronellyl Oxyacetaldehyde,CC(CCC=C(C)C)CCOCC=O,7492-67-3,7.07,1.152,0.7834219807996202,low-fidelity RED
6-Methyl-5-Hepten-2-Yl Acetate,CC(CCC=C(C)C)OC(=O)C,19162-00-6,7.307,1.13,0.9804335775563786,low-fidelity RED
Nanofin,CC(CCC1)NC1C,504-03-0,5.21,1.007,0.8961724164467457,low-fidelity RED
Rhodinyl Acetate,CC(CCCC(=C)C)CCOC(=O)C,141-11-7,8.024,1.01,0.9931012033020603,low-fidelity RED
Rhodinyl Formate,CC(CCCC(=C)C)CCOC=O,141-09-3,7.547,1.136,0.7766112283504535,low-fidelity RED
(±)-α-Melonol,CC(CCCC(=C)C)CO,36806-46-9,7.439,0.9991,0.8919781387455641,low-fidelity RED
Methyl 5-Acetoxyhexanoate,CC(CCCC(=O)OC)OC(=O)C,35234-22-1,7.776,1.059,0.7487489565935971,low-fidelity RED
Lime Octenol,CC(CCCC(C)(C)O)C=C,25279-09-8,6.74,1.101,0.8038967595406765,low-fidelity RED
Hydroxycitronellal Dimethyl Acetal,CC(CCCC(C)(C)O)CC(OC)OC,141-92-4,7.07,1.042,0.5678908345800275,low-fidelity RED
Aurantiol,CC(CCCC(C)(C)O)CC=NC1=CC=CC=C1C(=O)OC,89-43-0,8.352,1.296,0.921954445729289,low-fidelity RED
Hydroxycitronellal,CC(CCCC(C)(C)O)CC=O,107-75-5,7.38,1.072,0.7145802963978224,low-fidelity RED
Sandal Octanol,CC(CCCC(C)(C)OC)C(C)O,41890-92-0,7.133,1.132,0.6642665127793214,low-fidelity RED
Methoxymelonal,CC(CCCC(C)(C)OC)C=O,62439-41-2,7.179,1.095,0.6363961030678927,low-fidelity RED
Methoxycitronellal,CC(CCCC(C)(C)OC)CC=O,3613-30-7,7.395,1.148,0.6745368781616025,low-fidelity RED
Methyl Butyl Ketone,CC(CCCC)=O,591-78-6,6.641,0.7881,0.4031128874149277,high-fidelity RED
Methyl n-Amyl Ketone,CC(CCCCC)=O,110-43-0,6.891,0.8247,0.6480740698407861,high-fidelity RED
2-Octanone,CC(CCCCCC)=O,111-13-7,6.836,0.8253,0.6919176251549031,low-fidelity RED
2-Nonanone,CC(CCCCCCC)=O,821-55-6,6.836,0.8253,0.7533259586659689,low-fidelity RED
2-Decanone,CC(CCCCCCCC)=O,693-54-9,6.836,0.8253,0.8975661535508126,low-fidelity RED
2-Undecanone,CC(CCCCCCCCC)=O,112-12-9,6.836,0.8253,0.9650129532809391,low-fidelity RED
2-Dodecanone,CC(CCCCCCCCCC)=O,6175-49-1,6.836,0.8253,0.99498743710662,low-fidelity RED
2-Tridecanol,CC(CCCCCCCCCCC)O,1653-31-2,7.003,0.9055,0.838152730712011,low-fidelity RED
"1,4-Difluoro-2-Methylbutane",CC(CCF)CF,66688-45-7,5.352,0.7844,0.939414711402797,low-fidelity RED
1-Chloro-2-Methylpropane,CC(CCl)C,513-36-0,4.878,0.7443,0.9317322576792113,low-fidelity RED
"3,7-Dimethyl-1-Octanol",CC(CCO)CCCC(C)C,106-21-8,7.5,0.869,0.9031195934094223,low-fidelity RED
3-Methoxy Butyl Acetate,CC(CCOC(=O)C)OC,4435-53-4,7.288,0.9417,0.7826237921249263,high-fidelity RED
Nonisyl Formate,CC(CCOC=O)CC(C)(C)C,67355-38-8,6.322,1.063,0.8038967595406763,low-fidelity RED
"1,1,3-Trifluoro-2-Methylpropane",CC(CF)C(F)F,E16191,5.217,0.7716,0.8916277250063506,low-fidelity RED
"1,3-Difluoro-2-Methylpropane",CC(CF)CF,62126-93-6,5.271,0.7306,0.9506576670915774,low-fidelity RED
Isobutylamine,CC(CN)C,78-81-9,5.765,0.7294,0.5414101956926929,low-fidelity RED
Propylene Glycol Diacetate,CC(COC(=O)C)OC(=O)C,623-84-7,7.818,0.8174,0.8838834764831852,low-fidelity RED
Tripropylene Glycol Dimethyl Ether,CC(COC(COC(COC)C)C)OC,42769-21-1,5.513,0.9984,0.5640257086339242,low-fidelity RED
Tripropylene Glycol Butyl Methyl Ether,CC(COC(COC(COC)C)C)OCCCC,7382-30-1,5.418,1.025,0.6823672031978093,low-fidelity RED
"2-Propanone, 1-Methoxy-",CC(COC)=O,5878-19-3,5.795,0.755,0.9290452088031023,low-fidelity RED
Isobutyl Mercaptan,CC(CS)C,513-44-0,5.556,0.6814,0.6154266812545588,low-fidelity RED
2-Fluoropropane,CC(F)C,420-26-8,4.987,0.7132,0.952955927627296,low-fidelity RED
"1,2,3-Trifluorobutane",CC(F)C(F)CF,E16195,5.398,0.8214,0.8503675675847475,low-fidelity RED
"1,1,3-Trifluorobutane",CC(F)CC(F)F,E16198,5.485,0.7799,0.9182183836103478,low-fidelity RED
"1,3-Difluorobutane",CC(F)CCF,691-42-9,5.352,0.7844,0.760756202735147,low-fidelity RED
 (+-)-sec-Butylamine,CC(N)CC,33966-50-6,5.925,0.8439,0.6354132513569417,low-fidelity RED
1-Methylbutylamine,CC(N)CCC,625-30-9,5.502,0.9358,0.6393355926272211,low-fidelity RED
"2,3,3-Trimethyl-2-Pentanol",CC(O)(C)C(C)(C)CC,23171-85-9,6.243,0.8068,0.7537406715840667,low-fidelity RED
"2,3-Dimethyl-2-Pentanol",CC(O)(C)C(C)CC,4911-70-0,6.51,0.8071,0.7889866919029749,low-fidelity RED
2-Methyl-2-Heptanol,CC(O)(C)CCCCC,625-25-2,6.489,0.8555,0.8860022573334677,low-fidelity RED
2-Methyl-2-Nonanol,CC(O)(C)CCCCCCC,10297-57-1,6.434,0.8615,0.7830229881682913,low-fidelity RED
"3,3-Dimethyl-2-Hexanol",CC(O)C(C)(C)CCC,22025-20-3,6.758,1.104,0.9182183836103479,low-fidelity RED
"3,4-Dimethyl-2-Hexanol",CC(O)C(C)C(C)CC,19550-05-1,7.265,0.9198,0.9695359714832659,low-fidelity RED
"4,4-Dimethyl-2-Pentanol",CC(O)CC(C)(C)C,6144-93-0,6.79,0.9043,0.6349212549600147,low-fidelity RED
5-Methyl-2-Heptanol,CC(O)CCC(C)CC,54630-50-1,6.561,0.9901,0.917877987534291,low-fidelity RED
6-Methyl-2-Heptanol,CC(O)CCCC(C)C,4730-22-7,6.931,0.9365,0.8877640452282354,low-fidelity RED
2-Nonanol,CC(O)CCCCCCC,628-99-9,7.003,0.9055,0.9048480535426932,low-fidelity RED
2-Undecanol,CC(O)CCCCCCCCC,1653-30-1,7.003,0.9055,0.883529852353615,low-fidelity RED
2-Dodecanol,CC(O)CCCCCCCCCC,10203-28-8,7.003,0.9055,0.8620469824783339,low-fidelity RED
2-Tetradecanol,CC(O)CCCCCCCCCCCC,4706-81-4,7.003,0.9055,0.9400797838481587,low-fidelity RED
2-Pentadecanol,CC(O)CCCCCCCCCCCCC,1653-34-5,7.003,0.9055,0.9646890690787373,low-fidelity RED
2-Hexadecanol,CC(O)CCCCCCCCCCCCCC,14852-31-4,7.003,0.9055,0.9953014618697196,low-fidelity RED
2-Heptadecanol,CC(O)CCCCCCCCCCCCCCC,16813-18-6,7.003,0.9055,0.9659839543180829,low-fidelity RED
Isopropyl Trifluoroacetate,CC(OC(C(F)(F)F)=O)C,400-38-4,5.278,0.8807,0.5153882032022076,low-fidelity RED
Ethylidene Diacetate,CC(OC(C)=O)OC(C)=O,542-10-9,6.84,0.8367,0.9555757426808205,low-fidelity RED
Iso-Propyl Acetate,CC(OC(C)C)=O,108-21-4,6.802,0.7483,0.7570501964863356,high-fidelity RED
Methyl Acetate,CC(OC)=O,79-20-9,6.068,0.7134,0.5689903338370521,high-fidelity RED
"1,2-Dimethoxypropane",CC(OC)COC,7778-85-0,5.475,0.8753,0.2839454172900139,low-fidelity RED
"1,1-Dimethoxy Ethane",CC(OC)OC,534-15-6,5.371,0.8956,0.36400549446402575,high-fidelity RED
"2,2,2-Trifluoroethyl Acetate",CC(OCC(F)(F)F)=O,406-95-1,5.068,1.043,0.1802775637731993,low-fidelity RED
"2,2-Diethoxypropane ",CC(OCC)(OCC)C,126-84-1,4.854,0.8906,0.7648529270389177,low-fidelity RED
Ethyl Acetate,CC(OCC)=O,141-78-6,6.975,0.709,0.5202163011671207,high-fidelity RED
"1,1-Diethoxy Ethane",CC(OCC)OCC,105-57-7,5.874,0.8602,0.8038967595406763,high-fidelity RED
Propargyl Acetate,CC(OCC#C)=O,627-09-8,6.434,0.9384,0.8806957476904274,high-fidelity RED
Allyl Acetate,CC(OCC=C)=O,591-87-7,6.751,0.9362,0.7437237390321757,high-fidelity RED
Iso-Pentyl Acetate,CC(OCCC(C)C)=O,123-92-2,7.228,0.7453,0.81891696770796,high-fidelity RED
n-Propyl Acetate,CC(OCCC)=O,109-60-4,6.895,0.7371,0.6562202374203343,high-fidelity RED
n-Butyl Acetate,CC(OCCCC)=O,123-86-4,7.213,0.7044,0.6873863542433761,high-fidelity RED
Hexyl Acetate,CC(OCCCCCC)=O,142-92-7,7.192,0.6925,0.8558621384311847,high-fidelity RED
n-Heptyl Acetate,CC(OCCCCCCC)=O,112-06-1,7.192,0.6925,0.8558621384311847,high-fidelity RED
Octyl Acetate,CC(OCCCCCCCC)=O,112-14-1,7.192,0.6925,0.8674675786448739,high-fidelity RED
Decyl Acetate,CC(OCCCCCCCCCC)=O,112-17-4,7.192,0.6925,0.9724325169388367,low-fidelity RED
"Ethane, 1,1-Bis[2-Fluoroethoxy-",CC(OCCF)OCCF,371-30-2,6.102,0.9898,0.8947765084086644,low-fidelity RED
2-Propanethiol,CC(S)C,75-33-2,5.393,0.6618,0.6108395861435314,high-fidelity RED
sec-Butyl Mercaptan,CC(S)CC,513-53-1,5.507,0.8079,0.7420411039827917,low-fidelity RED
Ethyl 2-Methyl-2-Pentenoate,CC\C=C(/C)\C(=O)OCC,58625-96-0,6.649,1.032,0.722841614740048,low-fidelity RED
Methyl (Z)-3-Hexenoate,CC\C=C/CC(=O)OC,13894-62-7,6.025,0.9681,0.711512473537885,low-fidelity RED
Ethyl (Z)-3-Hexenoate,CC\C=C/CC(=O)OCC,64187-83-3,6.575,0.9404,0.7145802963978232,low-fidelity RED
(Z)-4-Hepten-2-Yl Acetate,CC\C=C/CC(C)OC(=O)C,94088-33-2,6.957,0.953,0.8507349763586781,low-fidelity RED
(Z)-3-Hexen-1-Al Dimethyl Acetal,CC\C=C/CC(OC)OC,55444-65-0,5.796,0.9871,0.6805328794408101,low-fidelity RED
(Z)-3-Hexen-1-Al Diethyl Acetal,CC\C=C/CC(OCC)OCC,73545-18-3,6.084,1.001,0.8050621094052312,low-fidelity RED
Violet Nitrile,CC\C=C/CC\C=C\C#N,97752-28-8,5.618,1.105,0.9141252649391107,low-fidelity RED
Cis-3-Hexenal Solution,CC\C=C/CC=O,6789-80-6,5.541,1.005,0.726722092687432,low-fidelity RED
Creamy Lactone,CC\C=C/CC1CCCC(=O)O1,25524-95-2,7.322,1.276,0.9058835465996726,low-fidelity RED
(Z)-4-Hepten-1-Al Diethyl Acetal,CC\C=C/CCC(OCC)OCC,18492-65-4,5.433,1.072,0.8536685539481939,low-fidelity RED
Cis-4-Heptenal,CC\C=C/CCC=O,6728-31-0,5.813,0.961,0.6964194138592064,low-fidelity RED
Waxy Lactone,CC\C=C/CCC1(CCC(=O)O1)C,70851-61-5,7.083,1.225,0.9276987657639743,low-fidelity RED
γ-Jasmolactone,CC\C=C/CCC1CCC(=O)O1,63095-33-0,7.006,1.262,0.8492643875731521,low-fidelity RED
Methyl (Z)-5-Octenoate,CC\C=C/CCCC(=O)OC,41654-15-3,7.116,0.9469,0.7798236980241108,low-fidelity RED
(Z)-5-Octen-1-Al,CC\C=C/CCCC=O,41547-22-2,6.088,1.019,0.7075485849042457,low-fidelity RED
(Z)-6-Nonen-1-Al Dimethyl Acetal,CC\C=C/CCCCC(OC)OC,68555-53-3,5.869,1.163,0.9069178573608528,low-fidelity RED
(Z)-6-Nonen-1-Al,CC\C=C/CCCCC=O,2277-19-2,6.09,1.031,0.7249999999999998,low-fidelity RED
(Z)-7-Decen-1-Al,CC\C=C/CCCCCC=O,21661-97-2,6.036,1.04,0.7504165509901815,low-fidelity RED
(Z)-8-Undecen-1-Al,CC\C=C/CCCCCCC=O,147159-49-7,6.036,1.04,0.8127884103504427,low-fidelity RED
(Z)-6-Nonen-1-Yl Acetate,CC\C=C/CCCCCOC(=O)C,76238-22-7,7.304,1.032,0.9293815147720556,low-fidelity RED
(Z)-5-Octen-1-Yl Propionate,CC\C=C/CCCCOC(=O)CC,196109-18-9,6.489,1.136,0.9303897032964198,low-fidelity RED
Cis-3-Hexenyl Acetate,CC\C=C/CCOC(=O)C,3681-71-8,6.975,0.95,0.7516648189186451,low-fidelity RED
(Z)-3-Hexen-1-Yl Pyruvate,CC\C=C/CCOC(=O)C(=O)C,68133-76-6,6.608,1.119,0.8710625695092169,low-fidelity RED
Hexenyl Isobutyrate,CC\C=C/CCOC(=O)C(C)C,41519-23-7,7.099,1.148,0.9199184746487049,low-fidelity RED
(Z)-3-Hexen-1-Yl Isovalerate,CC\C=C/CCOC(=O)CC(C)C,35154-45-1,6.595,1.137,0.9532837982468814,low-fidelity RED
(Z)-3-Hexen-1-Yl Methyl Carbonate,CC\C=C/CCOC(=O)OC,67633-96-9,6.999,1.023,0.5159941860137573,low-fidelity RED
(Z)-3-Hexen-1-Yl Formate,CC\C=C/CCOC=O,33467-73-1,5.985,1.037,0.6254998001598399,low-fidelity RED
"(E,E)-3,5-Octadien-2-One",CC\C=C\C=C\C(=O)C,30086-02-3,5.535,1.128,0.9646890690787372,low-fidelity RED
"1,5-Octadien-3-One",CC\C=C\CC(=O)C=C,65213-86-7,6.174,0.9074,0.801950746617273,low-fidelity RED
"(E,E)-2,6-Nonadien-1-Al",CC\C=C\CC\C=C\C=O,17587-33-6,5.568,1.027,0.9280355596635296,low-fidelity RED
Jasmin Lactone,CC\C=C\CC1CCCC(=O)O1,34686-71-0,7.322,1.276,0.9058835465996726,low-fidelity RED
Ethyl (Z)-4-Heptenoate,CC\C=C\CCC(=O)OCC,39924-27-1,7.099,0.9827,0.7802243267163622,low-fidelity RED
(E)-3-Hexen-1-Yl Acetate,CC\C=C\CCOC(=O)C,3681-82-1,6.975,0.95,0.7516648189186451,low-fidelity RED
Leaf Acetal,CC\C=C\CCOC(C)OCC,28069-74-1,6.0,1.106,0.8124038404635961,low-fidelity RED
Bean Hexene,CC\C=C\CCOC(CC)OC,97358-54-8,5.518,1.151,0.8124038404635961,low-fidelity RED
(Z)-3-Hexen-1-Yl Oxyacetaldehyde,CC\C=C\CCOCC=O,68133-72-2,5.825,1.096,0.8077747210701767,low-fidelity RED
Cis-1-Fluoro-1-Butene,CC\C=C\F,66675-34-1,4.799,0.9272,0.9766012492312304,low-fidelity RED
Dimethyl Acetylene,CC#CC,503-17-3,4.911,0.7913,0.8268917704270612,high-fidelity RED
2-Pentyne,CC#CCC,627-21-4,4.869,0.8693,0.6873863542433759,low-fidelity RED
2-Hexyne,CC#CCCC,764-35-2,5.191,0.8291,0.8678277478854891,low-fidelity RED
2-Heptyne,CC#CCCCC,1119-65-9,5.117,0.842,0.9852030247619018,low-fidelity RED
Tiglic Aldehyde,CC=C(C)C=O,1115-11-3,6.124,0.8384,0.7652613932506993,low-fidelity RED
1-Chloro-2-Methyl-Trans-2-Butene,CC=C(C)CCl,23009-73-6,5.088,0.8532,0.95,low-fidelity RED
1-Bromo Propene (Cis),CC=CBr,590-13-6,5.043,0.7605,0.5820223363411415,high-fidelity RED
Vinyl Crotonate,CC=CC(=O)OC=C,14861-06-4,5.963,0.9958,0.9374166629626338,high-fidelity RED
Isobutyl 2-Butenoate,CC=CC(=O)OCC(C)C,589-66-2,7.301,1.073,0.7877975628294365,low-fidelity RED
(E)-4-Hexen-1-Al,CC=CCCC=O,25166-87-4,6.237,0.964,0.7909646009778187,low-fidelity RED
Mandarine Undecenal,CC=CCCCCCCCC=O,143-14-6,6.459,1.061,0.8359126748650246,low-fidelity RED
5-Chloro-Cis-2-Pentene,CC=CCCCl,53543-44-5,4.945,1.051,0.9506576670915768,low-fidelity RED
Methyl 1-Propenyl Ether,CC=COC,7319-16-6,5.024,0.8237,0.46097722286464426,high-fidelity RED
Linalool Oxide (Pyranoid),CC1(C(CCC(O1)(C)C=C)O)C,14049-11-7,6.013,1.191,0.8860022573334677,low-fidelity RED
(E)-Linalool Oxide (Pyranoid),CC1(CC[C@@H]([C](O1)(C)C=C)O)C,39028-58-5,6.006,1.267,0.8860022573334677,low-fidelity RED
Linalool Oxide (Furanoid),CC1(CCC(O1)C(C)(C)O)C=C,60047-17-8,6.243,1.101,0.897566153550812,low-fidelity RED
Isobutyleneoxide,CC1(CO1)C,558-30-5,5.259,0.8446,0.5556527692723225,high-fidelity RED
β-Cyclocitral,CC1=C(C(CCC1)(C)C)C=O,432-25-7,5.547,1.322,0.9290452088031024,low-fidelity RED
β-Homocyclocitral,CC1=C(C(CCC1)(C)C)CC=O,472-66-2,6.29,1.304,0.9226321043622975,low-fidelity RED
"2,4,5-Trimethyl Oxazole",CC1=C(OC(=N1)C)C,20662-84-4,5.991,1.111,0.8396427811873339,low-fidelity RED
"2-Isobutyl-4,5-Dimethyl Oxazole",CC1=C(OC(=N1)CC(C)C)C,26131-91-9,6.623,1.2,0.8750000000000006,low-fidelity RED
Pseudo-Cyclocitral,CC1=CC(C(CC1)C=O)(C)C,1726-47-2,6.507,1.149,0.9357483636106458,low-fidelity RED
Trimethyl-3-Cyclopentenyl Acetonitrile,CC1=CCC(C1(C)C)CC#N,15373-31-6,6.717,1.342,0.8261355820929156,low-fidelity RED
Terpinyl Formate,CC1=CCC(CC1)C(C)(C)OC=O,2153-26-6,5.522,1.266,0.9874208829065757,low-fidelity RED
Peanut Oxazole,CC1C(=NC(O1)C)C,22694-96-8,6.42,1.247,0.6882949948968106,low-fidelity RED
(±)-Dihydromint Lactone,CC1C(=O)OC2CC(C)CCC12,92015-65-1,6.535,1.003,0.8806957476904277,low-fidelity RED
"2,4-Ivy Carbaldehyde",CC1C=C(CCC1C=O)C,68039-49-6,6.293,1.134,0.9347459547919955,low-fidelity RED
Wine Lactone,CC1C2CCC(=CC2OC1=O)C,57743-63-2,7.152,1.178,0.9676001240181817,low-fidelity RED
Tonkavert,CC1CC(CC(=C1)C)C#N,66848-40-6,6.208,1.146,0.8634958019585278,low-fidelity RED
"3,5-Ivy Carbaldehyde",CC1CC(CC(=C1)C)C=O,68737-61-1,6.015,1.079,0.935414346693485,low-fidelity RED
Saffron Pyranone,CC1CC(CC(=O)O1)(C)C,71566-51-3,7.618,1.054,0.7115124735378854,low-fidelity RED
Homomenthol,CC1CC(CC(C1)(C)C)O,116-02-9,6.275,1.044,0.9113863066779092,low-fidelity RED
"(Z+E)-2,5-Dimethyl-3-Tetrahydrofuran Thiol",CC1CC(S)C(C)O1,26486-21-5,5.509,1.079,0.8444672877027275,low-fidelity RED
"3,6-Ivy Carbaldehyde",CC1CC=C(CC1C=O)C,67801-65-4,6.137,1.093,0.935414346693485,low-fidelity RED
"5,6-Dimethyl Tetrahydropyran-2-One",CC1CCC(=O)OC1C,10413-18-0,7.342,1.094,0.7420411039827913,low-fidelity RED
Menthol,CC1CCC(C(C1)O)C(C)C,1490-04-6,6.316,1.162,0.966953980290686,low-fidelity RED
Menthyl Methyl Lactate,CC1CCC(C(C1)OC(=O)CC(C)O)C(C)C,108766-16-1,7.811,1.407,0.9965565713997379,low-fidelity RED
Laevo-Monomenthyl Glutarate,CC1CCC(C(C1)OC(=O)CCCC(=O)O)C(C)C,220621-22-7,7.568,1.389,0.9354143466934857,low-fidelity RED
Carvomenthol,CC1CCC(CC1O)C(C)C,499-69-4,7.003,1.091,0.966953980290686,low-fidelity RED
Tetrahydroionol,CC1CCCC(C1CCC(C)O)(C)C,4361-23-3,7.028,1.272,0.9646890690787369,low-fidelity RED
2-Methylpiperidine,CC1CCCCN1,109-05-7,5.24,1.084,0.9810708435174291,low-fidelity RED
3-Methyltetrahydrofuran,CC1CCOC1,13423-15-9,5.088,0.9323,0.6782329983125265,low-fidelity RED
Propylene Oxide,CC1CO1,75-56-9,5.848,0.8988,0.673145600891813,high-fidelity RED
Propylene Glycol Acetone Ketal,CC1COC(O1)(C)C,1193-11-9,5.822,0.9842,0.5640257086339242,low-fidelity RED
Propylene Acetal,CC1COC(O1)C,12/3/90 0:00,5.822,0.9958,0.5055937104039171,low-fidelity RED
Isobutyraldehyde Propylene Glycol Acetal,CC1COC(O1)C(C)C,67879-60-1,5.784,1.109,0.6805328794408102,low-fidelity RED
Isovaleraldehyde Propylene Glycol Acetal,CC1COC(O1)CC(C)C,18433-93-7,6.059,1.148,0.7733854149129012,low-fidelity RED
Hydroxycitronellal Propylene Glycol Acetal,CC1COC(O1)CC(C)CCCC(C)(C)O,93804-64-9,7.583,1.345,0.7420411039827912,low-fidelity RED
"2,4-Dimethyl-3-Oxazoline",CC1N=C(CO1)C,77311-02-5,6.548,1.091,0.9526279441628828,low-fidelity RED
"2,5-Dimethyltetrahydrofuran",CC1OC(C)CC1,1003-38-9,5.691,0.9126,0.7945124291035353,low-fidelity RED
Paraldehyde,CC1OC(C)OC(C)O1,123-63-7,5.447,0.8874,0.49117206760971277,high-fidelity RED
"2,3-Dimethyltetrahydrofuran",CC1OCCC1C,E14558,5.298,0.9847,0.7945124291035353,low-fidelity RED
2-Ethyl Croton Aldehyde,CCC(=CC)C=O,19780-25-7,6.183,0.9297,0.6562202374203352,high-fidelity RED
Homogeranyl Nitrile,CCC(=CCCC(=CC#N)C)C,61792-11-8,7.236,1.132,0.889170962188937,low-fidelity RED
Methyl Ethyl Ketoxime,CCC(=NO)C,96-29-7,5.673,0.908,0.6543126164151198,high-fidelity RED
Grapefruit Octenone,CCC(=O)C(C)CC=C(C)C,2550-11-0,6.243,0.9126,0.9490126448051152,low-fidelity RED
Ethyl Vinyl Ketone,CCC(=O)C=C,1629-58-9,5.784,0.8579,0.46165463281548513,low-fidelity RED
Propylene Glycol Dipropionate,CCC(=O)OCC(C)OC(=O)CC,10108-80-2,6.73,0.9365,0.6046693311223912,low-fidelity RED
Glyceryl Tripropanoate,CCC(=O)OCC(COC(=O)CC)OC(=O)CC,139-45-7,7.052,0.9529,0.6576473218982959,low-fidelity RED
(Z)-3-Octen-1-Yl Propionate,CCC(=O)OCC/C=C\CCCC,94134-03-9,6.147,1.068,0.9209370228196935,low-fidelity RED
Allyl Propionate,CCC(=O)OCC=C,2408-20-0,5.903,0.9918,0.5099019513592786,low-fidelity RED
Tetrahydrofurfuryl Propionate,CCC(=O)OCC1CCCO1,637-65-0,5.101,1.071,0.7640353394968062,low-fidelity RED
Ethyl 2-Ethyl Acetoacetate,CCC(C(=O)C)C(=O)OCC,607-97-6,6.8,0.8828,0.5700877125495697,low-fidelity RED
Methyl 2-(Methyl Thio) Butyrate,CCC(C(=O)OC)SC,51534-66-8,6.751,0.9196,0.9330728803260764,low-fidelity RED
"N-Ethyl-2,2-Diisopropyl Butanamide",CCC(C(C)C)(C(C)C)C(=O)NCC,51115-70-9,6.58,1.052,0.8721381771256208,low-fidelity RED
3-Mercapto-2-Methyl Pentanal,CCC(C(C)C=O)S,227456-28-2,5.856,0.9629,0.9144670579085947,low-fidelity RED
4-Methyl-3-Hexanone,CCC(C(C)CC)=O,17042-16-9,6.529,0.769,0.7335700375560605,low-fidelity RED
"3,4,4-Trimethyl-1-Hexanol",CCC(C)(C)C(C)CCO,66793-73-5,7.17,1.052,0.8591420138719791,low-fidelity RED
4-Mercapto-4-Methyl-2-Hexanone,CCC(C)(CC(=O)C)S,NF002,6.334,0.7941,0.8246211251235327,low-fidelity RED
3-Methyl-3-Hexanol,CCC(C)(O)CCC,597-96-6,6.14,0.873,0.962094070244693,low-fidelity RED
Methyl 3-Methyl-2-Oxovalerate,CCC(C)C(=O)C(=O)OC,3682-42-6,5.995,0.9281,0.6446898479113811,low-fidelity RED
Filbert Heptenone,CCC(C)C(=O)C=CC,81925-81-7,6.505,0.9997,0.8961724164467465,low-fidelity RED
Methyl 2-Methyl Butyrate,CCC(C)C(=O)OC,868-57-5,6.862,0.8558,0.5373546315051168,low-fidelity RED
Isopropyl 2-Methyl Butyrate,CCC(C)C(=O)OC(C)C,66576-71-4,7.032,0.9702,0.8536685539481936,low-fidelity RED
Ethyl-2-Methyl Butyrate,CCC(C)C(=O)OCC,7452-79-1,6.828,0.8099,0.6408002808988148,low-fidelity RED
Isobutyl 2-Methyl Butyrate,CCC(C)C(=O)OCC(C)C,2445-67-2,7.217,0.8802,0.95524865872714,low-fidelity RED
2-Amino-3-Methylpentane,CCC(C)C(C)N,35399-81-6,6.442,0.8298,0.8143248737451165,low-fidelity RED
4-Methyl-3-Hexanol,CCC(C)C(O)CC,615-29-2,6.593,0.8839,0.9630680142129109,low-fidelity RED
3-Methyl-4-Heptanol,CCC(C)C(O)CCC,1838-73-9,6.55,0.9307,0.906228448019593,low-fidelity RED
5-Methyl-3-Heptanone,CCC(C)CC(=O)CC,541-85-5,6.662,1.004,0.817389136213591,low-fidelity RED
"4,6-Dimethyl-1-Octanol",CCC(C)CC(C)CCCO,66719-33-3,7.87,0.8679,0.8645808232895293,low-fidelity RED
"2,6-Dimethyl Octanal",CCC(C)CCCC(C)C=O,7/9/79 0:00,6.302,1.062,0.8881159834165808,low-fidelity RED
"2,6-Dimethyl-1-Octanol",CCC(C)CCCC(C)CO,62417-08-7,7.214,0.9422,0.8645808232895293,low-fidelity RED
6-Methyl Octanal,CCC(C)CCCCC=O,30689-75-9,6.374,1.089,0.8085480814398117,low-fidelity RED
6-Methyl-1-Octanol,CCC(C)CCCCCO,38514-05-5,7.951,1.011,0.9222933372848359,low-fidelity RED
5-Methyl-1-Heptanol,CCC(C)CCCCO,7212-53-5,8.008,0.9834,0.9384162189561732,low-fidelity RED
2-Methylbutylamine,CCC(C)CN,96-15-1,5.824,0.8267,0.6619101147436862,low-fidelity RED
2-Methyl Butyl Isobutyrate,CCC(C)COC(=O)C(C)C,2445-69-4,7.188,1.011,0.9307255234493143,low-fidelity RED
2-Methylbutanenitrile,CCC(C#N)C,18936-17-9,5.992,0.8676,0.7968688725254615,low-fidelity RED
3-(5-Methyl-2-Furyl) Butanal,CCC(C=O)C1=CC=C(O1)C,31704-80-0,7.029,1.06,0.9334077351297239,low-fidelity RED
2-Ethylbutanal,CCC(C=O)CC,97-96-1,5.821,0.9412,0.3716517186829629,low-fidelity RED
Ethyl 2-Ethyl Butyrate,CCC(CC)C(=O)OCC,2983-38-2,6.723,0.9283,0.6680194607943695,low-fidelity RED
Allyl 2-Ethyl Butyrate,CCC(CC)C(=O)OCC=C,7493-69-8,6.699,1.034,0.7862092596758196,low-fidelity RED
2-Ethyl Butyl Acetate,CCC(CC)COC(=O)C,10031-87-5,7.685,0.8566,0.6786935980249116,low-fidelity RED
3-Hexanone,CCC(CCC)=O,589-38-8,6.535,0.8632,0.49497474683058346,low-fidelity RED
2-Ethyl Hexyl Acrylate,CCC(CCCC)COC(C=C)=O,103-11-7,7.513,1.004,0.8127884103504429,high-fidelity RED
Ethyl Amyl Ketone,CCC(CCCCC)=O,106-68-3,7.071,0.8603,0.754983443527075,high-fidelity RED
3-Nonanone,CCC(CCCCCC)=O,925-78-0,7.015,0.8584,0.7619875327064086,low-fidelity RED
"1,1-Dichloropropane",CCC(Cl)Cl,78-99-9,5.092,0.8736,0.8280247580839604,high-fidelity RED
2-Nitrobutyl Acrylate,CCC(COC(=O)C=C)N(=O)=O,5390-54-5,6.574,1.163,0.44229515032385375,low-fidelity RED
Amber Butanol,CCC(COC1CCCCC1C(C)(C)C)O,139504-68-0,6.647,1.277,0.877852493303972,low-fidelity RED
"1,2-Difluorobutane",CCC(F)CF,686-65-7,5.077,0.9582,0.8634958019585273,low-fidelity RED
"3,4-Dimethyl-3-Hexanol",CCC(O)(C)C(C)CC,19550-08-4,6.545,0.9407,0.9688911187538051,low-fidelity RED
3-Ethyl-3-Pentanol,CCC(O)(CC)CC,597-49-9,5.893,0.8216,0.8881159834165807,low-fidelity RED
3-Ethyl-3-Hexanol,CCC(O)(CC)CCC,597-76-2,5.808,0.9027,0.9100137361600649,low-fidelity RED
4-Methyl-3-Heptanol,CCC(O)C(C)CCC,14979-39-6,6.176,0.9689,0.9340770846134704,low-fidelity RED
4-Ethyl-3-Hexanol,CCC(O)C(CC)CC,19780-44-0,6.442,0.8745,0.9250000000000002,low-fidelity RED
5-Methyl-3-Hexanol,CCC(O)CC(C)C,623-55-2,6.185,0.9918,0.9516433155337141,low-fidelity RED
5-Methyl-3-Heptanol,CCC(O)CC(C)CC,18720-65-5,6.412,0.9097,0.8835298523536147,low-fidelity RED
3-Nonanol,CCC(O)CCCCCC,624-51-1,6.498,1.001,0.9236476600955582,low-fidelity RED
3-Decanol,CCC(O)CCCCCCC,1565-81-7,6.498,1.001,0.829533001151853,low-fidelity RED
Isobutyl Propanoate,CCC(OCC(C)C)=O,540-42-1,6.553,0.916,0.5505678886386312,low-fidelity RED
Isoamyl Propionate,CCC(OCCC(C)C)=O,105-68-0,6.232,0.9193,0.33726843908080095,high-fidelity RED
3-Pentanethiol,CCC(S)CC,616-31-9,5.942,0.7959,0.7420411039827921,low-fidelity RED
Methyl (Z)-4-Octenoate,CCC\C=C/CCC(=O)OC,21063-71-8,6.64,0.8877,0.8492643875731513,low-fidelity RED
Ethyl (Z)-4-Octenoate,CCC\C=C/CCC(=O)OCC,34495-71-1,6.959,0.9461,0.8849435010213933,low-fidelity RED
3-Hepten-2-One,CCC\C=C\C(=O)C,1119-44-4,5.518,0.9665,0.7386643351347082,low-fidelity RED
(E)-2-Hexen-1-Al Dimethyl Acetal,CCC\C=C\C(OC)OC,18318-83-7,5.616,0.9675,0.7524958471646207,low-fidelity RED
(E)-2-Hexen-1-Al Propylene Glycol Acetal,CCC\C=C\C1OCC(O1)C,94089-21-1,5.174,1.241,0.9727538229171867,low-fidelity RED
(E)-5-Nonen-2-One,CCC\C=C\CCC(=O)C,27039-84-5,6.425,0.9365,0.8189169677079603,low-fidelity RED
Ethyl (E)-4-Octenoate,CCC\C=C\CCC(=O)OCC,1732-00-9,6.959,0.9461,0.8849435010213933,low-fidelity RED
(E)-3-Hepten-1-Yl Acetate,CCC\C=C\CCOC(=O)C,1576-77-8,6.836,0.8899,0.8492643875731513,low-fidelity RED
(E)-2-Hexen-1-Yl Butyrate,CCC\C=C\COC(=O)CCC,53398-83-7,7.177,1.104,0.9476945710512437,low-fidelity RED
(E)-2-Hexen-1-Yl Formate,CCC\C=C\COC=O,53398-78-0,5.891,1.02,0.648556088553642,low-fidelity RED
3-Hexyne,CCC#CCC,928-49-4,4.969,0.7513,0.82196411113868,low-fidelity RED
3-Heptyne,CCC#CCCC,2586-89-2,5.193,0.9049,0.9874208829065749,low-fidelity RED
Ethyl 2-Pentenoate,CCC=CC(=O)OCC,2445-93-4,6.941,1.131,0.665676347784718,low-fidelity RED
Trans-2-Penten-1-Al,CCC=CC=O,764-39-6,5.493,1.004,0.8295330011518532,low-fidelity RED
Ethyl 3-Hexenoate,CCC=CCC(=O)OCC,2396-83-0,6.575,0.9404,0.7145802963978232,low-fidelity RED
3-Hexen-1-Al,CCC=CCC=O,4440-65-7,5.541,1.005,0.726722092687432,low-fidelity RED
"(E,Z)-2,6-Nonadien-1-Al",CCC=CCCC=CC=O,26370-28-5,5.568,1.027,0.9280355596635296,low-fidelity RED
8-Undecen-1-Al,CCC=CCCCCCCC=O,58296-81-4,6.036,1.04,0.8127884103504427,low-fidelity RED
3-Hexen-1-Yl Isovalerate,CCC=CCCOC(=O)CC(C)C,10032-11-8,6.595,1.137,0.9532837982468814,low-fidelity RED
3-Hexen-1-Yl Formate,CCC=CCCOC=O,9/5/15 0:00,5.985,1.037,0.6254998001598399,low-fidelity RED
"2,5-Dimethyl-4-Ethyl Oxazole",CCC1=C(OC(=N1)C)C,30408-61-8,6.603,1.038,0.7541551564499182,low-fidelity RED
2-Ethyl-5-Methyl Furan,CCC1=CC=C(O1)C,1703-52-2,6.454,1.023,0.9762812094883317,low-fidelity RED
2-Ethylfuran,CCC1=CC=CO1,3208-16-0,6.766,1.035,0.9861541461658013,low-fidelity RED
3-Ethylfuran,CCC1=COC=C1,67363-95-5,6.346,1.125,0.9861541461658013,low-fidelity RED
"2-Ethyl-4,5-Dimethyl Oxazole",CCC1=NC(=C(O1)C)C,53833-30-0,6.088,1.22,0.7541551564499182,low-fidelity RED
"2,5-Diethyl Tetrahydrofuran",CCC1CCC(O1)CC,41239-48-9,5.24,0.9286,0.9861541461658012,low-fidelity RED
Delta-Heptalactone,CCC1CCCC(=O)O1,3301-90-4,7.287,1.082,0.9490126448051158,low-fidelity RED
Butyleneoxide,CCC1CO1,106-88-7,5.792,0.911,0.5528336096874003,high-fidelity RED
2-Hepten-4-One,CCCC(=O)C=CC,4643-25-8,6.385,0.9266,0.7386643351347082,low-fidelity RED
Ethyl 3-Oxohexanoate,CCCC(=O)CC(=O)OCC,3249-68-1,6.945,1.038,0.711512473537885,low-fidelity RED
4-Nonanone,CCCC(=O)CCCCC,4485-09-0,7.085,0.8622,0.7553972464869066,low-fidelity RED
Acetoin Butyrate,CCCC(=O)OC(C)C(=O)C,84642-61-5,6.734,1.069,0.6964194138592064,low-fidelity RED
Ethyl Butyryl Lactate,CCCC(=O)OC(C)C(=O)OCC,71662-27-6,7.252,1.063,0.6284902544988267,low-fidelity RED
2-Methyl Allyl Butyrate,CCCC(=O)OCC(=C)C,7149-29-3,6.709,0.9848,0.7301540933255118,low-fidelity RED
Propylene Glycol Dibutyrate,CCCC(=O)OCC(C)OC(=O)CCC,50980-84-2,7.608,1.034,0.7267220926874316,low-fidelity RED
Allyl Butyrate,CCCC(=O)OCC=C,2051-78-7,6.853,1.051,0.6254998001598403,low-fidelity RED
Prenyl Butyrate,CCCC(=O)OCC=C(C)C,71820-56-9,7.099,1.061,0.8891709621889367,low-fidelity RED
Furfuryl Butyrate,CCCC(=O)OCC1=CC=CO1,623-21-2,8.124,1.11,0.9340770846134705,low-fidelity RED
Tetrahydrofurfuryl Butyrate,CCCC(=O)OCC1CCCO1,2217-33-6,6.041,1.121,0.7356969484781091,low-fidelity RED
Methionyl Butyrate,CCCC(=O)OCCCSC,16630-60-7,7.377,1.065,0.8947765084086636,low-fidelity RED
Methyl Thiomethyl Butyrate,CCCC(=O)OCSC,74758-93-3,7.055,0.9813,0.9775607398008586,low-fidelity RED
Amyl Acetoacetate,CCCC(C(=O)C)C(=O)OCC,1540-28-9,6.556,0.8671,0.5836308764964383,low-fidelity RED
Methyl 2-Methyl Valerate,CCCC(C)C(=O)OC,2177-77-7,6.455,0.8707,0.6388466169590321,low-fidelity RED
Ethyl-2-Methyl Pentanoate,CCCC(C)C(=O)OCC,39255-32-8,6.563,0.809,0.7180703308172535,low-fidelity RED
"4,5-Dimethyl-1-Octanol",CCCC(C)C(C)CCCO,66719-32-2,7.397,0.9341,0.9089829481348921,low-fidelity RED
2-Methylpentanal,CCCC(C)C=O,123-15-9,5.484,0.9144,0.4077376607575029,low-fidelity RED
1-Methylbutyl Butanoate,CCCC(C)OC(=O)CCC,60415-61-4,6.793,1.008,0.890575656527844,low-fidelity RED
Methyl R-3-Acetoxyhexanoate,CCCC(CC(=O)OC)OC(=O)C,77118-93-5,6.744,1.042,0.6819090848492932,low-fidelity RED
Ethyl 3-Acetoxyhexanoate,CCCC(CC(=O)OCC)OC(=O)C,21188-61-4,6.993,1.046,0.6446898479113813,low-fidelity RED
3-Ethyl-1-Hexanol,CCCC(CC)CCO,41065-95-6,7.268,0.9162,0.9940447676035523,low-fidelity RED
3-(Methyl Thio) Hexanal,CCCC(CC=O)SC,38433-74-8,5.154,0.923,0.9737171047075234,low-fidelity RED
7-Methyl-4-Octanol,CCCC(CCC(C)C)O,33933-77-6,5.761,0.9077,0.8649421946003099,low-fidelity RED
Dipropyl Ketone ,CCCC(CCC)=O,123-19-3,6.54,0.8186,0.5202163011671207,high-fidelity RED
Ethyl 5-Acetoxyoctanoate,CCCC(CCCC(=O)OCC)OC(=O)C,35234-25-4,7.777,1.074,0.661910114743687,low-fidelity RED
3-Mercaptohexyl Acetate,CCCC(CCOC(=O)C)S,136954-20-6,6.64,0.8978,0.8381527307120111,low-fidelity RED
Lychee Mercaptan Acetate,CCCC(CCOC(=O)C)SC,51755-85-2,6.515,0.9505,0.9552486587271406,low-fidelity RED
3-Mercaptohexyl Butyrate,CCCC(CCOC(=O)CCC)S,136954-21-7,6.847,1.058,0.8003905296791071,low-fidelity RED
4-Methyl-4-Heptanol,CCCC(O)(C)CCC,598-01-6,5.948,0.8057,0.9943590900675675,low-fidelity RED
4-Octanol,CCCC(O)CCCC,589-62-8,6.675,0.9479,0.9940447676035522,low-fidelity RED
4-Nonanol,CCCC(O)CCCCC,5932-79-6,6.732,0.9493,0.9542667341996157,low-fidelity RED
4-Decanol,CCCC(O)CCCCCC,2051-31-2,6.677,0.9566,0.8860022573334676,low-fidelity RED
Isopropyl Butanoate,CCCC(OC(C)C)=O,638-11-9,6.85,0.904,0.6269968101992227,low-fidelity RED
Ethyl Butyrate,CCCC(OCC)=O,105-54-4,6.891,0.8382,0.26220221204253813,high-fidelity RED
"1,1-Diethoxy Butane",CCCC(OCC)OCC,3658-95-5,5.054,0.8969,0.41907636535600534,high-fidelity RED
3-Methylbutyl Butanoate,CCCC(OCCC(C)C)=O,106-27-4,7.175,0.9807,0.8215838362577492,low-fidelity RED
Propyl Butanoate,CCCC(OCCC)=O,105-66-8,7.103,0.9459,0.6020797289396151,low-fidelity RED
"2,3-Epoxyheptanal",CCCC[C@@H]1[C@H](O1)C=O,58936-30-4,5.948,1.206,0.8143248737451164,low-fidelity RED
2-Ethyl-2-Heptenal,CCCC\C=C(\CC)C=O,10031-88-6,6.138,0.9968,0.6964194138592066,low-fidelity RED
Ethyl (Z)-3-Octenoate,CCCC\C=C/CC(=O)OCC,69668-87-7,6.727,1.019,0.8806957476904272,low-fidelity RED
Bovolide,CCCC\C=C\1/C(=C(C(=O)O1)C)C,774-64-1,7.486,1.355,0.8750000000000001,low-fidelity RED
(E)-4-Nonen-1-Al,CCCC\C=C\C=C\C=O,5910-87-2,5.499,1.145,0.9330728803260765,low-fidelity RED
Ethyl (E)-3-Octenoate,CCCC\C=C\CC(=O)OCC,26553-47-9,6.727,1.019,0.8806957476904272,low-fidelity RED
(E)-4-Nonen-1-Al,CCCC\C=C\CCC=O,2277-16-9,5.861,0.9752,0.7198090024443988,low-fidelity RED
(E)-2-Hepten-1-Yl Acetate,CCCC\C=C\COC(=O)C,16939-73-4,7.012,1.073,0.890224690738243,low-fidelity RED
4-Octen-3-One,CCCC=CC(=O)CC,14129-48-7,5.778,0.955,0.7689278249614847,low-fidelity RED
Methyl 3-Hexenoate,CCCC=CC(=O)OC,2396-78-3,6.235,0.9743,0.7499999999999997,low-fidelity RED
Ethyl (E)-2-Hexenoate,CCCC=CC(=O)OCC,1552-67-6,6.875,1.077,0.7750000000000005,low-fidelity RED
(E)-2-Hexen-1-Al Diethyl Acetal,CCCC=CC(OCC)OCC,54306-00-2,5.857,0.996,0.8852965604812889,low-fidelity RED
"2,4-Octadien-1-Al",CCCC=CC=CC=O,5577-44-6,5.307,1.072,0.921954445729289,low-fidelity RED
2-Hexen-1-Al,CCCC=CC=O,505-57-7,5.422,0.9496,0.6950719387228925,low-fidelity RED
2-Hexen-1-Yl Acetate,CCCC=CCOC(=O)C,10094-40-3,6.825,1.004,0.800780868902348,low-fidelity RED
2-Propyl Furan,CCCC1=CC=CO1,4229-91-8,6.246,0.9983,0.9978101021737559,low-fidelity RED
"4,5-Dimethyl-2-Propyl Oxazole",CCCC1=NC(=C(O1)C)C,53833-32-2,6.014,1.082,0.8127884103504427,low-fidelity RED
5-Propyl Furan-2(5H)-One,CCCC1C=CC(=O)O1,57681-53-5,7.137,1.074,0.9503288904374114,low-fidelity RED
γ-Heptalactone,CCCC1CCC(=O)O1,105-21-5,6.996,1.116,0.8605957239029257,low-fidelity RED
Delta-Octalactone,CCCC1CCCC(=O)O1,698-76-0,7.144,1.227,0.7454025757937786,low-fidelity RED
2-Octen-4-One,CCCCC(=O)\C=C\C,4643-27-0,6.844,0.9613,0.8370334521391612,low-fidelity RED
2-Methyl-3-Heptanone,CCCCC(=O)C(C)C,13019-20-0,7.053,0.8319,0.7968688725254616,low-fidelity RED
Isopropyl Valerate,CCCCC(=O)OC(C)C,18362-97-5,7.191,0.8531,0.7180703308172535,low-fidelity RED
Allyl Valerate,CCCCC(=O)OCC=C,6321-45-5,7.197,1.036,0.7215434844830912,low-fidelity RED
Furfuryl Valerate,CCCCC(=O)OCC1=CC=CO1,36701-01-6,8.463,1.106,0.9493418773023765,low-fidelity RED
Ethyl 2-Acetyl Hexanoate,CCCCC(C(=O)C)C(=O)OCC,1540-29-0,6.958,0.8645,0.6209871174187107,low-fidelity RED
2-Hexyl Acetate,CCCCC(C)OC(=O)C,5953-49-1,7.207,1.022,0.7318640584152226,low-fidelity RED
2-Hexyl Butyrate,CCCCC(C)OC(=O)CCC,6963-52-6,7.33,1.104,0.9503288904374108,low-fidelity RED
Orris Capronate,CCCCC(CC)C(=O)OCC,2983-37-1,6.806,1.042,0.8696263565463044,low-fidelity RED
3-Ethyl-2-Heptanol,CCCCC(CC)C(C)O,19780-39-3,6.704,0.8856,0.9513148795220224,low-fidelity RED
2-Ethylhexanal,CCCCC(CC)C=O,123-05-7,6.052,1.02,0.5350233639758178,low-fidelity RED
Green Dioxolane,CCCCC(CC)C1OCCO1,4359-47-1,5.633,1.115,0.8440971508067067,low-fidelity RED
3-Ethyl Heptanal,CCCCC(CC)CC=O,2570-97-0,6.419,0.8451,0.604152298679729,low-fidelity RED
4-Ethyl Octanoic Acid,CCCCC(CC)CCC(=O)O,16493-80-4,7.104,1.004,0.99498743710662,low-fidelity RED
(±)-4-Ethyl Octanal,CCCCC(CC)CCC=O,58475-04-0,6.802,1.019,0.6786935980249117,low-fidelity RED
Diethylhexyl Phthalate (Dioctyl Phthalate),CCCCC(CC)COC(=O)c1ccccc1C(=O)OCC(CC)CCCC,117-81-7,8.387,1.097,0.9813893213195268,high-fidelity RED
Di-(2-Ethylhexyl)Azelate,CCCCC(CC)COC(=O)CCCCCCCC(=O)OCC(CC)CCCC,103-24-2,8.141,1.002,0.9100137361600648,high-fidelity RED
2-Ethyl Hexyl 3-Mercaptopropionate,CCCCC(CC)COC(=O)CCS,50448-95-8,8.071,0.9917,0.8385254915624212,low-fidelity RED
Vinyl 2-Ethylhexyl Ether,CCCCC(CC)COC=C,103-44-6,6.012,1.126,0.7976528066771909,high-fidelity RED
Ektasolve Eeh,CCCCC(CC)COCCO,1559-35-9,8.049,0.9276,0.588430114796991,low-fidelity RED
3-Heptyl Acetate,CCCCC(CC)OC(=O)C,5921-83-5,7.462,1.033,0.8295330011518531,low-fidelity RED
(±)-3-(Methyl Thio) Heptanal,CCCCC(CC=O)SC,51755-70-5,5.907,0.9534,0.921954445729289,low-fidelity RED
Dibutyl Ketone,CCCCC(CCCC)=O,502-56-7,6.826,0.7848,0.6523994175349948,high-fidelity RED
3-Mercaptoheptyl Acetate,CCCCC(CCOC(=O)C)S,548774-80-7,7.15,0.9098,0.8591420138719797,low-fidelity RED
"2,2-Dimethyl-3-Heptanol",CCCCC(O)C(C)(C)C,19549-70-3,6.66,0.8713,0.948024261292927,low-fidelity RED
5-Nonanol,CCCCC(O)CCCC,623-93-8,6.846,0.9228,0.9542667341996157,low-fidelity RED
5-Decanol,CCCCC(O)CCCCC,5205-34-5,6.953,0.9613,0.9222933372848363,low-fidelity RED
Methyl Pentanoate,CCCCC(OC)=O,624-24-8,6.92,0.7777,0.5105144464165537,low-fidelity RED
"Pentanoic Acid, Ethyl Ester",CCCCC(OCC)=O,539-82-2,7.235,0.8443,0.5414101956926932,low-fidelity RED
Valeraldehyde Diethyl Acetal,CCCCC(OCC)OCC,3658-79-5,5.727,0.9228,0.7403546447480424,low-fidelity RED
Epoxy-2-Decenal,CCCCC[C@H]1[C@H](O1)\C=C\C=O,134454-31-2,5.811,1.187,0.8492643875731521,low-fidelity RED
(E)-2-Methyl-2-Octen-1-Al,CCCCC\C=C(/C)\C=O,49576-57-0,6.779,1.026,0.764852927038918,low-fidelity RED
"(E,Z)-2,4-Decadien-1-Al",CCCCC\C=C/C=C/C=O,25152-83-4,5.69,1.119,0.9503288904374109,low-fidelity RED
(Z)-2-Octen-1-Al,CCCCC\C=C/C=O,20664-46-4,5.806,1.001,0.6800735254367725,low-fidelity RED
"(E,Z)-2,6-Dodecadien-1-Al",CCCCC\C=C/CC\C=C\C=O,21662-13-5,5.808,1.007,0.959492053119774,low-fidelity RED
Methyl (Z)-4-Decenoate,CCCCC\C=C/CCC(=O)OC,7367-83-1,7.02,0.8684,0.9698582370635414,low-fidelity RED
(Z)-4-Decen-1-Al Diethyl Acetal,CCCCC\C=C/CCC(OCC)OCC,73545-19-4,5.672,1.051,0.9877373132569207,low-fidelity RED
(Z)-8-Tetradecen-1-Al,CCCCC\C=C/CCCCCCC=O,169054-69-7,5.997,0.9232,0.9182183836103476,low-fidelity RED
(Z)-4-Decen-1-Yl Acetate,CCCCC\C=C/CCCOC(=O)C,67452-27-1,7.256,0.9401,0.959817691022623,low-fidelity RED
(E)-3-Nonen-2-One,CCCCC\C=C\C(=O)C,18402-83-0,5.903,1.012,0.8721381771256213,low-fidelity RED
Ethyl (E)-2-Octenoate,CCCCC\C=C\C(=O)OCC,7367-82-0,7.25,1.124,0.8806957476904272,low-fidelity RED
"3,6-Dodecadien-1-Al",CCCCC\C=C\C\C=C\CC=O,115422-60-1,5.718,1.11,0.9581883948368396,low-fidelity RED
"Isobutyl (E,E)-2,4-Decadienamide",CCCCC\C=C\C=C\C(=O)NCC(C)C,18836-52-7,6.646,1.141,0.979157801378308,low-fidelity RED
Methyl (E)-3-Nonenoate,CCCCC\C=C\CC(=O)OC,36781-67-6,6.372,0.9499,0.9313968005098582,low-fidelity RED
Ethyl (E)-4-Decenoate,CCCCC\C=C\CCC(=O)OCC,76649-16-6,7.335,0.9662,0.9663074045043847,low-fidelity RED
(E)-2-Octen-1-Yl Acetate,CCCCC\C=C\COC(=O)C,2371-13-3,7.201,1.017,0.9313968005098582,low-fidelity RED
3-Octen-2-One,CCCCC=CC(=O)C,1669-44-9,5.712,1.051,0.8370334521391612,low-fidelity RED
Ethyl 2-Heptenoate,CCCCC=CC(=O)OCC,54340-72-6,7.062,1.154,0.8325412902673359,low-fidelity RED
"2,4-Nonadien-1-Al",CCCCC=CC=CC=O,3/4/50 0:00,5.499,1.145,0.9330728803260765,low-fidelity RED
(E)-2-Hepten-1-Al,CCCCC=CC=O,2463-63-0,5.615,1.028,0.6694213919497946,low-fidelity RED
Pentanal (Valeraldehyde),CCCCC=O,110-62-3,5.853,0.8666,0.8624094155330172,high-fidelity RED
Epsilon-Decalactone,CCCCC1CCCCC(=O)O1,5579-78-2,7.176,1.249,0.9384162189561731,low-fidelity RED
Jasmin Pyranol,CCCCC1COCC(C1OC(=O)C)C,38285-49-3 ,7.49,1.316,0.9513148795220225,low-fidelity RED
Valeraldehyde Propylene Glycol Acetal,CCCCC1OCC(O1)C,74094-60-3,5.95,1.144,0.7145802963978232,low-fidelity RED
2-Pentyl-1-Buten-3-One,CCCCCC(=C)C(=O)C,63759-55-7,6.617,1.005,0.827647267862343,low-fidelity RED
(E)-2-Nonen-4-One,CCCCCC(=O)\C=C\C,27743-70-0,7.093,0.9765,0.8721381771256213,low-fidelity RED
"2,3-Octane Dione",CCCCCC(=O)C(=O)C,585-25-1,7.378,0.8822,0.9420721840708387,low-fidelity RED
Methyl Nonane Dione,CCCCCC(=O)C(C)C(=O)C,113486-29-6,7.211,0.8054,0.8143248737451175,low-fidelity RED
1-Octen-3-One,CCCCCC(=O)C=C,4312-99-6,7.06,0.9245,0.7254309064273454,low-fidelity RED
Ethyl 5-Oxodecanoate,CCCCCC(=O)CCCC(=O)OCC,93919-00-7,7.586,0.9135,0.590021186060298,low-fidelity RED
Isopropyl Hexanoate,CCCCCC(=O)OC(C)C,2311-46-8,7.437,0.8267,0.797260935955099,low-fidelity RED
(Z)-2-Penten-1-Yl Hexanoate,CCCCCC(=O)OC\C=C/CC,74298-89-8,7.665,1.088,0.9246621004453468,low-fidelity RED
Isobutyl Isohexanoate,CCCCCC(=O)OCC(C)C,105-79-3,8.083,0.9724,0.890575656527844,low-fidelity RED
Propylene Glycol Dihexanoate,CCCCCC(=O)OCC(C)OC(=O)CCCCC,50343-36-7,8.192,1.012,0.8881159834165809,low-fidelity RED
(Z)-3-Hexen-1-Yl Hexanoate,CCCCCC(=O)OCC\C=C/CC,31501-11-8,7.633,1.045,0.9663074045043847,low-fidelity RED
(E)-3-Hexen-1-Yl Hexanoate,CCCCCC(=O)OCC\C=C\CC,56922-82-8,7.633,1.045,0.9663074045043847,low-fidelity RED
Allyl Caproate,CCCCCC(=O)OCC=C,123-68-2,7.444,1.034,0.7897784499465662,low-fidelity RED
Prenyl Hexanoate,CCCCCC(=O)OCC=C(C)C,76649-22-4,7.688,1.063,0.9804335775563786,low-fidelity RED
Furfuryl Hexanoate,CCCCCC(=O)OCC1=CC=CO1,39252-02-3,8.706,1.108,0.9222933372848354,low-fidelity RED
Isoamyl Hexanoate,CCCCCC(=O)OCCC(C)C,2198-61-0,7.76,0.9844,0.9222933372848361,low-fidelity RED
3-Mercaptohexyl Hexanoate,CCCCCC(=O)OCCC(CCC)S,136954-22-8,7.437,1.071,0.8933784192602818,low-fidelity RED
Butyl Hexanoate,CCCCCC(=O)OCCCC,626-82-4,7.72,0.9339,0.8602325267042628,low-fidelity RED
Amyl Hexanoate,CCCCCC(=O)OCCCCC,540-07-8,7.678,0.9145,0.9222933372848363,low-fidelity RED
(Methyl Thio) Methyl Hexanoate,CCCCCC(=O)OCSC,74758-91-1,7.647,0.9776,0.9598176910226236,low-fidelity RED
2-Methyl-3-Octanol,CCCCCC(C(C)C)O,26533-34-6,6.764,0.8466,0.8591420138719792,low-fidelity RED
sec-Heptyl Acetate,CCCCCC(C)OC(=O)C,5921-82-4,7.263,1.009,0.8370334521391605,low-fidelity RED
2-Heptyl Butyrate,CCCCCC(C)OC(=O)CCC,39026-94-3,7.386,1.1,0.9918417212438688,low-fidelity RED
2-Heptane Thiol,CCCCCC(C)S,628-00-2,5.702,0.8815,0.9813893213195258,low-fidelity RED
1-Octen-3-Yl Acetate,CCCCCC(C=C)OC(=O)C,10/6/42 0:00,7.338,1.082,0.9307255234493143,low-fidelity RED
Methyl 3-Acetoxyoctanoate,CCCCCC(CC(=O)OC)OC(=O)C,35234-21-0,7.308,1.073,0.7717674520216563,low-fidelity RED
Ethyl 3-Acetoxyoctanoate,CCCCCC(CC(=O)OCC)OC(=O)C,85554-66-1,7.555,1.081,0.725,low-fidelity RED
3-Octyl Acetate,CCCCCC(CC)OC(=O)C,4864-61-3,7.518,1.038,0.868187767709267,low-fidelity RED
6-Undecanone,CCCCCC(CCCCC)=O,927-49-1,7.077,0.8089,0.9400797838481588,low-fidelity RED
"Hexanoic Acid, Methyl Ester",CCCCCC(OC)=O,106-70-7,7.17,0.7595,0.6025985396596977,low-fidelity RED
Hexanal Dimethyl Acetal,CCCCCC(OC)OC,1599-47-9,5.744,0.9215,0.6229967897188556,low-fidelity RED
Ethyl Capronate,CCCCCC(OCC)=O,123-66-0,7.483,0.8477,0.7420411039827914,high-fidelity RED
Hexanal Diethyl Acetal,CCCCCC(OCC)OCC,3658-93-3,5.784,0.9265,0.775,low-fidelity RED
"Hexanoic Acid, Propyl Ester",CCCCCC(OCCC)=O,626-77-7,7.694,0.9572,0.7717674520216568,low-fidelity RED
1-Nitrohexane,CCCCCC[N+]([O-])=O,646-14-0,5.385,0.9627,0.9737171047075225,low-fidelity RED
(Z)-2-Nonen-1-Al,CCCCCC\C=C/C=O,60784-31-8,5.752,0.9871,0.7198090024443988,low-fidelity RED
(Z)-3-Decen-1-Yl Acetate,CCCCCC\C=C/CCOC(=O)C,81634-99-3,7.153,0.8879,0.9775607398008573,low-fidelity RED
"(E,E)-2,4-Undecadien-1-Al",CCCCCC\C=C\C=C\C=O,30361-29-6,5.637,1.101,0.9374166629626333,low-fidelity RED
(E)-2-Nonen-1-Yl Acetate,CCCCCC\C=C\COC(=O)C,30418-89-4,7.143,1.003,0.9698582370635414,low-fidelity RED
Allyl Heptine Carbonate,CCCCCC#CC(=O)OCC=C,73157-43-4,6.474,1.1,0.6773108592072039,low-fidelity RED
2-Methyl-2-Octen-1-Al,CCCCCC=C(C)C=O,73757-27-4,6.779,1.026,0.764852927038918,low-fidelity RED
3-Nonen-2-One,CCCCCC=CC(=O)C,14309-57-0,5.903,1.012,0.8721381771256213,low-fidelity RED
Methyl Octenoate,CCCCCC=CC(=O)OC,2396-85-2,6.616,1.008,0.890224690738243,low-fidelity RED
Ethyl 2-Octenoate,CCCCCC=CC(=O)OCC,2351-90-8,7.25,1.124,0.8806957476904272,low-fidelity RED
"(E,E)-2,4-Decadien-1-Al",CCCCCC=CC=CC=O,2363-88-4,5.69,1.119,0.9503288904374109,low-fidelity RED
2-Octen-1-Al,CCCCCC=CC=O,2363-89-5,5.806,1.001,0.6800735254367725,low-fidelity RED
Methyl 3-Nonenoate,CCCCCC=CCC(=O)OC,13481-87-3,6.372,0.9499,0.9313968005098582,low-fidelity RED
4-Decen-1-Al,CCCCCC=CCCC=O,30390-50-2,6.052,0.941,0.7420411039827918,low-fidelity RED
Hexanal,CCCCCC=O,66-25-1,6.045,0.8799,0.6562202374203349,high-fidelity RED
"Acetaldehyde 1,3-Octane Diol Acetal",CCCCCC1CCOC(O1)C,202188-43-0,5.688,1.114,0.8440971508067067,low-fidelity RED
Herbal Pyran,CCCCCC1COCCC1OC(=O)C,18871-14-2,7.157,1.221,0.9182183836103479,low-fidelity RED
"Hexanal Butane-2,3-Diol Acetal",CCCCCC1OC(C(O1)C)C,155639-75-1,5.92,0.9769,0.9394147114027971,low-fidelity RED
Hexanal Propylene Glycol Acetal,CCCCCC1OCC(O1)C,1599-49-1,5.967,1.092,0.8003905296791061,low-fidelity RED
Isobutyl Heptanoate,CCCCCCC(=O)OCC(C)C,7779-80-8,8.026,0.9725,0.9450529085717901,low-fidelity RED
Allyl Heptanoate,CCCCCCC(=O)OCC=C,142-19-8,7.388,1.03,0.8291561975888505,low-fidelity RED
Furfuryl Heptanoate,CCCCCCC(=O)OCC1=CC=CO1,39481-28-2,8.648,1.111,0.883883476483185,low-fidelity RED
Propyl Heptanoate,CCCCCCC(=O)OCCC,7778-87-2,7.637,0.9587,0.8492643875731516,low-fidelity RED
Isoamyl Heptanoate,CCCCCCC(=O)OCCC(C)C,109-25-1,7.702,0.9854,0.9775607398008578,low-fidelity RED
Butyl Heptanoate,CCCCCCC(=O)OCCCC,5454-28-4,7.662,0.9379,0.9320675941153629,low-fidelity RED
Amyl Heptanoate,CCCCCCC(=O)OCCCCC,7493-82-5,7.62,0.9126,0.9617692030835677,low-fidelity RED
Jasmin Acetoacetate,CCCCCCC(C(=O)C)C(=O)OCC,29214-60-6,6.958,0.8895,0.6363961030678934,low-fidelity RED
2-Methyl Octanal,CCCCCCC(C)C=O,7786-29-0,6.071,0.9568,0.6519202405202652,low-fidelity RED
2-Octyl Acetate,CCCCCCC(C)OC(=O)C,2051-50-5,7.206,1.02,0.8806957476904269,low-fidelity RED
Nonan-3-Yl Acetate,CCCCCCC(CC)OC(=O)C,60826-15-5,7.461,1.049,0.9397473064606253,low-fidelity RED
Jasmin Acetate,CCCCCCC(CCOC(=O)C)O,1322-17-4,7.85,0.9931,0.9990620601344039,low-fidelity RED
"1,3-Nonane Diyl Diacetate",CCCCCCC(CCOC(=O)C)OC(=O)C,63270-14-4,7.894,0.9797,0.7794228634059952,low-fidelity RED
"Heptanoic Acid, Methyl Ester",CCCCCCC(OC)=O,106-73-0,7.114,0.7566,0.6446898479113815,low-fidelity RED
Heptanal Dimethyl Acetal,CCCCCCC(OC)OC,10032-05-0,5.689,0.9326,0.702228595259407,low-fidelity RED
"Heptanoic Acid, Ethyl Ester",CCCCCCC(OCC)=O,106-30-9,7.427,0.8468,0.7022285952594072,low-fidelity RED
Heptanal Diethyl Acetal,CCCCCCC(OCC)OCC,688-82-4,5.729,0.9367,0.8374067112222114,low-fidelity RED
"2,3-Epoxydecanal",CCCCCCC[C@@H]1[C@H](O1)C=O,102369-06-2,5.91,1.142,0.6637959023675883,low-fidelity RED
(Z)-4-Dodecen-1-Al,CCCCCCC\C=C/CCC=O,21944-98-9,5.997,0.9232,0.8219641111386801,low-fidelity RED
Methyl 2-Decenoate,CCCCCCC\C=C\C(=O)OC,2482-39-5,6.561,0.9941,0.926350365682445,low-fidelity RED
Ethyl (E)-2-Decenoate,CCCCCCC\C=C\C(=O)OCC,37486-72-9,7.194,1.114,0.9480242612929274,low-fidelity RED
"(E,E)-2,4-Dodecadien-1-Al",CCCCCCC\C=C\C=C\C=O,13162-47-5,5.637,1.101,0.9287087810503362,low-fidelity RED
Methyl Octine Carbonate,CCCCCCC#CC(=O)OC,111-80-8,6.373,0.9948,0.6169481339626539,low-fidelity RED
2-Ethyl Octine Carbonate,CCCCCCC#CC(=O)OCC,10031-92-2,6.62,0.9414,0.5750000000000008,low-fidelity RED
2-Nonyn-1-Al Dimethyl Acetal,CCCCCCC#CC(OC)OC,13257-44-8,5.36,0.9167,0.5390964663211959,low-fidelity RED
Heptanenitrile,CCCCCCC#N,629-08-3,6.097,0.8284,0.6269968101992229,low-fidelity RED
3-Decen-2-One,CCCCCCC=CC(=O)C,10519-33-2,5.848,1.003,0.9287087810503363,low-fidelity RED
Melon Nonenoate,CCCCCCC=CC(=O)OC,111-79-5,6.561,0.9941,0.9236476600955585,low-fidelity RED
(E)-2-Nonen-1-Al,CCCCCCC=CC=O,2463-53-8,5.752,0.9871,0.7198090024443988,low-fidelity RED
1-Heptanal,CCCCCCC=O,111-71-7,5.99,0.8705,0.46970735570139877,low-fidelity RED
(±)-3-Methyl-γ-Decalactone,CCCCCCC1C(CC(=O)O1)C,67663-01-8,7.57,1.1,0.9437293044088437,low-fidelity RED
2-Hexyl-4-Acetoxytetrahydrofuran,CCCCCCC1CC(CO1)OC(=O)C,10039-39-1,7.184,1.176,0.8891709621889379,low-fidelity RED
Epsilon-Dodecalactone,CCCCCCC1CCCCC(=O)O1,16429-21-3,7.137,1.209,0.7198090024443992,low-fidelity RED
Heptanal Cyclic Propylene Acetal,CCCCCCC1OCC(O1)C,10/4/51 0:00,5.913,1.096,0.8689073598491384,low-fidelity RED
"Heptanal Butene-1,4-Glycol Acetal",CCCCCCC1OCC=CCO1,61732-96-5,5.924,1.007,0.9334077351297242,low-fidelity RED
Heptanal Cyclic Ethylene Acetal,CCCCCCC1OCCO1,1708-34-5,6.282,0.9121,0.7424621202458747,low-fidelity RED
3-Decanone,CCCCCCCC(=O)CC,928-80-3,7.015,0.8584,0.8100925873009827,low-fidelity RED
4-Undecanone,CCCCCCCC(=O)CCC,14476-37-0,7.029,0.8608,0.8764274071479058,low-fidelity RED
5-Oxododecanoic Acid,CCCCCCCC(=O)CCCC(=O)O,3637-16-9,6.646,0.8649,0.9839334327077222,low-fidelity RED
Isopropyl Octanoate,CCCCCCCC(=O)OC(C)C,5458-59-3,7.381,0.8305,0.568440850045104,low-fidelity RED
Isobutyl Octanoate,CCCCCCCC(=O)OCC(C)C,6/3/61 0:00,8.026,0.9725,0.9698582370635414,low-fidelity RED
Propylene Di(Octanoate),CCCCCCCC(=O)OCC(C)OC(=O)CCCCCCC,7384-98-7,8.134,1.014,0.9572094859538323,low-fidelity RED
Allyl Octanoate,CCCCCCCC(=O)OCC=C,4230-97-1,7.388,1.03,0.8835298523536151,low-fidelity RED
Butyl Octanoate,CCCCCCCC(=O)OCCCC,589-75-3,7.662,0.9379,0.9424038412485383,low-fidelity RED
Amyl Octanoate,CCCCCCCC(=O)OCCCCC,638-25-5,7.62,0.9126,0.9836157786453006,low-fidelity RED
1-Decen-3-ol,CCCCCCCC(C=C)O,51100-54-0,6.65,1.145,0.9246621004453465,low-fidelity RED
Ethyloctylamine,CCCCCCCC(CC)N,4088-36-2,5.987,0.9356,0.9154916711800279,low-fidelity RED
Octanoyl Chloride,CCCCCCCC(Cl)=O,111-64-8,6.258,0.9222,0.7909646009778185,low-fidelity RED
Jasimia,CCCCCCCC(COC(=O)C)OC(=O)C,68683-25-0,8.169,0.9585,0.7794228634059952,low-fidelity RED
Octanoic Acid,CCCCCCCC(O)=O,124-07-2,6.542,0.7999,0.9711462299777515,high-fidelity RED
"Octanoic Acid, Methyl Ester",CCCCCCCC(OC)=O,111-11-5,7.114,0.7566,0.6828250141873833,low-fidelity RED
Octanal Dimethyl Acetal,CCCCCCCC(OC)OC,10022-28-3,5.689,0.9326,0.7335700375560605,low-fidelity RED
Octanal Diethyl Acetal,CCCCCCCC(OCC)OCC,54889-48-4,5.729,0.9367,0.854766049863938,low-fidelity RED
Propyl Octanoate,CCCCCCCC(OCCC)=O,624-13-5,7.637,0.9587,0.9000000000000002,low-fidelity RED
Glycerol Trioleate,CCCCCCCC/C=C\CCCCCCCC(OCC(OC(CCCCCCC\C=C/CCCCCCCC)=O)COC(CCCCCCC/C=C\CCCCCCCC)=O)=O,122-32-7,8.52,1.107,0.9387491677759294,high-fidelity RED
Methyl Oleate,CCCCCCCC\C=C/CCCCCCCC(OC)=O,112-62-9,7.19,0.777,0.81891696770796,high-fidelity RED
Butyl Oleate,CCCCCCCC\C=C/CCCCCCCC(OCCCC)=O,142-77-8,7.734,1.018,0.8961724164467463,high-fidelity RED
Octanenitrile,CCCCCCCC#N,124-12-9,6.097,0.8284,0.6523994175349948,low-fidelity RED
2-Decen-1-Al,CCCCCCCC=CC=O,3913-71-1,5.752,0.9871,0.7570501964863363,low-fidelity RED
(E)-2-Decen-1-Yl Acetate,CCCCCCCC=CCOC(=O)C,19487-61-7,7.143,1.003,0.959817691022623,low-fidelity RED
1-Octanal,CCCCCCCC=O,124-13-0,5.99,0.8705,0.5178078794301998,low-fidelity RED
3-Heptyl Dihydro-5-Methyl-2(3H)-Furanone,CCCCCCCC1CC(OC1=O)C,40923-64-6,7.524,0.9601,0.8689073598491384,low-fidelity RED
Delta-2-Dodecenolactone,CCCCCCCC1CC=CC(=O)O1,16400-72-9,7.152,1.092,0.9968701018688446,low-fidelity RED
Octanal Propylene Glycol Acetal,CCCCCCCC1OCC(O1)C,74094-61-4,5.913,1.096,0.8689073598491389,low-fidelity RED
Octanal Glycol Acetal,CCCCCCCC1OCCO1,4359-57-3,6.282,0.9121,0.7433034373659257,low-fidelity RED
Acetyl Nonyryl,CCCCCCCCC(=O)C(=O)C,7493-59-6,7.322,0.8819,0.8558621384311855,low-fidelity RED
Methyl Nonanoate,CCCCCCCCC(=O)OC,1731-84-6,7.114,0.7566,0.8492643875731516,low-fidelity RED
Peach Nitrile,CCCCCCCCC(C)C#N,69300-15-8,6.098,0.9206,0.7889866919029752,low-fidelity RED
Methyl Octyl Acetaldehyde,CCCCCCCCC(C)C=O,19009-56-4,6.071,0.9568,0.8370334521391605,low-fidelity RED
Nonanal Dimethyl Acetal,CCCCCCCCC(OC)OC,18824-63-0,5.689,0.9326,0.9006941767325912,low-fidelity RED
Nonanal Diethyl Acetal,CCCCCCCCC(OCC)OCC,54815-13-3,5.729,0.9367,0.975320460156558,low-fidelity RED
(E)-2-Dodecen-1-Al,CCCCCCCCC\C=C\C=O,20407-84-5,5.752,0.9871,0.8558621384311842,low-fidelity RED
Methyl 2-Undecynoate,CCCCCCCCC#CC(=O)OC,10522-18-6,6.373,0.9948,0.7176350047203661,low-fidelity RED
Nonanenitrile,CCCCCCCCC#N,2243-27-8,6.097,0.8284,0.6619101147436866,low-fidelity RED
(E)-2-Undecen-1-Al,CCCCCCCCC=CC=O,2463-77-6,5.752,0.9871,0.8131727983645295,low-fidelity RED
Oleic Acid,CCCCCCCCC=CCCCCCCCC(=O)O,112-80-1,6.622,0.9284,0.9253377761660875,high-fidelity RED
Ethyl Oleate,CCCCCCCCC=CCCCCCCCC(=O)OCC,111-62-6,7.501,0.9288,0.9778803607803972,high-fidelity RED
1-Nonanal,CCCCCCCCC=O,124-19-6,5.99,0.8705,0.6538348415311018,low-fidelity RED
Gamma Dodecalactone,CCCCCCCCC1CCC(=O)O1,146589,7.204,1.074,0.8681877677092674,low-fidelity RED
Delta-Tridecalactone,CCCCCCCCC1CCCC(=O)O1,7370-92-5,7.352,1.186,0.869266932535686,low-fidelity RED
Methyl Nonyl Acetaldehyde,CCCCCCCCCC(C)C=O,110-41-8,6.071,0.9568,0.9048480535426934,low-fidelity RED
Orange Nitrile,CCCCCCCCCC(C)CC#N,85351-07-1,6.346,1.051,0.8835298523536151,low-fidelity RED
Capric Acid Methyl Ester,CCCCCCCCCC(OC)=O,110-42-9,7.114,0.7566,0.9222933372848363,low-fidelity RED
Decanal Dimethyl Acetal,CCCCCCCCCC(OC)OC,7779-41-1,5.689,0.9326,0.9182183836103481,low-fidelity RED
"Decanoic Acid, Ethyl Ester",CCCCCCCCCC(OCC)=O,110-38-3,7.427,0.8468,0.9503288904374108,low-fidelity RED
(E)-2-Tridecen-1-Al,CCCCCCCCCC\C=C\C=O,7069-41-2,5.752,0.9871,0.8961724164467458,low-fidelity RED
Decanenitrile,CCCCCCCCCC#N,1975-78-6,6.097,0.8284,0.6619101147436866,low-fidelity RED
2-Dodecen-1-Al,CCCCCCCCCC=CC=O,4826-62-4,5.752,0.9871,0.8558621384311842,low-fidelity RED
Decanal,CCCCCCCCCC=O,112-31-2,5.99,0.8705,0.6919176251549031,low-fidelity RED
Delta-Tetradecalactone,CCCCCCCCCC1CCCC(=O)O1,2721-22-4,7.352,1.186,0.7818247885555946,low-fidelity RED
Methyl Undecanoate,CCCCCCCCCCC(=O)OC,1731-86-8,7.114,0.7566,0.9724325169388367,low-fidelity RED
Undecanal Dimethyl Acetal,CCCCCCCCCCC(OC)OC,52517-67-6,5.689,0.9326,0.9516433155337143,low-fidelity RED
(E)-2-Tetradecen-1-Al,CCCCCCCCCCC\C=C\C=O,64461-99-0,5.752,0.9871,0.9276987657639735,low-fidelity RED
Undecanenitrile,CCCCCCCCCCC#N,7/7/44 0:00,6.097,0.8284,0.7603453162872782,low-fidelity RED
Waxy Nitrile,CCCCCCCCCCC=CC#N,22629-49-8,5.8,1.071,0.8753570700005796,low-fidelity RED
2-Tridecen-1-Al,CCCCCCCCCCC=CC=O,7774-82-5,5.752,0.9871,0.8961724164467458,low-fidelity RED
Undecanal,CCCCCCCCCCC=O,112-44-7,5.99,0.8705,0.7619875327064092,low-fidelity RED
Dodecanoic Acid,CCCCCCCCCCCC(O)=O,143-07-7,6.542,0.7999,0.8835298523536149,low-fidelity RED
Isopropyl Laurate,CCCCCCCCCCCC(OC(C)C)=O,10233-13-3,7.381,0.8305,0.8396427811873335,low-fidelity RED
Methyl Dodecanoate,CCCCCCCCCCCC(OC)=O,111-82-0,7.114,0.7566,0.9737171047075225,low-fidelity RED
Dodecanal Dimethyl Acetal,CCCCCCCCCCCC(OC)OC,14620-52-1,5.689,0.9326,0.9839334327077215,low-fidelity RED
Dodecanenitrile,CCCCCCCCCCCC#N,2437-25-4,6.097,0.8284,0.7830229881682914,low-fidelity RED
Dodecanal,CCCCCCCCCCCC=O,112-54-9,5.99,0.8705,0.7988272654335234,low-fidelity RED
Delta-Juniper Lactone,CCCCCCCCCCCC1CCCC(=O)O1,7370-44-7,7.352,1.186,0.8234834546000303,low-fidelity RED
1-Tridecanal,CCCCCCCCCCCCC=O,10486-19-8,5.99,0.8705,0.9158329542007106,low-fidelity RED
γ-Palmitolactone,CCCCCCCCCCCCC1CCC(=O)O1,730-46-1,7.204,1.074,0.8440971508067067,low-fidelity RED
Tetradecanal,CCCCCCCCCCCCCC=O,124-25-4,5.99,0.8705,0.9276987657639741,low-fidelity RED
Pentadecanal,CCCCCCCCCCCCCCC=O,11/9/65 0:00,5.99,0.8705,0.976601249231231,low-fidelity RED
γ-Octadecalactone,CCCCCCCCCCCCCCC1CCC(=O)O1,502-26-1,7.204,1.074,0.9414085191881364,low-fidelity RED
Hexadecanoic Acid,CCCCCCCCCCCCCCCC(O)=O,57-10-3,6.542,0.7999,0.8605957239029253,low-fidelity RED
Isopropyl Palmitate,CCCCCCCCCCCCCCCC(OC(C)C)=O,142-91-6,7.381,0.8305,0.8958236433584459,high-fidelity RED
Sorbitan Stearate,CCCCCCCCCCCCCCCCCC(=O)OCC([C@@H]1[C@H]([C@@H](CO1)O)O)O,1338-41-6,8.98,1.353,0.7271519786124496,low-fidelity RED
Propylene Glycol Stearate,CCCCCCCCCCCCCCCCCC(=O)OCC(C)O,1323-39-3,8.341,0.9693,0.9233092656309693,low-fidelity RED
Stearic Acid,CCCCCCCCCCCCCCCCCC(O)=O,57-11-4,6.542,0.7999,0.8916277250063508,high-fidelity RED
Cetyl Lactate,CCCCCCCCCCCCCCCCOC(=O)C(C)O,35274-05-6,7.164,0.9394,0.8663861725581733,low-fidelity RED
Lauryl Lactate,CCCCCCCCCCCCOC(=O)C(C)O,6283-92-7,7.164,0.9394,0.8204419540710973,low-fidelity RED
Undecylamine,CCCCCCCCCCCN,7307-55-3,5.568,0.9102,0.9737171047075228,low-fidelity RED
Undecyl Acetate,CCCCCCCCCCCOC(C)=O,1731-81-3,7.192,0.6925,0.9737171047075225,low-fidelity RED
Nonylamine,CCCCCCCCCN,112-20-9,5.568,0.9102,0.9086390922693128,low-fidelity RED
Nonyl Acetate,CCCCCCCCCOC(=O)C,143-13-5,7.192,0.6925,0.9222933372848363,low-fidelity RED
Octylamine,CCCCCCCCN,111-86-4,5.568,0.9102,0.8314144574157946,low-fidelity RED
n-n-Octylacrylamide,CCCCCCCCNC(=O)C=C,10124-68-2,6.275,1.048,0.9317322576792119,low-fidelity RED
Octyl 2-Furoate,CCCCCCCCOC(=O)C1=CC=CO1,39251-88-2,8.31,1.223,0.8533024082938007,low-fidelity RED
Octyl Propanoate,CCCCCCCCOC(=O)CC,142-60-9,6.316,0.8877,0.8989577298182603,low-fidelity RED
Octyl Formate,CCCCCCCCOC=O,112-32-3,6.115,0.8977,0.5777110004145674,low-fidelity RED
Octyl Oxyacetaldehyde,CCCCCCCCOCC=O,53488-14-5,5.854,0.9927,0.532681893816564,low-fidelity RED
Trioctyl Phosphate,CCCCCCCCOP(=O)(OCCCCCCCC)OCCCCCCCC,1806-54-8,5.376,0.9939,0.6269968101992226,high-fidelity RED
Heptylamine,CCCCCCCN,111-68-2,5.568,0.9102,0.6873863542433761,low-fidelity RED
Ethylheptylamine,CCCCCCCNCC,66793-76-8,5.223,0.8871,0.9117291264405236,low-fidelity RED
Heptyl Isobutyrate,CCCCCCCOC(=O)C(C)C,2349-13-5,7.314,1.008,0.568440850045104,low-fidelity RED
Heptyl Isovalerate,CCCCCCCOC(=O)CC(C)C,56423-43-9,6.81,1.013,0.9698582370635414,low-fidelity RED
Heptyl Valerate,CCCCCCCOC(=O)CCCC,5451-80-9,7.456,0.9106,0.9424038412485383,low-fidelity RED
Heptyl Hexanoate,CCCCCCCOC(=O)CCCCC,6976-72-3,7.62,0.9126,0.9836157786453006,low-fidelity RED
Heptyl Mercaptan,CCCCCCCS,1639-09-4,5.517,0.739,0.8989577298182604,low-fidelity RED
Hexylamine,CCCCCCN,111-26-2,5.568,0.9102,0.8154753215150047,low-fidelity RED
Hexyl Tiglate,CCCCCCOC(=O)/C(=C/C)/C,16930-96-4,6.988,1.064,0.9877373132569203,low-fidelity RED
Hexyl 2-Butenoate,CCCCCCOC(=O)\C=C\C,19089-92-0,6.947,1.064,0.9236476600955585,low-fidelity RED
Dihexyl Fumarate,CCCCCCOC(=O)\C=C\C(=O)OCCCCCC,19139-31-2,7.075,1.034,0.9384162189561737,low-fidelity RED
n-Hexyl Methacrylate,CCCCCCOC(=O)C(=C)C,142-09-6,6.748,1.018,0.8692669325356857,low-fidelity RED
Hexyl Isobutyrate,CCCCCCOC(=O)C(C)C,7/7/49 0:00,7.314,1.008,0.860232526704263,low-fidelity RED
Hexyl 2-Furoate,CCCCCCOC(=O)C1=CC=CO1,39251-86-0,8.31,1.223,0.8806957476904266,low-fidelity RED
Hexyl 3-Mercaptobutanoate,CCCCCCOC(=O)CC(C)S,796857-79-9,7.096,1.011,0.8692669325356861,low-fidelity RED
Hexyl Valerate,CCCCCCOC(=O)CCCC,1117-59-5,7.456,0.9106,0.9320675941153629,low-fidelity RED
Hexyl Hexanoate,CCCCCCOC(=O)CCCCC,6378-65-0,7.62,0.9126,0.9617692030835677,low-fidelity RED
Acetaldehyde Methyl Hexyl Acetal,CCCCCCOC(C)OC,54340-90-8,5.918,1.04,0.702228595259407,low-fidelity RED
Earthy Acetal,CCCCCCOC(C)OCC,54484-73-0,6.154,0.9521,0.7697402159170327,low-fidelity RED
Acetaldehyde Dihexyl Acetal,CCCCCCOC(C)OCCCCCC,5405-58-3,6.17,0.9227,0.9852030247619018,low-fidelity RED
Hexoxyacetaldehyde Dimethyl Acetal,CCCCCCOCC(OC)OC,17597-95-4,5.899,0.936,0.5344389581607991,low-fidelity RED
Pentylamine,CCCCCN,110-58-7,5.622,0.9025,0.7574628703771559,low-fidelity RED
Pentyl Nitrate,CCCCCO[N+](=O)[O-],1002-16-0,6.214,0.9854,0.5338539126015659,low-fidelity RED
Amyl Tiglate,CCCCCOC(=O)/C(=C/C)/C,7785-65-1,7.046,1.063,0.930725523449314,low-fidelity RED
Amyl Angelate,CCCCCOC(=O)/C(=C\C)/C,7785-63-9,7.046,1.063,0.930725523449314,low-fidelity RED
Amyl Isobutyrate,CCCCCOC(=O)C(C)C,2445-72-9,7.373,1.003,0.797260935955099,low-fidelity RED
Amyl 2-Methyl Butyrate,CCCCCOC(=O)C(C)CC,68039-26-9,7.41,0.9192,0.9542667341996158,low-fidelity RED
Amyl Furoate,CCCCCOC(=O)C1=CC=CO1,1334-82-3,8.37,1.218,0.8860022573334673,low-fidelity RED
n-Pentyl Propionate,CCCCCOC(=O)CC,624-54-4,6.373,0.883,0.3750000000000005,high-fidelity RED
Amyl Isovalerate,CCCCCOC(=O)CC(C)C,25415-62-7,6.867,1.009,0.890575656527844,low-fidelity RED
Amyl Valerate,CCCCCOC(=O)CCCC,2173-56-0,7.514,0.9084,0.8602325267042628,low-fidelity RED
Isoamyl 3-Methyl Thiopropionate,CCCCCOC(=O)CCSC,93762-35-7,7.768,1.067,0.9394147114027964,low-fidelity RED
Pentyl Formate,CCCCCOC=O,638-49-3,6.171,0.8964,0.4279310692155926,low-fidelity RED
Dipentyl Sulfate,CCCCCOS(=O)(=O)OCCCCC,5867-98-1,5.962,0.9785,0.5350233639758177,low-fidelity RED
Pentyl Mercaptan,CCCCCS,110-66-7,5.571,0.7353,0.7689278249614846,low-fidelity RED
n-Butyl Amine,CCCCN,109-73-9,5.714,0.9191,0.8605957239029252,high-fidelity RED
"N,N-Dibutyl Formamide",CCCCN(CCCC)C=O,761-65-9,5.536,0.8853,0.7267220926874319,high-fidelity RED
Butyl Isocyanate,CCCCN=C=O,111-36-4,5.297,0.9281,0.5244044240850767,low-fidelity RED
Ethylbutylamine,CCCCNCC,13360-63-9,5.194,0.8346,0.6986594306241061,low-fidelity RED
Dibutyl Amine,CCCCNCCCC,111-92-2,5.303,0.8951,0.8562271894771853,high-fidelity RED
Butyl (E)-2-Crotonate,CCCCOC(=O)\C=C\C,591-63-9,6.964,1.063,0.8370334521391606,low-fidelity RED
Iso-Butyl Isobutyrate,CCCCOC(=O)C(C)C,97-87-0,7.332,1.004,0.8268917704270613,low-fidelity RED
Butyl 2-Methyl Butyrate,CCCCOC(=O)C(C)CC,15706-73-7,7.369,0.9204,0.890575656527844,low-fidelity RED
Chamomile Valerate,CCCCOC(=O)C(C)CCC,6297-41-2,7.105,0.9469,0.9503288904374108,low-fidelity RED
Butyl Butyryl Lactate,CCCCOC(=O)C(C)OC(=O)CCC,7492-70-8,7.784,1.177,0.7603453162872779,low-fidelity RED
Butyl 2-Furoate,CCCCOC(=O)C1=CC=CO1,583-33-5,8.33,1.219,0.9463746615373854,low-fidelity RED
n-Butyl Aceto Acetate,CCCCOC(=O)CC(=O)C,591-60-6,6.94,0.9538,0.8097067370350832,high-fidelity RED
Butyl Ethyl Malonate,CCCCOC(=O)CC(=O)OCC,17373-84-1,6.991,0.961,0.665676347784718,low-fidelity RED
Butyl Isovalerate,CCCCOC(=O)CC(C)C,109-19-3,6.826,1.008,0.8112490369793975,low-fidelity RED
Butyl Levulinate,CCCCOC(=O)CCC(=O)C,2052-15-5,7.52,0.9672,0.7088723439378924,low-fidelity RED
Dibutyl Succinate,CCCCOC(=O)CCC(=O)OCCCC,141-03-7,7.602,0.8817,0.7504165509901815,low-fidelity RED
Di-Butyl Glutarate,CCCCOC(=O)CCCC(=O)OCCCC,6624-57-3,7.473,0.9118,0.7335700375560609,low-fidelity RED
Dibutyl Decanedioate,CCCCOC(=O)CCCCCCCCC(=O)OCCCC,98781-27-2,7.579,0.9398,0.9233092656309693,low-fidelity RED
Butyl Butyryl Glycollate,CCCCOC(=O)COC(=O)CCC,94022-04-5,7.385,0.9883,0.6689544080129831,low-fidelity RED
"Ethanedioic Acid, Dibutyl Ester",CCCCOC(C(OCCCC)=O)=O,2050-60-4,6.98,0.9086,0.7185053931599955,low-fidelity RED
Butyl Isopropenyl Ether,CCCCOC(C)=C,22022-33-9,6.453,1.044,0.33260336739125135,high-fidelity RED
Isopropyl Butyl Ether,CCCCOC(C)C,1860-27-1,5.902,0.799,0.9918417212438685,low-fidelity RED
Butyl Valerate,CCCCOC(CCCC)=O,591-68-4,7.473,0.9118,0.8112490369793977,low-fidelity RED
"Butane, 1-(Difluoromethoxy)-",CCCCOC(F)F,1481-51-2,5.679,0.8679,0.5777110004145672,low-fidelity RED
Vinyl Butyl Ether,CCCCOC=C,111-34-2,5.251,0.9283,0.5220153254455275,high-fidelity RED
Butyl Formate,CCCCOC=O,592-84-7,6.128,0.88,0.9154916711800275,high-fidelity RED
Propylene Glycol Monobutyl Ether,CCCCOCC(C)O,5131-66-8,7.232,0.9452,0.9633924433998845,high-fidelity RED
Di-n-Butyl Ether,CCCCOCCCC,142-96-1,5.869,0.7156,0.9199184746487049,high-fidelity RED
Butyl Glycol Acetate,CCCCOCCOC(=O)C,112-07-2,7.348,0.7917,0.44791182167922305,high-fidelity RED
2-Butoxyethyl Acrylate,CCCCOCCOC(=O)C=C,7251-90-3,7.081,0.954,0.6726812023536854,low-fidelity RED
Ethylene Glycol Butyl Ethyl Ether,CCCCOCCOCC,4413-13-2,5.564,0.8134,0.41003048667141817,high-fidelity RED
Ethylene Glycol Dibutyl Ether,CCCCOCCOCCCC,112-48-1,5.858,0.7329,0.6025985396596975,high-fidelity RED
Butyl Diglycol Acetate,CCCCOCCOCCOC(=O)C,124-17-4,7.348,0.7917,0.894776508408664,high-fidelity RED
Vinyl Butyl Carbitol,CCCCOCCOCCOC=C,,5.457,0.9398,0.49117206760971277,high-fidelity RED
Diethylene Glycol Dibutyl Ether,CCCCOCCOCCOCCCC,112-73-2,5.858,0.7329,0.5640257086339242,high-fidelity RED
Butyl Nitrite,CCCCON=O,544-16-1,6.123,0.9618,0.6800735254367724,low-fidelity RED
Tributyl Phosphate,CCCCOP(=O)(OCCCC)OCCCC,126-73-8,5.388,0.9779,0.6538348415311017,high-fidelity RED
Dibutyl Sulfite,CCCCOS(OCCCC)=O,626-85-7,6.917,0.9906,0.7802243267163618,low-fidelity RED
1-Butanethiol,CCCCS,109-79-5,5.486,0.7379,0.6576473218982959,high-fidelity RED
Methyl Butyl Disulfide,CCCCSSC,60779-24-0,5.031,0.7966,0.9698582370635417,low-fidelity RED
Butyl Ethyl Disulfide,CCCCSSCC,63986-03-8,5.122,0.9283,0.8284020762890446,low-fidelity RED
Butyl Propyl Disulfide,CCCCSSCCC,72437-64-0,5.031,0.7966,0.9630680142129115,low-fidelity RED
Propyl Amine,CCCN,107-10-8,5.295,0.7788,0.8806957476904269,high-fidelity RED
Propyl Tiglate,CCCOC(=O)/C(=C/C)/C,61692-83-9,6.689,1.077,0.8097067370350829,low-fidelity RED
Propyl Crotonate,CCCOC(=O)\C=C\C,10352-87-1,6.647,1.076,0.7499999999999997,low-fidelity RED
Propyl 2-Methyl Butyrate,CCCOC(=O)C(C)CC,37064-20-3,7.052,0.9365,0.8215838362577492,low-fidelity RED
Propyl 2-Mercaptopropionate,CCCOC(=O)C(C)S,19788-50-2,7.025,0.9641,0.9293815147720549,low-fidelity RED
n-Propyl Propanoate,CCCOC(=O)CC,106-36-5,6.011,0.9009,0.19525624189766663,high-fidelity RED
Propyl Levulinate,CCCOC(=O)CCC(=O)C,645-67-0,7.204,0.979,0.7541551564499182,low-fidelity RED
Dipropyl Glutarate,CCCOC(=O)CCCC(=O)OCCC,1724-48-7,7.428,0.9423,0.6254998001598402,low-fidelity RED
Dipropyl Adipate,CCCOC(=O)CCCCC(=O)OCCC,106-19-4,7.592,0.9401,0.6892024376045118,low-fidelity RED
Propyl Isopropyl Ether,CCCOC(C)C,627-08-7,5.577,0.828,0.9490126448051153,low-fidelity RED
Acetaldehyde Ethyl Propyl Acetal,CCCOC(C)OCC,20680-10-8,5.844,0.9539,0.620987117418711,low-fidelity RED
Acetaldehyde Dipropyl Acetal,CCCOC(C)OCCC,105-82-8,5.86,0.9284,0.775,low-fidelity RED
Vinyl Propyl Ether,CCCOC=C,764-47-6,4.924,0.9499,0.6786935980249111,high-fidelity RED
Propyl Formate,CCCOC=O,110-74-7,5.804,0.9027,0.7814249804043891,high-fidelity RED
Propylene Glycol Monopropyl Ether,CCCOCC(C)O,1569-01-3,7.016,0.9691,0.9519716382329886,high-fidelity RED
Di-n-Propyl Ether,CCCOCCC,111-43-3,5.646,0.7831,0.9585144756340406,high-fidelity RED
1-Propanethiol,CCCS,107-03-9,5.063,0.8014,0.4562071897723675,high-fidelity RED
Methyl Propyl Disulfide,CCCSSC,2179-60-4,4.954,0.7337,0.8200609733428372,low-fidelity RED
Ethyl Propyl Disulfide,CCCSSCC,30453-31-7,5.044,0.8758,0.7176350047203669,low-fidelity RED
Dipropyl Disulfide,CCCSSCCC,629-19-6,4.954,0.7337,0.8605957239029253,low-fidelity RED
"1,3-Propanediamine, N,N-Diethyl-",CCN(CC)CCCN,104-78-9,5.037,1.019,0.5623610939600999,low-fidelity RED
Diethyl Amine,CCNCC,109-89-7,5.244,0.7508,0.9669539802906857,high-fidelity RED
2-Ethylhexyl Amine,CCNCCCCCC,20352-67-4,5.223,0.8871,0.5460082416960387,high-fidelity RED
Ethyl Isopropenyl Ether,CCOC(=C)C,926-66-9,6.076,0.9313,0.6964194138592057,high-fidelity RED
(E)-Ethyl Tiglate,CCOC(=O)/C(=C/C)/C,55514-48-2,6.674,1.004,0.6950719387228926,low-fidelity RED
Citronellyl Ethoxalate,CCOC(=O)C(=O)OCCC(C)CCC=C(C)C,60788-25-2,7.279,1.221,0.893378419260282,low-fidelity RED
(±)-Ethyl 3-Acetoxy-2-Methyl Butyrate,CCOC(=O)C(C)C(C)OC(=O)C,139564-43-5,6.718,0.9582,0.7110731326663949,low-fidelity RED
Berry Pentadienoate,CCOC(=O)C(C)C=C=C,60523-21-9,6.497,1.015,0.7877975628294365,low-fidelity RED
Pineapple Pentenoate,CCOC(=O)C(C)CC=C,53399-81-8,6.927,0.963,0.7228416147400482,low-fidelity RED
Ethyl Acetyl Lactate,CCOC(=O)C(C)OC(=O)C,2985-28-6,7.212,0.9963,0.7603453162872772,low-fidelity RED
Ethyl α-Fluoroacrylate,CCOC(=O)C(F)=C,760-80-5,6.14,1.078,0.2795084971874738,low-fidelity RED
Ethyl Senecioate,CCOC(=O)C=C(C)C,638-10-8,7.007,1.063,0.6950719387228926,low-fidelity RED
Ethyl 3-(Trifluoromethyl)Crotonate,CCOC(=O)C=C(C)C(F)(F)F,24490-03-7,5.493,1.178,0.557897840110535,low-fidelity RED
Ethyl Crotonate,CCOC(=O)C=CC,10544-63-5,6.917,1.037,0.6828250141873828,low-fidelity RED
Ethyl Sorbate,CCOC(=O)C=CC=CC,2396-84-1,6.787,1.182,0.9740379869389074,low-fidelity RED
Ethyl 3-Mercaptobutyrate,CCOC(=O)CC(C)S,156472-94-5,6.721,0.9515,0.9630680142129108,low-fidelity RED
Ethyl 3-(Ethyl Thio) Butyrate,CCOC(=O)CC(C)SCC,90201-28-8,6.886,1.039,0.8867073925484106,low-fidelity RED
"Ethyl (Z)-4,7-Octadienoate",CCOC(=O)CC/C=C\CC=C,69925-33-3,7.041,1.013,0.8778524933039715,low-fidelity RED
Ethyl 4-Methyl-3-Pentenoate,CCOC(=O)CC=C(C)C,6849-18-9,6.608,0.876,0.7846177413237606,low-fidelity RED
Fruity Ketal,CCOC(=O)CC1(OCC(O1)C)C,6290-17-1,7.383,1.091,0.757050196486336,low-fidelity RED
Applinal,CCOC(=O)CC1(OCCO1)C,1647153,6.816,1.091,0.9020809276334354,low-fidelity RED
Ethyl 4-Methyl Valerate,CCOC(=O)CCC(C)C,25415-67-2,7.165,0.8919,0.6581223290544091,low-fidelity RED
"Ethyl 4,4,4-Trifluorobutyrate",CCOC(=O)CCC(F)(F)F,371-26-6,6.069,0.9919,0.4153311931459035,low-fidelity RED
Ethyl 4-Pentenoate,CCOC(=O)CCC=C,1968-40-7,7.04,0.9099,0.5505678886386313,low-fidelity RED
Ethyl 3-(2-Furyl) Propanoate,CCOC(=O)CCC1=CC=CO1,10031-90-0,8.222,1.02,0.9253377761660877,low-fidelity RED
Ethyl 5-Hexenoate,CCOC(=O)CCCC=C,54653-25-7,7.345,0.9948,0.6093028803476971,low-fidelity RED
Ethyl 9-Decenoate,CCOC(=O)CCCCCCCC=C,67233-91-4,7.452,1.033,0.9486832980505139,low-fidelity RED
Berry Hexanoate,CCOC(=O)CCCCCOC(=O)C,104986-28-9,7.882,0.9642,0.6388466169590324,low-fidelity RED
Ethyl 4-(Methyl Thio) Butyrate,CCOC(=O)CCCSC,22014-48-8,7.339,0.9291,0.915491671180028,low-fidelity RED
Ethyl Methyl Mercaptopropionate,CCOC(=O)CCSC,13327-56-5,7.34,0.9897,0.9737171047075234,low-fidelity RED
Rose Carbonate,CCOC(=O)OC1C(CCC(C1C)C)C,93981-50-1,7.225,0.9776,0.910013736160065,low-fidelity RED
"Propanoic Acid,Pentafluoro-,Ethyl Ester",CCOC(C(C(F)(F)F)(F)F)=O,426-65-3,5.475,0.8932,0.9113863066779088,low-fidelity RED
Ethyl Difluoroacetate,CCOC(C(F)F)=O,454-31-9,6.333,0.8034,0.40311288741492807,low-fidelity RED
Ethyl Isopropyl Ether,CCOC(C)C,625-54-7,5.591,0.8207,0.8177713616898062,low-fidelity RED
Ethyl sec-Butyl Ether,CCOC(C)CC,2679-87-0,5.256,0.868,0.9669539802906857,low-fidelity RED
Acetaldehyde Ethyl Methyl Acetal,CCOC(C)OC,10471-14-4,5.623,0.9925,0.33634060117684267,low-fidelity RED
1-Ethoxyethyl Acetate,CCOC(C)OC(=O)C,1608-72-6,6.993,0.8763,0.40078048854703535,low-fidelity RED
Acetaldehyde Ethyl Isopropyl Acetal,CCOC(C)OC(C)C,25334-93-4,5.508,0.8772,0.7106335201775947,low-fidelity RED
Acetaldehyde Ethyl Isobutyl Acetal,CCOC(C)OCC(C)C,6986-51-2,5.856,0.995,0.7786205751198718,low-fidelity RED
"1,2-Di((1-Ethoxy)Ethoxy) Propane",CCOC(C)OCC(C)OC(C)OCC,67715-79-1,6.089,1.011,0.5590169943749475,low-fidelity RED
Acetaldehyde Ethyl Glyceryl Mixed Acetal,CCOC(C)OCC(COC(C)OCC)OC(C)OCC,67715-82-6,5.837,1.029,0.5111262075065222,low-fidelity RED
Furfural Diethyl Acetal,CCOC(C1=CC=CO1)OCC,13529-27-6,6.902,1.172,0.6873863542433764,low-fidelity RED
Isovaleraldehyde Diethyl Acetal,CCOC(CC(C)C)OCC,3/3/42 0:00,5.732,0.8015,0.8678277478854891,low-fidelity RED
1-Ethyl Vinyl Ethyl Ether,CCOC(CC)=C,1528-20-7,6.102,1.049,0.5511351921262151,high-fidelity RED
"Ethane, 1,1-Diethoxy-2-Fluoro-",CCOC(CF)OCC,370-63-8,5.222,0.7608,0.48023431780746384,low-fidelity RED
Triethyl Orthoacetate,CCOC(OCC)(C)OCC,78-39-7,4.898,0.8293,0.6828250141873831,low-fidelity RED
Triethoxymethane,CCOC(OCC)OCC,108055-42-1,5.578,0.7717,0.35443617196894567,low-fidelity RED
Ethyl Ethynylether,CCOC#C,927-80-0,5.448,0.982,0.46368092477478545,high-fidelity RED
Ethyl-1-Propynylether,CCOC#CC,14273-06-4,5.191,0.9037,0.3657184709581954,high-fidelity RED
Ethyl Vinylether,CCOC=C,109-92-2,5.171,0.9643,0.3363406011768424,high-fidelity RED
Cyclohexanone Diethyl Acetal,CCOC1(CCCCC1)OCC,1670-47-9,5.424,1.022,0.9604686356149271,low-fidelity RED
"2,5-Diethoxy Tetrahydrofuran",CCOC1OC(OCC)CC1,3320-90-9,5.921,1.076,0.8097067370350832,high-fidelity RED
Diethyl Ether,CCOCC,60-29-7,4.813,0.7187,0.9154916711800275,high-fidelity RED
Ethyl Isobutyl Ether,CCOCC(C)C,627-02-1,5.56,0.8561,0.8792752697534486,low-fidelity RED
Propylene Glycol Monoethyl Ether Acetate,CCOCC(C)OC(=O)C,54839-24-6,6.89,0.9595,0.5408326913195984,high-fidelity RED
Dipropylene Glycol Monoethyl Ether,CCOCC(C)OCC(C)O,30025-38-8,6.663,0.9707,0.9620940702446933,low-fidelity RED
Tripropylene Glycol Monoethyl Ether,CCOCC(C)OCC(C)OCC(C)O,75899-69-3,6.752,1.027,0.6768493185340448,low-fidelity RED
"Ethyl  2,2-Difluoroethyl  Ether",CCOCC(F)F,372-55-4,5.148,0.8423,0.33541019662496846,low-fidelity RED
Allyl Ethylether,CCOCC=C,557-31-3,5.092,0.8916,0.37165171868296254,high-fidelity RED
Prenyl Ethyl Ether,CCOCC=C(C)C,22094-00-4,5.999,0.9906,0.7754031209635414,low-fidelity RED
Furfuryl Ethyl Ether,CCOCC1=CC=CO1,6270-56-0,6.403,1.034,0.8536685539481933,low-fidelity RED
Ethyl Propyl Ether,CCOCCC,628-32-0,5.054,0.8193,0.689202437604511,low-fidelity RED
3-Ethoxy Propionaldehyde,CCOCCC=O,2806-85-1,5.619,0.9498,0.8923284148787377,high-fidelity RED
Ethyl Butyl Ether,CCOCCCC,628-81-9,5.279,0.7978,0.6982120021884468,high-fidelity RED
Ethylene Glycol Mono Ethyl Ether Acrylate,CCOCCOC(=O)C=C,106-74-1,6.348,0.9835,0.9974968671630005,high-fidelity RED
Ethylene Glycol Diethyl Ether,CCOCCOCC,629-14-1,5.117,0.7863,0.23717082451262855,high-fidelity RED
Acetaldehyde Ethyl 3-Methyl Butyl Acetal,CCOCCOCCC(C)C,13442-90-5,5.528,0.8951,0.7022285952594071,low-fidelity RED
Vinyl Ethyl Carbitol,CCOCCOCCOC=C,10143-53-0,5.015,0.9699,0.4168333000133271,high-fidelity RED
Diethylene Glycol Diethyl Ether,CCOCCOCCOCC,112-36-7,5.414,0.786,0.30516389039334324,high-fidelity RED
Ethyl Hypochlorite,CCOCl,624-85-1,4.95,0.828,0.702228595259407,high-fidelity RED
Diethyl Sulfite,CCOS(OCC)=O,623-81-4,6.026,0.9742,0.9940447676035528,low-fidelity RED
Ethanethiol (Ethyl Mercaptan),CCS,75-08-1,5.282,0.7215,0.44158804331639223,high-fidelity RED
Vinyl Ethyl Sulfide,CCSC=C,627-50-9,5.273,0.9874,0.6229967897188553,high-fidelity RED
Methyl Ethyl Disulfide,CCSSC,20333-39-5,5.181,0.7243,0.6982120021884474,low-fidelity RED
Diethyldisulfide,CCSSCC,110-81-6,5.325,0.7963,0.9124143795447334,high-fidelity RED
Ethyl α-Chloroacrylate,Cl/C(=C)C(=O)OCC,687-46-7,6.272,1.055,0.5595757321399855,low-fidelity RED
2-Chloroallyl Acetate,Cl/C(=C)COC(=O)C,692-72-8,6.016,1.019,0.6562202374203348,low-fidelity RED
Heptanoyl Chloride,ClC(=O)CCCCCC,2528-61-2,6.258,0.9222,0.7390872749547239,low-fidelity RED
Isopropyl Chloroformate,ClC(=O)OC(C)C,108-23-6,6.123,0.8545,0.6204836822995425,low-fidelity RED
4-Chloro-1-Pentene,ClC(C)CC=C,10524-08-0,5.129,1.019,0.9380831519646861,low-fidelity RED
3-Chloro-1-Pentene,ClC(C=C)CC,24356-00-1,4.877,1.014,0.9676001240181815,low-fidelity RED
1-Chloro-Cis-2-Butene,ClC\C=C/C,4628-21-1,4.979,0.9902,0.8721381771256209,low-fidelity RED
1-Chloro-Trans-2-Butene,ClC\C=C\C,4894-61-5,4.979,0.9902,0.8721381771256209,low-fidelity RED
3-Chloro-2-Ethyl-1-Propene,ClCC(=C)/CC,E13694,4.85,0.9229,0.8400148808205722,low-fidelity RED
4-Chloro-3-Methyl-1-Butene,ClCC(C)C=C,10524-01-3,5.007,0.9802,0.8215838362577491,low-fidelity RED
1-Chloro-2-Ethylbutane,ClCC(CC)CC,4737-41-1,5.281,0.8645,0.9864709828474432,low-fidelity RED
"1,2-Dichlorohexane",ClCC(Cl)CCCC,2162-92-7,4.824,0.9387,0.9031195934094224,low-fidelity RED
Chloroacetic Acid Isopropyl Ester ,ClCC(OC(C)C)=O,105-48-6,5.972,0.913,0.6919176251549027,low-fidelity RED
Chloroacetaldehyde Diethyl Acetal,ClCC(OCC)OCC,621-62-5,4.867,0.8476,0.552268050859364,low-fidelity RED
1-Chloro-3-Methyl-2-Butene,ClCC=C(C)C,503-60-6,5.841,0.963,0.95,low-fidelity RED
4-Chloro-2-Methyl-1-Butene,ClCCC(=C)C,10523-96-3,5.641,0.9897,0.8100925873009825,low-fidelity RED
5-Chloro-Trans-2-Pentene,ClCCC=CC,10524-07-9,4.945,1.051,0.9506576670915768,low-fidelity RED
5-Chloro-1-Pentene,ClCCCC=C,928-50-7,4.945,1.009,0.7607562027351474,low-fidelity RED
2-Chloroethyl Methacrylate,ClCCOC(=O)\C(=C)C,1888-94-4,5.862,1.111,0.8760707733967612,low-fidelity RED
Chloromethyl Methacrylate,ClCOC(=O)\C(=C)C,27550-73-8,5.758,1.056,0.9810708435174295,low-fidelity RED
Dimethylethylamine,CN(C)CC,598-56-1,5.085,0.8887,0.9823441352194249,low-fidelity RED
Tetramethylethylenediamine,CN(C)CCN(C)C,110-18-9,4.958,0.8506,0.9280355596635292,low-fidelity RED
Meclofenoxate,CN(C)CCOC(=O)COC1=CC=C(C=C1)Cl,51-68-3,7.204,1.305,0.9171968163922072,high-fidelity RED
"Methanediamine, N,N,N',N'-Tetramethyl-",CN(C)CN(C)C,51-80-9,5.348,0.8414,0.9669539802906857,low-fidelity RED
n-Nitrosodimethylamine,CN(C)N=O,62-75-9,5.42,0.8936,0.5528336096873997,low-fidelity RED
Methylisobutylamine,CNC(C)(C)C,14610-37-8,5.453,0.8819,0.8595056718835542,low-fidelity RED
Methylisopropylamine,CNC(C)C,4747-21-1,5.204,0.8275,0.51234753829798,low-fidelity RED
Methylhexylamine,CNCCCCCC,35161-70-7,5.279,0.92,0.798827265433523,low-fidelity RED
Methylheptylamine,CNCCCCCCC,36343-05-2,5.279,0.92,0.8234834546000304,low-fidelity RED
Trimethoxysilane,CO[Si]([H])(OC)OC,2487-90-3,5.127,0.7542,0.5326818938165628,low-fidelity RED
Tetramethoxysilane ,CO[Si](OC)(OC)OC,681-84-5,5.112,0.7148,0.7254309064273453,low-fidelity RED
Trimethyl Borate,COB(OC)OC,121-43-7,5.513,0.7552,0.6619101147436862,low-fidelity RED
Dimethyl 2-Methylpentanedioate,COC(=O)CCC(C(=O)OC)C,14035-94-0,7.26,0.9996,0.7834219807996202,low-fidelity RED
Methyl 4-Pentenoate,COC(=O)CCC=C,818-57-5,6.832,0.8687,0.5419870847169708,low-fidelity RED
Violet Methyl Carbonate,COC(=O)OC1CCC\C=C/CC1,87731-18-8,6.975,1.121,0.9360822613424531,low-fidelity RED
Herbal Carbonate,COC(=O)OC1CCCCCCC1,61699-38-5,6.937,1.01,0.8077747210701766,low-fidelity RED
Methyl Pentafluoropropionate,COC(C(C(F)(F)F)(F)F)=O,378-75-6,5.082,0.971,0.8692669325356849,low-fidelity RED
"2,3,3,3-Tetrafluoropropionic Acid Methyl Ester",COC(C(C(F)(F)F)F)=O,382-93-4,5.3,0.899,0.340036762718386,low-fidelity RED
Methyl Trifluoroacetate,COC(C(F)(F)F)=O,431-47-0,5.021,0.9063,0.271569512280005,low-fidelity RED
Methyl Difluoroacetate,COC(C(F)F)=O,433-53-4,5.904,0.8591,0.7071067811865478,low-fidelity RED
Methyl Isopropyl Ether,COC(C)C,598-53-8,5.31,0.7931,0.6717514421272199,low-fidelity RED
Methyl sec-Butyl Ether,COC(C)CC,6795-87-5,5.169,0.9241,0.8249999999999997,low-fidelity RED
"Methyl 4,4,4-Trifluorocrotnate",COC(C=C([H])C(F)(F)F)=O,70577-95-6,4.784,1.038,0.3400367627183861,low-fidelity RED
"1,1,3,3-Tetramethoxypropane",COC(CC(OC)OC)OC,102-52-3,5.709,0.8292,0.38487010795851617,high-fidelity RED
Bean Hexene,COC(CC)OCC/C=C\CC,97358-55-9,5.518,1.151,0.8124038404635961,low-fidelity RED
Methyl Butanoate,COC(CCC)=O,623-42-7,6.571,0.8119,0.4250000000000004,low-fidelity RED
Dimethyl Glutarate,COC(CCCC(OC)=O)=O,1119-40-0,7.152,0.7442,0.8905756565278447,low-fidelity RED
2-Butenyl Methyl Ether (Trans),COC/C=C/C,10034-14-7,5.23,1.03,0.5528336096873995,high-fidelity RED
Ethynyl Methyl Ether,COC#C,6443-91-0,4.863,0.8467,0.616441400296898,high-fidelity RED
"2H-Pyran, 3,4-Dihydro-2-Methoxy-",COC1CCC=CO1,5/1/54 0:00,5.319,1.122,0.9100137361600652,low-fidelity RED
Cyclopentyl Methyl Ether,COC1CCCC1,5614-37-9,5.118,0.763,0.9420721840708386,high-fidelity RED
Methyl Isobutyl Ether,COCC(C)C,625-44-5,5.5,0.9016,0.7697402159170323,low-fidelity RED
Dipropylene Glycol Dimethyl Ether,COCC(C)OCC(C)OC,111109-77-4,5.513,0.9984,0.4924428900898056,low-fidelity RED
"2,2-Difluoroethyl  Methyl  Ether",COCC(F)F,461-57-4,4.914,0.8687,0.17500000000000004,low-fidelity RED
3-Methoxyisopropylamine,COCC(N)C,37143-54-7,5.864,0.9797,0.7369701486491843,low-fidelity RED
Allyl Methyl Ether,COCC=C,627-40-7,4.786,0.8058,0.46368092477478506,high-fidelity RED
Dipropylene Glycol Monomethyl Ether Acetate,COCCCOCCCOC(C)=O,88917-22-0,6.535,0.9877,0.8503675675847479,high-fidelity RED
Methoxymethyl Vinyl Sulfide,COCS\C=C,,4.792,0.8899,0.958188394836841,low-fidelity RED
Dimethyl Sulfide,CSC,75-18-3,5.024,0.7155,0.6234981956669972,high-fidelity RED
Methyl Vinyl Sulfide,CSC=C,1822-74-8,5.115,0.8559,0.6749999999999996,high-fidelity RED
2-Thiabutane,CSCC,624-89-5,5.181,0.7243,0.51234753829798,high-fidelity RED
Allyl Methyl Disulfide,CSSCC=C,2179-58-0,5.16,0.8439,0.9171968163922074,low-fidelity RED
Methyl 2-Fluoroacrylate,F/C(=C)C(=O)OC,2343-89-7,5.382,1.104,0.2692582403567253,low-fidelity RED
Bromotrifluoroethylene,F\C(F)=C(Br)/F,598-73-2,5.3,0.838,0.8189169677079601,low-fidelity RED
3-Fluoro-1-Butene,FC(\C=C)C,E14848,4.874,0.9394,0.9017344398435716,low-fidelity RED
"1H,1H,7H-Dodecafluoro-1-Heptanol",FC(C(F)(F)C(F)(F)CO)(F)C(F)(F)C(F)(F)C(F)F,335-99-9,5.105,0.9351,0.8863548950617917,low-fidelity RED
"Benzene, Pentafluoro-",FC(C(F)=CC(F)=C1F)=C1F,363-72-4,5.171,1.039,0.8514693182963201,low-fidelity RED
"Benzene, 1,2,3,4-Tetrafluoro-",FC(C(F)=CC=C1F)=C1F,551-62-2,5.58,0.8609,0.8975661535508128,low-fidelity RED
"1,1,2,3,3-Pentafluoropropane",FC(C(F)F)C(F)F,24270-66-4,5.115,0.7831,0.82348345460003,low-fidelity RED
2-Methyl-2H-Tetrafluorooxetane,FC(C(OC1C)(F)F)1F,1683-87-0,4.862,1.057,0.8325412902673356,low-fidelity RED
"1,1,2-Trifluoropropane",FC(C)C(F)F,E16217,4.987,0.7132,0.8536685539481937,low-fidelity RED
"2,2-Difluoroethyl  Difluoromethyl  Ether",FC(COC(F)F)F,32778-16-8,5.68,0.8994,0.3061862178478975,low-fidelity RED
"2,2,3,3,4,4-Hexafluorooxolane",FC(COC1(F)F)(C(F)1F)F,,4.788,1.045,0.7474958193863026,low-fidelity RED
"1,1,1,5,5,6,6,7,7,7-Decafluoro-2,4-Heptanedione",FC(F)(C(CC(C(F)(C(F)(C(F)(F)F)F)F)=O)=O)F,20583-66-8,5.535,1.071,0.9568829604502318,low-fidelity RED
"1,2,2,2-Tetrafluoroethyl  Difluoromethyl  Ether",FC(F)(C(OC(F)F)F)F,57041-67-5,4.991,1.031,0.8370334521391601,low-fidelity RED
"Ethyl 4,4,4-Trifluorocrotonate",FC(F)(F)\C=C\C(=O)OCC,25597-16-4,5.602,1.15,0.4308421984903523,low-fidelity RED
"Ethyl 4,4,4-Trifluoro-3-(Trifluoromethyl)Crotnate",FC(F)(F)C(=CC(=O)OCC)C(F)(F)F,1513-60-6,5.533,1.136,0.7681145747868607,low-fidelity RED
"1,1,1,5,5,6,6,6-Octafluoro-2,4-Hexanedione",FC(F)(F)C(=O)CC(=O)C(F)(F)C(F)(F)F,20825-07-4,5.528,1.035,0.8678277478854888,low-fidelity RED
"1,1,1,5,5,5-Hexafluoro-2,4-Pentanedione",FC(F)(F)C(=O)CC(=O)C(F)(F)F,1522-22-1,5.395,0.9525,0.8958236433584462,low-fidelity RED
"Ethyl 4,4,4-Trifluoroaceto Acetate",FC(F)(F)C(=O)CC(=O)OCC,372-31-6,5.609,1.006,0.5055937104039177,low-fidelity RED
n-Buthyl Trifluoroacetate,FC(F)(F)C(=O)OCCCC,367-64-6,5.576,0.9006,0.46233105022267307,low-fidelity RED
"Ethyl 2-Bromo-2,3,3,3-Tetrafluoropropionate ",FC(F)(F)C(F)(Br)C(=O)OCC,10186-73-9,5.581,0.9813,0.48605555238058906,low-fidelity RED
Hexafluoro-Tert-Buthanol,FC(F)(F)C(O)(C)C(F)(F)F,1515-14-6,5.219,0.8636,0.8689073598491382,low-fidelity RED
 -(Trifluoromethyl)Vinyl Acetate,FC(F)(F)C(OC(=O)C)=C,2247-91-8,4.8,1.014,0.4038873605350876,low-fidelity RED
"1,1,1,3,3,3-Hexafluoro Isopropyl Acrylate",FC(F)(F)C(OC(=O)C=C)C(F)(F)F,2160-89-6,5.719,1.098,0.9100137361600648,low-fidelity RED
"3-Fluoro-2,2-Bis(Trifluoromethyl)Oxetane",FC(F)(F)C1(OCC1F)C(F)(F)F,,4.81,1.058,0.9394147114027965,low-fidelity RED
"3,5-Bis(Trifluoromethyl)Benzylamine",FC(F)(F)c1cc(cc(c1)C(F)(F)F)CN,85068-29-7,5.156,1.01,0.7733854149129009,low-fidelity RED
"2,2,2- Trifluoroethyl Butyrate",FC(F)(F)COC(=O)CCC,371-27-7,5.19,1.178,0.4808846015417835,low-fidelity RED
"n-Butyl-1,1,2,2-Tetrafluoroethyl Ether",FC(F)C(F)(F)OCCCC,358-37-2,4.889,0.9553,0.6547900426854395,low-fidelity RED
"1,1,2,2-Tetrafluoroethane",FC(F)C(F)F,359-35-3,4.851,0.776,0.735696948478108,low-fidelity RED
"1,1-Difluoropropane",FC(F)CC,430-61-5,5.177,0.7796,0.9246621004453465,low-fidelity RED
"1,1,3,3-Tetrafluoropropane",FC(F)CC(F)F,66794-30-7,5.274,0.7961,0.7520804478245662,low-fidelity RED
Bis(Difluoromethyl)Ether,FC(F)OC(F)F,1691-17-4,5.138,0.8561,0.35531676008879753,low-fidelity RED
"2,2,5,5-Tetrafluorooxolane",FC(OC(CC1)(F)F)1F,65238-17-7,5.061,1.016,0.43084219849035227,low-fidelity RED
"Ethane, 1,1-Difluoro-2-(Trifluoromethoxy)-",FC(OCC(F)F)(F)F,84011-15-4,4.846,0.9144,0.5836308764964375,low-fidelity RED
Trans-1-Fluoro-2-Butene,FC/C=C/C,E14895,5.223,0.9682,0.7004462863060957,low-fidelity RED
"2 -Pyran, 2,2,6,6-Tetrafluorotetrahydro-",FC1(F)OC(F)(F)CCC1,66711-92-0,4.921,1.032,0.5857687256929991,low-fidelity RED
Decafluorobiphenyl,FC1=C(C(C(F)=C(F)C(F)=C2F)=C2F)C(F)=C(F)C(F)=C1F,434-90-2,5.357,0.8688,0.775,low-fidelity RED
"Benzene, (Difluoromethyl)Pentafluoro-",FC1=C(F)C(F)=C(F)C(F)=C1C(F)F,22006-44-6,5.102,0.9201,0.9669539802906859,low-fidelity RED
"Benzene, 1-(Difluoromethyl)-2,3,4,5-Tetrafluoro-",FC1=C(F)C(F)=C(F)C=C1C(F)F,116487-71-9,5.323,1.15,0.8721381771256207,low-fidelity RED
"Benzene, 1,2,3,5-Tetrafluoro-",FC1=C(F)C(F)=CC(F)=C1,2367-82-0,5.043,0.9657,0.8975661535508128,low-fidelity RED
"Benzene, 1,2,4,5-Tetrafluoro-",FC1=C(F)C=C(F)C(F)=C1,327-54-8,5.276,0.9108,0.8975661535508128,low-fidelity RED
"Furan, 2,2,3,5,5-Pentafluorotetrahydro-,( )-",FC1CC(F)(F)OC(F)1F,75988-19-1,5.396,1.098,0.43660622991432463,low-fidelity RED
"1,2-Difluoropropane",FCC(F)C,62126-90-3,5.367,0.8022,0.7520804478245662,low-fidelity RED
"1,1,2,3-Tetrafluoropropane",FCC(F)C(F)F,E15926,5.464,0.8947,0.7830229881682913,low-fidelity RED
"1,1,2-Trifluoroethane",FCC(F)F,430-66-0,5.216,0.726,0.7318640584152225,low-fidelity RED
"1,1,3-Trifluoropropane",FCCC(F)F,E16215,5.184,0.8018,0.7202430145443967,low-fidelity RED
1-Fluorobutane,FCCCC,2366-52-1,4.996,0.7848,0.906228448019593,low-fidelity RED
"1,1,4-Trifluorobutane",FCCCC(F)F,E16197,5.354,0.8762,0.773385414912901,low-fidelity RED
5-Fluoro-1-Pentene,FCCCC=C,407-79-4,5.212,0.99,0.7685213074469699,low-fidelity RED
"1,5-Difluoropentane",FCCCCCF,373-17-1,5.159,0.832,0.9239859306288171,low-fidelity RED
"1,4-Difluorobutane",FCCCCF,372-90-7,5.214,0.7929,0.8965210538520559,low-fidelity RED
"1,3-Difluoropropane",FCCCF,462-39-5,5.214,0.7929,0.9171968163922073,low-fidelity RED
(E)-Dimethyldiazene,N(=N/C)\C,4143-41-3,5.069,0.7089,0.9861541461658011,low-fidelity RED
N-Methyl-2-Heptanamine,N(C(C)CCCCC)C,540-43-2,5.748,0.8182,0.9650129532809393,low-fidelity RED
Methyl-sec-Butylamine,N(C)C(C)CC,7713-69-1,5.466,0.8933,0.7474958193863026,low-fidelity RED
Methylethylamine,N(C)CC,624-78-2,5.201,0.7479,0.4401704215414751,low-fidelity RED
Methyl-Tert-Butylamine,N(C)CC(C)C,625-43-4,5.665,0.8442,0.6670832032063166,low-fidelity RED
Methyl-Butylamine,N(C)CCCC,110-68-9,5.25,0.8495,0.598957427535547,low-fidelity RED
Methylpentylamine,N(C)CCCCC,25419-06-1,5.333,0.9058,0.7202430145443967,low-fidelity RED
Ethyl-Tert-Butylamine,N(CC)C(C)(C)C,4432-77-3,5.298,0.8903,0.9711462299777514,low-fidelity RED
Ethyl-sec-Butylamine,N(CC)C(C)CC,21035-44-9,5.545,0.8514,0.8746427842267951,low-fidelity RED
Ethylisobutylamine,N(CC)CC(C)C,13205-60-2,5.592,0.8729,0.794512429103535,low-fidelity RED
1-Ethylpropylamine,N(CC)CCC,20193-20-8,5.041,0.8902,0.6164414002968976,low-fidelity RED
Ethylpentylamine,N(CC)CCCCC,17839-26-8,5.277,0.8845,0.7866066361276135,low-fidelity RED
Propylisopropylamine,N(CCC)C(C)C,21968-17-2,5.414,0.973,0.8975661535508122,low-fidelity RED
"N,N-Diethylhydrazine",N(NCC)CC,1615-80-1,5.28,0.694,0.7533259586659685,low-fidelity RED
2-Ethylbutanenitrile,N#CC(CC)CC,617-80-1,5.957,0.8618,0.6986594306241062,low-fidelity RED
3-Methylpentanenitrile,N#CCC(C)CC,21101-88-2,6.007,0.8956,0.6422616289332566,low-fidelity RED
4-Methylpentanenitrile,N#CCCC(C)C,542-54-1,5.875,0.8753,0.6656763477847176,low-fidelity RED
Hexanenitrile,N#CCCCCC,628-73-9,6.152,0.8211,0.7163274390947205,low-fidelity RED
Undecanenitrile,N#CCCCCCCCCCC,7/7/44 0:00,6.097,0.8284,0.7603453162872782,low-fidelity RED
Tridecanenitrile,N#CCCCCCCCCCCCC,629-60-7,6.097,0.8284,0.9130991183874844,low-fidelity RED
Tetradecanenitrile,N#CCCCCCCCCCCCCC,629-63-0,6.097,0.8284,0.9424038412485387,low-fidelity RED
Hexadecanenitrile,N#CCCCCCCCCCCCCCCC,629-79-8,6.097,0.8284,0.9813893213195263,low-fidelity RED
3-(Dimethylamino)-Propanenitrile,N#CCCN(C)C,1738-25-6,5.278,1.008,0.8735702604828078,low-fidelity RED
"Phosphorothioic Acid, O,O-Diethyl O-[6-Methyl-2-(1-Methyleth",N1=C(C)C=C(N=C1C(C)C)OP(=S)(OCC)OCC,333-41-5,6.939,1.389,0.6946221994724904,low-fidelity RED
"2,5-Dimethylpiperazine",N1CC(NCC1C)C,106-55-8,5.252,0.8195,0.9737171047075234,low-fidelity RED
"2-Amino-2,3-Dimethylbutane",NC(C)(C)C(C)C,4358-75-2,5.66,1.02,0.9447221813845591,low-fidelity RED
"1,1-Dimethylpropylamine",NC(C)(C)CC,594-39-8,5.603,0.9061,0.6269968101992225,low-fidelity RED
2-Amino-2-Methylpentane,NC(C)(C)CCC,53310-02-4,5.259,0.9482,0.8085480814398114,low-fidelity RED
3-Amino-3-Methylpentane,NC(C)(CC)CC,3495-46-3,5.567,0.9059,0.9100137361600646,low-fidelity RED
"2-Amino-3,3-Dimethyl Butane",NC(C)C(C)(C)C,3850-30-4,5.788,0.8246,0.8565920849505907,low-fidelity RED
"1,2-Dimethylpropylamine",NC(C)C(C)C,598-74-3,6.102,0.7679,0.642748006609122,low-fidelity RED
2-Aminohexane,NC(C)CCCC,5329-79-3,6.014,0.9112,0.7648529270389178,low-fidelity RED
3-Pentanamine,NC(CC)CC,616-24-0,5.821,0.8507,0.5528336096873996,low-fidelity RED
3-Aminohexane,NC(CC)CCC,16751-58-9,5.366,0.9561,0.7237057413065063,low-fidelity RED
"2,2-Dimethylpropylamine",NCC(C)(C)C,5813-64-9,5.532,0.8855,0.6523994175349943,low-fidelity RED
"1-Amino-2,2-Dimethylbutane",NCC(C)(C)CC,41781-17-3,5.581,0.8487,0.722841614740048,low-fidelity RED
1-Amino-2-Methylpentane,NCC(C)CCC,13364-16-4,5.417,0.775,0.7382411530116703,low-fidelity RED
1-Amino-2-Ethylbutane,NCC(CC)CC,617-79-8,5.968,0.9662,0.6269968101992226,low-fidelity RED
"1-Hexanamine, 2-Ethyl-",NCC(CC)CCCC,104-75-6,6.395,0.8903,0.8536685539481937,low-fidelity RED
"1-Amino-3,3-Dimethylbutane",NCCC(C)(C)C,15673-00-4,5.602,0.8821,0.702228595259407,low-fidelity RED
1-Amino-3-Methylpentane,NCCC(C)CC,42245-37-4,5.709,0.9408,0.7424621202458751,low-fidelity RED
1-Amino-4-Methylpentane,NCCCC(C)C,5344-20-7,5.886,0.9399,0.6619101147436862,low-fidelity RED
Decylamine,NCCCCCCCCCC,2016-57-1,5.568,0.9102,0.9233092656309699,low-fidelity RED
"Cis-2,5-Dimethyltetrahydrofuran",O([C@@H](C1)C)[C@H](C1)C,2144-41-4,5.691,0.9126,0.7945124291035353,low-fidelity RED
Vinyl Glycidyl  Ether,O(\C=C)CC1OC1,3678-15-7,5.037,1.121,0.8085480814398115,low-fidelity RED
Di-sec-Butyl Ether,O(C(CC)C)C(CC)C,6863-58-7,5.238,0.8582,0.8845903006477066,high-fidelity RED
Trimethoxymethylsilane,O(C)[Si](OC)(OC)C,120250-60-4,5.338,0.9061,0.874642784226795,low-fidelity RED
3-(Trimethoxysilyl)-1-Propanethiol,O(C)[Si](OC)(OC)CCCS,4420-74-0,5.988,0.8825,0.4373213921133974,low-fidelity RED
"Methyl 1,2-Dimethylpropyl Ether",O(C)C(C)C(C)C,62016-49-3,5.231,0.832,0.9503288904374105,low-fidelity RED
Methyl 1-Methylbutyl Ether,O(C)C(C)CCC,6795-88-6,5.221,0.8959,0.8721381771256204,low-fidelity RED
Methyl 1-Ethylpropyl Ether,O(C)C(CC)CC,36839-67-5,5.859,0.9231,0.8200609733428362,low-fidelity RED
"Methyl 2,2-Dimethylpropyl Ether",O(C)CC(C)(C)C,1118-00-9,4.82,0.8131,0.9839334327077213,low-fidelity RED
Methyl 2-Methylbutyl Ether,O(C)CC(C)CC,62016-48-2,5.318,0.919,0.9072623655812028,low-fidelity RED
Di(Propylene Glycol) Dimethyl Ether,O(C)CCCOCCCOC,11109-77 -4,4.984,0.8756,0.3614208073700246,low-fidelity RED
Allyl n-Hexyl Ether,O(C/C=C)CCCCCC,3295-94-1,5.527,0.9637,0.9246621004453465,low-fidelity RED
2-{2-[(2-Ethylhexyl)Oxy]Ethoxy}Ethanol,O(CC(CCCC)CC)CCOCCO,1559-36-0,8.326,0.9059,0.8645808232895297,low-fidelity RED
3-Aminopropyl-Triethoxysilane,O(CC)[Si](OCC)(OCC)CCCN,919-30-2,5.775,1.084,0.8863548950617917,low-fidelity RED
Trans-2-Hexenal Diethyl Acetal,O(CC)C(OCC)/C=C/CCC,67746-30-9,5.857,0.996,0.8852965604812889,low-fidelity RED
Hydroxycitronellal Diethyl Acetal,O(CC)C(OCC)CC(C)CCCC(O)(C)C,7779-94-4,6.993,0.9513,0.5505678886386312,low-fidelity RED
Ethyl Isopentyl Ether,O(CC)CCC(C)C,628-04-6,5.243,0.8519,0.9212762886344139,low-fidelity RED
1-Ethoxypentane,O(CC)CCCCC,17952-11-3,5.323,0.8452,0.801950746617272,low-fidelity RED
Ethyl n-Hexyl Ether,O(CC)CCCCCC,5756-43-4,5.268,0.8485,0.8806957476904269,low-fidelity RED
Triethylene Glycol Diethyl Ether,O(CC)CCOCCOCCOCC,4499-99-4,5.414,0.786,0.35089172119045553,low-fidelity RED
"2,2-Dimethyltetrahydrofuran",O(CC1)C(C1)(C)C,1003-17-4,5.234,0.9619,0.8440971508067068,low-fidelity RED
2-Tetrahydrofurfuryl Acetate,O(CC1)C(C1)COC(=O)C,637-64-9,5.974,0.9922,0.9017344398435714,low-fidelity RED
"Peroxide, (3,3,5-Trimethylcyclohexylidene)Bis[(1,1-Dimethyle",O(OC1(OOC(C)(C)C)CC(CC(C1)C)(C)C)C(C)(C)C,6731-36-8,4.976,1.06,0.68053287944081,low-fidelity RED
l-Menthol,O[C@H]1C[C@@H](C)CC[C@@H]1[C@H](C)C,2216-51-5,6.316,1.162,0.9813893213195262,high-fidelity RED
Butyl Nitrate,O=[N+]([O-])OCCCC,928-45-0,6.171,0.972,0.6819090848492932,low-fidelity RED
5-Methyl-2-Hepten-4-One,O=C(/C=C/C)C(C)CC,81925-81-7,6.505,0.9997,0.8961724164467465,low-fidelity RED
4-Hexen-3-One,O=C(\C=C/C)CC,2497-21-4,5.818,0.9031,0.6819090848492931,low-fidelity RED
"2,4-Pentanedione, 3-Butyl-",O=C(C(C(=O)C)CCCC)C,1540-36-9,6.628,0.8066,0.8374067112222122,low-fidelity RED
"2-Hexanone,1,1,1,3,3,4,4,5,5,6,6-Undecafluoro-",O=C(C(C(F)(C(C(F)F)(F)F)F)(F)F)C(F)(F)F,42287-75-2,5.142,1.018,0.9154916711800275,low-fidelity RED
"2-Pentanone,1,1,1,3,3,4,4,5,5-Nonafluoro-",O=C(C(C(F)(C(F)F)F)(F)F)C(F)(F)F,50838-70-5,5.449,1.025,0.7301540933255113,low-fidelity RED
"2,2,3,3-Tetrafluoroethyl-Trifluoro Methyl-Ketone(S)",O=C(C(C(F)F)(F)F)C(F)(F)F,42287-74-1,4.981,0.8528,0.585768725692999,low-fidelity RED
"Ethyl  -Methyl-4,4,4-Trifluoro-Acetoacetate,Tech.",O=C(C(C(OCC)=O)C)C(F)(F)F,344-00-3,6.076,0.9801,0.26220221204253813,low-fidelity RED
Methyl Pivaloylacetate,O=C(C(C)(C)C)CC(=O)OC,55107-14-7,6.401,0.7889,0.3588175023601836,low-fidelity RED
Ethyl Methacrylate,O=C(C(C)=C)OCC,97-63-2,6.431,0.9511,0.6067330549755803,high-fidelity RED
"Propanoic Acid, 2-Bromo-, Ethyl Ester",O=C(C(C)Br)OCC,535-11-5,6.373,0.9369,0.9407443861113386,low-fidelity RED
"2,4-Dimethyl-3-Pentanone",O=C(C(C)C)C(C)C,565-80-0,6.432,0.8195,0.7909646009778188,low-fidelity RED
Ethyl Isobutanoate,O=C(C(C)C)OCC,97-62-1,6.792,0.8907,0.4160829244273311,low-fidelity RED
Isobutyl Isobutyrate,O=C(C(C)C)OCC(C)C,97-85-8,7.296,0.951,0.8268917704270613,high-fidelity RED
"2-Pentanone,1,3,3,4,4,5,5-Heptafluoro-",O=C(C(F)(C(C(F)F)(F)F)F)CF,26502-41-0,5.436,0.9851,0.6731456008918131,low-fidelity RED
"3,4-Dimethyl-2-Pentanone",O=C(C)C(C)C(C)C,565-78-6,6.327,0.6877,0.7215434844830906,low-fidelity RED
3-Ethyl-2-Pentanone,O=C(C)C(CC)CC,3/7/37 0:00,6.518,0.7549,0.6149186938124421,low-fidelity RED
Isobutyl Acetoacetate,O=C(C)CC(=O)OCC(C)C,7779-75-1,7.278,0.9827,0.570635610525667,low-fidelity RED
6-Methyl-2-Heptanone,O=C(C)CCCC(C)C,928-68-7,6.903,0.896,0.7044501401802689,low-fidelity RED
Isoheptyl Acetate,O=C(C)OCCCCC(C)C,180348-60-1,7.453,0.867,0.7254309064273456,low-fidelity RED
Hexylene Glycol Diacetate,O=C(C)OCCCCCCOC(C)=O,6222-17-9,7.341,0.7739,0.550567888638631,high-fidelity RED
Methyl Heptine Carbonate,O=C(C#CCCCCC)OC,111-12-6,6.429,0.9918,0.5873670062235372,low-fidelity RED
Ethyl Acrylate,O=C(C=C)OCC,140-88-5,6.897,0.9311,0.29580398915498096,high-fidelity RED
Isobutyl Acrylate,O=C(C=C)OCC(C)C,106-63-8,7.281,0.9721,0.23184046238739286,high-fidelity RED
Propyl Acrylate,O=C(C=C)OCCC,925-60-0,6.625,0.9694,0.5135659646043538,low-fidelity RED
n-Butyl Acrylate,O=C(C=C)OCCCC,141-32-2,6.944,0.952,0.28394541729001377,high-fidelity RED
"2-Pentanone,1,1,1,5,5,5-Hexafluoro-4-Methyl-",O=C(CC(C(F)(F)F)C)C(F)(F)F,372-24-7,5.534,1.04,0.8547660498639379,low-fidelity RED
5-Methyl-3-Hexanone,O=C(CC(C)C)CC,623-56-3,6.153,0.9434,0.6490377492873586,low-fidelity RED
"2,2-Dimethyl-3-Pentanone",O=C(CC)C(C)(C)C,564-04-5,6.315,0.8641,0.7491662031885848,low-fidelity RED
Ethyl Isopropyl Ketone,O=C(CC)C(C)C,565-69-5,6.481,0.7917,0.5511351921262152,low-fidelity RED
Diethyl Ketone,O=C(CC)CC,96-22-0,6.463,0.7431,0.5414101956926932,high-fidelity RED
Ethyl Isoamyl Ketone,O=C(CC)CCC(C)C,624-42-0,6.564,0.9267,0.7158910531638176,low-fidelity RED
Ethyl Butyl Ketone,O=C(CC)CCCC,106-35-4,6.821,0.8344,0.6968679932383177,high-fidelity RED
Propionic Anhydride,O=C(CC)OC(CC)=O,123-62-6,5.87,0.8803,0.93038970329642,high-fidelity RED
Vinyl Propionate,O=C(CC)OC=C,105-38-4,5.902,0.8596,0.5728219618694802,high-fidelity RED
Ethyl Propionate,O=C(CC)OCC,105-37-3,5.931,0.7415,0.25000000000000017,high-fidelity RED
(Z)-3-Hexen-1-Yl Propionate,O=C(CC)OCC/C=C\CC,33467-74-2,6.095,1.04,0.7802243267163622,low-fidelity RED
n-Butyl Propionate,O=C(CC)OCCCC,590-01-2,6.331,0.8822,0.2958039891549808,high-fidelity RED
Diethyl Succinate,O=C(CCC(OCC)=O)OCC,123-25-1,7.215,0.7396,0.6538348415311015,low-fidelity RED
Dipropyl Succinate,O=C(CCC(OCCC)=O)OCCC,925-15-5,7.285,0.9008,0.614918693812442,low-fidelity RED
2-Methyl-3-Hexanone,O=C(CCC)C(C)C,12/6/79 0:00,6.768,0.8612,0.6604922406811454,low-fidelity RED
4-Octanone,O=C(CCC)CCCC,589-63-9,6.834,0.8354,0.7163274390947203,low-fidelity RED
n-Butyl Butyrate,O=C(CCC)OCCCC,109-21-7,7.42,0.9305,0.825,high-fidelity RED
Pentyl Butanoate,O=C(CCC)OCCCCC,540-18-1,7.461,0.9281,0.7717674520216568,low-fidelity RED
5-Hexen-2-One,O=C(CCC=C)C,109-49-9,6.616,0.9259,0.5640257086339239,low-fidelity RED
(Z)-3-Hexen-1-Yl Valerate,O=C(CCCC)OCC\C=C\CC,35852-46-1,7.387,1.058,0.9209370228196935,low-fidelity RED
Dibutyl Adipate,O=C(CCCCC(OCCCC)=O)OCCCC,105-99-7,7.637,0.9179,0.8381527307120108,low-fidelity RED
"Propanoic Acid, 3-Chloro-, Ethyl Ester",O=C(CCCl)OCC,623-71-2,6.482,0.9251,0.9407443861113396,low-fidelity RED
Phosgene,O=C(Cl)Cl,75-44-5,5.533,0.7704,0.6403124237432846,high-fidelity RED
Tetraethylurea,O=C(N(CC)CC)N(CC)CC,1187-03-7,5.761,0.8132,0.965012953280939,low-fidelity RED
Oleamide,O=C(N)CCCCCCC\C=C/CCCCCCCC,301-02-0,7.332,0.9606,0.6046693311223909,low-fidelity RED
Hexadecanamide,O=C(N)CCCCCCCCCCCCCCC,629-54-9,7.256,0.8386,0.5590169943749481,low-fidelity RED
Docosanamide,O=C(N)CCCCCCCCCCCCCCCCCCCCC,3061-75-4,7.256,0.8386,0.6344288770224761,low-fidelity RED
n-Dodecylmethacrylamide,O=C(NCCCCCCCCCCCC)\C(=C)C,1191-39-5,5.583,1.016,0.7652613932506994,low-fidelity RED
N(2-Octadecanoylaminoethyl)Octadecanamide Commercial Grade,O=C(NCCNC(=O)CCCCCCCCCCCCCCCCC)CCCCCCCCCCCCCCCCC,110-30-5,6.801,0.9962,0.7909646009778191,low-fidelity RED
Elaidic Acid,O=C(O)CCCCCCC\C=C\CCCCCCCC,112-79-8,6.622,0.9284,0.9813893213195258,low-fidelity RED
10-Undecenoic Acid,O=C(O)CCCCCCCCC=C,112-38-9,6.657,1.04,0.8746427842267954,low-fidelity RED
Undecanoic Acid,O=C(O)CCCCCCCCCC,112-37-8,6.542,0.7999,0.9532837982468813,low-fidelity RED
Tridecanoic Acid,O=C(O)CCCCCCCCCCCC,638-53-9,6.542,0.7999,0.8649421946003096,low-fidelity RED
Tetradecanoic Acid,O=C(O)CCCCCCCCCCCCC,544-63-8,6.542,0.7999,0.9182183836103482,low-fidelity RED
Pentadecanoic Acid,O=C(O)CCCCCCCCCCCCCC,1002-84-2,6.542,0.7999,0.8692669325356855,low-fidelity RED
Heptadecanoic Acid,O=C(O)CCCCCCCCCCCCCCCC,506-12-7,6.542,0.7999,0.9676001240181813,low-fidelity RED
Eicosanoic Acid,O=C(O)CCCCCCCCCCCCCCCCCCC,506-30-9,6.542,0.7999,0.9937303457175899,low-fidelity RED
l-Menthyl Lactate,O=C(O[C@H]1[C@@H](CC[C@H](C1)C)C(C)C)[C@@H](O)C,61597-98-6,7.526,1.342,0.9899494936611671,low-fidelity RED
Vinyl_n-Hexanoate,O=C(O\C=C)CCCCC,3050-69-9,7.061,0.8932,0.7215434844830912,low-fidelity RED
1-Hexen-3-Yl Acetate,O=C(OC(/C=C)CCC)C,35926-04-6,6.789,1.113,0.8085480814398116,low-fidelity RED
2-Methylpropanoic Anhydride,O=C(OC(=O)C(C)C)C(C)C,97-72-3,6.674,0.9378,0.3881043674065007,low-fidelity RED
t-Butyl Methacrylate,O=C(OC(C)(C)C)\C(=C)C,585-07-9,6.089,0.9631,0.8634958019585272,low-fidelity RED
Tert-Butyl Propanoate,O=C(OC(C)(C)C)CC,20487-40-5,6.062,0.886,0.6846531968814576,low-fidelity RED
t-Butyl Acetoacetate,O=C(OC(C)(C)C)CC(C)=O,1694-31-1,6.511,0.9355,0.3588175023601836,low-fidelity RED
Tert-Butyl Butanoate,O=C(OC(C)(C)C)CCC,2308-38-5,6.623,0.9371,0.8620469824783333,low-fidelity RED
Tert-Pentyl Acetate,O=C(OC(C)(C)CC)C,625-16-1,6.683,0.9719,0.6619101147436863,low-fidelity RED
"1,1-Dimethylpropyl Butanoate",O=C(OC(C)(C)CC)CCC,2050-00-2,6.861,1.008,0.9276987657639736,low-fidelity RED
"1-Propen-2-ol, Acetate",O=C(OC(C)=C)C,108-22-5,5.88,0.9266,0.5006246098625199,low-fidelity RED
Isopropyl  Methacrylate,O=C(OC(C)C)\C(=C)C,4655-34-9,6.43,0.8878,0.6538348415311009,low-fidelity RED
Isopropyl Isobutyrate ,O=C(OC(C)C)C(C)C,617-50-5,6.816,0.9833,0.6680194607943694,low-fidelity RED
Isopropyl Propanoate,O=C(OC(C)C)CC,637-78-5,6.361,0.8598,0.4160829244273311,low-fidelity RED
sec-Butyl Propanoate,O=C(OC(C)CC)CC,591-34-4,6.086,0.9168,0.6408002808988148,low-fidelity RED
sec-Butyl Butanoate,O=C(OC(C)CC)CCC,819-97-6,6.577,0.989,0.8215838362577492,low-fidelity RED
1-Methylbutyl Acetate,O=C(OC(C)CCC)C,626-38-0,6.67,0.9137,0.6388466169590321,low-fidelity RED
1-Methylbutyl Propanoate,O=C(OC(C)CCC)CC,54004-43-2,6.161,0.9537,0.7180703308172535,low-fidelity RED
Ethyl 4-Acetoxyoctanoate,O=C(OC(CCC(=O)OCC)CCCC)C,121312-01-4,7.914,1.154,0.7075485849042453,low-fidelity RED
1-Propoxy-2-Propanyl Acetate,O=C(OC(COCCC)C)C,22326,7.156,1.007,0.5505678886386313,low-fidelity RED
Methyl Trans-2-Octenoate,O=C(OC)/C=C/CCCCC,7367-81-9,6.616,1.008,0.890224690738243,low-fidelity RED
Methyl Isobutylate,O=C(OC)C(C)C,547-63-7,6.655,0.9171,0.3354101966249685,low-fidelity RED
Methyl Perfluorobuten-3-Oate,O=C(OC)C(F)(F)\C(F)=C(F) F,20562-79-2,5.006,1.033,0.8295330011518526,low-fidelity RED
Methyl Acrylate,O=C(OC)C=C,96-33-3,6.067,0.8587,0.9384162189561731,high-fidelity RED
Methyl Propionate,O=C(OC)CC,554-12-1,5.845,0.7389,0.5315072906367326,high-fidelity RED
Methyl Trifluoroacetoacetone,O=C(OC)CC(C(F)(F)F)=O,83643-84-9,5.368,0.9069,0.7163274390947205,low-fidelity RED
"Hexanedioic Acid, Dimethyl Ester",O=C(OC)CCCCC(OC)=O,627-93-0,7.317,0.7178,0.7533259586659684,low-fidelity RED
"Nonanedioic Acid, Dimethyl Ester",O=C(OC)CCCCCCCC(OC)=O,1732-10-1,7.261,0.7508,0.6538348415311015,low-fidelity RED
Ethyl Methyl Carbonate,O=C(OC)OCC,623-53-0,6.989,0.8187,0.758287544405155,low-fidelity RED
Trans-2-Hexenyl Acetate,O=C(OC/C=C/CCC)C,2497-18-9,6.825,1.004,0.800780868902348,low-fidelity RED
Trans-2-Hexenyl Propionate,O=C(OC/C=C/CCC)CC,53398-80-4,6.09,1.074,0.8381527307120108,low-fidelity RED
Vinyl Acetate,O=C(OC=C)C,108-05-4,6.418,0.844,0.48798053239857875,high-fidelity RED
Vinyl-2-Ethyl Hexanoate,O=C(OC=C)C(CC)CCCC,94-04-2,7.528,1.094,0.8735702604828073,high-fidelity RED
Vinyl Butyrate,O=C(OC=C)CCC,123-20-6,6.465,0.9111,0.6576473218982953,high-fidelity RED
Isobutyl Angelate,O=C(OCC(C)C)\C(=C/C)C,7779-81-9,7.332,1.02,0.8739279146474273,low-fidelity RED
Isobutyl-3-(Methyl Thio) Butyrate,O=C(OCC(C)C)CC(C)SC,127931-21-9,7.355,0.9638,0.9124143795447337,low-fidelity RED
Isobutyl Butanoate,O=C(OCC(C)C)CCC,539-90-2,7.498,0.9799,0.7537406715840668,low-fidelity RED
Isobutyl Pentanoate,O=C(OCC(C)C)CCCC,10588-10-0,7.839,0.975,0.8112490369793975,low-fidelity RED
2-Methylbutyl Acetate,O=C(OCC(C)CC)C,624-41-9,7.448,0.8769,0.6604922406811456,low-fidelity RED
2-Methylbutyl Propanoate,O=C(OCC(C)CC)CC,2438-20-2,6.56,0.9631,0.7271519786124493,low-fidelity RED
2-Methylbutyl Butanoate,O=C(OCC(C)CC)CCC,51115-64-1,7.507,1.026,0.8860022573334675,low-fidelity RED
2-Ethyl Hexyl Acetate,O=C(OCC(CC)CCCC)C,103-09-3,7.781,0.7668,0.8674675786448739,high-fidelity RED
Bis (2-Ethylhexyl)Phthalate,O=C(OCC(CC)CCCC)C1=CC=CC=C1C(OCC(CC)CCCC)=O,117-81-7,8.387,1.097,0.9861541461658012,low-fidelity RED
2-Ethylhexylthioglycolate,O=C(OCC(CCCC)CC)CS,7659-86-1,7.506,0.8825,0.8208227579691002,low-fidelity RED
"2,2,3,3-Tetrafluoropropyl Trifluoroacetate ",O=C(OCC(F)(C(F)F)F)C(F)(F)F,f4047,5.564,0.9369,0.350891721190455,low-fidelity RED
Tricaproin,O=C(OCC(OC(=O)CCCCC)COC(=O)CCCCC)CCCCC,621-70-5,8.512,1.033,0.9594920531197747,low-fidelity RED
"2-Butenoic Acid, Ethyl Este, (E)-",O=C(OCC)/C=C/C,623-70-1,6.917,1.037,0.6828250141873828,low-fidelity RED
Ethyl Trans-2-Decenoate,O=C(OCC)/C=C/CCCCCCC,7367-88-6,7.194,1.114,0.9480242612929274,low-fidelity RED
Diethyl Maleate,O=C(OCC)\C=C/C(OCC)=O,141-05-9,7.046,1.01,0.865303414993839,low-fidelity RED
Diethyl Fumarate,O=C(OCC)\C=C\C(OCC)=O,623-91-6,7.046,1.01,0.865303414993839,low-fidelity RED
Ethyl Bromofluoroacetate,O=C(OCC)C(Br)F,401-55-8,6.29,1.05,0.9113863066779099,low-fidelity RED
"Ethyl 2,2-Difluoroacetoacetate",O=C(OCC)C(C(C)=O)(F)F,2266-48-0,5.297,0.8599,0.6490377492873585,low-fidelity RED
Diethyl Diethylmalonate,O=C(OCC)C(CC)(CC)C(OCC)=O,77-25-8,6.497,0.8368,0.7754031209635412,low-fidelity RED
Ethyl Chlorofluoroacetate,O=C(OCC)C(Cl)F,401-56-9,5.751,0.8881,0.40773766075750234,low-fidelity RED
Ethyl 5H-Octafluoropentanoate,O=C(OCC)C(F)(C(C(C(F)F)(F)F)(F)F)F,2795-50-8,5.716,0.9918,0.6344288770224761,low-fidelity RED
Tropical 3-Thiobutyrate,O=C(OCC)CC(C)SC,233665-96-8,6.949,0.8986,0.902773504263389,low-fidelity RED
Ethyl-3-Methylpentanoate,O=C(OCC)CC(CC)C,5870-68-8,6.941,0.9438,0.7271519786124493,low-fidelity RED
Diethyl Malonate,O=C(OCC)CC(OCC)=O,105-53-3,6.635,0.844,0.8860022573334683,high-fidelity RED
Ethyl Levulinate,O=C(OCC)CCC(C)=O,539-88-8,7.133,0.8588,0.8562271894771863,low-fidelity RED
Diethyl Glutarate,O=C(OCC)CCCC(OCC)=O,818-38-2,7.357,0.8213,0.5623610939600996,low-fidelity RED
"Hexanedioic Acid, Diethyl Ester",O=C(OCC)CCCCC(OCC)=O,141-28-6,7.521,0.82,0.5755432216610669,low-fidelity RED
"Octanoic Acid, Ethyl Ester",O=C(OCC)CCCCCCC,106-32-1,7.427,0.8468,0.736970148649184,low-fidelity RED
Ethyl Nonanoate,O=C(OCC)CCCCCCCC,123-29-5,7.427,0.8468,0.8989577298182603,low-fidelity RED
"Decanedioic Acid, Diethyl Ester",O=C(OCC)CCCCCCCCC(OCC)=O,110-40-7,7.465,0.8499,0.7057797106746553,low-fidelity RED
Ethyl 2-Ethoxyacetate,O=C(OCC)COCC,817-95-8,6.252,0.9277,0.4160829244273313,low-fidelity RED
Diethyl Carbonate,O=C(OCC)OCC,105-58-8,6.908,0.7401,0.5545268253204709,high-fidelity RED
Cis-3-Hexenyl Butyrate,O=C(OCC\C=C/CC)CCC,16491-36-4,7.044,1.085,0.8849435010213933,low-fidelity RED
Diallyl Maleate,O=C(OCC=C)\C=C/C(OCC=C)=O,999-21-3,6.701,1.063,0.9555757426808192,low-fidelity RED
"2-Propenoic Acid, 2-Propenyl Ester",O=C(OCC=C)C=C,999-55-3,6.607,0.9382,0.6046693311223912,low-fidelity RED
"Neodecanoic Acid, 2,3-Epoxypropyl Ester",O=C(OCC1OC1)C(CCCCCC)(C)C,26761-45-5,6.759,1.157,0.7960841664045333,low-fidelity RED
Tetrahydrofurfuryl Acrylate,O=C(OCC1OCCC1)\C=C,2399-48-6,5.762,1.171,0.8605957239029249,low-fidelity RED
Furfuryl Octanoate,O=C(OCc1occc1)CCCCCCC,39252-03-4,8.648,1.111,0.8933784192602818,low-fidelity RED
Isopentyl Pentanoate,O=C(OCCC(C)C)CCCC,9/1/50 0:00,7.515,0.9807,0.890575656527844,low-fidelity RED
"1,3-Diacetoxybutane",O=C(OCCC(OC(=O)C)C)C,1117-31-3,7.679,0.9264,0.7834219807996202,low-fidelity RED
Dipropyl Maleate,O=C(OCCC)\C=C/C(=O)OCCC,2432-63-5,6.775,1.049,0.8038967595406773,low-fidelity RED
Propyl Methacrylate,O=C(OCCC)C(C)=C,2210-28-8,6.447,1.031,0.3791437722025776,high-fidelity RED
Propyl Isobutyrate ,O=C(OCCC)C(C)C,644-49-5,7.016,1.018,0.6269968101992227,low-fidelity RED
Propyl Pentanoate,O=C(OCCC)CCCC,141-06-0,7.447,0.9507,0.695521387162178,low-fidelity RED
Dibutyl Maleate,O=C(OCCCC)\C=C/C(OCCCC)=O,105-76-0,7.092,1.032,0.7504165509901821,high-fidelity RED
Dibutyl Sebacate,O=C(OCCCC)CCCCCCCCC(OCCCC)=O,109-43-3,7.579,0.9398,0.9394147114027969,high-fidelity RED
Butyl Stearate,O=C(OCCCC)CCCCCCCCCCCCCCCCC,123-95-5,7.662,0.9379,0.8860022573334674,high-fidelity RED
Butyl Carbonate,O=C(OCCCC)OCCCC,542-52-9,7.154,0.8526,0.4690415759823434,low-fidelity RED
n-Amyl Acetate,O=C(OCCCCC)C,628-63-7,7.253,0.6874,0.7681145747868611,high-fidelity RED
Dipentyl Oxalate,O=C(OCCCCC)C(=O)OCCCCC,20602-86-2,7.022,0.9079,0.7656696415556774,low-fidelity RED
Hexyl Propanoate,O=C(OCCCCCC)CC,2445-76-3,6.316,0.8877,0.7022285952594072,low-fidelity RED
Hexyl Isovalerate,O=C(OCCCCCC)CC(C)C,10032-13-0,6.81,1.013,0.9450529085717901,low-fidelity RED
Dihexyl Adipate,O=C(OCCCCCC)CCCCC(OCCCCCC)=O,110-33-8,7.62,0.9126,0.9287087810503355,low-fidelity RED
Di-Isononyl Phthalate,O=C(OCCCCCCC(C)C)C1=C(C(OCCCCCCC(C)C)=O)C=CC=C1,28553-12-0,8.126,1.17,0.9978101021737561,high-fidelity RED
Heptyl Butanoate,O=C(OCCCCCCC)CCC,5870-93-9,7.403,0.9313,0.9000000000000002,low-fidelity RED
"Acrylic Acid, Octyl Ester",O=C(OCCCCCCCC)\C=C,2499-59-4,6.927,0.9503,0.9724325169388367,low-fidelity RED
Hexamethylene Diacrylate,O=C(OCCCCCCOC(=O)\C=C)\C=C,13048-33-4,7.058,1.003,0.7921489758877435,low-fidelity RED
2(Dimethylamino)Ethyl Methacrylate,O=C(OCCN(C)C)\C(=C)C,2867-47-2,6.166,1.117,0.7115124735378855,low-fidelity RED
2(Dimethylamino)Ethyl Acrylate,O=C(OCCN(C)C)\C=C,2439-35-2,6.344,1.052,0.6209871174187112,low-fidelity RED
2-Diethylaminoethyl_Methacrylate,O=C(OCCN(CC)CC)\C(=C)C,105-16-8,5.723,1.119,0.7656696415556778,low-fidelity RED
Ethylene Glycol Diacrylate,O=C(OCCOC(=O)C=C)C=C,11/5/74 0:00,6.725,0.9057,0.78501592340538,low-fidelity RED
"Methacrylic Acid,  2-Methoxyethyl Ester",O=C(OCCOC)\C(=C)C,6976-93-8,5.438,0.9924,0.5968668193156661,low-fidelity RED
2-Methoxyethyl Acrylate,O=C(OCCOC)\C=C,3121-61-7,5.613,0.9097,0.6773108592072039,low-fidelity RED
Diethylene Glycoldimethacrylate,O=C(OCCOCCOC(=O)\C(=C)C)\C(=C)C,2358-84-1,6.87,1.018,0.7976528066771905,low-fidelity RED
Allyl Diglycol Carbonate,O=C(OCCOCCOC(=O)OC\C=C)OC\C=C,142-22-3,7.085,1.006,0.4153311931459043,low-fidelity RED
2-(2-Methoxyethoxy)Ethyl Acetate,O=C(OCCOCCOC)C,629-38-9,6.189,0.8436,0.8143248737451163,low-fidelity RED
Adipic Acid Bis(2-(2-Butoxyethoxy)Ethyl) Ester,O=C(OCCOCCOCCCC)CCCCC(=O)OCCOCCOCCCC,141-17-3,7.771,0.9302,0.644204936336257,low-fidelity RED
"2,2'-Ethylenedioxydiethyl Bis(2-Ethylbutyrate)",O=C(OCCOCCOCCOC(=O)C(CC)CC)C(CC)CC,95-08-9,7.258,1.019,0.7075485849042459,low-fidelity RED
Bis(Ethylhexanoate) Triethylene Glycol,O=C(OCCOCCOCCOC(=O)C(CC)CCCC)C(CC)CCCC,94-28-0,7.196,1.129,0.8933784192602824,low-fidelity RED
Tert-Butyl=2-Ethylperoxyhexate,O=C(OOC(C)(C)C)C(CCCC)CC,3006-82-4,7.354,1.052,0.6896557112066861,low-fidelity RED
"(±)-(Z+E)-1,2-Dihydroperillaldehyde",O=C[C@@H]1CC[C@@H](\C(=C)C)CC1,22451-50-9,6.046,1.098,0.964365076099296,low-fidelity RED
W321818 Trans-2-Pentenal,O=C/C=C/CC,1576-87-0,5.493,1.004,0.8295330011518532,low-fidelity RED
"Trans-2,Cis-6-Nonadienal",O=C/C=C/CC\C=C/CC,557-48-2,5.568,1.027,0.9280355596635296,low-fidelity RED
W256005 Trans-2-Hexen-1-Al,O=C/C=C/CCC,6728-26-3,5.422,0.9496,0.6950719387228925,low-fidelity RED
W316504 Trans-2-Heptenal.,O=C/C=C/CCCC,18829-55-5,5.615,1.028,0.6694213919497946,low-fidelity RED
Trans-2-Octenal,O=C/C=C/CCCCC,2548-87-0,5.806,1.001,0.6800735254367725,low-fidelity RED
Trans-2-Decenal,O=C/C=C/CCCCCCC,3913-81-3,5.752,0.9871,0.7570501964863363,low-fidelity RED
Trans-2-Undecenal.,O=C/C=C/CCCCCCCC,53448-07-0,5.752,0.9871,0.8131727983645295,low-fidelity RED
2-Butyl-2-Butenal,O=C\C(=C/C)CCCC,25409-08-9,6.566,0.9259,0.6823672031978087,low-fidelity RED
"Trans, Trans-2,4-Heptandienal",O=C\C=C\C=C\CC,3/5/13 0:00,5.378,1.127,0.9672771061076563,low-fidelity RED
Decadienal,O=C\C=C\C=C\CCCCC,25152-84-5,5.69,1.119,0.9503288904374109,low-fidelity RED
"2,4-Undecadien-1-Al",O=C\C=C\C=C\CCCCCC,13162-46-4,5.637,1.101,0.9374166629626333,low-fidelity RED
n-Propyl_Isocyanate,O=C=N/CCC,110-78-1,5.128,0.9653,0.621490144732803,low-fidelity RED
Allyl Isocyanate,O=C=NCC=C,1476-23-9,5.209,1.042,0.8173891362135907,low-fidelity RED
Carbon Dioxide (Fit = 1.0),O=C=O,124-38-9,5.233,0.7869,0.25495097567963926,high-fidelity RED
Jasmin Pyranone,O=C1CCCC(CC\C=C/CC)O1,68959-28-4,7.153,1.358,0.9233092656309694,low-fidelity RED
Petal Pyranone,O=C1CCCC(CC\C=C\C)O1,32764-98-0,7.572,1.365,0.9394147114027965,low-fidelity RED
Menthone Lactone,O=C1OC(C(C)C)CCC(C1)C,499-54-7,7.184,1.191,0.7842193570679066,low-fidelity RED
Delta-Dodecalactone,O=C1OC(CCCCCCC)CCC1,713-95-1,7.352,1.186,0.9585144756340411,low-fidelity RED
Undecanolide,O=C1OCCCCCCCCCC1,1335-45-1,7.067,0.996,0.9374166629626333,low-fidelity RED
"2,2-Dimethylbutanal",O=CC(C)(C)CC,2094-75-9,5.883,0.991,0.4527692569068709,low-fidelity RED
"2,3-Dimethylbutanal",O=CC(C)C(C)C,2109-98-0,5.887,0.9582,0.4513867521316949,low-fidelity RED
2-Methylhexanal,O=CC(C)CCCC,925-54-2,6.069,0.9619,0.47169905660283057,low-fidelity RED
"3,3-Dimethylbutanal",O=CCC(C)(C)C,2987-16-8,5.64,0.7715,0.3758324094593227,low-fidelity RED
3-Methylpentanal,O=CCC(C)CC,15877-57-3,5.957,0.8584,0.39764934301467175,low-fidelity RED
Cis-4-Decenal,O=CCC\C=C/CCCCC,21662-09-9,6.052,0.941,0.7420411039827918,low-fidelity RED
4-Methylpentanal,O=CCCC(C)C,1119-16-0,5.791,0.9515,0.3535533905932739,low-fidelity RED
"N,N-Dipropylformamide",O=CN(CCC)CCC,6282-00-4,5.289,0.9354,0.9192388155425115,low-fidelity RED
Tert-Butyl Formate,O=COC(C)(C)C,762-75-4,5.878,0.9092,0.2318404623873921,low-fidelity RED
"1,1-Dimethylpropyl Formate",O=COC(C)(C)CC,757-88-0,6.021,1.006,0.3020761493398642,low-fidelity RED
Isopropyl Formate,O=COC(C)C,625-55-8,5.957,0.8993,0.3944933459514877,low-fidelity RED
sec-Butyl Formate,O=COC(C)CC,589-40-2,5.771,0.9444,0.27950849718747384,low-fidelity RED
3-Octyl Formate,O=COC(CCCCC)CC,84434-65-1,6.53,1.031,0.6087897830942963,low-fidelity RED
Cyclohexyl Formate,O=COC1CCCCC1,4351-54-6,5.366,1.035,0.9307255234493145,low-fidelity RED
"2,2-Dimethylpropyl Formate",O=COCC(C)(C)C,23361-67-3,6.622,0.9442,0.30822070014844866,low-fidelity RED
Isobutyl Formate,O=COCC(C)C,542-55-2,6.423,0.9216,0.30822070014844904,high-fidelity RED
2-Methylbutyl Formate,O=COCC(C)CC,35073-27-9,6.392,0.9251,0.3288236609491477,low-fidelity RED
Hexyl Formate,O=COCCCCCC,629-33-4,6.115,0.8977,0.41003048667141856,low-fidelity RED
Nonyl Formate,O=COCCCCCCCCC,5451-92-3,6.115,0.8977,0.6786935980249116,low-fidelity RED
Decyl Formate,O=COCCCCCCCCCC,5451-52-5,6.115,0.8977,0.7250000000000002,low-fidelity RED
Undecyl Formate,O=COCCCCCCCCCCC,5454-24-0,6.115,0.8977,0.7399324293474374,low-fidelity RED
Tetradecyl Formate,O=COCCCCCCCCCCCCCC,5451-63-8,6.115,0.8977,0.9476945710512433,low-fidelity RED
Tert-Butyl Nitrite,O=NOC(C)(C)C,540-80-7,5.831,0.885,0.5749999999999995,low-fidelity RED
Isopropyl Nitrite,O=NOC(C)C,541-42-4,5.891,0.8684,0.8735702604828072,low-fidelity RED
Propyl Nitrite,O=NOCCC,543-67-9,5.633,0.9468,0.9532837982468809,low-fidelity RED
Amyl Nitrite,O=NOCCCCC,463-04-7,6.166,0.9753,0.46368092477478534,low-fidelity RED
"Phosphoric Acid, Tris(2-Ethylhexyl) Ester",O=P(OCC(CC)CCCC)(OCC(CCCC)CC)OCC(CCCC)CC,78-42-2,6.261,1.076,0.7750000000000006,low-fidelity RED
Triallylphosphate,O=P(OCC=C)(OCC=C)OCC=C,1623-19-4,5.178,1.013,0.8325412902673361,low-fidelity RED
Tripropyl Phosphate,O=P(OCCC)(OCCC)OCCC,513-08-6,5.062,1.002,0.5905505905508862,low-fidelity RED
"Ethanol, 2-Butoxy-, Phosphate (3:1)",O=P(OCCOCCCC)(OCCOCCCC)OCCOCCCC,78-51-3,5.517,1.041,0.7004462863060954,low-fidelity RED
Thionyl Chloride,O=S(Cl)Cl,9/7/19 0:00,5.2,0.9176,0.8591420138719787,high-fidelity RED
Butyl Ethyl Sulfite,O=S(OCC)OCCCC,92876-99-8,6.853,1.112,0.760756202735147,low-fidelity RED
Dipropyl Sulfate,O=S(OCCC)(OCCC)=O,598-05-0,5.584,1.002,0.9113863066779095,low-fidelity RED
Dibutyl Sulfate,O=S(OCCCC)(OCCCC)=O,625-22-9,5.919,0.9624,0.6841966091702008,low-fidelity RED
Dipentyl Sulfite,O=S(OCCCCC)OCCCCC,2051-05-0,6.959,1.007,0.7470776398741977,low-fidelity RED
"2-Vinyl-1,3-Dioxolane",O1C(OCC1)\C=C,3984-22-3,5.28,0.9842,0.7664854858377946,low-fidelity RED
Herbal Dioxane,O1CC(C)(C)C(OC1)C(C)C,3583-00-4,5.801,1.169,0.9676001240181815,low-fidelity RED
"3,4-Dimethyltetrahydrofuran",O1CC(C)C(C)C1,32970-37-9,5.617,0.8808,0.7717674520216568,low-fidelity RED
"3,3-Dimethyltetrahydrofuran",O1CCC(C)(C)C1,15833-75-7,4.795,0.969,0.8154753215150051,low-fidelity RED
Oxepane,O1CCCCCC1,592-90-5,5.181,0.7656,0.9727538229171865,low-fidelity RED
"2,4,4-Trimethyl-3-Hexanol",OC(C(C)C)C(C)(C)CC,66793-92-8,6.477,1.017,0.8370334521391604,low-fidelity RED
"2,6-Dimethyl-3-Heptanol",OC(C(C)C)CCC(C)C,19549-73-6,6.634,0.9381,0.7972609359550987,low-fidelity RED
"2,7-Dimethyl-3-Octanol",OC(C(C)C)CCCC(C)C,66719-55-9,6.637,0.8708,0.7866066361276135,low-fidelity RED
"3,5-Dimethyl-4-Heptanol",OC(C(C)CC)C(C)CC,19549-79-2,6.66,0.8838,0.9205976319760983,low-fidelity RED
"2,3,5-Trimethyl-3-Hexanol",OC(C)(C(C)C)CC(C)C,65927-60-8,6.581,0.9561,0.9585144756340406,low-fidelity RED
"2,3-Dimethyl-3-Heptanol",OC(C)(C(C)C)CCCC,19549-71-4,6.709,0.9163,0.9778803607803973,low-fidelity RED
"2,3,4-Trimethyl-2-Hexanol",OC(C)(C)C(C)C(C)CC,21102-13-6,6.746,0.9171,0.8874119674649423,low-fidelity RED
"2,3-Dimethyl-2-Hexanol",OC(C)(C)C(C)CCC,19550-03-9,6.11,0.8789,0.8280247580839599,low-fidelity RED
2-Methyl-3-Ethyl-2-Pentanol,OC(C)(C)C(CC)CC,19780-63-3,6.4,0.8749,0.7474958193863026,low-fidelity RED
2-Methyl-3-Ethyl-2-Hexanol,OC(C)(C)C(CC)CCC,66794-02-3,6.177,1.048,0.804673846971554,low-fidelity RED
"2,3-Dimethyl-2-Heptanol",OC(C)(C)C(CCCC)C,1331-39-1,6.624,0.9296,0.8891709621889371,low-fidelity RED
"2,4-Dimethyl-2-Heptanol",OC(C)(C)CC(C)CCC,65822-93-7,6.146,0.9642,0.8385254915624213,low-fidelity RED
"2,5-Dimethyl-2-Heptanol",OC(C)(C)CCC(CC)C,E14177,6.345,0.9897,0.8139410298049855,low-fidelity RED
"2,6-Dimethyl-2-Heptanol",OC(C)(C)CCCC(C)C,13254-34-7,6.569,0.882,0.7407766195014527,low-fidelity RED
"2,6-Dimethyt-2-Octanol",OC(C)(C)CCCC(C)CC,18479-57-7,6.873,1.003,0.8081614937622309,low-fidelity RED
"3,4,4-Trimethyl-3-Hexanol",OC(C)(CC)C(C)(C)CC,66793-74-6,6.187,0.8737,0.9493418773023762,low-fidelity RED
3-Methyl-4-Ethyl-3-Hexanol,OC(C)(CC)C(CC)CC,66794-05-6,6.607,1.01,0.9182183836103481,low-fidelity RED
"3,5-Dimethyl-3-Heptanol",OC(C)(CC)CC(C)CC,19549-74-7,6.649,0.9491,0.9927864825832391,low-fidelity RED
"3,6-Dimethyl-3-Heptanol",OC(C)(CC)CCC(C)C,1573-28-0,6.427,0.8551,0.940744386111339,low-fidelity RED
"2,4-Dimethyl-4-Heptanol",OC(C)(CCC)CC(C)C,19549-77-0,6.042,0.9678,0.9737171047075225,low-fidelity RED
"3,3-Dimethyl-2-Pentanol",OC(C)C(C)(C)CC,19781-24-9,6.967,1.004,0.990265116016918,low-fidelity RED
"3,7-Dimethyl-2-Octanol",OC(C)C(C)CCCC(C)C,15340-96-2,6.683,1.005,0.8591420138719792,low-fidelity RED
"4,6-Dimethyl-2-Heptanol",OC(C)CC(C)CC(C)C,51079-52-8,6.783,0.8044,0.9250000000000002,low-fidelity RED
"5,5-Dimethyl-2-Hexanol",OC(C)CCC(C)(C)C,31841-77-7,6.937,0.8858,0.7846177413237608,low-fidelity RED
"2,5-Dimethyl-4-Octanol",OC(CC(C)C)C(C)CCC,66719-53-7,6.215,0.9934,0.8821139382188674,low-fidelity RED
"2,6-Dimethyl-4-Octanol",OC(CC(C)C)CC(C)CC,66719-54-8,6.45,0.8922,0.8849435010213929,low-fidelity RED
"2,7-Dimethyl-4-Octanol",OC(CC(C)C)CCC(C)C,19781-11-4,6.065,1.011,0.8234834546000301,low-fidelity RED
3-Ethyl-3-Octanol,OC(CC)(CC)CCCCC,2051-32-3,6.445,0.9678,0.9937303457175899,low-fidelity RED
2-Methyl-3-Ethyl-3-Hexanol,OC(CC)(CCC)C(C)C,66794-03-4,6.545,1.016,0.9656603957913984,low-fidelity RED
"2,2-Dimethyl-3-Pentanol",OC(CC)C(C)(C)C,3970-62-5,6.552,0.8028,0.6708203932499368,low-fidelity RED
"4,4-Dimethyl-3-Hexanol",OC(CC)C(C)(C)CC,19550-09-5,6.683,0.9577,0.8551315688243535,low-fidelity RED
6-Methyl-3-Heptanol,OC(CC)CCC(C)C,18720-66-6,5.727,0.978,0.8874119674649424,low-fidelity RED
6-Methyl-3-Octanol,OC(CC)CCC(C)CC,40225-75-0,5.691,1.022,0.8200609733428363,low-fidelity RED
Undecan-3-ol,OC(CC)CCCCCCCC,8/4/29 0:00,6.498,1.001,0.8602325267042628,low-fidelity RED
Dodecan-3-ol,OC(CC)CCCCCCCCC,10203-30-2,6.498,1.001,0.851836251870041,low-fidelity RED
((Butoxy Methyl Ethoxy)Methyl Ethoxy)Propan-1-ol,OC(CC)OC(C)COC(C)COCCCC,55934-93-5,7.055,1.21,0.5836308764964379,low-fidelity RED
5-Methyl-4-Octanol,OC(CCC)C(C)CCC,59734-23-5,6.43,0.9326,0.9027735042633895,low-fidelity RED
Undecan-4-ol,OC(CCC)CCCCCCC,6/4/72 0:00,6.677,0.9566,0.8200609733428363,low-fidelity RED
2-Methyl-4-Octanol,OC(CCCC)CC(C)C,40575-41-5,6.626,1.055,0.906228448019593,low-fidelity RED
1-Ethoxy Ethoxy-2-Propanol,OC(COCC)COCC,4043-59-8,6.674,0.9479,0.13462912017836298,high-fidelity RED
"2-Propanol, 1,3-Bis(3-Methylbutoxy)-",OC(COCCC(C)C)COCCC(C)C,626-78-8,6.954,1.035,0.4555216789572148,low-fidelity RED
"3,7-Dimethyl-2-Octen-1-ol (6,7-Dihydrogeraniol)",OC/C=C(/CCCC(C)C)C,40607-48-5,6.817,0.9524,0.9266876496425323,low-fidelity RED
"2,2,6,6-Tetramethylpiperidin-4-ol",OC1CC(NC(C)(C)C1)(C)C,2403-88-5,6.403,1.141,0.9836157786453004,low-fidelity RED
"2,2-Dimethyl-1-Pentanol",OCC(C)(C)CCC,12/9/70 0:00,5.393,0.9902,0.9893179468704689,low-fidelity RED
"2,3,4-Trimethyl-1-Pentanol",OCC(C)C(C)C(C)C,6570-88-3,6.827,0.7568,0.9017344398435714,low-fidelity RED
"1-Propanol, 2-(2-Ethoxypropoxy)-",OCC(C)OCC(C)OCC,15764-24-6,6.75,1.047,0.9842509842514767,low-fidelity RED
4-Methyl-2-Ethyl-1-Pentanol,OCC(CC(C)C)CC,106-67-2,7.06,0.9396,0.9513148795220222,low-fidelity RED
3-Methyl-2-Ethyl-1-Hexanol,OCC(CC)C(C)CCC,66794-04-5,6.573,0.8961,0.9503288904374106,low-fidelity RED
4-Methyl-2-Propyl-1-Pentanol,OCC(CCC)CC(C)C,54004-41-0,6.415,0.9161,0.903119593409422,low-fidelity RED
Propylene Glycol 2-Tert-Butyl Ether,OCC(OC(C)(C)C)C,94023-15-1,6.633,0.9695,0.8789197915623472,low-fidelity RED
Tripropylene Glycol Monomethyl Ether,OCC(OC(COC(C)COC)C)C,25498-49-1,6.395,1.051,0.8215838362577492,low-fidelity RED
"3,3-Dimethyl-1-Pentanol",OCCC(C)(C)CC,19264-94-9,6.977,0.8333,0.9733961166965892,low-fidelity RED
"3,4-Dimethyl-1-Pentanol",OCCC(C)C(C)C,6570-87-2,7.179,0.9013,0.9611191393370542,low-fidelity RED
"3,5,5-Trimethyl-1-Hexanol",OCCC(C)CC(C)(C)C,3452-97-9,7.349,0.9467,0.8993052874302474,low-fidelity RED
"4,4-Dimethyl-1-Pentanol",OCCCC(C)(C)C,3121-79-7,7.66,0.7527,0.9447221813845591,low-fidelity RED
2-Methyl-2-Ethyl-1-Pentanol,OCCCC(CC)(C)C,5970-63-8,7.712,0.8578,0.8355387483534202,low-fidelity RED
"5,5-Dimethyl-1-Hexanol",OCCCCC(C)(C)C,E14148,7.757,0.8213,0.8972179222463181,low-fidelity RED
6-Methyl-1-Heptanol,OCCCCCC(C)C,1653-40-3,7.65,0.8631,0.9500000000000001,low-fidelity RED
7-Methyl-1-Octanol,OCCCCCCC(C)C,2430-22-0,7.65,0.8631,0.9205976319760987,low-fidelity RED
Isodecanol,OCCCCCCCC(C)C,68526-85-2,7.65,0.8631,0.8536685539481937,low-fidelity RED
Isotridecanol,OCCCCCCCCCCC(C)C,68526-86-3,7.65,0.8631,0.8576858399204222,low-fidelity RED
1-Nonadecanol,OCCCCCCCCCCCCCCCCCCC,1454-84-8,7.453,0.6459,0.9940447676035522,low-fidelity RED
"1,20-Eicosanediol",OCCCCCCCCCCCCCCCCCCCCO,E14691,7.59,0.7067,0.9555757426808198,low-fidelity RED
2-(2-(2-Butoxyethoxy)Ethoxy)Ethanol,OCCOCCOCCOCCCC,143-22-6,7.482,0.7182,0.9861541461658009,low-fidelity RED
Butyl Ethyl Sulfate,S(=O)(=O)(OCC)OCCCC,5867-95-8,5.904,0.9865,0.884943501021393,low-fidelity RED
Tert-Butyl Mercaptan,S[C](C)(C)C,75-66-1,5.122,0.7662,0.6873863542433761,low-fidelity RED
Fensulfothion,S=P(Oc1ccc(SC)cc1)(OCC)OCC,3070-15-3,6.055,1.192,0.8933784192602819,low-fidelity RED
2-Pentanethiol,SC(C)CCC,2084-19-7,5.304,0.9188,0.8050621094052309,low-fidelity RED
2-Hexanethiol,SC(C)CCCC,1679-06-7,5.646,0.8946,0.9069178573608531,low-fidelity RED
2-Methyl-1-Butanethiol,SCC(C)CC,1878-18-8,5.568,0.8769,0.8448372624357906,low-fidelity RED
Hexyl Mercaptan,SCCCCCC,111-31-9,5.517,0.739,0.8314144574157942,low-fidelity RED
