Name,solvent_SMILES,CAS,G-score prediction,G-score prediction uncertainty,Relative Energy Difference (RED),Source
Isopropyl Ether,CC(C)OC(C)C,108-20-3,5.271,0.7513,0,high-fidelity RED
1-Nitrododecane,[N+](CCCCCCCCCCCC)([O-])=O,16891-99-9,5.385,0.9627,0.9246621004453466,low-fidelity RED
Hexamethyldisilazane,[Si](C)(C)(C)N[Si](C)(C)C,999-97-3,5.387,0.7918,0.9276987657639734,low-fidelity RED
Bis[3-(Trimethoxysilyl)Propyl]Disulfide,[Si](OC)(OC)(OC)CCCSSCCC[Si](OC)(OC)(OC),35112-74-4,5.488,0.9848,0.3741657386773943,low-fidelity RED
[3-(Mercapto)Propyl]Triethoxysilane,[Si](OCC)(OCC)(OCC)CCCS,14814-09-6,5.657,0.9443,0.47169905660283,low-fidelity RED
Cis-1-Bromo-3-Methyl-1-Butene,Br[C@H]=CC(C)C,16416-44-7,5.48,0.8993,0.9124143795447324,low-fidelity RED
Trans-1-Bromo-1-Octene,Br[C@H]=CCCCCCC,51751-87-2,5.552,0.9136,0.9581883948368402,low-fidelity RED
Cis-1-Bromo-1-Decene,Br[C@H]=CCCCCCCCC,66291-72-3,5.552,0.9136,0.8681877677092674,low-fidelity RED
"1-Bromo-2,2-Difluoroethylene (F-1122B1)",Br\C=C(F)/F,359-08-0,5.272,0.8189,0.8189169677079595,low-fidelity RED
Cis-1-Bromo-1-Nonene,Br\C=C/CCCCCCC,39924-58-8,5.552,0.9136,0.9017344398435712,low-fidelity RED
Trans-1-Bromo-1-Nonene,Br\C=C\CCCCCCC,53434-75-6,5.552,0.9136,0.9017344398435712,low-fidelity RED
2-Bromo-3-Methyl-1-Butene,BrC(=C)C(C)C,31844-96-9,6.009,0.9299,0.5706356105256662,low-fidelity RED
2-Bromo-1-Pentene,BrC(=C)CCC,31844-95-8,6.37,0.9577,0.7035623639735147,low-fidelity RED
"2-Bromo-2,3-Dimethylbutane",BrC(C)(C)C(C)C,594-52-5,5.35,0.9611,0.5153882032022076,low-fidelity RED
3-Bromo-3-Methylpentane,BrC(C)(CC)CC,25346-31-0,5.357,0.8442,0.5482928049865329,low-fidelity RED
2-Bromo Propene,BrC(C)=C,557-93-7,5.585,0.8671,0.9594920531197749,high-fidelity RED
"2-Bromo-3,3-Dimethylbutane",BrC(C)C(C)(C)C,26356-06-9,5.335,0.8043,0.37749172176353757,low-fidelity RED
3-Bromo-1-Butene,BrC(C)C=C,22037-73-6,5.354,0.9066,0.8299096336348923,low-fidelity RED
4-Bromo-1-Pentene,BrC(C)CC=C,31950-56-8,5.697,0.9241,0.8127884103504437,low-fidelity RED
2-Bromohexane,BrC(C)CCCC,3377-86-4,5.68,0.8885,0.6543126164151195,low-fidelity RED
3-Bromo-1-Pentene,BrC(C=C)CC,53045-71-9,5.776,1.1,0.7424621202458751,low-fidelity RED
3-Bromopentane,BrC(CC)CC,1809-10-5,5.505,0.8653,0.6046693311223911,low-fidelity RED
3-Bromoheptane,BrC(CC)CCCC,5/6/74 0:00,5.501,0.9524,0.6373774391990986,low-fidelity RED
3-Bromo-2-Methyl-1-Propene,BrCC(=C)\C,1458-98-6,5.707,0.9075,0.8724964183307572,low-fidelity RED
3-Bromo-2-Ethyl-1-Propene,BrCC(=C)CC,E13555,5.321,0.9727,0.7449832212875671,low-fidelity RED
1-Bromo-2-Methylbutane,BrCC(CC)C,10422-35-2,5.329,0.7843,0.6294839156007092,low-fidelity RED
"4-Bromo-1,1,2-Trifluorobutene",BrCC\C(F)=C(F)/F,10493-44-4,5.522,0.9838,0.2561737691489901,low-fidelity RED
4-Bromo-2-Methyl-1-Butene,BrCCC(=C)\C,20038-12-4,5.484,0.9437,0.8415016339853415,low-fidelity RED
1-Bromo-3-Methylpentane,BrCCC(C)CC,51116-73-5,5.381,0.9451,0.6485560885536429,low-fidelity RED
1-Bromo-4-Methylpentane,BrCCCC(C)C,626-88-0,5.429,0.8656,0.6103277807866857,low-fidelity RED
5-Bromo-1-Pentene,BrCCCC=C,1119-51-3,5.378,0.9684,0.9212762886344144,low-fidelity RED
Ethyl Tiglate.,C(/C)=C(/C)C(OCC)=O,5837-78-5,6.674,1.004,0.9168560410446127,low-fidelity RED
6-Methyl-Trans-3-Heptene,C(/CC(C)C)=C/CC,66225-20-5,5.305,1.005,0.5012484413940856,low-fidelity RED
2-Methyl-Trans-3-Heptene,C(/CCC)=C/C(C)C,692-96-6,5.666,0.9605,0.5820223363411409,low-fidelity RED
Brassidic Acid,C(/CCCCCCCC)=C/CCCCCCCCCCCC(=O)O,506-33-2,6.622,0.9284,0.6986594306241065,low-fidelity RED
"2,2,4,4,6,6 Pentamethyl-3-Heptene",C(=C(/CC(C)(C)C)C)\C(C)(C)C,123-48-8,5.967,0.9801,0.9663074045043845,low-fidelity RED
"3,4,4-Trimethyl-Trans-2-Pentene",C(=C(C)C(C)(C)C)C,39761-57-4,5.691,0.7828,0.6656763477847174,low-fidelity RED
2-Ethyl-2-Hexenal,C(=C(C=O)/CC)/CCC,645-62-5,5.949,0.9508,0.9307255234493146,low-fidelity RED
"1,3-Dimethylcyclopentene",C(=C(C1)C)C(C1)C,62184-82-1,5.419,1.103,0.7717674520216568,low-fidelity RED
"1,3-Dimethylcyclohexene",C(=C(CC1)C)C(C1)C,2808-76-6,5.927,1.067,0.7988272654335238,low-fidelity RED
2-Butyl-1-Decene,C(=C)(\CCCCCCCC)CCCC,51655-65-3,6.202,0.9313,0.8692669325356858,low-fidelity RED
"2,4,6 Trimethyl-3-Heptene",C(=C/C(C)CC(C)C)(\C)C,126690-66-2,6.365,0.8503,0.6982120021884471,low-fidelity RED
Trans-2-Decene,C(=C/C)/CCCCCCC,20063-97-2,5.821,0.9439,0.6149186938124429,low-fidelity RED
Trans-4-Undecene,C(=C/CCC)/CCCCCC,693-62-9,5.508,0.8479,0.7254309064273461,low-fidelity RED
Trans-2-Pentadecene,C(=C/CCCCCCCCCCCC)\C,74392-36-2,5.821,0.9439,0.7846177413237614,low-fidelity RED
Trans-2-Eicosene,C(=C/CCCCCCCCCCCCCCCCC)\C,42448-85-1,5.821,0.9439,0.8558621384311851,low-fidelity RED
4-Ethylcyclopentene,C(=CC1)CC1CC,3742-38-9,5.449,0.9012,0.6128825336065636,low-fidelity RED
"1,Cis-4-Hexadiene",C(=CCC=C)C,7318-67-4,5.586,0.9673,0.5006246098625199,low-fidelity RED
Cis-5-Undecene,C(=CCCCCC)CCCC,764-96-5,5.459,0.9158,0.7623975340988459,low-fidelity RED
Cis-4-Undecene,C(=CCCCCCC)CCC,821-98-7,5.508,0.8479,0.7254309064273461,low-fidelity RED
"1,2-Dimethylpropyl Acetate",C(=O)(C)OC(C)C(C)C,5343-96-4,6.66,0.8323,0.5086747487343951,low-fidelity RED
Neopentyl Acetate,C(=O)(C)OCC(C)(C)C,926-41-0,6.847,0.8801,0.42426406871192857,low-fidelity RED
"1,2-Dibromododecane",C(Br)C(Br)CCCCCCCCCC,55334-42-4,5.435,0.9537,0.953283798246881,low-fidelity RED
1-Ethylpropyl Acetate,C(C)(=O)OC(CC)CC,620-11-1,7.169,0.9529,0.6249999999999999,low-fidelity RED
"2,4-Dimethyl-3-Ethyl-3-Pentanol",C(C)(C(CC)(C(C)C)O)C,3970-59-0,6.424,0.9278,0.596343022093828,low-fidelity RED
Vinyl Pivalate,C(C)(C)(C)C(=O)OC=C,3377-92-2,6.117,0.8337,0.34820970692960307,low-fidelity RED
"2,2,5,5-Tetramethyl-3-Hexanol",C(C)(C)(CC(O)C(C)(C)C)C,55073-86-4,6.665,0.8993,0.8085480814398115,low-fidelity RED
2-Methyl-3-Ethyl-3-Pentanol,C(C)(C)C(CC)(CC)O,597-05-7,6.379,0.9317,0.8746427842267954,low-fidelity RED
"2,4-Dimethyl-3-Isopropyl-3-Pentanol",C(C)(C)C(O)(C(C)C)C(C)C,51200-83-0,6.072,0.8604,0.42793106921559226,low-fidelity RED
"2,6,8-Trimethyl-4-Nonanone",C(C)(C)CC(CC(CC(C)C)=O)C,123-18-2,6.368,0.8398,0.4077376607575021,low-fidelity RED
Triisopropyl Borate,C(C)(C)OB(OC(C)C)OC(C)C,5419-55-6,5.323,0.8405,0.6689544080129826,low-fidelity RED
Isopropyl Acrylate,C(C)(C)OC(C=C)=O,689-12-3,6.994,1.047,0.7057797106746552,low-fidelity RED
Diisopentylamine,C(C)(CCNCCC(C)C)C,544-00-3,5.376,0.9226,0.36142080737002413,low-fidelity RED
"2,2-Dimethylpropyl Propanoate",C(C)C(=O)OCC(C)(C)C,3581-69-9,6.013,0.9677,0.28394541729001355,low-fidelity RED
"3,7-Dimethyl-3-Octanol",C(C)C(O)(C)CCCC(C)C,78-69-3,6.617,0.9308,0.8200609733428363,low-fidelity RED
Ethylisopropylamine,C(C)NC(C)C,19961-27-4,5.577,0.8463,0.34369317712168795,low-fidelity RED
Diethyl Nonanedioate ,C(C)OC(CCCCCCCC(OCC)=O)=O,624-17-9,7.465,0.8499,0.7520804478245667,low-fidelity RED
5-Methyl-3-Ethyl-3-Hexanol,C(CC(C)C)(CC)(O)CC,597-77-3,6.098,0.8754,0.8370334521391606,low-fidelity RED
p-Tert-Butylstyrene,c(cc(c1)C(C)(C)C)c(c1)C=C,1746-23-2,6.386,1.084,0.9659839543180834,low-fidelity RED
2-Methyl-3-Hexyne,C(CC)#CC(C)C,36566-80-0,5.318,0.9109,0.23184046238739284,low-fidelity RED
2-Iodopentane,C(CC)C(I)C,637-97-8,5.31,0.8021,0.9633924433998848,low-fidelity RED
"1,4-Dimethylcyclopentene",C(CC1C)=C(C1)C,19550-48-2,5.571,1.064,0.7500000000000001,low-fidelity RED
4-Ethyl-4-Heptanol,C(CCC)(O)(CC)CCC,597-90-0,6.024,0.9632,0.9086390922693124,low-fidelity RED
"1,6-Dimethylcyclohexene",C(CCC1)=C(C)C1C,1759-64-4,6.307,1.014,0.7988272654335238,low-fidelity RED
"1,5-Dimethylcyclohexene",C(CCC1C)=C(C1)C,2808-77-7,5.545,1.1,0.8518362518700409,low-fidelity RED
Heptadecylbenzene,c(ccc1CCCCCCCCCCCCCCCCC)cc1,14752-75-1,6.257,0.8937,0.980433577556379,low-fidelity RED
6-Dodecyne,C(CCCCC)#CCCCCC,6975-99-1,5.326,0.7862,0.5080600358225397,low-fidelity RED
5-Methyl-2-Thiahexane,C(CCSC)(C)C,13286-90-3,5.504,0.8773,0.6581223290544086,low-fidelity RED
4-Propyl-4-Heptanol,C(O)(CCC)(CCC)CCC,2198-72-3,5.643,0.8684,0.8503675675847479,low-fidelity RED
Ethyl 2-Bromo-2-Methylpropanoate,C(OC(C(C)(Br)C)=O)C,600-00-0,6.551,0.8741,0.9490126448051156,low-fidelity RED
Isobutyl Methacrylate,C(OC(C(C)=C)=O)C(C)C,97-86-9,7.092,0.9783,0.43084219849035205,low-fidelity RED
Decyl Propanoate,C(OCCCCCCCCCC)(CC)=O,5454-19-3,6.316,0.8877,0.46970735570139854,low-fidelity RED
"2,5-Dimethyl-2,5-Bis(Tert-Butylperoxy)Hexane",C(OOC(C)(C)CCC(OOC(C)(C)C)(C)C)(C)(C)C,78-63-7,5.768,0.9717,0.5873670062235367,low-fidelity RED
2-Methyl-3-Thiapentane,C(SC(C)C)C,5145-99-3,5.527,0.9827,0.6204836822995434,low-fidelity RED
"2,4,4-Trimethyl-1-Pentene",C[C](C)(C)CC(C)=C,107-39-1,5.874,0.8598,0.7198090024443986,low-fidelity RED
β-Sesquiphellandrene,C[C@@H](CCC=C(C)C)C1CCC(=C)C=C1,20307-83-9,7.473,1.342,0.9956153875869934,low-fidelity RED
(S)-(-)-Citronellal,C[C@@H](CCC=C(C)C)CC=O,5/3/49 0:00,6.979,1.091,0.7913595895672209,low-fidelity RED
Clary Acetate,C[C@@H]1[C@@H](CC[C]1(C)OC(=O)C)C(=C)C,94346-09-5,6.188,1.271,0.662382064974588,low-fidelity RED
Bigarade Oxide,C[C@@H]1C[C@H]2CC(CO[C@@H]2C[C@@H]1C)(C)C,72429-08-4,5.557,1.191,0.594243216200236,low-fidelity RED
Tobacco Nonene,C[C@@H]1CC([C@H]2[C@H]1C[C@@H](CC2)CC(=O)C)(C)C,87641-23-4,6.866,1.244,0.7826237921249266,low-fidelity RED
"(Z,Z)-Photocitral A",C[C@@H]1CC[C@@H]([C@@H]1C=O)C(=C)C,55253-28-6,6.049,1.171,0.7284401142166729,low-fidelity RED
Cedryl Formate,C[C@@H]1CC[C@@H]2[C]13CC[C]([C@H](C3)C2(C)C)(C)OC=O,39900-38-4,5.704,1.42,0.9791578013783071,low-fidelity RED
Epi-Globulol,C[C@@H]1CC[C@@H]2[C@@H]1[C@H]3[C@H](C3(C)C)CC[C]2(C)O,88728-58-9,5.822,1.232,0.9572094859538318,low-fidelity RED
Isopulegol Acetate,C[C@@H]1CC[C@H]([C@@H](C1)OC(=O)C)C(=C)C,57576-09-7,6.318,1.298,0.7110731326663948,low-fidelity RED
Laevo-Menthyl Formate,C[C@@H]1CC[C@H]([C@@H](C1)OC=O)C(C)C,61949-23-3,5.669,1.262,0.6128825336065636,low-fidelity RED
γ-Gurjunene,C[C@@H]1CC[C@H](C=C2C1CC[C@H]2C)C(=C)C,22567-17-5,6.939,1.197,0.9829801625668748,low-fidelity RED
Ledol,C[C@@H]1CC[C@H]2[C@@H]1[C@H]3[C@H](C3(C)C)CC[C]2(C)O,577-27-5,5.822,1.232,0.9572094859538318,low-fidelity RED
Viridiflorol,C[C@@H]1CC[C@H]2[C@@H]1C3[C@H](C3(C)C)CC[C]2(C)O,552-02-3,5.822,1.232,0.9572094859538318,low-fidelity RED
Dill Ether,C[C@@H]1CO[C@@H]2[C@H]1CCC(=C2)C,74410-10-9,6.231,1.188,0.9669539802906859,low-fidelity RED
"(R)-N,N,α-Trimethyl Benzyl Amine",C[C@H](C1=CC=CC=C1)N(C)C,19342-01-9,5.836,0.9352,0.9711462299777518,low-fidelity RED
Laevo-Menthyl Acetoacetate,C[C@H]1CC[C@@H]([C@H](C1)OC(=O)CC(=O)C)C(C)C,59557-05-0,7.262,1.366,0.9374166629626342,low-fidelity RED
Guaioxide,C[C@H]1CC[C@@H]2CC3([C@@H]1CC[C@@H]3C)OC2(C)C,20149-50-2,5.387,1.294,0.9330728803260769,low-fidelity RED
Kessane,C[C@H]1CC[C@H]2[C@H]1C[C@@H]3CC[C]2(OC3(C)C)C,3321-66-2,5.822,1.098,0.9330728803260769,low-fidelity RED
Trimethylethoxysilane ,C[Si](C)(C)OCC,1825-62-3,5.508,0.8479,0.7424621202458751,low-fidelity RED
Diethoxydimethylsilane,C[Si](OCC)(C)OCC,78-62-6,5.382,0.9599,0.6204836822995425,low-fidelity RED
Dimethyl Silane,C[Si]C,1111-74-6,6.159,0.8081,0.9915266007525966,low-fidelity RED
Methyl Silane,C[SiH3],992-94-9,5.412,0.7439,0.8732124598286489,low-fidelity RED
α-Sinensal,C/C(=C\C\C=C(/C)\C=C)/CC\C=C(/C)\C=O,17909-77-2,6.888,1.257,0.9581883948368402,low-fidelity RED
Acitral,C/C(=C\C=O)/CCC1CC1(C)C,877-60-1,7.019,1.266,0.8746427842267949,low-fidelity RED
β-Sinensal,C/C(=C\CCC(=C)C=C)/CC\C=C(/C)\C=O,60066-88-8,6.831,1.219,0.8189169677079599,low-fidelity RED
Ocimen-1-Yl Acetate,C/C(=C\CCC(C)(C)OC(=O)C)/C=C,72214-23-4,6.538,1.196,0.5390964663211965,low-fidelity RED
Ambrein,C/C(=C\CCC1[C]2(CCCC(C2CC[C]1(C)O)(C)C)C)/CC[C@@H]3C(=C)CCCC3(C)C,473-03-0,6.34,1.488,0.9813893213195263,low-fidelity RED
"2,3-Dimethyl-2-Butene",C/C(C)=C(C)/C,563-79-1,5.729,0.7421,0.34003676271838623,low-fidelity RED
"2,3,4-Trimethyl-2-Pentene",C/C(C)=C(C)/C(C)C,565-77-5,6.083,0.852,0.6025985396596976,low-fidelity RED
"2,3-Dimethyl-2-Hexene",C/C(C)=C(C)/CCC,7145-20-2,6.066,0.7873,0.5590169943749475,low-fidelity RED
2-Methyl-3-Ethyl-2-Pentene,C/C(C)=C(CC)/CC,19780-67-7,5.785,0.7865,0.5024937810560446,low-fidelity RED
"2,4,4-Trimethyl-2-Pentene",C/C(C)=C/C(C)(C)C,107-40-4,5.749,1.031,0.6656763477847174,low-fidelity RED
"2,4-Hexadiene, 2,5-Dimethyl-",C/C(C)=C/C=C(C)/C,764-13-6,5.951,0.9524,0.6964194138592065,low-fidelity RED
"(E)-3,7-Dimethyl-2,6-Octadien-1-Yl Acetate",C/C(C)=C/CC/C(C)=C/COC(C)=O,105-87-3,7.496,1.018,0.8547660498639377,low-fidelity RED
2-Methyl-2-Hexene,C/C(C)=C/CCC,2738-19-4,6.029,0.9387,0.4643543905251678,low-fidelity RED
2-Methyl-2-Butene,C/C(C)=C\C,513-35-9,5.87,0.8008,0.36827299656640605,high-fidelity RED
2-Methyl-2-Pentene,C/C(C)=C\CC,625-27-4,5.895,0.927,0.3288236609491477,low-fidelity RED
Melon Heptenal Propylene Glycol Acetal,C/C(C)=C\CCC(C)C1OC(C)CO1,74094-63-6,7.01,1.38,0.7017834423809102,low-fidelity RED
3-Methyl-Cis-3-Hexene,C/C(CC)=C/CC,4914-89-0,5.815,0.9028,0.4007804885470351,low-fidelity RED
3-Methyl-Trans-3-Hexene,C/C(CC)=C\CC,3899-36-3,5.815,0.9028,0.4007804885470351,low-fidelity RED
Caryophyllene Alcohol Acetate,C/C/1=C/CC2C(CC2(C)C)C(=C)CCC1OC(=O)C,32214-91-8,6.438,1.411,0.8947765084086639,low-fidelity RED
Isocaryophyllene,C/C/1=C/CCC(=C)[C@H]2CC([C@@H]2CC1)(C)C,118-65-0,5.554,1.16,0.9965565713997373,low-fidelity RED
Germacrene D,C/C/1=C/CCC(=C)\C=C/C(CC1)C(C)C,37839-63-7,6.187,1.234,0.9630680142129115,low-fidelity RED
β-Caryophyllene,C/C/1=C/CCC(=C)C2CC(C2CC1)(C)C,13877-93-5,5.554,1.16,0.9965565713997373,low-fidelity RED
(E)-Germacrene D,C/C/1=C\CCC(=C)\C=C\C(CC1)C(C)C,23986-74-5,6.187,1.234,0.9630680142129115,low-fidelity RED
"2-Methyl-1,Trans-3-Pentadiene",C/C=C/C(C)=C,926-54-5,5.477,0.9906,0.37831864876053883,low-fidelity RED
Trans-2-Pentene,C/C=C/CC,646-04-8,5.318,0.9991,0.2512468905280225,low-fidelity RED
Trans-2-Dodecene,C/C=C/CCCCCCCCC,7206-13-5,5.821,0.9439,0.7254309064273461,low-fidelity RED
Cis-2-Pentene,C/C=C\CC,627-20-3,5.318,0.9991,0.2512468905280225,low-fidelity RED
5-Methyl-Cis-2-Hexene,C/C=C\CC(C)C,13151-17-2,5.733,1.03,0.46435439052516786,low-fidelity RED
Cis-2-Hexene,C/C=C\CCC,7688-21-3,5.49,0.9269,0.39051248379533277,low-fidelity RED
Cis-2-Heptene,C/C=C\CCCC,6443-92-1,5.683,1.002,0.4879805323985788,low-fidelity RED
Cis-2-Decene,C/C=C\CCCCCCC,20348-51-0,5.821,0.9439,0.6149186938124429,low-fidelity RED
Cis-2-Dodecene,C/C=C\CCCCCCCCC,7206-26-0,5.821,0.9439,0.7254309064273461,low-fidelity RED
3-Carene,C\1(=C\CC2C(C/1)C2(C)C)C,498-15-7,5.807,1.191,0.8877640452282348,low-fidelity RED
"3,4-Dimethyl-Trans-2-Pentene",C\C(C(C)C)=C/C,4914-92-5,5.922,0.8917,0.4949747468305834,low-fidelity RED
"3,4-Dimethyl-Cis-2-Pentene",C\C(C(C)C)=C\C,4914-91-4,5.922,0.8917,0.4949747468305834,low-fidelity RED
"2,3-Dimethyl-2-Pentene",C\C(C)=C(C)/CC,10574-37-5,5.969,0.7886,0.43874821936960623,low-fidelity RED
"2,4-Dimethyl-2-Pentene",C\C(C)=C/C(C)C,625-65-0,6.151,0.8975,0.4949747468305834,low-fidelity RED
"(±)-2,4,8-Trimethyl-7-Nonen-2-ol",C\C(C)=C\CCC(C)CC(C)(C)O,437770-28-0,6.768,1.158,0.9062284480195933,low-fidelity RED
2-Methyl-2-Heptene,C\C(C)=C\CCCC,627-97-4,6.218,0.9883,0.5706356105256668,low-fidelity RED
3-Methyl-Trans-2-Pentene,C\C(CC)=C/C,616-12-6,6.27,0.8906,0.3288236609491477,low-fidelity RED
3-Methyl-Cis-2-Pentene,C\C(CC)=C\C,922-62-3,6.27,0.8906,0.3288236609491477,low-fidelity RED
3-Methyl-Trans-2-Hexene,C\C(CCC)=C/C,20710-38-7,5.926,0.9639,0.4643543905251678,low-fidelity RED
3-Methyl-Cis-2-Hexene,C\C(CCC)=C\C,10574-36-4,5.926,0.9639,0.4643543905251678,low-fidelity RED
Geranyl Tiglate,C\C=C(/C)\C(=O)OC\C=C(/C)\CCC=C(C)C,7785-33-3,7.364,1.115,0.9290452088031018,low-fidelity RED
Isobutyl Tiglate,C\C=C(/C)\C(=O)OCC(C)C,61692-84-0,7.332,1.02,0.585234995535982,low-fidelity RED
Allyl Tiglate,C\C=C(/C)\C(=O)OCC=C,7493-71-2,6.619,1.018,0.9513148795220231,low-fidelity RED
Isoamyl Tiglate,C\C=C(/C)\C(=O)OCCC(C)C,41519-18-0,7.021,1.088,0.5706356105256671,low-fidelity RED
(E)-Citronellyl Tiglate,C\C=C(/C)\C(=O)OCCC(C)CCC=C(C)C,24717-85-9,7.496,1.232,0.7862092596758202,low-fidelity RED
"(E,E)-2,6-Allo-Ocimene",C\C=C(/C)\C=C\C=C(C)C,3016-19-1,5.96,1.118,0.9424038412485387,low-fidelity RED
"2,3-Dihydrofarnesene",C\C=C(/C)\CC\C=C(/C)\CCC=C(C)C,7681-88-1,6.549,1.07,0.920937022819693,low-fidelity RED
"3,4-Dimethyl-Trans-2-Hexene",C\C=C(/C)C(C)CC,19550-82-4,5.984,0.9598,0.687386354243376,low-fidelity RED
3-Methyl-Trans-2-Heptene,C\C=C(/C)CCCC,22768-20-3,6.19,0.8713,0.5706356105256668,low-fidelity RED
4-Methyl-3-Ethyl-Trans-2-Pentene,C\C=C(/CC)C(C)C,42067-49-2,6.097,0.968,0.5711829829397933,low-fidelity RED
Isoamyl Angelate,C\C=C(\C)/C(=O)OCCC(C)C,10482-55-0,7.021,1.088,0.5706356105256671,low-fidelity RED
"3,4,4-Trimethyl-Cis-2-Pentene",C\C=C(\C)C(C)(C)C,39761-64-3,5.691,0.7828,0.6656763477847174,low-fidelity RED
3-Methyl-Cis-2-Heptene,C\C=C(\C)CCCC,22768-19-0,6.19,0.8713,0.5706356105256668,low-fidelity RED
4-Methyl-3-Ethyl-Cis-2-Pentene,C\C=C(\CC)C(C)C,42067-48-1,6.097,0.968,0.5711829829397933,low-fidelity RED
(Z)-β-Damascone,C\C=C/C(=O)C1=C(CCCC1(C)C)C,23726-92-3,6.836,1.351,0.9529559276272961,low-fidelity RED
(Z)-α-Damascone,C\C=C/C(=O)C1C(=CCCC1(C)C)C,23726-94-5,6.859,1.277,0.9529559276272961,low-fidelity RED
"5,5-Dimethyl-Cis-2-Hexene",C\C=C/CC(C)(C)C,39761-61-0,5.567,0.9763,0.5733672470589858,low-fidelity RED
Cis-2-Octene,C\C=C/CCCCC,4/8/42 0:00,5.874,0.959,0.5367727638395975,low-fidelity RED
(Z)-4-Hexen-1-Yl Acetate,C\C=C/CCCOC(=O)C,42125-34-8,7.713,1.043,0.9775607398008577,low-fidelity RED
(E)-β-Damascone,C\C=C\C(=O)C1=C(CCCC1(C)C)C,23726-91-2,6.836,1.351,0.9529559276272961,low-fidelity RED
(E)-α-Damascone,C\C=C\C(=O)C1C(=CCCC1(C)C)C,24720-09-0,6.859,1.277,0.9529559276272961,low-fidelity RED
Cassis Buteneone,C\C=C\C(=O)C1C(C=CCC1(C)C)C,71048-82-3,6.737,1.346,0.9154916711800272,low-fidelity RED
Plum Damascone,C\C=C\C(=O)C1CCC(C=C1C)(C)C,70266-48-7,6.822,1.287,0.9529559276272961,low-fidelity RED
Isopropyl (E)-Crotonate,C\C=C\C(=O)OC(C)C,6284-46-4,6.863,1.04,0.800390529679106,low-fidelity RED
Apple Crotonate,C\C=C\C(=O)OC(C)CC(C)C,35206-51-0,6.891,0.9796,0.5533985905294672,low-fidelity RED
Geranyl Crotonate,C\C=C\C(=O)OC\C=C(/C)\CCC=C(C)C,56172-46-4,7.25,1.152,0.9874208829065751,low-fidelity RED
Isoamyl Crotonate,C\C=C\C(=O)OCCC(C)C,25415-77-4,6.975,1.03,0.669888050348713,low-fidelity RED
"4,4-Dimethyl-Cis-2-Hexene",C\C=C\C(C)(C)CC,19550-83-5,5.314,0.9243,0.5793315113128235,low-fidelity RED
"4,5-Dimethyl-Trans-2-Hexene",C\C=C\C(C)C(C)C,66225-14-7,5.384,1.012,0.5623610939600997,low-fidelity RED
4-Ethyl-Trans-2-Hexene,C\C=C\C(CC)CC,19781-63-6,6.039,1.015,0.5153882032022075,low-fidelity RED
"5,5-Dimethyl-Trans-2-Hexene",C\C=C\CC(C)(C)C,39782-43-9,5.567,0.9763,0.5733672470589858,low-fidelity RED
Trans-2-Hexene,C\C=C\CCC,4050-45-7,5.49,0.9269,0.39051248379533277,low-fidelity RED
6-Methyl-Trans-2-Heptene,C\C=C\CCC(C)C,51065-65-7,5.605,0.9933,0.5086747487343951,low-fidelity RED
Methyl Undecylenate,C\C=C\CCCCCCCC(=O)OC,5760-50-9,7.338,0.9064,0.6982120021884466,low-fidelity RED
Undecen-1-Al Mixture (Aldehyde C-11 Mixed),C\C=C\CCCCCCCC=O,1337-83-3,6.459,1.061,0.8732124598286491,low-fidelity RED
16-Octadecen-1-Al,C\C=C\CCCCCCCCCCCCCCC=O,56554-87-1,6.459,1.061,0.6264982043070839,low-fidelity RED
(E)-4-Hexen-1-Yl Acetate,C\C=C\CCCOC(=O)C,42125-17-7,7.713,1.043,0.9775607398008577,low-fidelity RED
"3,3-Dimethyl-1-Pentyne",C#CC(C)(C)CC,918-82-1,5.3,1.029,0.4220485754033533,low-fidelity RED
4-Methyl-1-Hexyne,C#CCC(C)CC,52713-81-2,5.331,0.9185,0.385681215513538,low-fidelity RED
Propenyl Cyclohexene,C#CCC1CCCCC1,13511-13-2,5.468,0.9788,0.779823698024112,low-fidelity RED
Ethynyl Propyl Ether,C#COCCC,42842-08-0,5.384,1.055,0.5894913061275799,high-fidelity RED
"2,3,3-Trimethyl-1-Pentene",C=C(/C)C(C)(C)CC,560-23-6,5.927,0.8841,0.7228416147400479,low-fidelity RED
2-Bromo-1-Butene,C=C(Br)CC,23074-36-4,5.921,0.94,0.8336666000266535,low-fidelity RED
3-Methyl-2-Isopropyl-1-Butene,C=C(C(C)C)C(C)C,111823-35-9,6.123,1.04,0.758287544405155,low-fidelity RED
Methyl-α-Isobutylacrylate,C=C(C(OC)=O)CC(C)C,,5.86,1.138,0.43084219849035205,low-fidelity RED
Methyl-α-n-Propylacrylate,C=C(C(OC)=O)CCC,,6.117,1.158,0.6523994175349945,low-fidelity RED
Methyl-α-n-Butylacrylate,C=C(C(OC)=O)CCCC,3070-68-6,6.279,1.149,0.6314665470157546,low-fidelity RED
"2-Methyl-1,Cis-3-Pentadiene",C=C(C)\C=C/C,1501-60-6,5.477,0.9906,0.37831864876053883,low-fidelity RED
Isobutylene,C=C(C)C,115-11-7,5.616,0.8597,0.6005206074732157,high-fidelity RED
Diethylaminoethyl Methacrylate,C=C(C)C(=O)OC(C)N(CC)CC,,6.333,1.082,0.3749999999999998,low-fidelity RED
"2,3-Dimethyl-1,3-Butadiene",C=C(C)C(C)=C,513-81-5,5.473,0.8528,0.3181980515339465,low-fidelity RED
"2,3,4-Trimethyl-1-Pentene",C=C(C)C(C)C(C)C,565-76-4,5.997,0.9633,0.6562202374203344,low-fidelity RED
"2,3-Dimethyl-1-Pentene",C=C(C)C(C)CC,3404-72-6,6.126,0.9537,0.6562202374203344,low-fidelity RED
"2,3-Dimethyl-1-Hexene",C=C(C)C(C)CCC,16746-86-4,5.684,1.008,0.57227615711298,low-fidelity RED
n-Butyl Methacrylate,C=C(C)C(OCCCC)=O,97-88-1,6.765,1.013,0.8533024082938007,high-fidelity RED
"2,4-Dimethyl-1-Hexene",C=C(C)CC(C)CC,16746-87-5,6.066,1.046,0.673609679265374,low-fidelity RED
"2-Methyl-1,4-Pentadiene",C=C(C)CC=C,763-30-4,5.744,0.9289,0.18874586088176876,low-fidelity RED
"1,5-Hexadiene, 2,5-Dimethyl-",C=C(C)CCC(C)=C,627-58-7,6.232,0.9241,0.4007804885470351,low-fidelity RED
"2,5-Dimethyl-1-Hexene",C=C(C)CCC(C)C,6975-92-4,6.294,0.8964,0.5315072906367325,low-fidelity RED
2-Methyl-1-Hexene,C=C(C)CCCC,2/6/94 0:00,6.222,0.8712,0.4623310502226733,low-fidelity RED
2-Methyl-1-Heptene,C=C(C)CCCCC,15870-10-7,6.472,0.9018,0.48476798574163305,low-fidelity RED
2-Methyl-1-Octene,C=C(C)CCCCCC,4588-18-5,6.417,0.9021,0.5338539126015657,low-fidelity RED
2-Methyl-1-Nonene,C=C(C)CCCCCCC,2980-71-4,6.417,0.9021,0.5390964663211957,low-fidelity RED
2-Methyl-1-Decene,C=C(C)CCCCCCCC,13151-27-4,6.417,0.9021,0.6878408246098803,low-fidelity RED
2-Methyl-1-Tridecene,C=C(C)CCCCCCCCCCC,18094-01-4,6.417,0.9021,0.6955213871621782,low-fidelity RED
2-Methyl-1-Pentadecene,C=C(C)CCCCCCCCCCCCC,29833-69-0,6.417,0.9021,0.798827265433523,low-fidelity RED
β-Myrcene,C=C(C=C)CC\C=C(C)/C,123-35-3,6.373,1.134,0.604669331122392,low-fidelity RED
"3,3-Dimethyl-2-Ethyl-1-Butene",C=C(CC)C(C)(C)C,18231-53-3,5.538,0.9981,0.8003905296791061,low-fidelity RED
3-Methyl-2-Ethyl-1-Butene,C=C(CC)C(C)C,7357-93-9,5.976,0.9754,0.575543221661067,low-fidelity RED
3-Methyl-2-Ethyl-1-Pentene,C=C(CC)C(C)CC,3404-67-9,5.943,1.003,0.725,low-fidelity RED
2-Ethyl-1-Butene,C=C(CC)CC,760-21-4,5.733,0.8166,0.3952847075210474,high-fidelity RED
4-Methyl-2-Ethyl-1-Pentene,C=C(CC)CC(C)C,3404-80-6,5.636,1.007,0.5857687256929991,low-fidelity RED
2-Ethyl-1-Pentene,C=C(CC)CCC,3404-71-5,5.51,0.9813,0.4776243293635701,low-fidelity RED
2-Ethyl-1-Hexene,C=C(CC)CCCC,1632-16-2,5.796,0.9481,0.5396758286230728,low-fidelity RED
β-Pinene,C=C(CC2)C1C(C)(C)C2C1,127-91-3,5.814,1.073,0.852936105461599,low-fidelity RED
2-Isopropyl-1-Pentene,C=C(CCC)C(C)C,16746-02-4,6.546,1.118,0.6543126164151201,low-fidelity RED
2-Propyl-1-Pentene,C=C(CCC)CCC,15918-08-8,5.719,0.9449,0.5942432162002359,low-fidelity RED
1-Methyl Vinyl Methyl Ether,C=C(OC)C,116-11-0,5.516,0.9766,0.6670832032063164,high-fidelity RED
"3-Methyl-1,3-Pentadiene",C=C\C(=C\C)C,4549-74-0,5.468,0.9507,0.37831864876053883,low-fidelity RED
"3-Methyl-1,Cis-3-Pentadiene",C=C\C(C)=C/C,2787-45-3,5.468,0.9507,0.37831864876053883,low-fidelity RED
"3-Methyl-1,Trans-3-Pentadiene",C=C\C(C)=C\C,2787-43-1,5.468,0.9507,0.37831864876053883,low-fidelity RED
"3,5,5' Trimethyl Hexene",C=C\C(C)CC(C)(C)C,4316-65-8,5.616,1.017,0.7280109889280518,low-fidelity RED
"1,4-Hexadiene",C=C\C/C=C/C,592-45-0,5.586,0.9673,0.5006246098625199,low-fidelity RED
"4-Methyl-1,3-Pentadiene",C=C\C=C(C)\C,926-56-7,5.895,1.028,0.37831864876053883,low-fidelity RED
5-Ethyl-1-Nonene,C=C\CCC(CCCC)CC,19780-74-6,6.252,1.006,0.6274950199005567,low-fidelity RED
"7-Methyl-1,6-Octadiene",C=C\CCC\C=C(/C)C,42152-47-6,6.476,1.039,0.5055937104039173,low-fidelity RED
1-Eicosene,C=C\CCCCCCCCCCCCCCCCCC,7/1/52 0:00,5.42,0.905,0.8192984804086971,low-fidelity RED
1-Tricosene,C=C\CCCCCCCCCCCCCCCCCCCCC,18835-32-0,5.42,0.905,0.8919781387455638,low-fidelity RED
1-Nonacosene,C=C\CCCCCCCCCCCCCCCCCCCCCCCCCCC,18835-35-3,5.42,0.905,0.8810505093353049,low-fidelity RED
1-Dotriacontene,C=C\CCCCCCCCCCCCCCCCCCCCCCCCCCCCCC,18435-55-7,5.42,0.905,0.9303897032964199,low-fidelity RED
"3-Methyl-1,2-Pentadiene",C=C=C(C)CC,7417-48-3,5.383,0.892,0.3051638903933428,low-fidelity RED
"1,2-Pentadiene",C=C=CCC,591-95-7,5.294,0.9388,0.14361406616345115,low-fidelity RED
Dehydrocostus Lactone,C=C1CC[C@@H]2[C@@H]([C@@H]3[C@H]1CCC3=C)OC(=O)C2=C,477-43-0,7.38,1.18,0.7668930825088992,low-fidelity RED
"Cyclohexane, Methylene-",C=C1CCCCC1,1192-37-6,6.245,0.9091,0.8062257748298551,low-fidelity RED
3-Methyl-3-Ethyl-1-Pentene,C=CC(C)(CC)CC,6196-60-7,5.563,1.013,0.7766112283504535,low-fidelity RED
3-Methyl-1-Butene,C=CC(C)C,563-45-1,5.368,0.9017,0.7262919523166974,high-fidelity RED
"3,4,4-Trimethyl-1-Pentene",C=CC(C)C(C)(C)C,564-03-4,5.345,0.9462,0.7619875327064086,low-fidelity RED
"3,4-Dimethyl-1-Pentene",C=CC(C)C(C)C,7385-78-6,5.65,0.985,0.5640257086339239,low-fidelity RED
"3,4-Dimethyl-1-Hexene",C=CC(C)C(C)CC,16745-94-1,5.902,1.043,0.7123903424387504,low-fidelity RED
"3-Methyl-1,4-Pentadiene",C=CC(C)C=C,1115-08-8,5.417,0.8372,0.2806243040080456,low-fidelity RED
"3,5-Dimethyl-1-Hexene",C=CC(C)CC(C)C,7423-69-0,5.437,0.9121,0.575543221661067,low-fidelity RED
3-Methyl-1-Heptene,C=CC(C)CCCC,9/7/10 0:00,5.644,1.04,0.5414101956926931,low-fidelity RED
3-Ethyl-1-Pentene,C=CC(CC)CC,4/4/38 0:00,5.714,1.009,0.416082924427331,low-fidelity RED
sec-Butyl Acrylate,C=CC(OC(CC)C)=O,8/5/98 0:00,6.644,1.063,0.5645794895318111,low-fidelity RED
"2,2,3,3-Tetrafluoropropyl Acrylate",C=CC(OCC(F)(C(F)F)F)=O,7383-71-3,5.67,1.026,0.801950746617272,low-fidelity RED
Acrolein Diethyl Acetal,C=CC(OCC)OCC,3054-95-3,5.394,0.9839,0.3881043674065006,low-fidelity RED
"1,Trans-4-Hexadiene",C=CC/C=C/C,7319-00-8,5.586,0.9673,0.5006246098625199,low-fidelity RED
"4,4-Dimethyl-1-Pentene",C=CCC(C)(C)C,762-62-9,5.273,0.8218,0.6274950199005567,low-fidelity RED
"4,4-Dimethyl-1-Hexene",C=CCC(C)(C)CC,1647-08-1,5.381,0.9009,0.5984354601792912,low-fidelity RED
"4,5-Dimethyl-1-Hexene",C=CCC(C)C(C)C,16106-59-5,5.648,0.8964,0.5431390245600108,low-fidelity RED
4-Methyl-1-Hexene,C=CCC(C)CC,3769-23-1,5.633,0.9665,0.5350233639758175,low-fidelity RED
4-Methyl-1-Heptene,C=CCC(C)CCC,13151-05-8,5.273,1.016,0.49307707308290066,low-fidelity RED
4-Ethyl-1-Hexene,C=CCC(CC)CC,16746-85-3,6.118,1.02,0.43660622991432474,low-fidelity RED
"5,5-Dimethyl-1-Hexene",C=CCCC(C)(C)C,7116-86-1,5.511,0.9246,0.6087897830942959,low-fidelity RED
5-Methyl-1-Heptene,C=CCCC(C)CC,13151-04-7,5.529,0.9826,0.5787918451395114,low-fidelity RED
"1,5-Hexadiene",C=CCCC=C,592-42-7,5.354,0.8241,0.22500000000000023,low-fidelity RED
1-Hexene ,C=CCCCC,592-41-6,5.282,0.915,0.564025708633924,high-fidelity RED
6-Methyl-1-Heptene,C=CCCCC(C)C,5026-76-6,5.607,1.023,0.45345892868042637,low-fidelity RED
"1,6-Heptadiene",C=CCCCC=C,3070-53-9,5.605,0.8911,0.23717082451262858,low-fidelity RED
7-Methyl-1-Octene,C=CCCCCC(C)C,13151-06-9,5.679,1.019,0.4513867521316949,low-fidelity RED
8-Methyl-1-Nonene,C=CCCCCCC(C)C,26741-24-2,5.625,1.051,0.6093028803476971,low-fidelity RED
1-Nonene,C=CCCCCCCC,124-11-8,5.42,0.905,0.6224949798994368,high-fidelity RED
Tangerine Nitrile,C=CCCCCCCC\C=C\CC#N,134769-33-8,6.002,1.124,0.9113863066779093,low-fidelity RED
1-Decene,C=CCCCCCCCC,872-05-9,5.42,0.905,0.653834841531101,high-fidelity RED
9-Decen-1-Al,C=CCCCCCCCC=O,39770-05-3,6.043,1.004,0.8418729120241367,low-fidelity RED
1-Undecene,C=CCCCCCCCCC,821-95-4,5.42,0.905,0.6269968101992229,low-fidelity RED
Allyl 10-Undecenoate,C=CCCCCCCCCC(=O)OCC=C,7493-76-7,7.589,1.13,0.5220153254455284,low-fidelity RED
Undecylenic Aldehyde,C=CCCCCCCCCC=O,112-45-8,6.043,1.004,0.6731456008918136,low-fidelity RED
1-Dodecene,C=CCCCCCCCCCC,112-41-4,5.42,0.905,0.6269968101992229,low-fidelity RED
1-Tridecene,C=CCCCCCCCCCCC,2437-56-1,5.42,0.905,0.622996789718856,low-fidelity RED
1-Tetradecene,C=CCCCCCCCCCCCC,1120-36-1,5.42,0.905,0.9006941767325917,high-fidelity RED
1-Pentadecene,C=CCCCCCCCCCCCCC,13360-61-7,5.42,0.905,0.747077639874197,low-fidelity RED
1-Hexadecene,C=CCCCCCCCCCCCCCC,629-73-2,5.42,0.905,0.7420411039827918,low-fidelity RED
1-Heptadecene,C=CCCCCCCCCCCCCCCC,6765-39-5,5.42,0.905,0.7254309064273456,low-fidelity RED
1-Octadecene,C=CCCCCCCCCCCCCCCCC,112-88-9,5.42,0.905,0.8192984804086971,low-fidelity RED
1-Nonadecene,C=CCCCCCCCCCCCCCCCCC,18435-45-5,5.42,0.905,0.8066132902450841,low-fidelity RED
1-Docosene,C=CCCCCCCCCCCCCCCCCCCCC,1599-67-3,5.42,0.905,0.8810505093353049,low-fidelity RED
1-Triacontene,C=CCCCCCCCCCCCCCCCCCCCCCCCCCCCC,18435-53-5,5.42,0.905,0.9620940702446931,low-fidelity RED
Allyl Cyclohexane Propionate,C=CCOC(=O)CCC1CCCCC1,2705-87-5,7.16,1.156,0.8863548950617923,low-fidelity RED
Allyl Cyclohexyl Butyrate,C=CCOC(=O)CCCC1CCCCC1,7493-65-4,7.695,1.226,0.8249999999999997,low-fidelity RED
Allyl Cyclohexyl Valerate,C=CCOC(=O)CCCCC1CCCCC1,7493-68-7,7.65,1.175,0.820060973342836,low-fidelity RED
Allyl Cyclohexyl Hexanoate,C=CCOC(=O)CCCCCC1CCCCC1,7493-66-5,7.593,1.19,0.820060973342836,low-fidelity RED
Allyl Trifluoroacetate,C=CCOC(C(F)(F)F)=O,383-67-5,5.312,1.015,0.7022285952594071,low-fidelity RED
"1,1-Diallyloxyethane",C=CCOC(OCC=C)C,20682-69-3,5.924,0.9482,0.6388466169590318,high-fidelity RED
Anise Indene,C=CCOC1CC2CC1C3C2CC=C3,26912-64-1,5.852,1.264,0.8624094155330175,low-fidelity RED
Diallyl Ether,C=CCOCC=C,557-40-4,5.394,0.8216,0.6128825336065632,high-fidelity RED
Di-n-Decyl Phthalate,C1(=C(C(OCCCCCCCCCC)=O)C=CC=C1)C(OCCCCCCCCCC)=O,84-77-5,7.811,1.056,0.9141252649391116,low-fidelity RED
"Phenol, 2,6-Bis(1,1-Dimethylethyl)-4-Ethyl-",C1(=C(C=C(CC)C=C1C(C)(C)C)C(C)(C)C)O,4130-42-1,6.929,1.145,0.9263503656824449,low-fidelity RED
Camphene,C1(C(C2CC1CC2)(C)C)=C,79-92-5,5.94,0.9633,0.7386643351347074,high-fidelity RED
Bornyl 2-Methyl Butyrate,C1(C)(C)C2(CCC1CC2OC(=O)C(CC)C)C,94200-10-9,7.299,1.164,0.8374067112222116,low-fidelity RED
1-Methyl-4-Vinylcyclohexene,C1(C)=CCC(C=C)CC1,17699-86-4,5.391,1.157,0.863495801958527,low-fidelity RED
1-Undecylcyclopentene,C1=C\C(CCCCCCCCCCC)CC/1,62184-76-3,5.556,1.083,0.8215838362577493,low-fidelity RED
Ethylnorbornene,C1=C\C2CC/1CC2CC,15403-89-1,5.313,1.05,0.7782191208136692,low-fidelity RED
p-Tert-Butyl Ethylbenzene,C1=CC(=CC=C1C(C)(C)C)CC,7364-19-4,6.611,1.113,0.9624188277460077,low-fidelity RED
Octadecylbenzene,C1=CC=CC=C1CCCCCCCCCCCCCCCCCC,7/2/45 0:00,6.257,0.8937,0.980433577556379,low-fidelity RED
Eicosylbenzene,C1=CC=CC=C1CCCCCCCCCCCCCCCCCCCC,2398-68-7,6.257,0.8937,0.996870101868844,low-fidelity RED
( )-Bornyl Acetate,C12(C(CC(CC1)C2(C)C)OC(=O)C)C,76-49-3,6.462,1.128,0.8077747210701754,low-fidelity RED
n-Nonyl n-Undecyl Phthalate,c1c(C(=O)OCCCCCCCCC)c(C(=O)OCCCCCCCCCCC)ccc1,65185-89-9,7.811,1.056,0.7382411530116705,low-fidelity RED
Di-n-Undecyl Phthalate,c1c(C(=O)OCCCCCCCCCCC)c(C(=O)OCCCCCCCCCCC)ccc1,3648-20-2,7.811,1.056,0.7150174823037551,low-fidelity RED
γ-Terpinene,C1C=C(C)CC=C1C(C)C,99-85-4,6.166,1.132,0.8477912478906593,low-fidelity RED
Ambrettolide,C1CCC\C=C/CCCCCCOC(=O)CCC1,28645-51-4,6.949,1.182,0.962094070244693,low-fidelity RED
Oxahexadecanolide-11,C1CCCCC(=O)OCCCCCOCCCC1,3391-83-1,6.876,1.048,0.9874208829065751,low-fidelity RED
Delta6-Isoambrettolide,C1CCCCC=CCCCCC(=O)OCCCC1,7779-50-2,6.949,1.182,0.9711462299777518,low-fidelity RED
Cyclododecyl Formate,C1CCCCCC(CCCCC1)OC=O,59052-82-3,5.366,1.035,0.9974968671630003,low-fidelity RED
Hexadecanolide,C1CCCCCCCC(=O)OCCCCCCC1,109-29-5,7.067,0.996,0.8645808232895296,low-fidelity RED
Musk Decanolide,C1CCCCCOCCCCOC(=O)CCCC1,6707-60-4,6.876,1.048,0.9354143466934848,low-fidelity RED
Koavone,CC(/C(=C(\C)/C(=O)C)/C)C(C)(C)C,81786-73-4,6.411,0.9024,0.4782781617427252,low-fidelity RED
"1,3-Pentadiene, 2-Methyl-",CC(/C=C/C)=C,1118-58-7,5.477,0.9906,0.37831864876053883,low-fidelity RED
4-Methyl-Cis-2-Pentene,CC(/C=C\C)C,691-38-3,5.466,1.024,0.39370039370059073,low-fidelity RED
"(E+Z)-4,8-Dimethyl-3,7-Nonadien-2-Yl Acetate",CC(\C=C(/C)\CCC=C(C)C)OC(=O)C,91418-25-6,7.889,1.093,0.8325412902673355,low-fidelity RED
"2,5-Dimethyl-Cis-3-Hexene",CC(\C=C/C(C)C)C,10557-44-5,5.535,0.8476,0.6149186938124422,low-fidelity RED
Cherry Pentenoate,CC(\C=C\C)C(=O)OCC,1617-23-8,6.997,0.9697,0.7952986860293437,low-fidelity RED
α-Elemol,CC(=C)[C@@H]1C[C@@H](CC[C]1(C)C=C)C(C)(C)O,639-99-6,5.593,1.26,0.7721722605740252,low-fidelity RED
Limonene Oxide,CC(=C)[C@@H]1CCC2(C(C1)O2)C,1195-92-2,5.311,1.245,0.8710625695092178,low-fidelity RED
β-Elemene,CC(=C)[C@H]1CC[C]([C@H](C1)C(=C)C)(C)C=C,33880-83-0,5.568,1.275,0.8280247580839597,low-fidelity RED
β-Selinene,CC(=C)[C@H]1CC[C]2(CCCC(=C)[C@H]2C1)C,17066-67-0,5.901,1.324,0.9604686356149272,low-fidelity RED
Benzyl Methacrylate,CC(=C)C(=O)OCC1=CC=CC=C1,2495-37-6,7.537,1.065,0.9076067430335678,high-fidelity RED
3-Bromo-2-Methyl-1-Butene,CC(=C)C(Br)C,51872-48-1,5.633,1.079,0.6919176251549018,low-fidelity RED
"Isoprene (2-Methyl-1,3-Butadiene)",CC(=C)C=C,78-79-5,5.557,0.8536,0.541410195692693,high-fidelity RED
β-Elemol,CC(=C)C1C[C@@H](CC[C]1(C)C=C)C(C)(C)O,32142-08-8,5.593,1.26,0.7721722605740252,low-fidelity RED
Elemol,CC(=C)C1CC(CCC1(C)C=C)C(C)(C)O,8024-27-9,5.593,1.26,0.7721722605740252,low-fidelity RED
(-)-β-Elemene,CC(=C)C1CCC(C(C1)C(=C)C)(C)C=C,515-13-9,5.568,1.275,0.8280247580839597,low-fidelity RED
Dehydroxylinalool Oxide,CC(=C)C1CCC(O1)(C)C=C,13679-86-2,5.949,1.181,0.6264982043070839,low-fidelity RED
4-Methyl-4-Penten-2-One,CC(=C)CC(C)=O,2/3/44 0:00,6.192,0.8629,0.9581883948368405,low-fidelity RED
5-Methyl-5-Hexen-2-One,CC(=C)CCC(=O)C,9/3/40 0:00,6.517,0.9542,0.8440971508067071,low-fidelity RED
Isoprenyl Acetate,CC(=C)CCOC(=O)C,7/2/05 0:00,7.118,0.9341,0.8189169677079605,low-fidelity RED
3-Fluoro-2-Methyl-1-Propene,CC(=C)CF,920-35-4,5.462,0.8628,0.49749371855331004,low-fidelity RED
N-Ethyl-2-Methylallylamine,CC(=C)CNCC,18328-90-0,5.828,1.079,0.5244044240850757,low-fidelity RED
γ-Elemene,CC(=C1CCC(C(C1)C(=C)C)(C)C=C)C,8/8/42 0:00,6.308,1.262,0.88952234373286,low-fidelity RED
Artemisyl Ketone,CC(=CC(=O)C(C)(C)C=C)C,546-49-6,6.237,1.068,0.5505678886386318,low-fidelity RED
Artemisyl Acetate,CC(=CC(C(C)(C)C=C)OC(=O)C)C,3465-88-1,6.758,1.034,0.5414101956926931,low-fidelity RED
Santolina Triene,CC(=CC(C=C)C(=C)C)C,2153-66-4,6.486,1.128,0.6269968101992229,low-fidelity RED
(E)-β-Ocimene,CC(=CC\C=C(/C)\C=C)C,3779-61-1,6.148,1.154,0.7508328708840599,low-fidelity RED
(Z)-β-Ocimene,CC(=CC\C=C(\C)/C=C)C,3338-55-4,6.148,1.154,0.7508328708840599,low-fidelity RED
Grapefruit Acetal,CC(=CCC(C)(C)C(OC)OC)C,67674-46-8,6.155,1.187,0.3588175023601836,low-fidelity RED
Neroli Aldehyde,CC(=CCC(C)(C=C)C=O)C,56134-05-5,6.635,1.141,0.6519202405202643,low-fidelity RED
Lavandulyl Acetate,CC(=CCC(COC(=O)C)C(=C)C)C,25905-14-0,7.006,1.082,0.6896557112066856,low-fidelity RED
Laevo-Linalyl Acetate,CC(=CCC[C](C)(C=C)OC(=O)C)C,16509-46-9,6.675,1.078,0.7399324293474366,low-fidelity RED
"(E+Z)-4,8-Dimethyl-3,7-Nonadien-2-One",CC(=CCC/C(=C/C(=O)C)/C)C,817-88-9,6.447,1.127,0.9598176910226228,low-fidelity RED
(E)-Methyl Geranate,CC(=CCC/C(=C/C(=O)OC)/C)C,1189-09-9,7.081,1.16,0.9103570728016567,low-fidelity RED
Farnesene,CC(=CCC/C(=C/C\C=C(/C)\C=C)/C)C,502-61-4,6.617,1.256,0.9178779875342908,low-fidelity RED
Geranyl Farnesol,CC(=CCC/C(=C/CC/C(=C/CC/C(=C/CC/C(=C/CO)/C)/C)/C)/C)C,79577-58-5,6.911,1.061,0.9813893213195263,low-fidelity RED
"(E,E)-Farnesyl Acetate",CC(=CCC/C(=C/CC/C(=C/COC(=O)C)/C)/C)C,4128-17-0,7.586,1.073,0.8821139382188681,low-fidelity RED
(E)-β-Farnesene,CC(=CCC/C(=C/CCC(=C)C=C)/C)C,18794-84-8,6.464,1.18,0.8250000000000002,low-fidelity RED
(E)-Geranyl Acetone,CC(=CCC/C(=C/CCC(=O)C)/C)C,3796-70-1,6.968,1.044,0.8796306042879595,low-fidelity RED
Nerolidyl Acetate,CC(=CCC/C(=C/CCC(C)(C=C)OC(=O)C)/C)C,2306-78-7,7.072,1.159,0.9233092656309693,low-fidelity RED
Geranyl Methyl Tiglate,CC(=CCC/C(=C/COC(=O)C(=C(C)C)C)/C)C,10402-48-9,7.057,1.07,0.9273618495495699,low-fidelity RED
Neryl Acetate,CC(=CCC/C(=C/COC(=O)C)/C)C,141-12-8,7.496,1.018,0.8547660498639377,low-fidelity RED
Geranyl Undecylenate,CC(=CCC/C(=C/COC(=O)CCCCCCCCC=C)/C)C,68892-05-7,7.797,1.208,0.7335700375560601,low-fidelity RED
Geranyl Methyl Ether,CC(=CCC/C(=C/COC)/C)C,2565-82-4,6.11,1.009,0.7057797106746554,low-fidelity RED
Geranyl Formate,CC(=CCC/C(=C/COC=O)/C)C,105-86-2,7.205,1.048,0.9276987657639735,low-fidelity RED
(±)-Nerolidyl Acetate,CC(=CCC/C(=C\CC[C](C)(C=C)OC(=O)C)/C)C,56001-43-5,7.072,1.159,0.9233092656309693,low-fidelity RED
(Z)-β-Farnesene,CC(=CCC/C(=C\CCC(=C)C=C)/C)C,28973-97-9,6.464,1.18,0.8250000000000002,low-fidelity RED
Neryl Acetone,CC(=CCC/C(=C\CCC(=O)C)/C)C,3879-26-3,6.968,1.044,0.8796306042879595,low-fidelity RED
Marine Decadienal,CC(=CCC/C(=C\CCC=O)/C)C,762-26-5,7.172,1.047,0.9058835465996724,low-fidelity RED
Neryl Methyl Ether,CC(=CCC/C(=C\COC)/C)C,2565-83-5,6.11,1.009,0.7057797106746554,low-fidelity RED
Neryl Formate,CC(=CCC/C(=C\COC=O)/C)C,2142-94-1,7.205,1.048,0.9276987657639735,low-fidelity RED
β-Ocimene,CC(=CCC=C(C)C=C)C,13877-91-3,6.148,1.154,0.7508328708840599,low-fidelity RED
Ocimene Oxirane,CC(=CCC1C(O1)(C)C)C=C,69103-20-4,6.464,1.314,0.5573374202401987,low-fidelity RED
Citral Dimethyl Acetal,CC(=CCCC(=CC(OC)OC)C)C,7549-37-3,7.217,1.162,0.7110731326663947,low-fidelity RED
Farnesal,CC(=CCCC(=CCCC(=CC=O)C)C)C,19317-11-4,7.465,1.162,0.9542667341996158,low-fidelity RED
Farnesyl Acetone,CC(=CCCC(=CCCC(=CCCC(=O)C)C)C)C,762-29-8,6.968,1.044,0.9027735042633889,low-fidelity RED
Farnesyl Acetate,CC(=CCCC(=CCCC(=CCOC(=O)C)C)C)C,29548-30-9,7.586,1.073,0.8821139382188681,low-fidelity RED
Geranyl Acetone,CC(=CCCC(=CCCC(=O)C)C)C,689-67-8,6.968,1.044,0.8796306042879595,low-fidelity RED
Methyl Heptenone,CC(=CCCC(=O)C)C,110-93-0,6.878,0.9902,0.9568829604502325,low-fidelity RED
Linalyl Formate,CC(=CCCC(C)(C=C)OC=O)C,115-99-1,6.786,1.086,0.6309714732061986,low-fidelity RED
(E)-β-Bergamotene,CC(=CCCC1([C@H]2CCC(=C)[C@@H]1C2)C)C,55123-21-2,7.119,1.321,0.99373034571759,low-fidelity RED
Bergamotene,CC(=CCCC1(C2CCC(=C)C1C2)C)C,6895-56-3,7.119,1.321,0.99373034571759,low-fidelity RED
β-Santalene,CC(=CCCC1(C2CCC(C2)C1=C)C)C,511-59-1,7.362,1.305,0.99373034571759,low-fidelity RED
Prenyl Senecioate,CC(=CCOC(=O)C=C(C)C)C,72779-06-7,6.832,1.062,0.9516433155337145,low-fidelity RED
Acetonemethyloxime,CC(=NOC)C,3376-35-0,5.649,0.7078,0.5338539126015655,high-fidelity RED
β-Oplopenone,CC(=O)[C@H]1CC[C@H]2C(=C)CC[C@@H](C(C)C)[C@H]12,28305-60-4,7.484,1.284,0.8463155439905377,low-fidelity RED
γ-Ionone,CC(=O)\C=C\C1C(=C)CCCC1(C)C,79-76-5,6.832,1.341,0.7866066361276145,low-fidelity RED
Herbal Ethanone,CC(=O)C1C2CCC(C2)C1(C)C,42370-07-0,6.52,1.103,0.8562271894771852,low-fidelity RED
Woody Ketone,CC(=O)C1CCCC(C1)(C)C,25304-14-7,6.038,1.14,0.7862092596758196,low-fidelity RED
Vetiver Pentanone,CC(=O)CC(C)(C)C1CCCCC1,4927-39-3,6.969,1.136,0.6841966091702,low-fidelity RED
Methoxyhexanone (Pentoxone),CC(=O)CC(C)(C)OC,107-70-0,6.324,0.9291,0.9775607398008577,high-fidelity RED
8-Nonen-2-One,CC(=O)CCCCCC=C,5009-32-5,6.972,1.062,0.7022285952594068,low-fidelity RED
10-Undecen-2-One,CC(=O)CCCCCCCC=C,36219-73-5,6.972,1.062,0.6661456297237113,low-fidelity RED
2-Eicosanone,CC(=O)CCCCCCCCCCCCCCCCCC,29703-52-4,6.836,0.8253,0.5878988008152431,low-fidelity RED
6-Acetoxydihydrotheaspirane,CC(=O)O[C]2(C)CCCC(C)(C)[C]12CC[C@@H](C)O1,57893-27-3,6.149,1.169,0.8050621094052307,low-fidelity RED
Bornyl Acetate,CC(=O)O[C@@H]1C[C@@H]2CC[C]1(C2(C)C)C,5655-61-8,6.462,1.128,0.8077747210701754,low-fidelity RED
Ortholate (Verdox),CC(=O)O[C@@H]1CCCC[C@@H]1C(C)(C)C,20298-69-5,6.527,1.103,0.5208166663999918,low-fidelity RED
Linalool Oxide Acetates,CC(=O)OC(C)(C)C1CCC(O1)(C)C=C,67689-50-3,6.354,1.245,0.6020797289396154,low-fidelity RED
Dimethyl Benzyl Carbinyl Acetate,CC(=O)OC(C)(C)CC1=CC=CC=C1,151-05-3,7.482,1.205,0.9813893213195262,low-fidelity RED
Narcissus Acetate,CC(=O)OC(C)(C)CCC1=CC=CC=C1,103-07-1,7.624,1.098,0.9253377761660868,low-fidelity RED
Bergamot Acetoacetate,CC(=O)OC(C)(C)CCCC(=C)C=C,69103-01-1,7.107,1.237,0.35531676008879726,low-fidelity RED
α-Fenchyl Acetate,CC(=O)OC1C(C2CCC1(C2)C)(C)C,4057-31-2,5.614,1.169,0.8077747210701754,low-fidelity RED
Pinocarvyl Acetate,CC(=O)OC1CC2CC(C1=C)C2(C)C,1078-95-1,7.031,1.212,0.6500000000000005,low-fidelity RED
"2-Acetoxy-1,8-Cineole",CC(=O)OC1CC2CCC1(OC2(C)C)C,72257-53-5,6.542,1.204,0.8681877677092674,low-fidelity RED
Ptbcha (Vertenex),CC(=O)OC1CCC(CC1)C(C)(C)C,32210-23-4,6.357,1.107,0.5749999999999998,low-fidelity RED
Verdox (Ortholate),CC(=O)OC1CCCCC1C(C)(C)C,88-41-5,6.527,1.103,0.5208166663999918,low-fidelity RED
"(Z,Z)-3,6-Nonadien-1-Yl Acetate",CC(=O)OCC/C=C\C/C=C\CC,83334-93-4,6.803,1.048,0.9447221813845597,low-fidelity RED
(Z)-3-Hepten-1-Yl Acetate,CC(=O)OCC/C=C\CCC,1576-78-9,6.836,0.8899,0.8046738469715536,low-fidelity RED
(Z)-3-Nonen-1-Yl Acetate,CC(=O)OCC/C=C\CCCCC,13049-88-2,7.212,0.9022,0.7956915231419776,low-fidelity RED
"(E,Z)-3,6-Nonadien-1-Yl Acetate",CC(=O)OCC\C=C\C=C/CCC,211323-05-6,6.637,0.9464,0.9195787078874765,low-fidelity RED
Myrtenyl Acetate,CC(=O)OCC1=CCC2CC1C2(C)C,1079-01-2,7.378,1.312,0.9360822613424522,low-fidelity RED
(1R)-(-)-Nopyl Acetate,CC(=O)OCCC1=CC[C@H]2C[C@@H]1C2(C)C,35836-72-7,7.429,1.275,0.8806957476904274,low-fidelity RED
Nopyl Acetate,CC(=O)OCCC1=CCC2CC1C2(C)C,128-51-8,7.429,1.275,0.8806957476904274,low-fidelity RED
Cyclohexyl Ethyl Acetate,CC(=O)OCCC1CCCCC1,21722-83-8,7.093,0.932,0.9424038412485386,low-fidelity RED
"1,4-Nonane Diol Diacetate",CC(=O)OCCCC(OC(C)=O)CCCCC,67715-81-5,7.839,0.9951,0.8492643875731518,low-fidelity RED
4-Penten-1-Yl Acetate,CC(=O)OCCCC=C,1576-85-8,7.315,0.9708,0.8663861725581733,low-fidelity RED
Rose Petal Acetate,CC(=O)OCCCCCCCCC=C,50816-18-7,7.329,1.008,0.5208166663999924,low-fidelity RED
10-Undecen-1-Yl Acetate,CC(=O)OCCCCCCCCCC=C,112-19-6,7.329,1.008,0.519615242270664,low-fidelity RED
2-Bromo-2-Methylbutane,CC(Br)(C)CC,507-36-8,5.495,0.9064,0.43011626335213177,low-fidelity RED
2-Bromoheptane,CC(Br)CCCCC,4/5/74 0:00,5.737,0.8846,0.6562202374203339,low-fidelity RED
Butyl Tiglate,CC(C(=O)OCCCC)=[C@H]C,7785-66-2,7.006,1.061,0.7968688725254609,low-fidelity RED
"3,3-Dimethyl-2-Pentanone",CC(C(C)(C)CC)=O,20669-04-9,6.337,0.7691,0.45345892868042653,low-fidelity RED
Amber Carbinol,CC(C(C)C(C)C(C)(C)C)C(C)O,87118-95-4,6.309,0.8678,0.474341649025257,low-fidelity RED
3-Methyl-2-Hexanone,CC(C(C)CCC)=O,2550-21-2,6.164,0.8308,0.7697402159170327,low-fidelity RED
β-Phellandrene,CC(C(C=C1)CCC1=C)C,555-10-2,6.385,1.131,0.6873863542433759,low-fidelity RED
2-Methyl-3-Ethyl-1-Pentene,CC(C(CC)CC)=C,19780-66-6,6.284,0.9924,0.5315072906367325,low-fidelity RED
"Ethyl 3-Methyl -4,4,4-Trifluorobutyrate",CC(C(F)(F)F)CC(OCC)=O,95853-67-1,5.81,1.04,0.34731109973624513,low-fidelity RED
"2,3,4,5,6-Pentafluorotoluene",CC(C(F)=C1F)=C(C(F)=C1F)F,771-56-2,5.341,0.8895,0.6133922073192654,low-fidelity RED
"2,6-Di-Tert-Butyl-p-Cresol",CC(C)(C(C=C(C)C=C1C(C)(C)C)=C1O)C,128-37-0,6.988,0.9765,0.9624188277460081,low-fidelity RED
"2,2-Dimethyl-Trans-3-Hexene",CC(C)(C)/C=C/CC,690-93-7,5.288,0.9383,0.6264982043070835,low-fidelity RED
"2,2-Dimethyl-Cis-3-Hexene",CC(C)(C)/C=C\CC,690-92-6,5.288,0.9383,0.6264982043070835,low-fidelity RED
Tert-Butyl Vinyl Ketone,CC(C)(C)C(=O)C=C,2177-30-2,5.819,0.8556,0.41306779104645774,low-fidelity RED
Methyl Pivalate,CC(C)(C)C(=O)OC,598-98-1,6.198,0.7985,0.5153882032022075,low-fidelity RED
Peach Pivalate,CC(C)(C)C(=O)OC1CC2CC1C3C2C=CC3,68039-44-1,6.639,1.334,0.7668930825088985,low-fidelity RED
Phenethyl Pivalate,CC(C)(C)C(=O)OCCC1=CC=CC=C1,67662-96-8,7.687,0.9907,0.82348345460003,low-fidelity RED
"2,3,3-Trimethyl-1-Butene",CC(C)(C)C(C)=C,594-56-9,5.645,0.8976,0.7520804478245662,low-fidelity RED
"3,3-Dimethyl-2-Butanone",CC(C)(C)C(C)=O,75-97-8,5.998,0.7172,0.5024937810560445,low-fidelity RED
"3,3-Dimethyl-2-Butanol",CC(C)(C)C(O)C,464-07-3,6.524,0.8495,0.5963430220938282,low-fidelity RED
"2,2,4,4-Tetramethyl-3-Pentanol",CC(C)(C)C(O)C(C)(C)C,14609-79-1,6.255,0.8188,0.8143248737451165,low-fidelity RED
"2,2,4-Trimethyl-3-Pentanol",CC(C)(C)C(O)C(C)C,5162-48-1,6.168,0.8025,0.025000000000000022,low-fidelity RED
"2,2-Dimethyl-3-Hexanol",CC(C)(C)C(O)CCC,4209-90-9,6.145,0.8237,0.16007810593582156,low-fidelity RED
"2,2-Dimethylpropanal",CC(C)(C)C=O,630-19-3,5.606,0.8816,0.9347459547919958,low-fidelity RED
p-Di-Tert-Butylbenzene,CC(C)(C)C1=CC=C(C(C)(C)C)C=C1,1012-72-2,6.29,0.9012,0.9572094859538328,low-fidelity RED
Methyl Butyl Phenyl Acetate,CC(C)(C)C1=CC=C(C=C1)CC(=O)OC,3549-23-3,7.975,1.18,0.9711462299777517,low-fidelity RED
4-Tert-Butylpyridine,CC(C)(C)C1=CC=NC=C1,3978-81-2,6.231,0.9827,0.9233092656309688,low-fidelity RED
Para-Tert-Butyl Cyclohexanone,CC(C)(C)C1CCC(=O)CC1,98-53-3,6.301,1.05,0.8821139382188673,low-fidelity RED
4-Tert-Butyl Cyclohexane Carboxaldehyde,CC(C)(C)C1CCC(CC1)C=O,20691-52-5,5.77,0.9348,0.6562202374203341,low-fidelity RED
Patchouli Hexanol,CC(C)(C)C1CCC(CC1)O,98-52-2,6.492,0.9932,0.602598539659698,low-fidelity RED
2-Tert-Butyl Cyclohexanone,CC(C)(C)C1CCCCC1=O,1728-46-7,6.878,1.046,0.7314369419163892,low-fidelity RED
Pine Hexanol,CC(C)(C)C1CCCCC1O,13491-79-7,6.326,0.9444,0.48476798574163305,low-fidelity RED
"2,2,4,6,6-Pentamethyl-4-Heptane Thiol",CC(C)(C)CC(C)(CC(C)(C)C)S,93002-38-1,5.354,0.7064,0.7483314773547884,low-fidelity RED
"1-Phenyl-2,2-Dimethylpropane",CC(C)(C)CC1=CC=CC=C1,1007-26-7,6.406,0.959,0.9250000000000002,low-fidelity RED
"2,2-Dimethyl-1-Propanethiol",CC(C)(C)CS,1679-08-9,5.406,0.7836,0.32113081446662817,low-fidelity RED
Tert-Butyl Acrylate,CC(C)(C)OC(=O)C=C,1663-39-4,6.443,1.009,0.34820970692960307,low-fidelity RED
t-Butyl Acetate,CC(C)(C)OC(C)=O,540-88-5,6.183,0.7618,0.7128288714691626,high-fidelity RED
Isopropyl-Tert-Butyl-Ether,CC(C)(C)OC(C)C,17348-59-3,5.543,0.9639,0.44158804331639206,low-fidelity RED
1-Tert-Butoxy-2-[2-(Tert-Butoxy)Propoxy]Propane,CC(C)(C)OCC(C)OCC(C)OC(C)(C)C,NA7458,6.132,1.078,0.275,low-fidelity RED
Allyl-Tert-Butylperoxide,CC(C)(C)OOCC=C,39972-78-6,5.548,0.9522,0.9568829604502318,low-fidelity RED
Di-Tert-Butyl Disulfide,CC(C)(C)SSC(C)(C)C,110-06-5,5.426,0.8686,0.34820970692960324,low-fidelity RED
Yomogi Alcohol,CC(C)(C=C)\C=C\C(C)(C)O,30458-12-9,6.12,0.95,0.8803408430829506,low-fidelity RED
Tert-Butylbenzene,CC(C)(C1=CC=CC=C1)C,98-06-6,6.026,0.8824,0.9195787078874762,low-fidelity RED
2-Phenyl-2-Methylbutane,CC(C)(C1=CC=CC=C1)CC,2049-95-8,6.337,0.987,0.9669539802906866,low-fidelity RED
Myrcenol,CC(C)(CCCC(=C)C=C)O,543-39-5,6.803,1.081,0.9516433155337145,low-fidelity RED
"2,4-Dimethyl-2-Octanol",CC(C)(O)CC(C)CCCC,18675-20-2,6.834,1.048,0.9633924433998848,low-fidelity RED
"2,5-Dimethyl-2-Hexanol",CC(C)(O)CCC(C)C,3730-60-7,6.378,0.8199,0.9852030247619016,low-fidelity RED
"2,7-Dimethyl-2-Octanol",CC(C)(O)CCCCC(C)C,42007-73-8,6.69,0.9548,0.7403546447480424,low-fidelity RED
2-Methyl-2-Butanethiol,CC(C)(S)CC,1679-09-0,5.627,0.8659,0.34820970692960285,low-fidelity RED
(Z)-Sabinyl Acetate,CC(C)[C]12C[C@@H]1C(=C)[C@@H](C2)OC(=O)C,53833-85-5,7.542,1.277,0.8097067370350821,low-fidelity RED
Junenol,CC(C)[C@@H]1CC[C]2(CCCC(=C)[C@@H]2[C@H]1O)C,472-07-1,6.628,1.284,0.9759610647971566,low-fidelity RED
Green Heptenal,CC(C)/C(=C/CC(C)C=O)/C,82784-84-7,6.776,1.103,0.6154266812545583,low-fidelity RED
Cassis Oxime 10%,CC(C)/C(=N\O)/C(C)(C)C\C=C(/C)\C=C,81783-01-9,6.44,1.209,0.8066132902450838,low-fidelity RED
"2,5-Dimethyl-Trans-3-Hexene",CC(C)/C=C/C(C)C,692-70-6,5.535,0.8476,0.6149186938124422,low-fidelity RED
2-Methyl-Cis-3-Hexene,CC(C)\C=C/CC,15840-60-5,5.663,1.024,0.48989794855663577,low-fidelity RED
4-Methyl-Trans-2-Pentene,CC(C)\C=C\C,674-76-0,5.466,1.024,0.39370039370059073,low-fidelity RED
2-Methyl-Trans-3-Hexene,CC(C)\C=C\CC,692-24-0,5.663,1.024,0.48989794855663577,low-fidelity RED
"3-Methyl-1,2-Butadiene",CC(C)=C=C,598-25-4,5.319,0.8518,0.36912057650583496,high-fidelity RED
"2,4-Dimethyl-2-Hexene",CC(C)=CC(C)CC,14255-23-3,6.21,0.938,0.687386354243376,low-fidelity RED
Clary Octenone,CC(C)C(=O)C(C)(C)CC=C(C)C,74338-72-0,6.059,1.054,0.50062460986252,low-fidelity RED
Isopropyl Vinyl Ketone,CC(C)C(=O)C=C,1606-47-9,6.437,0.9692,0.7314369419163894,low-fidelity RED
Isobornyl Isobutyrate,CC(C)C(=O)O[C@@H]1C[C@H]2CC[C]1(C2(C)C)C,85586-67-0,7.095,1.215,0.7842193570679062,low-fidelity RED
"Alpha,α-Dimethyl Benzyl Isobutyrate",CC(C)C(=O)OC(C)(C)C1=CC=CC=C1,7774-60-9,7.725,1.248,0.7766112283504543,low-fidelity RED
Dimethyl Benzyl Carbinyl Isobutyrate,CC(C)C(=O)OC(C)(C)CC1=CC=CC=C1,59354-71-1,8.032,1.273,0.7830229881682922,low-fidelity RED
Papaya Isobutyrate,CC(C)C(=O)OC(C)(C)CCC1=CC=CC=C1,10031-71-7,8.175,1.167,0.7921489758877438,low-fidelity RED
Nerolidyl Isobutyrate,CC(C)C(=O)OC(C)(CC\C=C(/C)\CCC=C(C)C)C=C,2639-68-1,7.631,1.281,0.9246621004453467,low-fidelity RED
Linalyl Isobutyrate,CC(C)C(=O)OC(C)(CCC=C(C)C)C=C,78-35-3,7.236,1.21,0.7262919523166974,low-fidelity RED
Styralyl Isobutyrate,CC(C)C(=O)OC(C)C1=CC=CC=C1,7775-39-5,7.718,1.148,0.9813893213195262,low-fidelity RED
Chamomile Isobutyrate,CC(C)C(=O)OC(C)CC(=C)C,80118-06-5,7.036,1.151,0.38487010795851684,low-fidelity RED
Geranyl Isobutyrate,CC(C)C(=O)OC\C=C(/C)\CCC=C(C)C,2345-26-8,7.543,1.096,0.7198090024443986,low-fidelity RED
Neryl Isobutyrate,CC(C)C(=O)OC\C=C(\C)/CCC=C(C)C,2345-24-6,7.543,1.096,0.7198090024443986,low-fidelity RED
Green Methanoindene,CC(C)C(=O)OC1CC2CC1C3C2C=CC3,68039-39-4,7.404,1.323,0.9154916711800272,low-fidelity RED
Tricyclodecenyl Isobutyrate,CC(C)C(=O)OC1CC2CC1C3C2CC=C3,67634-20-2,7.327,1.277,0.9154916711800272,low-fidelity RED
Bornyl Isobutyrate,CC(C)C(=O)OC1CC2CCC1(C2(C)C)C,24717-86-0,7.095,1.215,0.7842193570679062,low-fidelity RED
Apricot Isobutyrate,CC(C)C(=O)OC1CCC2CCCCC2C1,67874-78-6,7.204,1.135,0.9168560410446119,low-fidelity RED
Cyclohexyl Isobutyrate,CC(C)C(=O)OC1CCCCC1,1129-47-1,7.362,1.17,0.7834219807996207,low-fidelity RED
"2,2,4-Trimethyl-1,3-Pentanediol Diisobutyrate",CC(C)C(=O)OCC(C)(C)C(C(C)(C))OC(=O)C(C)(C),6846-50-0,7.098,1.158,0.3172144385112382,low-fidelity RED
"2,2,4-Trimethyl-1,3-Pentanediol Monoisobutyrate",CC(C)C(=O)OCC(C)(C)C(O)C(C)C,77-68-9,6.854,1.238,0.7945124291035349,low-fidelity RED
2-Phenyl Propyl Isobutyrate,CC(C)C(=O)OCC(C)C1=CC=CC=C1,65813-53-8,7.885,1.032,0.9788385975225948,low-fidelity RED
Prenyl Isobutyrate,CC(C)C(=O)OCC=C(C)C,76649-23-5,7.129,1.029,0.6432340165134302,low-fidelity RED
Myrtenyl Isobutyrate,CC(C)C(=O)OCC1=CCC2CC1C2(C)C,29021-37-2,7.564,1.449,0.7988272654335238,low-fidelity RED
Citronellyl Isobutyrate,CC(C)C(=O)OCCC(C)CCC=C(C)C,97-89-2,7.39,1.198,0.585768725692999,low-fidelity RED
Rhodinyl Isobutyrate,CC(C)C(=O)OCCC(C)CCCC(=C)C,138-23-8,7.739,1.194,0.5178078794301997,low-fidelity RED
"2,3,4-Trimethyl-3-Pentanol",CC(C)C(C)(O)C(C)C,3054-92-0,6.451,0.9174,0.6873863542433758,low-fidelity RED
"2,3-Dimethyl-1-Butene",CC(C)C(C)=C,563-78-0,5.909,0.959,0.5178078794301997,low-fidelity RED
Methyl Isopropyl Ketone,CC(C)C(C)=O,563-80-4,6.256,0.8287,0.8692669325356855,low-fidelity RED
"2,3,4-Trimethyl-2-Pentanol",CC(C)C(C)C(C)(C)O,66576-26-9,6.569,0.761,0.8143248737451164,low-fidelity RED
Virginione,CC(C)C(CCC(=O)C)\C=C\C(=C)C,2278-53-7,5.822,1.236,0.6368869601428504,low-fidelity RED
3-Amino-2-Methylpentane,CC(C)C(N)CC,54287-41-1,5.891,0.825,0.343693177121688,low-fidelity RED
"2,3-Dimethyl-3-Hexanol",CC(C)C(O)(C)CCC,4166-46-5,6.49,1.007,0.8810505093353048,low-fidelity RED
3-Methyl-2-Butanethiol,CC(C)C(S)C,2084-18-6,5.294,0.7254,0.44511234536912164,low-fidelity RED
Isodihydrolavandulyl Acetate,CC(C)C\C=C(/COC(=O)C)\C(C)C,40853-56-3,6.892,1.082,0.42793106921559254,low-fidelity RED
Isodihydrolavandulol,CC(C)C\C=C(\CO)/C(C)C,40853-53-0,6.425,0.9984,0.9630680142129111,low-fidelity RED
"2,5-Dimethyl-2-Hexene",CC(C)C\C=C(C)\C,3404-78-2,6.29,0.9131,0.564025708633924,low-fidelity RED
5-Methyl-Trans-2-Hexene,CC(C)C\C=C\C,7385-82-2,5.733,1.03,0.46435439052516786,low-fidelity RED
(E)-6-Methyl-3-Hepten-2-One,CC(C)C\C=C\C(=O)C,20859-10-3,5.883,1.043,0.742041103982792,low-fidelity RED
Filbert Hexenone,CC(C)C=CC(=O)C,5166-53-0,5.843,1.026,0.8325412902673361,low-fidelity RED
Delta-Elemene,CC(C)C1=CC(C(CC1)(C)C=C)C(=C)C,20307-84-0,6.601,1.283,0.896521053852055,low-fidelity RED
Sabinyl Acetate,CC(C)C12CC1C(=C)C(C2)OC(=O)C,3536-54-7,7.542,1.277,0.8097067370350821,low-fidelity RED
Sabinene,CC(C)C12CCC(=C)C1C2,3387-41-5,6.044,1.084,0.9303897032964206,low-fidelity RED
"1,4-Cineole",CC(C)C12CCC(O1)(CC2)C,470-67-7,6.134,1.121,0.9171968163922065,low-fidelity RED
Timber Dioxolane,CC(C)C1C(COC(O1)(C)C)(C)C,61920-45-4,5.893,1.137,0.43011626335213154,low-fidelity RED
(E)-Tagetone,CC(C)CC(=O)\C=C(/C)\C=C,6752-80-3,6.155,1.071,0.6519202405202654,low-fidelity RED
(Z)-Tagetone,CC(C)CC(=O)\C=C(\C)/C=C,3588-18-9,6.155,1.071,0.6519202405202654,low-fidelity RED
Chamomile Octenone,CC(C)CC(=O)C=CC(C)C,68419-46-5,6.568,1.118,0.5590169943749482,low-fidelity RED
Dihydrotagetone,CC(C)CC(=O)CC(C)C=C,1879-00-1,6.033,1.111,0.45825756949558427,low-fidelity RED
Isopropyl Isovalerate,CC(C)CC(=O)OC(C)C,32665-23-9,6.426,0.9871,0.2750000000000001,low-fidelity RED
Linalyl Isovalerate,CC(C)CC(=O)OC(C=C)C(C)CC=C(C)C,1118-27-0,6.686,1.203,0.6294839156007093,low-fidelity RED
Neryl Isovalerate,CC(C)CC(=O)OC\C=C(\C)/CCC=C(C)C,3915-83-1,7.176,1.15,0.6819090848492924,low-fidelity RED
Bornyl Isovalerate,CC(C)CC(=O)OC1C(C2CCC1(C2)C)(C)C,59672-05-8,5.869,1.232,0.7487489565935964,low-fidelity RED
(-)-Bornyl Isovalerate,CC(C)CC(=O)OC1CC2CCC1(C2(C)C)C,76-50-6,6.717,1.201,0.7487489565935964,low-fidelity RED
Cyclohexyl Isovalerate,CC(C)CC(=O)OC1CCCCC1,7774-44-9,6.776,1.201,0.7254309064273455,low-fidelity RED
α-Amyl Cinnamyl Isovalerate,CC(C)CC(=O)OCC(=Cc1ccccc1)CCCCC,7493-80-3,7.437,1.158,0.9440603794249598,low-fidelity RED
Geranyl Isovalerate,CC(C)CC(=O)OCC/C(=C/CC=C(C)C)/C,109-20-6,7.084,1.262,0.6819090848492924,low-fidelity RED
Allyl Isovalerate,CC(C)CC(=O)OCC=C,2835-39-4,6.516,1.082,0.5279678020485723,low-fidelity RED
Citronellyl Isovalerate,CC(C)CC(=O)OCCC(C)CCC=C(C)C,68922-10-1,6.886,1.172,0.5942432162002356,low-fidelity RED
Rhodinyl Isovalerate,CC(C)CC(=O)OCCC(C)CCCC(=C)C,7778-96-3,7.236,1.167,0.46502688094345723,low-fidelity RED
Phenethyl Isovalerate,CC(C)CC(=O)OCCC1=CC=CC=C1,140-26-1,7.573,1.124,0.9826622003516775,low-fidelity RED
3-Phenyl Propyl Isovalerate,CC(C)CC(=O)OCCCC1=CC=CC=C1,7/3/52 0:00,8.208,1.167,0.9222933372848353,low-fidelity RED
3-Methyl Thiopropyl Isovalerate,CC(C)CC(=O)OCCCSC,84559-98-8,7.04,1.116,0.9330728803260768,low-fidelity RED
Methyl Thiol Isovalerate,CC(C)CC(=O)SC,23747-45-7,6.523,0.9463,0.9874208829065751,low-fidelity RED
Isopropyl Thioisovalerate,CC(C)CC(=O)SC(C)C,34322-06-0,6.188,0.9939,0.8189169677079599,low-fidelity RED
"2,4-Dimethyl-1-Pentene",CC(C)CC(C)=C,2213-32-3,5.768,0.9149,0.5573374202401988,low-fidelity RED
"6,8-Dimethyl-2-Nonanol",CC(C)CC(C)CCCC(C)O,70214-77-6,7.248,0.9301,0.9394147114027969,low-fidelity RED
Methyl Amyl Acetate,CC(C)CC(C)OC(=O)C,108-84-9,6.977,0.7901,0.9017344398435716,high-fidelity RED
Di-Isobutyl Ketone,CC(C)CC(CC(C)C)=O,108-83-8,6.368,0.8398,0.5184110338331931,high-fidelity RED
Diisobutyl Carbinyl Acetate,CC(C)CC(CC(C)C)OC(=O)C,10250-45-0,7.191,0.8599,0.2828427124746192,low-fidelity RED
2-Amino-4-Methylpentane,CC(C)CC(N)C,108-09-8,5.863,0.7903,0.5595757321399848,low-fidelity RED
Methyl Isopentanoate,CC(C)CC(OC)=O,556-24-1,6.298,0.916,0.7267220926874315,low-fidelity RED
Isobutyl Isopentanoate,CC(C)CC(OCC(C)C)=O,589-59-3,6.962,0.9932,0.23184046238739278,low-fidelity RED
Ethyl Isovalerate,CC(C)CC(OCC)=O,108-64-5,6.436,0.936,0.5414101956926929,low-fidelity RED
Isopentyl Isovalerate,CC(C)CC(OCCC(C)C)=O,659-70-1,6.641,1.001,0.2474873734152918,low-fidelity RED
Propyl Isopentanoate ,CC(C)CC(OCCC)=O,557-00-6,6.51,1.025,0.3976493430146717,low-fidelity RED
(E)-7-Methyl-3-Octen-2-One,CC(C)CC\C=C\C(=O)C,33046-81-0,5.756,1.024,0.6986594306241064,low-fidelity RED
4-Methyl-1-Pentene,CC(C)CC=C,691-37-2,5.768,0.9579,0.422788363132194,low-fidelity RED
Isodihydrolavandulal,CC(C)CC=C(C=O)C(C)C,35158-25-9,6.584,1.061,0.5623610939600998,low-fidelity RED
Sedanolide,CC(C)CC1C2CCCC=C2C(=O)O1,6415-59-4,7.491,1.173,0.8268917704270622,low-fidelity RED
"3,5-Diisobutyl-1,2,4-Trithiolane",CC(C)CC1SC(CC(C)C)SS1,92900-67-9,5.6,1.03,0.9110433579144294,low-fidelity RED
Bacon Dithiazine,CC(C)CC1SC(NC(CC(C)C)S1)CC(C)C,74595-94-1,5.779,1.143,0.809706737035082,low-fidelity RED
1-Bromo-3-Methylbutane,CC(C)CCBr,107-82-4,5.336,0.8206,0.5522680508593629,low-fidelity RED
Methyl Iso-Amyl Ketone,CC(C)CCC(=O)C,110-12-3,6.436,0.8856,0.8023403267940606,low-fidelity RED
Methyl 4-Methyl Valerate,CC(C)CCC(=O)OC,2412-80-8,6.962,0.8562,0.6451743950281968,low-fidelity RED
s-Methyl 4-Methyl Pentane Thioate,CC(C)CCC(=O)SC,61122-71-2,7.163,0.9255,0.9688911187538052,low-fidelity RED
Phytol,CC(C)CCC[C@@H](C)CCC[C@@H](C)CCC/C(=C/CO)/C,150-86-7,6.996,0.9922,0.6950719387228929,low-fidelity RED
Phytyl Acetate,CC(C)CCC[C@@H](C)CCC[C@@H](C)CCC/C(=C/COC(=O)C)/C,10236-16-5,7.671,0.9925,0.6349212549600155,low-fidelity RED
Amber Dioxepine,CC(C)CCC1(OCC=CCO1)C,53338-05-9,5.88,1.101,0.7713624310270765,low-fidelity RED
Aldehydic Nitrile,CC(C)CCCC(C)CC#N,40188-41-8,6.277,1.036,0.7163274390947204,low-fidelity RED
Tetrahydrocitral,CC(C)CCCC(C)CC=O,5988-91-0,6.218,0.9855,0.4956056900399755,low-fidelity RED
Tetrahydrogeranyl Acetone,CC(C)CCCC(C)CCCC(=O)C,1604-34-8,7.082,0.9419,0.4716990566028305,low-fidelity RED
"(Z,E)-Phytol",CC(C)CCCC(C)CCCC(C)CCCC(=CCO)C,7541-49-3,6.996,0.9922,0.6950719387228929,low-fidelity RED
Hexahydrofarnesyl Acetone,CC(C)CCCC(C)CCCC(C)CCCC(=O)C,502-69-2,7.082,0.9419,0.5408326913195985,low-fidelity RED
Isophytol,CC(C)CCCC(C)CCCC(C)CCCC(C)(C=C)O,505-32-8,6.447,1.094,0.6480740698407867,low-fidelity RED
Dimethyl Octanyl Acetate,CC(C)CCCC(C)CCOC(=O)C,20780-49-8,7.592,0.8738,0.377491721763538,low-fidelity RED
Green\Carbaldehyde,CC(C)CCCC1=CCC(CC1)(C)C=O,66327-54-6,6.704,1.205,0.9017344398435722,low-fidelity RED
6-Methyl Heptanal,CC(C)CCCCC=O,63885-09-6,6.249,0.9777,0.8189169677079601,low-fidelity RED
Isodecanal,CC(C)CCCCCCC=O,1321-89-7,6.194,1.01,0.602079728939615,low-fidelity RED
12-Methyl Tridecanal,CC(C)CCCCCCCCCCC=O,75853-49-5,6.194,1.01,0.49117206760971277,low-fidelity RED
13-Methyl Tetradecanal,CC(C)CCCCCCCCCCCC=O,75853-51-9,6.194,1.01,0.48989794855663593,low-fidelity RED
Citronellal Diisotridecyl Acetal,CC(C)CCCCCCCCCCOC(CC(C)CCC=C(C)C)OCCCCCCCCCCC(C)C,67923-82-4,6.757,1.205,0.7802243267163619,low-fidelity RED
Isononyl Acetate,CC(C)CCCCCCOC(=O)C,40379-24-6,7.392,0.9158,0.38405728739343087,low-fidelity RED
Di-Isononyl Adipate,CC(C)CCCCCCOC(=O)CCCCC(=O)OCCCCCCC(C)C,33703-08-1,7.81,1.073,0.9711462299777515,high-fidelity RED
3-Methylbutylamine,CC(C)CCN,107-85-7,5.693,0.8797,0.8154753215150046,low-fidelity RED
Isoamyl Geranate,CC(C)CCOC(=O)\C=C(/C)\CCC=C(C)C,68133-73-3,7.508,1.245,0.6819090848492924,low-fidelity RED
Isoamyl Isobutyrate,CC(C)CCOC(=O)C(C)C,1/3/50 0:00,7.025,1.005,0.2657536453183663,low-fidelity RED
Diisoamyl Thiomalate,CC(C)CCOC(=O)CC(C(=O)OCCC(C)C)S,68084-03-7,6.935,1.015,0.9357483636106446,low-fidelity RED
Isoamyl Phenyl Acetate,CC(C)CCOC(=O)CC1=CC=CC=C1,102-19-2,7.851,1.14,0.9902651160169181,low-fidelity RED
Diisopentyl Succinate,CC(C)CCOC(=O)CCC(=O)OCCC(C)C,818-04-2,7.613,0.9128,0.5049752469181041,low-fidelity RED
Isoamyl 3-(2-Furan) Propionate,CC(C)CCOC(=O)CCC1=CC=CO1,7779-67-1,8.611,1.145,0.9370832406995663,low-fidelity RED
Acetaldehyde Isoamyl Isobutyl Acetal,CC(C)CCOC(C)OCC(C)C,75048-15-6,5.944,1.051,0.14142135623730995,low-fidelity RED
Acetaldehyde Diisoamyl Acetal,CC(C)CCOC(C)OCCC(C)C,13002-09-0,5.84,0.9193,0.18200274723201332,low-fidelity RED
Isopentyl Formate,CC(C)CCOC=O,110-45-2,6.105,0.9272,0.9058835465996721,low-fidelity RED
Allyl Amyl Glycolate,CC(C)CCOCC(=O)OCC=C,67634-01-9,6.48,1.16,0.6184658438426492,low-fidelity RED
Gardenia Oxide,CC(C)CCOCC1=CC=CC=C1,122-73-6,6.612,1.01,0.8536685539481942,low-fidelity RED
Isopentylether,CC(C)CCOCCC(C)C,544-01-4,5.95,0.8102,0.25248762345905196,low-fidelity RED
Green Ether,CC(C)CCOCCC1=CC=CC=C1,56011-02-0,6.902,1.016,0.8062257748298548,low-fidelity RED
3-Methyl-1-Butanethiol,CC(C)CCS,541-31-1,5.561,0.7357,0.5857687256929992,low-fidelity RED
Methyl Isopentyl Disulfide,CC(C)CCSSC,72437-56-0,5.427,0.8931,0.8418729120241376,low-fidelity RED
Diisoamyl Disulfide,CC(C)CCSSCCC(C)C,4/9/51 0:00,5.427,0.8931,0.5208166663999924,low-fidelity RED
1-Fluoro-2-Methylpropane,CC(C)CF,359-00-2,5.326,0.8033,0.41907636535600523,low-fidelity RED
1-Iodo-2-Methylpropane,CC(C)CI,513-38-2,5.556,0.6814,0.903465549979632,low-fidelity RED
Diisobutylamine,CC(C)CNCC(C)C,110-96-3,5.708,0.8589,0.24748737341529192,low-fidelity RED
Isobutyl Furyl Propionate,CC(C)COC(=O)CCC1=CC=CO1,105-01-1,8.933,1.144,0.9669539802906865,low-fidelity RED
Isobutyl Undecylenate,CC(C)COC(=O)CCCCCCCCC=C,5421-27-2,8.066,1.107,0.4344536799245697,low-fidelity RED
Isobutyl-Tert-Butyl Ether,CC(C)COC(C)(C)C,33021-02-2,6.002,0.9087,0.4107919181288746,low-fidelity RED
Isobutyl Acetate,CC(C)COC(C)=O,110-19-0,7.56,0.7478,0.785015923405379,high-fidelity RED
Acetaldehyde Diisobutyl Acetal,CC(C)COC(C)OCC(C)C,5669-09-0,5.989,0.9693,0.13693063937629146,low-fidelity RED
Phenyl Acetaldehyde Diisobutyl Acetal,CC(C)COC(CC1=CC=CC=C1)OCC(C)C,68345-22-2,6.627,1.111,0.6164414002968982,low-fidelity RED
Vinyl Isobutyl Ether,CC(C)COC=C,109-53-5,5.735,1.037,0.5255949010407158,high-fidelity RED
Isobutyl Vinyl Sulfide,CC(C)CSC=C,,5.618,0.9592,0.6543126164151195,low-fidelity RED
Diisobutyl Sulfide,CC(C)CSCC(C)C,592-65-4,5.613,0.867,0.6250000000000008,low-fidelity RED
Isopropyl Amine (2-Propan Amine),CC(C)N,75-31-0,5.602,0.7163,0.9137833441248531,high-fidelity RED
Diisopropylamine,CC(C)NC(C)C,108-18-9,5.572,0.9436,0.41079191812887444,high-fidelity RED
Isopropyl Tiglate,CC(C)OC(=O)C=C(C)C,1733-25-1,6.941,1.048,0.6773108592072032,low-fidelity RED
Waxy Acetate,CC(C)OC(=O)CC1=CCCCC1,93952-58-0,7.643,1.35,0.8999999999999998,low-fidelity RED
Diisopropyl Adipate,CC(C)OC(=O)CCCCC(=O)OC(C)C,6938-94-9,7.589,0.7662,0.5595757321399849,low-fidelity RED
Vinyl Isopropyl Ether,CC(C)OC=C,926-65-8,5.586,0.9895,0.5437140792732887,high-fidelity RED
Isopropyl Isobutyl Ether,CC(C)OCC(C)C,78448-33-6,5.706,0.8833,0.18708286933869692,low-fidelity RED
Phenethyl Isopropyl Ether,CC(C)OCCC1=CC=CC=C1,68039-47-4,6.728,0.9652,0.9006941767325906,low-fidelity RED
Fluoromethyl  1-Methylethyl  Ether,CC(C)OCF,372-12-3,5.394,0.8856,0.8154753215150046,low-fidelity RED
Methyl Isopropyl Sulfide,CC(C)SC,1551-21-9,5.39,0.7316,0.6562202374203339,low-fidelity RED
Diisopropyl Sulfide,CC(C)SC(C)C,625-80-9,5.294,0.8036,0.5857687256929999,low-fidelity RED
Isopropyl Disulfide,CC(C)SSC(C)C,4253-89-8,5.407,0.7421,0.46233105022267357,low-fidelity RED
"2,5,9-Trimethyl-4,9-Decadien-1-Al",CC(C\C=C(/C)\CCCC(=C)C)C=O,32803-39-7,7.176,1.057,0.6736096792653734,low-fidelity RED
2-Methyl-1-Butene-3-Yne,CC(C#C)=C,78-80-8,5.437,0.9316,0.25124689052802235,low-fidelity RED
3-Methyl-1-Pentene,CC(C=C)CC,760-20-3,5.286,0.9887,0.544288526426931,low-fidelity RED
(±)-Lilac Aldehyde,CC(C=O)C1CCC(O1)(C)C=C,67920-63-2,6.313,1.178,0.9340770846134703,low-fidelity RED
Musk Acetate,CC(C1CCCC(C1)(C)C)OC(=O)C,25225-10-9,7.171,1.065,0.6133922073192654,low-fidelity RED
Marine Formate,CC(C1CCCC(C1)(C)C)OC=O,25225-08-5,6.301,1.09,0.6209871174187116,low-fidelity RED
"Allyl 3,5,5-Trimethyl Hexanoate",CC(CC(=O)OCC=C)CC(C)(C)C,71500-37-3,7.017,1.084,0.3570714214271425,low-fidelity RED
"4,4-Dimethyl-2-Pentanone",CC(CC(C)(C)C)=O,590-50-1,6.28,0.7642,0.4123105625617661,low-fidelity RED
Tmh Aldehyde,CC(CC(C)(C)C)C(C)C=O,68391-29-7,6.154,1.023,0.21937410968480328,low-fidelity RED
Grapefruit Nitrile,CC(CC(C)(C)C#N)C1=CC=CC=C1,75490-39-0,6.98,1.148,0.9750000000000004,low-fidelity RED
Gardenia Pentyl Acetate,CC(CC(C)(C)C1=CC=CC=C1)OC(=O)C,68083-58-9,8.037,1.133,0.8916277250063509,low-fidelity RED
Methyl Iso-Butyl Ketone (Mibk),CC(CC(C)C)=O,108-10-1,6.414,0.7615,0.7656696415556776,high-fidelity RED
4-Methyl-2-Hexanone,CC(CC(C)CC)=O,105-42-0,6.788,0.9154,0.5722761571129802,low-fidelity RED
"3,5-Dimethyl-3-Hexanol",CC(CC)(O)CC(C)C,4209-91-0,6.419,0.9124,0.9918417212438688,low-fidelity RED
4-Methyl-Trans-2-Hexene,CC(CC)/C=C/C,3683-22-5,5.397,1.016,0.5921359641163506,low-fidelity RED
4-Methyl-Cis-2-Hexene,CC(CC)/C=C\C,3683-19-0,5.397,1.016,0.5921359641163506,low-fidelity RED
2-Methyl-1-Butene,CC(CC)=C,563-46-2,5.65,0.9029,0.6619101147436863,high-fidelity RED
3-Methyl-2-Pentanone,CC(CC)C(C)=O,565-61-7,6.434,0.8272,0.6388466169590319,low-fidelity RED
"1,1-Difluoro-2-Methylbutane",CC(CC)C(F)F,66688-67-3,5.331,0.799,0.503736041990247,low-fidelity RED
"2,4-Dimethyl-2-Hexanol",CC(CC)CC(C)(C)O,42328-76-7,6.551,0.958,0.9490126448051153,low-fidelity RED
Magnolia Decadienal,CC(CC\C=C(/C)\CCC=O)C=C,71077-31-1,7.255,1.162,0.7558108228915489,low-fidelity RED
Tangerine Acetate,CC(CC\C=C(\C)/CCC=C(C)C)OC(=O)C,91482-37-0,7.702,1.197,0.7862092596758202,low-fidelity RED
Lilial (P.T. Bucinal),CC(CC=O)C1=CC=C(C=C1)C(C)(C)C,80-54-6,6.682,1.114,0.9836157786453003,low-fidelity RED
Green Hexanal,CC(CC=O)CC(C)(C)C,5435-64-3,6.019,0.8738,0.3354101966249686,low-fidelity RED
Methyl Isoamyl Ketone,CC(CCC(C)C)=O,110-12-3,6.436,0.8856,0.8023403267940606,high-fidelity RED
2-Methyl-1-Pentene,CC(CCC)=C,763-29-1,5.936,0.9037,0.39370039370059057,low-fidelity RED
α-Methylene Citronellal,CC(CCC=C(C)C)C(=C)C=O,22418-66-2,6.752,1.08,0.6896557112066856,low-fidelity RED
"2,6-Dimethyl-5-Heptenal",CC(CCC=C(C)C)C=O,106-72-9,7.001,1.063,0.825378700960959,low-fidelity RED
Methyl Citronellate,CC(CCC=C(C)C)CC(=O)OC,2270-60-2,6.903,1.076,0.7163274390947197,low-fidelity RED
Citronellal Dimethyl Acetal,CC(CCC=C(C)C)CC(OC)OC,923-69-3,6.638,1.117,0.5062114182829155,low-fidelity RED
Citronellyl Nitrile,CC(CCC=C(C)C)CC#N,51566-62-2,7.011,1.161,0.9893179468704685,low-fidelity RED
Citronellal,CC(CCC=C(C)C)CC=O,106-23-0,6.979,1.091,0.7913595895672209,low-fidelity RED
Laevo-Citronellyl Acetate,CC(CCC=C(C)C)CCOC(=O)C,67601-05-2,7.675,1.009,0.6982120021884466,low-fidelity RED
Citronellyl Senecioate,CC(CCC=C(C)C)CCOC(=O)C=C(C)C,20770-40-5,7.368,1.193,0.7862092596758202,low-fidelity RED
Acetaldehyde Citronellyl Methyl Acetal,CC(CCC=C(C)C)CCOC(C)OC,68039-24-7,6.686,1.231,0.5012484413940864,low-fidelity RED
Citronellyl Formate,CC(CCC=C(C)C)CCOC=O,105-85-1,7.228,1.098,0.7163274390947205,low-fidelity RED
Citronellyl Oxyacetaldehyde,CC(CCC=C(C)C)CCOCC=O,7492-67-3,7.07,1.152,0.895823643358446,low-fidelity RED
6-Methyl-5-Hepten-2-Yl Acetate,CC(CCC=C(C)C)OC(=O)C,19162-00-6,7.307,1.13,0.7382411530116695,low-fidelity RED
Muguet Undecadienal,CC(CCC=C(C)CCC=C(C)C)C=O,54082-68-7,7.397,1.145,0.8019507466172717,low-fidelity RED
Rhodinyl Acetate,CC(CCCC(=C)C)CCOC(=O)C,141-11-7,8.024,1.01,0.47696960070847294,low-fidelity RED
Rhodinyl Phenyl Acetate,CC(CCCC(=C)C)CCOC(=O)CC1=CC=CC=C1,10486-14-3,8.552,1.291,0.9370832406995651,low-fidelity RED
Rhodinyl Formate,CC(CCCC(=C)C)CCOC=O,141-09-3,7.547,1.136,0.5437140792732887,low-fidelity RED
Citronellyl Acetone,CC(CCCC(=O)C)CCC=C(C)C,4433-36-7,7.616,1.107,0.736970148649184,low-fidelity RED
Lime Octenol,CC(CCCC(C)(C)O)C=C,25279-09-8,6.74,1.101,0.919238815542512,low-fidelity RED
Dihydromyrcenyl Acetate,CC(CCCC(C)(C)OC(=O)C)C=C,53767-93-4,7.046,1.239,0.3614208073700239,low-fidelity RED
Sandal Octanol,CC(CCCC(C)(C)OC)C(C)O,41890-92-0,7.133,1.132,0.9861541461658011,low-fidelity RED
Methoxymelonal,CC(CCCC(C)(C)OC)C=O,62439-41-2,7.179,1.095,0.6093028803476969,low-fidelity RED
Methoxycitronellal,CC(CCCC(C)(C)OC)CC=O,3613-30-7,7.395,1.148,0.5947688626685161,low-fidelity RED
Adoxal,CC(CCCC(C)C=O)CCC=C(C)C,141-13-9,7.388,1.131,0.6538348415311005,low-fidelity RED
Methyl Butyl Ketone,CC(CCCC)=O,591-78-6,6.641,0.7881,0.7656696415556776,high-fidelity RED
"1,2-Dimethylcyclohexene",CC(CCCC1)=C1C,1674-10-8,6.039,0.9382,0.9330728803260768,low-fidelity RED
Methyl n-Amyl Ketone,CC(CCCCC)=O,110-43-0,6.891,0.8247,0.8624094155330169,high-fidelity RED
2-Octanone,CC(CCCCCC)=O,111-13-7,6.836,0.8253,0.7228416147400486,low-fidelity RED
2-Octanethiol,CC(CCCCCC)S,3001-66-9,5.648,0.8959,0.6689544080129821,low-fidelity RED
2-Nonanone,CC(CCCCCCC)=O,821-55-6,6.836,0.8253,0.693721846275581,low-fidelity RED
2-Decanone,CC(CCCCCCCC)=O,693-54-9,6.836,0.8253,0.5836308764964384,low-fidelity RED
2-Undecanone,CC(CCCCCCCCC)=O,112-12-9,6.836,0.8253,0.6062177826491069,low-fidelity RED
2-Dodecanone,CC(CCCCCCCCCC)=O,6175-49-1,6.836,0.8253,0.5989574275355467,low-fidelity RED
2-Tridecanone,CC(CCCCCCCCCCC)=O,593-08-8,6.836,0.8253,0.5623610939601004,low-fidelity RED
2-Tridecanol,CC(CCCCCCCCCCC)O,1653-31-2,7.003,0.9055,0.8810505093353052,low-fidelity RED
2-Tetradecanone,CC(CCCCCCCCCCCC)=O,2345-27-9,6.836,0.8253,0.547722557505167,low-fidelity RED
"1,4-Difluoro-2-Methylbutane",CC(CCF)CF,66688-45-7,5.352,0.7844,0.8824681297361395,low-fidelity RED
Nonisyl Acetate,CC(CCOC(=O)C)CC(C)(C)C,58430-94-7,7.439,0.9663,0.2839454172900138,low-fidelity RED
Nonisyl Formate,CC(CCOC=O)CC(C)(C)C,67355-38-8,6.322,1.063,0.2549509756796394,low-fidelity RED
"1,3-Difluoro-2-Methylpropane",CC(CF)CF,62126-93-6,5.271,0.7306,0.972111104761179,low-fidelity RED
Isobutylamine,CC(CN)C,78-81-9,5.765,0.7294,0.9927864825832391,low-fidelity RED
Tripropylene Glycol Dimethyl Ether,CC(COC(COC(COC)C)C)OC,42769-21-1,5.513,0.9984,0.6523994175349945,low-fidelity RED
Tripropylene Glycol Butyl Methyl Ether,CC(COC(COC(COC)C)C)OCCCC,7382-30-1,5.418,1.025,0.5460082416960391,low-fidelity RED
Isobutyl Mercaptan,CC(CS)C,513-44-0,5.556,0.6814,0.6103277807866854,low-fidelity RED
"1,2,3-Trifluorobutane",CC(F)C(F)CF,E16195,5.398,0.8214,0.5618051263561057,low-fidelity RED
"2,4-Difluoropentane",CC(F)CC(C)F,66688-47-9,5.271,0.7306,0.27950849718747384,low-fidelity RED
"1,1,3-Trifluorobutane",CC(F)CC(F)F,E16198,5.485,0.7799,0.19525624189766613,low-fidelity RED
4-Fluoro-1-Pentene,CC(F)CC=C,66702-91-8,5.355,0.9055,0.11180339887498919,low-fidelity RED
"1,3-Difluorobutane",CC(F)CCF,691-42-9,5.352,0.7844,0.5196152422706634,low-fidelity RED
2-Iodobutane,CC(I)CC,513-48-4,5.564,0.8697,0.9711462299777518,low-fidelity RED
2-Iodooctane,CC(I)CCCCCC,557-36-8,5.829,0.8486,0.9490126448051148,low-fidelity RED
 (+-)-sec-Butylamine,CC(N)CC,33966-50-6,5.925,0.8439,0.9912113800799505,low-fidelity RED
1-Methylbutylamine,CC(N)CCC,625-30-9,5.502,0.9358,0.8215838362577491,low-fidelity RED
"2,3,3-Trimethyl-2-Pentanol",CC(O)(C)C(C)(C)CC,23171-85-9,6.243,0.8068,0.8310385069297331,low-fidelity RED
2-Methyl-2-Nonanol,CC(O)(C)CCCCCCC,10297-57-1,6.434,0.8615,0.9890020222426242,low-fidelity RED
"4,4-Dimethyl-2-Pentanol",CC(O)CC(C)(C)C,6144-93-0,6.79,0.9043,0.43084219849035227,low-fidelity RED
2-Dodecanol,CC(O)CCCCCCCCCC,10203-28-8,7.003,0.9055,0.9864709828474433,low-fidelity RED
2-Tetradecanol,CC(O)CCCCCCCCCCCC,4706-81-4,7.003,0.9055,0.7874007874011816,low-fidelity RED
2-Pentadecanol,CC(O)CCCCCCCCCCCCC,1653-34-5,7.003,0.9055,0.7537406715840673,low-fidelity RED
2-Hexadecanol,CC(O)CCCCCCCCCCCCCC,14852-31-4,7.003,0.9055,0.7057797106746557,low-fidelity RED
2-Heptadecanol,CC(O)CCCCCCCCCCCCCCC,16813-18-6,7.003,0.9055,0.6149186938124422,low-fidelity RED
2-Nonadecanol,CC(O)CCCCCCCCCCCCCCCCC,26533-36-8,7.003,0.9055,0.6229967897188563,low-fidelity RED
Isopropyl Trifluoroacetate,CC(OC(C(F)(F)F)=O)C,400-38-4,5.278,0.8807,0.550567888638631,low-fidelity RED
"1,2-Dimethoxypropane",CC(OC)COC,7778-85-0,5.475,0.8753,0.7075485849042453,low-fidelity RED
"1,1-Dimethoxy Ethane",CC(OC)OC,534-15-6,5.371,0.8956,0.6010407640085654,high-fidelity RED
"1,1-Diethoxy Ethane",CC(OCC)OCC,105-57-7,5.874,0.8602,0.21213203435596414,high-fidelity RED
Iso-Pentyl Acetate,CC(OCCC(C)C)=O,123-92-2,7.228,0.7453,0.9555757426808197,high-fidelity RED
n-Butyl Acetate,CC(OCCCC)=O,123-86-4,7.213,0.7044,0.8595056718835544,high-fidelity RED
Hexyl Acetate,CC(OCCCCCC)=O,142-92-7,7.192,0.6925,0.7640353394968066,high-fidelity RED
n-Heptyl Acetate,CC(OCCCCCCC)=O,112-06-1,7.192,0.6925,0.6773108592072036,high-fidelity RED
Octyl Acetate,CC(OCCCCCCCC)=O,112-14-1,7.192,0.6925,0.5947688626685161,high-fidelity RED
Decyl Acetate,CC(OCCCCCCCCCC)=O,112-17-4,7.192,0.6925,0.5390964663211965,low-fidelity RED
Octadecyl Acetate,CC(OCCCCCCCCCCCCCCCCCC)=O,822-23-1,7.192,0.6925,0.5419870847169701,low-fidelity RED
Tert-Octyl Mercaptan,CC(S)(CC(C)(C)C)C,141-59-3,5.622,0.8386,0.336340601176843,low-fidelity RED
sec-Butyl Mercaptan,CC(S)CC,513-53-1,5.507,0.8079,0.5618051263561059,low-fidelity RED
2-Decanethiol,CC(S)CCCCCCCC,13402-60-3,5.648,0.8959,0.7040063920164363,low-fidelity RED
2-Tetradecanethiol,CC(S)CCCCCCCCCCCC,62155-04-8,5.648,0.8959,0.738664335134708,low-fidelity RED
Triethylsilane,CC[SiH](CC)CC,617-86-7,5.701,0.8465,0.7921489758877429,low-fidelity RED
Ethyl Linalyl Acetate,CC/C(=C/CCC(C)(C=C)OC(=O)C)/C,61931-80-4,6.5,1.141,0.6950719387228927,low-fidelity RED
3-Ethyl-3-Hexene,CC/C(CC)=C/CC,16789-51-8,5.738,0.8081,0.49749371855331,low-fidelity RED
3-Ethyl-2-Pentene,CC/C(CC)=C\C,816-79-5,5.762,0.8152,0.4007804885470351,low-fidelity RED
"3,4-Dimethyl-Trans-3-Hexene",CC\C(C)=C(/C)CC,19550-88-0,5.777,0.713,0.5024937810560446,low-fidelity RED
"3,4-Dimethyl-Cis-3-Hexene",CC\C(C)=C(\C)CC,19550-87-9,5.777,0.713,0.5024937810560446,low-fidelity RED
"2,4-Dimethyl-Cis-3-Hexene",CC\C(C)=C/C(C)C,37549-89-6,6.2,1.051,0.5711829829397933,low-fidelity RED
"2,4-Dimethyl-Trans-3-Hexene",CC\C(C)=C\C(C)C,61847-78-7,6.2,1.051,0.5711829829397933,low-fidelity RED
Ethyl 2-Methyl-2-Pentenoate,CC\C=C(/C)\C(=O)OCC,58625-96-0,6.649,1.032,0.7607562027351468,low-fidelity RED
"2,3-Dimethyl-Trans-3-Hexene",CC\C=C(/C)C(C)C,66225-30-7,6.129,1.061,0.5711829829397933,low-fidelity RED
4-Methyl-Trans-3-Heptene,CC\C=C(/C)CCC,13714-85-7,5.963,0.9606,0.5482928049865327,low-fidelity RED
Methyl (Z)-Linolenate,CC\C=C/C\C=C/C\C=C/CCCCCCCC(=O)OC,301-00-8,7.055,1.002,0.7685213074469707,low-fidelity RED
Ethyl (Z)-3-Hexenoate,CC\C=C/CC(=O)OCC,64187-83-3,6.575,0.9404,0.8591420138719795,low-fidelity RED
(Z)-4-Hepten-2-Yl Acetate,CC\C=C/CC(C)OC(=O)C,94088-33-2,6.957,0.953,0.7566372975210782,low-fidelity RED
(Z)-3-Hexen-1-Al Dimethyl Acetal,CC\C=C/CC(OC)OC,55444-65-0,5.796,0.9871,0.6067330549755799,low-fidelity RED
(Z)-3-Hexen-1-Al Diethyl Acetal,CC\C=C/CC(OCC)OCC,73545-18-3,6.084,1.001,0.46970735570139865,low-fidelity RED
"(E,Z)-2,6-Nonadien-1-Al Diethyl Acetal",CC\C=C/CC\C=C\C(OCC)OCC,67674-36-6,6.003,1.051,0.6133922073192654,low-fidelity RED
"(E,Z)-2,6-Nonadien-1-Yl Acetate",CC\C=C/CC\C=C\COC(=O)C,68555-65-7,6.965,1.05,0.9447221813845597,low-fidelity RED
(Z)-4-Hepten-1-Al Diethyl Acetal,CC\C=C/CCC(OCC)OCC,18492-65-4,5.433,1.072,0.4500000000000003,low-fidelity RED
Cis-3-Octene,CC\C=C/CCCC,14850-22-7,5.372,0.9814,0.5344389581607992,low-fidelity RED
Methyl (Z)-5-Octenoate,CC\C=C/CCCC(=O)OC,41654-15-3,7.116,0.9469,0.8429857650043677,low-fidelity RED
(Z)-6-Nonen-1-Al Dimethyl Acetal,CC\C=C/CCCCC(OC)OC,68555-53-3,5.869,1.163,0.4730221982106127,low-fidelity RED
(Z)-6-Nonen-1-Al,CC\C=C/CCCCC=O,2277-19-2,6.09,1.031,0.9463746615373845,low-fidelity RED
(Z)-7-Decen-1-Al,CC\C=C/CCCCCC=O,21661-97-2,6.036,1.04,0.8905756565278433,low-fidelity RED
(Z)-8-Undecen-1-Al,CC\C=C/CCCCCCC=O,147159-49-7,6.036,1.04,0.8295330011518525,low-fidelity RED
(Z)-6-Nonen-1-Yl Acetate,CC\C=C/CCCCCOC(=O)C,76238-22-7,7.304,1.032,0.672681202353686,low-fidelity RED
(Z)-5-Octen-1-Yl Propionate,CC\C=C/CCCCOC(=O)CC,196109-18-9,6.489,1.136,0.596343022093828,low-fidelity RED
(Z)-3-Hexen-1-Yl Tiglate,CC\C=C/CCOC(=O)/C(=C\C)/C,67883-79-8,6.798,1.172,0.8746427842267949,low-fidelity RED
(Z)-3-Hexen-1-Yl (E)-Crotonate,CC\C=C/CCOC(=O)\C=C\C,65405-80-3,6.756,1.159,0.9733961166965898,low-fidelity RED
Cis-3-Hexenyl Acetate,CC\C=C/CCOC(=O)C,3681-71-8,6.975,0.95,0.9103570728016558,low-fidelity RED
Hexenyl Isobutyrate,CC\C=C/CCOC(=O)C(C)C,41519-23-7,7.099,1.148,0.6062177826491069,low-fidelity RED
(Z)-3-Hexen-1-Yl 2-Methyl Butyrate,CC\C=C/CCOC(=O)C(C)CC,53398-85-9,7.135,1.072,0.5722761571129796,low-fidelity RED
(Z)-3-Hexen-1-Yl 2-Ethyl Butyrate,CC\C=C/CCOC(=O)C(CC)CC,94071-12-2,7.029,1.163,0.5706356105256661,low-fidelity RED
(Z)-3-Hexen-1-Yl (Z)-3-Hexenoate,CC\C=C/CCOC(=O)C\C=C/CC,61444-38-0,6.759,1.013,0.8093207028119331,low-fidelity RED
(Z)-3-Hexen-1-Yl Isovalerate,CC\C=C/CCOC(=O)CC(C)C,35154-45-1,6.595,1.137,0.5385164807134513,low-fidelity RED
Acetaldehyde Di-(Z)-3-Hexen-1-Yl Acetal,CC\C=C/CCOC(C)OCC\C=C/CC,63449-64-9,6.017,1.089,0.6103277807866857,low-fidelity RED
"3,6-Nonadien-1-Yl Acetate",CC\C=C\C\C=C\CCOC(=O)C,76649-26-8,6.803,1.048,0.9447221813845597,low-fidelity RED
"1,5-Octadien-3-One",CC\C=C\CC(=O)C=C,65213-86-7,6.174,0.9074,0.9698582370635418,low-fidelity RED
Ethyl (Z)-4-Heptenoate,CC\C=C\CCC(=O)OCC,39924-27-1,7.099,0.9827,0.7762087348130016,low-fidelity RED
Trans-3-Octene,CC\C=C\CCCC,14919-01-8,5.372,0.9814,0.5344389581607992,low-fidelity RED
(Z)-3-Hexen-1-Yl 2-Methyl-2-Pentenoate,CC\C=C\CCOC(=O)/C(=C\CC)/C,76649-17-7,6.773,1.204,0.7909646009778195,low-fidelity RED
(E)-3-Hexen-1-Yl Crotonate,CC\C=C\CCOC(=O)\C=C\C,68938-58-9,6.756,1.159,0.9733961166965898,low-fidelity RED
(E)-3-Hexen-1-Yl Acetate,CC\C=C\CCOC(=O)C,3681-82-1,6.975,0.95,0.9103570728016558,low-fidelity RED
(Z)-3-Hexen-1-Yl Senecioate,CC\C=C\CCOC(=O)C=C(C)C,65416-28-6,6.847,1.18,0.8746427842267949,low-fidelity RED
Leaf Acetal,CC\C=C\CCOC(C)OCC,28069-74-1,6.0,1.106,0.5184110338331931,low-fidelity RED
Bean Hexene,CC\C=C\CCOC(CC)OC,97358-54-8,5.518,1.151,0.5184110338331931,low-fidelity RED
5-Methyl-2-Hexyne,CC#CCC(C)C,53566-37-3,5.561,0.8271,0.22500000000000017,low-fidelity RED
2-Octyne,CC#CCCCCC,2809-67-8,5.276,0.7638,0.4100304866714185,low-fidelity RED
"2-Methyl-2,3-Pentadiene",CC=C=C(C)C,3043-33-2,5.435,0.8518,0.4930770730829007,low-fidelity RED
Isobutyl 2-Butenoate,CC=CC(=O)OCC(C)C,589-66-2,7.301,1.073,0.7110731326663944,low-fidelity RED
Sorbyl Isobutyrate,CC=CC=CCOC(=O)C(C)C,16491-24-0,6.767,1.166,0.8746427842267949,low-fidelity RED
Mandarine Undecenal,CC=CCCCCCCCC=O,143-14-6,6.459,1.061,0.8732124598286491,low-fidelity RED
(+)-Camphene,CC1([C@@H]2CC[C@@H](C2)C1=C)C,3/6/94 0:00,5.94,0.9633,0.852936105461599,low-fidelity RED
(+)-β-Pinene,CC1([C@@H]2CCC(=C)[C@H]1C2)C,19902-08-0,5.814,1.073,0.852936105461599,low-fidelity RED
(-)-Camphene,CC1([C@H]2CC[C@H](C2)C1=C)C,4/7/94 0:00,5.94,0.9633,0.852936105461599,low-fidelity RED
Pinoacetaldehyde,CC1(C2CC=C(C1C2)CCC=O)C,33885-51-7,6.335,1.285,0.9303897032964202,low-fidelity RED
Myrtenyl Formate,CC1(C2CC=C(C1C2)COC=O)C,72928-52-0,6.513,1.378,0.9246621004453469,low-fidelity RED
10-Mercaptopinane,CC1(C2CCC(C1C2)CS)C,6588-78-9,5.744,0.9815,0.9559027147152582,low-fidelity RED
Isobornyl Methyl Ether,CC1(C2CCC1(C(C2)OC)C)C,5331-32-8,5.334,1.033,0.7163274390947206,low-fidelity RED
Laevo-β-Pinene,CC1(C2CCC1C(=C)C2)C,18172-67-3,5.864,1.034,0.852936105461599,low-fidelity RED
β-Caryophyllene Oxide,CC1(CC2C1CCC3(C(O3)CCC2=C)C)C,1139-30-6,5.9,1.253,0.8562271894771852,low-fidelity RED
Fir Carboxylate,CC1(CC2CC(C1C2)C(=O)OC)C,52557-97-8,6.307,1.25,0.7035623639735147,low-fidelity RED
Formoxymethyl Isolongifolene,CC1(CCC(C23C14C2CC(C4)C3(C)C)COC=O)C,59056-70-1,5.864,1.35,0.9410765112359362,low-fidelity RED
Galbanum Ketone,CC1(CCC=C(C1)C(=O)CCC=C)C,56973-85-4,7.412,1.343,0.9182183836103474,low-fidelity RED
Damascone Carboxylate,CC1(CCCC(=C)C1C(=O)OC)C,81752-87-6,6.881,1.251,0.536772763839598,low-fidelity RED
Manool,CC1(CCCC2(C1CCC(=C)C2CCC(C)(C=C)O)C)C,596-85-0,5.799,1.433,0.9646890690787374,low-fidelity RED
Sclareolide,CC1(CCCC2(C1CCC3(C2CC(=O)O3)C)C)C,564-20-5,5.972,1.34,0.9685685313905253,low-fidelity RED
"1-Allyl-2,2,7,7-Tetramethyl Cycloheptanol",CC1(CCCCC(C1(CC=C)O)(C)C)C,105463-44-3,6.017,1.052,0.7250000000000004,low-fidelity RED
Thyme Undecane,CC1(COC2(CCCCC2)OC1)C,707-29-9,5.432,1.035,0.8634958019585277,low-fidelity RED
(Z+E)-5-Ethyl-4-Methyl-2-(2-Methyl Propyl) Thiazoline,CC1/N=C(/CC(C)C)SC1CC,83418-53-5,7.091,1.232,0.7407766195014526,low-fidelity RED
(Z+E)-5-Ethyl-4-Methyl-2-(2-Butyl) Thiazoline,CC1/N=C(\SC1CC)C(C)CC,83418-54-6,7.316,1.269,0.7673004626611403,low-fidelity RED
Dehydrodihydroionone,CC1=C(C(CC=C1)(C)C)CCC(=O)C,20483-36-7,8.222,1.176,0.9178779875342904,low-fidelity RED
β-Isomethyl Ionone,CC1=C(C(CCC1)(C)C)\C=C(/C)\C(=O)C,79-89-0,6.451,1.33,0.9017344398435712,low-fidelity RED
Ionone Beta,CC1=C(C(CCC1)(C)C)\C=C\C(=O)C,14901-07-6,5.778,1.451,0.9529559276272961,low-fidelity RED
Boronia Butenal,CC1=C(C(CCC1)(C)C)C\C=C(/C)\C=O,3155-71-3,7.007,1.374,0.8591420138719796,low-fidelity RED
β-Ionyl Acetate,CC1=C(C(CCC1)(C)C)C=CC(C)OC(=O)C,22030-19-9,7.4,1.46,0.8692669325356853,low-fidelity RED
β-Cyclocitral,CC1=C(C(CCC1)(C)C)C=O,432-25-7,5.547,1.322,0.9017344398435714,low-fidelity RED
β-Homocyclocitral,CC1=C(C(CCC1)(C)C)CC=O,472-66-2,6.29,1.304,0.8321658488546628,low-fidelity RED
Dihydro-β-Ionone,CC1=C(C(CCC1)(C)C)CCC(=O)C,17283-81-7,7.051,1.289,0.7570501964863369,low-fidelity RED
"1,2-Dimethylcyclopentene",CC1=C(C)CCC1,765-47-9,5.618,0.9518,0.8721381771256203,low-fidelity RED
Methyl Vetivate,CC1=C(C2CC(C1(C2)C)C(=O)OC)C(=C)C,68698-57-7,7.217,1.226,0.9842509842514765,low-fidelity RED
"Benzene, 1,2,3,5-Tetrafluoro-4-Methyl-",CC1=C(F)C(F)=C(F)C=C1F,80427-49-2,5.303,1.151,0.9620940702446924,low-fidelity RED
"2-Isobutyl-4,5-Dimethyl Oxazole",CC1=C(OC(=N1)CC(C)C)C,26131-91-9,6.623,1.2,0.6108395861435314,low-fidelity RED
Rosefuran,CC1=C(OC=C1)CC=C(C)C,15186-51-3,7.3,1.145,0.9127568131764336,low-fidelity RED
Geranium Thiazole,CC1=C(SC(=N1)CC(C)C)C,53498-32-1,6.612,1.159,0.9918417212438687,low-fidelity RED
(E)-Verbenyl Acetate,CC1=C[C@@H]([C@@H]2C[C@H]1C2(C)C)OC(=O)C,1203-21-0,7.35,1.137,0.8023403267940615,low-fidelity RED
(Z)-Verbenyl Acetate,CC1=C[C@H]([C@H]2C[C@@H]1C2(C)C)OC(=O)C,29135-27-1,7.35,1.137,0.8023403267940615,low-fidelity RED
Delta-2-Carene,CC1=C[C@H]2[C@H](C2(C)C)CC1,4497-92-1,5.652,1.114,0.9467048114380746,low-fidelity RED
Woody Octene,CC1=C2CC(C(C1)C(C2)C(=O)C)C(C)C,68259-33-6,7.375,1.4,0.8573214099741129,low-fidelity RED
Fresh Carbaldehyde,CC1=C2CC(C(C1)C(C2)C(C)C)C=O,93904-56-4,6.682,1.353,0.8249999999999998,low-fidelity RED
Pseudo-Cyclocitral,CC1=CC(C(CC1)C=O)(C)C,1726-47-2,6.507,1.149,0.8310385069297338,low-fidelity RED
Verbenyl Acetate,CC1=CC(C2CC1C2(C)C)OC(=O)C,33522-69-9,7.35,1.137,0.8023403267940615,low-fidelity RED
(R)-(-)-α-Phellandrene,CC1=CC[C@@H](C=C1)C(C)C,4221-98-1,6.176,1.251,0.7945124291035354,low-fidelity RED
β-Bisabolene,CC1=CC[C@@H](CC1)C(=C)CCC=C(C)C,495-61-4,6.626,1.179,0.98488578017961,low-fidelity RED
Eremanthin,CC1=CC[C@@H]2[C@@H]([C@@H]3[C@H]1CCC3=C)OC(=O)C2=C,37936-58-6,7.109,1.329,0.8760707733967621,low-fidelity RED
β-Cadinene,CC1=CC[C@@H]2[C@@H](C1)[C@@H](CC=C2C)C(C)C,523-47-7,6.061,1.26,0.9276987657639744,low-fidelity RED
(+)-α-Pinene,CC1=CC[C@@H]2C[C@H]1C2(C)C,7785-70-8,6.024,1.13,0.8877640452282348,low-fidelity RED
(Z)-Carvyl Acetate,CC1=CC[C@H](C[C@H]1OC(=O)C)C(=C)C,1205-42-1,6.336,1.358,0.8947765084086645,low-fidelity RED
(Z)-Chrysanthenyl Acetate,CC1=CC[C@H]2C([C@@H]1C2(C)C)OC(=O)C,67999-48-8,6.982,1.307,0.8023403267940615,low-fidelity RED
(-)-α-Pinene,CC1=CC[C@H]2C[C@@H]1C2(C)C,7785-26-4,6.024,1.13,0.8877640452282348,low-fidelity RED
α-Terpinene,CC1=CC=C(C(C)C)CC1,99-86-5,6.12,1.192,0.903119593409422,low-fidelity RED
Cycloionone,CC1=CC=C2C(CCCC2(O1)C)(C)C,5552-30-7,5.78,1.217,0.9823441352194252,low-fidelity RED
Herbal Carene,CC1=CC2C(C2(C)C)CC1C(=O)C,11/5/08 0:00,6.996,1.037,0.826135582092915,low-fidelity RED
Fresh Nitrile,CC1=CC2C(CC1CC2C(C)C)C#N,68311-05-7,7.187,1.14,0.8750000000000008,low-fidelity RED
Bark Carbaldehyde,CC1=CC2CC(C1CC2C(C)C)C=O,67845-30-1,6.851,1.102,0.8374067112222111,low-fidelity RED
Ivy Dioxolane,CC1=CC2CC(C1CC2C(C)C)C3OCCO3,94087-23-7,6.162,1.107,0.9141252649391105,low-fidelity RED
α-Phellandrene,CC1=CCC(C(C)C)C=C1,99-83-2,6.176,1.251,0.7945124291035354,low-fidelity RED
α-Campholenic Aldehyde,CC1=CCC(C1(C)C)C(=O)C,4501-58-0,7.541,1.15,0.7762087348130021,low-fidelity RED
Campholene Acetate,CC1=CCC(C1(C)C)C(C)OC(=O)C,36789-59-0,7.967,1.272,0.7668930825088985,low-fidelity RED
Sandal Pentenone,CC1=CCC(C1(C)C)C\C=C(/C)\C(=O)C,65113-95-3,7.493,1.342,0.903465549979632,low-fidelity RED
Trimethyl-3-Cyclopentenyl Acetonitrile,CC1=CCC(C1(C)C)CC#N,15373-31-6,6.717,1.342,0.9467048114380745,low-fidelity RED
4-Terpinenyl Acetate,CC1=CCC(CC1)(C(C)C)OC(=O)C,4/9/21 0:00,6.743,1.157,0.9354143466934849,low-fidelity RED
α-Terpinyl Acetate,CC1=CCC(CC1)C(C)(C)OC(=O)C,8007-35-0,6.26,1.211,0.8514693182963199,low-fidelity RED
Terpinyl Isobutyrate,CC1=CCC(CC1)C(C)(C)OC(=O)C(C)C,7774-65-4,6.67,1.32,0.7062223445912762,low-fidelity RED
Terpinyl Isovalerate,CC1=CCC(CC1)C(C)(C)OC(=O)CC(C)C,1142-85-4,6.298,1.347,0.727151978612449,low-fidelity RED
Terpinyl Formate,CC1=CCC(CC1)C(C)(C)OC=O,2153-26-6,5.522,1.266,0.8418729120241376,low-fidelity RED
Carvyl Acetate,CC1=CCC(CC1OC(=O)C)C(=C)C,97-42-7,6.336,1.358,0.8947765084086645,low-fidelity RED
Carvyl Isopentanoate,CC1=CCC(CC1OC(=O)CC(C)C)C(=C)C,94386-39-7,6.516,1.418,0.7158910531638172,low-fidelity RED
α-Thujene,CC1=CCC2(C1C2)C(C)C,5/2/67 0:00,6.585,1.199,0.9433981132056602,low-fidelity RED
Delta-3-Carene,CC1=CCC2C(C1)C2(C)C,13466-78-9,5.807,1.191,0.8877640452282348,low-fidelity RED
Chrysanthenyl Acetate,CC1=CCC2C(C1C2(C)C)OC(=O)C,54324-99-1,6.982,1.307,0.8023403267940615,low-fidelity RED
2-Pinene (dl),CC1=CCC2C(C1C2)(C)C,80-56-8,6.024,1.13,0.9659839543180824,high-fidelity RED
Pinol,CC1=CCC2CC1OC2(C)C,2437-97-0,6.28,1.172,0.7284401142166734,low-fidelity RED
Caryophyllene,CC1=CCCC(=C)[C@H]2CC([C@@H]2CC1)(C)C,87-44-5,5.554,1.16,0.9965565713997373,low-fidelity RED
Trimethyl Cyclohexene,CC1=CCCC(C1)(C)C,68555-95-3,5.766,1.051,0.7830229881682909,low-fidelity RED
Methyl Ionyl Acetate,CC1=CCCC(C1\C=C(/C)\C(C)OC(=O)C)(C)C,68555-61-3,7.346,1.427,0.9407443861113395,low-fidelity RED
α-Ionone,CC1=CCCC(C1\C=C\C(=O)C)(C)C,127-41-3,6.298,1.308,0.9529559276272961,low-fidelity RED
Isobutyl Ionone,CC1=CCCC(C1\C=C\C(=O)CC(C)C)(C)C,70092-23-8,7.34,1.409,0.8284020762890444,low-fidelity RED
Prune Glycidate,CC1=CCCC(C1\C=C\C2(C(O2)C(=O)OC)C)(C)C,67905-40-2,7.661,1.432,0.9585144756340408,low-fidelity RED
α-Damascone,CC1=CCCC(C1C(=O)CC=C)(C)C,43052-87-5,7.191,1.245,0.8031189202104503,low-fidelity RED
Methyl Cyclogeranate,CC1=CCCC(C1C(=O)OC)(C)C,28043-10-9,6.902,1.203,0.8127884103504437,low-fidelity RED
Orris Butanal,CC1=CCCC(C1C(C)CCC=O)(C)C,65405-84-7,6.911,1.398,0.7008922884438095,low-fidelity RED
α-Iso Gamma Methyl Ionone,CC1=CCCC(C1C=C(/C)\C(=O)C)(C)C,127-51-5,7.041,1.266,0.9529559276272961,low-fidelity RED
α-Ionone,CC1=CCCC(C1C=CC(=O)C)(C)C,6901-97-9,6.298,1.308,0.9529559276272961,low-fidelity RED
Tropical Ionone,CC1=CCCC(C1C=CC(=O)CCC=C)(C)C,79-78-7,7.571,1.322,0.9017344398435712,low-fidelity RED
α-Ionyl Acetate,CC1=CCCC(C1C=CC(C)OC(=O)C)(C)C,52210-18-1,8.036,1.339,0.924662100445347,low-fidelity RED
Tobacco Butenal,CC1=CCCC(C1CC=C(C)C=O)(C)C,68555-62-4,7.562,1.423,0.9045026257562766,low-fidelity RED
Dihydro-α-Ionone,CC1=CCCC(C1CCC(=O)C)(C)C,31499-72-6,7.43,1.339,0.7553972464869073,low-fidelity RED
1-Methylcyclopentene,CC1=CCCC1,693-89-0,5.587,1.048,0.9303897032964192,low-fidelity RED
"1,5-Dimethylcyclopentene",CC1=CCCC1C,16491-15-9,5.992,1.058,0.7717674520216568,low-fidelity RED
1-Methylcyclohexene,CC1=CCCCC1,591-49-1,5.615,1.077,0.9555757426808201,low-fidelity RED
Yeast Thiazoline,CC1C(=NC(S1)CC(C)C)C,65894-83-9,6.76,1.289,0.81317279836453,low-fidelity RED
(±)-Dihydromint Lactone,CC1C(=O)OC2CC(C)CCC12,92015-65-1,6.535,1.003,0.9813893213195267,low-fidelity RED
Butyl-6-Methyl-3-Cyclohexene Carboxylate,CC1C(C(OCCCC)=O)CC=CC1,,7.348,1.202,0.8192984804086975,high-fidelity RED
Cashmeran,CC1C(C2=C(C1(C)C)C(=O)CCC2)(C)C,33704-61-9,6.523,1.171,0.9185586535436924,low-fidelity RED
Methyl Cyclocitrone,CC1C=C(CC(C1C)C(=O)C)C,68480-14-8,7.048,1.159,0.770146090037469,low-fidelity RED
Chrysanthemum Ketone,CC1C=C(CCC1C(=O)C(C)(C)C)C,69929-17-5,7.036,1.138,0.6189709201569978,low-fidelity RED
Sandal Hexanol,CC1C2CC(C1(C)C)CC2C3CCCC(C3)O,66072-32-0,6.711,1.162,0.8551315688243535,low-fidelity RED
Orris Butenone,CC1CC(=CC(C1\C=C\C(=O)C)C)C,67801-38-1,6.437,1.363,0.9552486587271402,low-fidelity RED
Cyclocitral,CC1CC(=CC(C1C=O)C)C,1423-46-7,6.523,1.28,0.7862092596758202,low-fidelity RED
"2,4-Dimethyl-3-Cyclohexene-1-Methanyl Acetate",CC1CC(CC(=C1)C)COC(=O)C,67634-25-7,7.764,1.158,0.9956153875869934,low-fidelity RED
Homomenthyl Acetate,CC1CC(CC(C1)(C)C)OC(=O)C,67859-96-5,5.996,1.159,0.5601339125602018,low-fidelity RED
Reseda Acetal,CC1CC(OC(O1)CC2=CC=CC=C2)(C)C,67633-94-7,6.38,1.362,0.9045026257562767,low-fidelity RED
α-Irone,CC1CC=C(C(C1(C)C)\C=C\C(=O)C)C,79-69-6,6.24,1.285,0.8112490369793974,low-fidelity RED
4-Methylcyclopentene,CC1CC=CC1,1759-81-5,5.329,0.9712,0.7603453162872783,low-fidelity RED
"3,Cis-4-Dimethylcyclopentene",CC1CC=CC1C,56039-55-5,5.637,0.9876,0.691917625154902,low-fidelity RED
Patchouli Ethanone,CC1CC2=C(CC1(C)C(=O)C)C(CCC2)(C)C,68155-67-9,7.199,1.424,0.9222933372848353,low-fidelity RED
"1,4-Dimethylcyclohexene",CC1CCC(=CC1)C,70688-47-0,5.355,1.025,0.8518362518700409,low-fidelity RED
Menthyl Acetate,CC1CCC(C(C)(OC(C)=O)C)CC1,89-48-5,6.047,1.1,0.6661456297237108,low-fidelity RED
Patchouli Cyclohexanol,CC1CCC(C(C1)C(C)(C)C)O,67634-11-1,5.985,1.107,0.5086747487343953,low-fidelity RED
"2,4-Dimethyl Cyclohexyl Methyl Acetate",CC1CCC(C(C1)C)COC(=O)C,67634-22-4,6.662,1.093,0.7352720584926373,low-fidelity RED
Laevo-Menthyl Isobutyrate,CC1CCC(C(C1)OC(=O)C(C)C)C(C)C,68366-65-4,7.255,1.369,0.6800735254367727,low-fidelity RED
"Dextro,Laevo-Menthyl Acetate",CC1CCC(C(C1)OC(=O)C)C(C)C,16409-45-3,6.952,1.333,0.6619101147436858,low-fidelity RED
Laevo-Menthyl Methyl Ether,CC1CCC(C(C1)OC)C(C)C,1565-76-0,5.897,1.263,0.5556527692723219,low-fidelity RED
Isopulegyl Formate,CC1CCC(C(C1)OC=O)C(=C)C,10588-15-5,5.949,1.339,0.7284401142166734,low-fidelity RED
Menthyl Formate,CC1CCC(C(C1)OC=O)C(C)C,2230-90-2,5.669,1.262,0.6128825336065636,low-fidelity RED
Terpinyl Acetate,CC1CCC(C=C1)(C(C)C)OC(=O)C,80-26-2,6.831,1.147,0.8591420138719796,low-fidelity RED
Dihydroterpinyl Acetate,CC1CCC(CC1)C(C)(C)OC(=O)C,58985-18-5,6.047,1.1,0.6661456297237108,low-fidelity RED
Dihydrocarvyl Acetate,CC1CCC(CC1OC(=O)C)C(=C)C,20777-49-5,6.02,1.264,0.7110731326663948,low-fidelity RED
Guaiyl Acetate,CC1CCC(CC2=C1CCC2C)C(C)(C)OC(=O)C,134-28-1,6.985,1.257,0.9222933372848364,low-fidelity RED
Palustrol,CC1CCC2(C1C3C(C3(C)C)CCC2C)O,5986-49-2,6.462,1.318,0.9572094859538318,low-fidelity RED
Vitispirane,CC1CCC2(O1)C(=C)C=CCC2(C)C,65416-59-3,6.494,1.253,0.859142013871979,low-fidelity RED
Theaspirane,CC1CCC2(O1)C(=CCCC2(C)C)C,36431-72-8,6.036,1.315,0.9424038412485377,low-fidelity RED
Tobacco Dodecane,CC1CCC2C(O2)(CCC3C1CC3(C)C)C,1209-61-6,5.336,1.298,0.9113863066779091,low-fidelity RED
Methyl Cedrylone,CC1CCC2C13CC(C2(C)C)C(=C(C3)C(=O)C)C,32388-55-9,7.188,1.226,0.9852030247619017,low-fidelity RED
Globulol,CC1CCC2C1C3C(C3(C)C)CCC2(C)O,51371-47-2,5.822,1.232,0.9572094859538318,low-fidelity RED
Grapefruit Menthane,CC1CCC2CC1SC2(C)C,68398-18-5,5.49,1.078,0.9276987657639741,low-fidelity RED
Cistus Cyclohexanone,CC1CCCC(C1=O)(C)C,2408-37-9,6.656,1.101,0.9334077351297233,low-fidelity RED
Violet Propanol,CC1CCCC(C1CC(C)C(C)O)(C)C,60241-53-4,6.974,1.24,0.8097067370350823,low-fidelity RED
Isomethyl Tetrahydroionyl Acetate,CC1CCCC(C1CC(C)C(C)OC(=O)C)(C)C,60241-55-6,7.386,1.187,0.6708203932499376,low-fidelity RED
Tetrahydroionol,CC1CCCC(C1CCC(C)O)(C)C,4361-23-3,7.028,1.272,0.838525491562421,low-fidelity RED
Tetrahydroionyl Acetate,CC1CCCC(C1CCC(C)OC(=O)C)(C)C,68555-59-9,7.212,1.327,0.6020797289396156,low-fidelity RED
3-Methylcyclohexene,CC1CCCC=C1,591-48-0,5.549,1.055,0.8097067370350821,low-fidelity RED
Pentadecanolide,CC1CCCCCCCCCCCCC(=O)O1,32539-85-8,7.532,1.045,0.7834219807996208,low-fidelity RED
(Z)-Rose Oxide,CC1CCOC(C1)C=C(C)C,16409-43-1,5.786,1.13,0.8031189202104503,low-fidelity RED
Dihydrorose Oxide,CC1CCOC(C1)CC(C)C,13477-62-8,5.358,1.083,0.48347699014534307,low-fidelity RED
Propylene Glycol Acetone Ketal,CC1COC(O1)(C)C,1193-11-9,5.822,0.9842,0.6523994175349945,low-fidelity RED
6-Methyl-5-Hepten-2-One Propylene Glycol Acetal,CC1COC(O1)(C)CCC=C(C)C,68258-95-7,7.16,1.176,0.8154753215150042,low-fidelity RED
Isobutyraldehyde Propylene Glycol Acetal,CC1COC(O1)C(C)C,67879-60-1,5.784,1.109,0.5528336096873997,low-fidelity RED
Citral Propylene Glycol Acetal,CC1COC(O1)C=C(C)CCC=C(C)C,10444-50-5,6.761,1.298,0.8518362518700415,low-fidelity RED
Isovaleraldehyde Propylene Glycol Acetal,CC1COC(O1)CC(C)C,18433-93-7,6.059,1.148,0.48283019789569936,low-fidelity RED
"2,5-Dimethyltetrahydrofuran",CC1OC(C)CC1,1003-38-9,5.691,0.9126,0.5361902647381805,low-fidelity RED
Paraldehyde,CC1OC(C)OC(C)O1,123-63-7,5.447,0.8874,0.9460443964212251,high-fidelity RED
"2,3-Dimethyltetrahydrofuran",CC1OCCC1C,E14558,5.298,0.9847,0.5361902647381805,low-fidelity RED
Geranium Nitrile,CC2(C)C1CC(C)C(CC12)=CCC#N,68804-02-4,6.603,1.367,0.8444672877027276,low-fidelity RED
Amber Carane,CC3CCC1C(C1(C)C)C23COC(C)(C)OC2,121251-67-0,5.624,1.179,0.8019507466172716,low-fidelity RED
Triethylboron,CCB(CC)CC,97-94-9,5.433,0.7935,0.610839586143531,low-fidelity RED
"2-Ethyl-1,3-Butadiene",CCC(=C)C=C,3404-63-5,5.767,0.9848,0.43874821936960623,high-fidelity RED
2-Fluoro-1-Butene,CCC(=C)F,430-44-4,5.876,1.006,0.5055937104039173,low-fidelity RED
Dimethyl α-Ionone,CCC(=O)/C(=C/C1C(=CCCC1(C)C)C)/C,72117-72-7,7.231,1.342,0.8595056718835548,low-fidelity RED
Dimethyl Ionone,CCC(=O)/C(=C/C1C(CC=CC1(C)C)C)/C,68555-94-2,6.583,1.301,0.8463155439905377,low-fidelity RED
α-Methyl Ionone,CCC(=O)\C=C/C1C(=CCCC1(C)C)C,7779-30-8,6.726,1.304,0.8518362518700416,low-fidelity RED
Pseudomethyl Ionone,CCC(=O)\C=C\C=C(/C)\CCC=C(C)C,26651-96-7,6.712,1.237,0.9663074045043846,low-fidelity RED
(E)-β-Methyl Ionone,CCC(=O)\C=C\C1=C(CCCC1(C)C)C,63429-28-7,6.182,1.416,0.8547660498639384,low-fidelity RED
N-Methyl Ionone,CCC(=O)\C=C\C1C(=CCCC1(C)C)C,1335-46-2,6.726,1.304,0.8518362518700416,low-fidelity RED
Delta-Methyl Ionone,CCC(=O)\C=C\C1C(C=CCC1(C)C)C,7784-98-7,6.492,1.344,0.8249999999999998,low-fidelity RED
Grapefruit Octenone,CCC(=O)C(C)CC=C(C)C,2550-11-0,6.243,0.9126,0.7163274390947196,low-fidelity RED
β-Methyl Ionone,CCC(=O)C=CC1=C(CCCC1(C)C)C,127-43-5,6.182,1.416,0.8547660498639384,low-fidelity RED
Neroli Ketone,CCC(=O)C1CC(CC=C1C)C(C)C,31375-17-4,7.01,1.206,0.7713624310270765,low-fidelity RED
Pepper Hexanone,CCC(=O)CC(C)(C)C1=CC=CC=C1,4927-36-0,7.411,1.056,0.9209370228196926,low-fidelity RED
Laevo-Menthyl Propionate,CCC(=O)O[C@@H]1C[C@@H](CC[C@H]1C(C)C)C,4951-48-8,6.816,1.337,0.6712860791048771,low-fidelity RED
Terpinyl Propionate,CCC(=O)OC(C)(C)C1CCC(=CC1)C,62395-45-3,5.915,1.262,0.7424621202458751,low-fidelity RED
Dimethyl Benzyl Carbinyl Propionate,CCC(=O)OC(C)(C)CC1=CC=CC=C1,67785-77-7,6.999,1.194,0.8721381771256209,low-fidelity RED
Linalyl Propionate,CCC(=O)OC(C)(CCC=C(C)C)C=C,144-39-8,6.156,1.093,0.6950719387228927,low-fidelity RED
Nerolidyl Propionate,CCC(=O)OC(C)(CCC=C(C)CCC=C(C)C)C=C,7149-34-0,6.556,1.171,0.900347155268456,low-fidelity RED
Geranyl Propionate,CCC(=O)OC\C=C(/C)\CCC=C(C)C,105-90-8,6.565,1.096,0.7846177413237616,low-fidelity RED
Neryl Propionate,CCC(=O)OC\C=C(\C)/CCC=C(C)C,105-91-9,6.565,1.096,0.7846177413237616,low-fidelity RED
Carvyl Propionate,CCC(=O)OC1CC(CC=C1C)C(=C)C,97-45-0,6.13,1.36,0.7846177413237616,low-fidelity RED
Menthyl Propionate,CCC(=O)OC1CC(CCC1C(C)C)C,86014-82-6,6.816,1.337,0.6712860791048771,low-fidelity RED
Isobornyl Propionate,CCC(=O)OC1CC2(CCC1C2(C)C)C,2756-56-1,6.47,1.153,0.7705517503711229,low-fidelity RED
Florocyclene,CCC(=O)OC1CC2CC1C3C2C=CC3,17511-60-3,6.643,1.265,0.9565563234854497,low-fidelity RED
Bornyl Propionate,CCC(=O)OC1CC2CCC1(C2(C)C)C,20279-25-8,6.33,1.134,0.7705517503711229,low-fidelity RED
Cyclohexyl Propionate,CCC(=O)OC1CCCCC1,6222-35-1,6.39,1.073,0.9585144756340412,low-fidelity RED
Musk Cyclopentenyl Propionate,CCC(=O)OCC(C)(C)CC1=C(CCC1C(=C)C)C,84012-64-6,6.997,1.431,0.7228416147400485,low-fidelity RED
(Z)-3-Octen-1-Yl Propionate,CCC(=O)OCC/C=C\CCCC,94134-03-9,6.147,1.068,0.6841966091702009,low-fidelity RED
Allyl Propionate,CCC(=O)OCC=C,2408-20-0,5.903,0.9918,0.9532837982468809,low-fidelity RED
Citronellyl Propionate,CCC(=O)OCCC(C)CCC=C(C)C,141-14-0,6.6,1.136,0.6264982043070839,low-fidelity RED
Rhodinyl Propionate,CCC(=O)OCCC(C)CCCC(=C)C,105-89-5,6.95,1.138,0.41382363393117155,low-fidelity RED
Nonisyl Propionate,CCC(=O)OCCCCCCC(C)C,65155-45-5,6.403,1.063,0.3181980515339462,low-fidelity RED
Dewy Propionate,CCC(=O)OCCCCCCCCC=C,68480-06-8,6.345,1.13,0.46368092477478534,low-fidelity RED
"N-Ethyl-2,2-Diisopropyl Butanamide",CCC(C(C)C)(C(C)C)C(=O)NCC,51115-70-9,6.58,1.052,0.9813893213195264,low-fidelity RED
4-Methyl-3-Hexanone,CCC(C(C)CC)=O,17042-16-9,6.529,0.769,0.5153882032022075,low-fidelity RED
Orris Hexanone,CCC(C)(C)C1CCC(=O)CC1,16587-71-6,6.691,1.256,0.9103570728016567,low-fidelity RED
Conifer Acetate,CCC(C)(C)C1CCCCC1OC(=O)C,67874-72-0,7.195,1.263,0.5689903338370523,low-fidelity RED
Allyl Isononylate,CCC(C)(C)CCCC(=O)OCC=C,68132-80-9,7.631,1.167,0.3172144385112379,low-fidelity RED
Tetrahydrolinalyl Acetate,CCC(C)(CCCC(C)C)OC(=O)C,20780-48-7,6.857,1.082,0.467038542306735,low-fidelity RED
Filbert Heptenone,CCC(C)C(=O)C=CC,81925-81-7,6.505,0.9997,0.6950719387228925,low-fidelity RED
Methyl 2-Methyl Butyrate,CCC(C)C(=O)OC,868-57-5,6.862,0.8558,0.7158910531638175,low-fidelity RED
Isopropyl 2-Methyl Butyrate,CCC(C)C(=O)OC(C)C,66576-71-4,7.032,0.9702,0.28284271247461906,low-fidelity RED
Geranyl 2-Methyl Butyrate,CCC(C)C(=O)OC\C=C(/C)\CCC=C(C)C,68705-63-5,7.466,1.029,0.743723739032176,low-fidelity RED
Menthyl Isovalerate,CCC(C)C(=O)OC1CC(CCC1C(C)C)C,16409-46-4,7.458,1.309,0.7356969484781085,low-fidelity RED
Ethyl-2-Methyl Butyrate,CCC(C)C(=O)OCC,7452-79-1,6.828,0.8099,0.5153882032022076,low-fidelity RED
Isobutyl 2-Methyl Butyrate,CCC(C)C(=O)OCC(C)C,2445-67-2,7.217,0.8802,0.2474873734152918,low-fidelity RED
Isoamyl 2-Methyl Butyrate,CCC(C)C(=O)OCCC(C)C,27625-35-0,6.946,0.9357,0.2893959225697556,low-fidelity RED
2-Amino-3-Methylpentane,CCC(C)C(C)N,35399-81-6,6.442,0.8298,0.5390964663211956,low-fidelity RED
Amber Dioxane,CCC(C)C1(COC(OC1)C2CCC(=CC2C)C)C,117933-89-8,6.744,1.432,0.860958767886128,low-fidelity RED
Amber Cyclohexanol,CCC(C)C1CCCCC1(C#C)OC(=O)C,37172-05-7,6.767,1.263,0.6209871174187116,low-fidelity RED
Amber Acetate,CCC(C)C1CCCCC1(C=C)OC(=O)C,37172-02-4,7.318,1.301,0.7382411530116705,low-fidelity RED
Peppermint Cyclohexanone,CCC(C)C1CCCCC1=O,14765-30-1,7.564,1.229,0.9646890690787364,low-fidelity RED
"2-(2-Butyl)-4,5-Dimethyl-3-Thiazoline",CCC(C)C1N=C(C(S1)C)C,65894-82-8,6.912,1.317,0.8518362518700408,low-fidelity RED
5-Methyl-3-Heptanone,CCC(C)CC(=O)CC,541-85-5,6.662,1.004,0.5153882032022079,low-fidelity RED
"3,6-Dimethyl-3-Octanol",CCC(C)CCC(C)(O)CC,151-19-9,6.509,1.023,0.7956915231419776,low-fidelity RED
"2,6-Dimethyl Octanal",CCC(C)CCCC(C)C=O,7/9/79 0:00,6.302,1.062,0.5408326913195985,low-fidelity RED
6-Methyl Octanal,CCC(C)CCCCC=O,30689-75-9,6.374,1.089,0.6041522986797289,low-fidelity RED
12-Methyl Tetradecanal,CCC(C)CCCCCCCCCCC=O,75853-50-8,6.319,1.112,0.5612486080160913,low-fidelity RED
2-Methylbutylamine,CCC(C)CN,96-15-1,5.824,0.8267,0.8173891362135907,low-fidelity RED
2-Methyl Butyl Isobutyrate,CCC(C)COC(=O)C(C)C,2445-69-4,7.188,1.011,0.2958039891549808,low-fidelity RED
2-Methyl Butyl 2-Methyl Butyrate,CCC(C)COC(=O)C(C)CC,2445-78-5,7.171,0.8888,0.34820970692960285,low-fidelity RED
2-Methyl Butyl 3-Methyl Butenoate,CCC(C)COC(=O)C=C(C)C,97890-13-6,7.285,1.151,0.5989574275355467,low-fidelity RED
2-Methyl Butyl Isovalerate,CCC(C)COC(=O)CC(C)C,2445-77-4,6.734,1.061,0.2893959225697556,low-fidelity RED
s-sec-Butyl Thioisovalerate,CCC(C)SC(=O)CC(C)C,2432-91-9,6.282,1.033,0.9020809276334363,low-fidelity RED
Di-sec-Butyl Disulfide,CCC(C)SSC(C)CC,5943-30-6,5.619,0.7338,0.6403124237432856,low-fidelity RED
2-Ethylbutanal,CCC(C=O)CC,97-96-1,5.821,0.9412,0.975,low-fidelity RED
Geranyl 2-Ethyl Butyrate,CCC(CC)C(=O)OC\C=C(/C)\CCC=C(C)C,73019-14-4,7.36,1.123,0.736970148649184,low-fidelity RED
Ethyl 2-Ethyl Butyrate,CCC(CC)C(=O)OCC,2983-38-2,6.723,0.9283,0.4555216789572148,low-fidelity RED
Allyl 2-Ethyl Butyrate,CCC(CC)C(=O)OCC=C,7493-69-8,6.699,1.034,0.4670385423067355,low-fidelity RED
1-Bromo-2-Ethylbutane,CCC(CC)CBr,3814-34-4,5.669,0.8523,0.6010407640085659,low-fidelity RED
1-Fluoro-2-Ethylbutane,CCC(CC)CF,E14899,5.643,0.9565,0.36228441865473615,low-fidelity RED
2-Ethyl Butyl Acetate,CCC(CC)COC(=O)C,10031-87-5,7.685,0.8566,0.5706356105256667,low-fidelity RED
Ethyl 2-Benzyl Butyrate,CCC(CC1=CC=CC=C1)C(=O)OCC,2983-36-0,7.396,1.05,0.9902651160169181,low-fidelity RED
3-Hexanone,CCC(CCC)=O,589-38-8,6.535,0.8632,0.9519716382329885,low-fidelity RED
2-Ethyl Hexyl Acrylate,CCC(CCCC)COC(C=C)=O,103-11-7,7.513,1.004,0.29685855217594803,high-fidelity RED
Ethyl Amyl Ketone,CCC(CCCCC)=O,106-68-3,7.071,0.8603,0.6773108592072031,high-fidelity RED
3-Nonanone,CCC(CCCCCC)=O,925-78-0,7.015,0.8584,0.6209871174187112,low-fidelity RED
Amber Butanol,CCC(COC1CCCCC1C(C)(C)C)O,139504-68-0,6.647,1.277,0.48541219597369023,low-fidelity RED
"1,1,2-Trifluorobutane",CCC(F)C(F)F,E16199,5.287,0.9535,0.29368350311176844,low-fidelity RED
"3,4-Dimethyl-3-Hexanol",CCC(O)(C)C(C)CC,19550-08-4,6.545,0.9407,0.9513148795220224,low-fidelity RED
Isobutyl Propanoate,CCC(OCC(C)C)=O,540-42-1,6.553,0.916,0.5414101956926929,low-fidelity RED
Isoamyl Propionate,CCC(OCCC(C)C)=O,105-68-0,6.232,0.9193,0.8366600265340753,high-fidelity RED
3-Pentanethiol,CCC(S)CC,616-31-9,5.942,0.7959,0.6229967897188563,low-fidelity RED
3-Methyl-Trans-3-Heptene,CCC\C=C(/C)CC,22768-18-9,5.966,0.9726,0.5482928049865327,low-fidelity RED
Methyl (Z)-4-Octenoate,CCC\C=C/CCC(=O)OC,21063-71-8,6.64,0.8877,0.8046738469715536,low-fidelity RED
Ethyl (Z)-4-Octenoate,CCC\C=C/CCC(=O)OCC,34495-71-1,6.959,0.9461,0.6896557112066866,low-fidelity RED
(Z)-3-Hexen-1-Yl (E)-2-Hexenoate,CCC\C=C\C(=O)OCC\C=C/CC,53398-87-1,6.612,1.122,0.7905694150420957,low-fidelity RED
(E)-2-Hexen-1-Al Dimethyl Acetal,CCC\C=C\C(OC)OC,18318-83-7,5.616,0.9675,0.5522680508593631,low-fidelity RED
(E)-5-Nonen-2-One,CCC\C=C\CCC(=O)C,27039-84-5,6.425,0.9365,0.9182183836103479,low-fidelity RED
Ethyl (E)-4-Octenoate,CCC\C=C\CCC(=O)OCC,1732-00-9,6.959,0.9461,0.6896557112066866,low-fidelity RED
(E)-3-Hepten-1-Yl Acetate,CCC\C=C\CCOC(=O)C,1576-77-8,6.836,0.8899,0.8046738469715536,low-fidelity RED
(E)-2-Hexen-1-Yl 2-Methyl Butyrate,CCC\C=C\COC(=O)C(C)CC,94089-01-7,6.988,1.009,0.577711000414567,low-fidelity RED
(E)-2-Hexen-1-Yl Isovalerate,CCC\C=C\COC(=O)CC(C)C,68698-59-9,6.586,1.163,0.5350233639758182,low-fidelity RED
2-Hexen-1-Yl Cyclopentanyl Acetate,CCC\C=C\COC(=O)CC1CCCC1,149982-46-7,7.028,1.169,0.888115983416581,low-fidelity RED
(E)-2-Hexen-1-Yl Butyrate,CCC\C=C\COC(=O)CCC,53398-83-7,7.177,1.104,0.6712860791048781,low-fidelity RED
3-Nonyne,CCC#CCCCCC,20184-89-8,5.277,0.8425,0.372491610643784,low-fidelity RED
Ethyl 2-Pentenoate,CCC=CC(=O)OCC,2445-93-4,6.941,1.131,0.9344115795515382,low-fidelity RED
Ethyl 3-Hexenoate,CCC=CCC(=O)OCC,2396-83-0,6.575,0.9404,0.8591420138719795,low-fidelity RED
Methyl Linolenate,CCC=CCC=CCC=CCCCCCCCC(=O)OC,7361-80-0,7.055,1.002,0.7685213074469707,low-fidelity RED
8-Undecen-1-Al,CCC=CCCCCCCC=O,58296-81-4,6.036,1.04,0.8295330011518525,low-fidelity RED
3-Hexen-1-Yl 2-Methyl Butyrate,CCC=CCCOC(=O)C(C)CC,10094-41-4,7.135,1.072,0.5722761571129796,low-fidelity RED
3-Hexen-1-Yl Isovalerate,CCC=CCCOC(=O)CC(C)C,10032-11-8,6.595,1.137,0.5385164807134513,low-fidelity RED
"5-Ethyl-3,4,5,6-Tetramethyl Cyclohexen-2-One",CCC1(C(C(=CC(=O)C1C)C)C)C,17369-61-8,7.055,1.323,0.888115983416581,low-fidelity RED
"5-Ethyl-2,3,4,5-Tetramethyl-2-Cyclohexen-1-One",CCC1(CC(=O)C(=C(C1C)C)C)C,17369-60-7,7.019,1.288,0.9273618495495698,low-fidelity RED
"2,5-Dimethyl-4-Ethyl Oxazole",CCC1=C(OC(=N1)C)C,30408-61-8,6.603,1.038,0.987420882906575,low-fidelity RED
2-Ethyl-5-Methyl Furan,CCC1=CC=C(O1)C,1703-52-2,6.454,1.023,0.8678277478854889,low-fidelity RED
Rose Carboxylate,CCC1=CCCC(C1C(=O)OCC)(C)C,77851-07-1,7.171,1.358,0.6025985396596973,low-fidelity RED
1-Ethylcyclopentene,CCC1=CCCC1,2146-38-5,5.784,1.138,0.7766112283504543,low-fidelity RED
1-Ethylcyclohexene,CCC1=CCCCC1,1453-24-3,5.812,1.167,0.8746427842267959,low-fidelity RED
"2-Ethyl-4,5-Dimethyl Oxazole",CCC1=NC(=C(O1)C)C,53833-30-0,6.088,1.22,0.987420882906575,low-fidelity RED
Diethyl Dimethyl-2-Cyclohexenone,CCC1C(CC(=O)C(=C1CC)C)C,68845-36-3,6.663,1.145,0.8204419540710969,low-fidelity RED
3-Ethylcyclopentene,CCC1CCC=C1,694-35-9,5.732,0.947,0.6736096792653735,low-fidelity RED
3-Ethylcyclohexene,CCC1CCCC=C1,2808-71-1,5.975,1.072,0.6805328794408095,low-fidelity RED
Celery Undecene,CCC1OCC2(CC(=CCC2C)C)CO1,71566-53-5,5.905,1.326,0.8192984804086968,low-fidelity RED
4-Nonanone,CCCC(=O)CCCCC,4485-09-0,7.085,0.8622,0.6731456008918131,low-fidelity RED
Guaiyl Butyrate,CCCC(=O)OC(C)(C)[C@@H]1CC[C@@H](C2=C(C1)[C@H](CC2)C)C,73003-91-5,7.256,1.304,0.9062284480195928,low-fidelity RED
Terpinyl Butyrate,CCCC(=O)OC(C)(C)C1CCC(=CC1)C,2153-28-8,6.466,1.29,0.7500000000000001,low-fidelity RED
Dimethyl Benzyl Carbinyl Butyrate,CCCC(=O)OC(C)(C)CC1=CC=CC=C1,10094-34-5,7.551,1.235,0.8280247580839595,low-fidelity RED
Linalyl Butyrate,CCCC(=O)OC(C)(CCC=C(C)C)C=C,78-36-4,6.714,1.123,0.742041103982792,low-fidelity RED
(Z)-4-Hepten-2-Yl Butyrate,CCCC(=O)OC(C)C\C=C/CC,94088-12-7,6.937,1.048,0.5989574275355467,low-fidelity RED
1-Phenyl Propyl Butyrate,CCCC(=O)OC(CC)C1=CC=CC=C1,10031-86-4,8.038,1.185,0.9759610647971569,low-fidelity RED
Neryl Butyrate,CCCC(=O)OC\C=C(\C)/CCC=C(C)C,999-40-6,7.203,1.109,0.7750000000000008,low-fidelity RED
Isobornyl Butyrate,CCCC(=O)OC1CC2(CC[C@@H]1C2(C)C)C,58479-55-3,7.027,1.197,0.7956915231419783,low-fidelity RED
Bornyl Butyrate,CCCC(=O)OC1CC2CCC1(C2(C)C)C,13109-70-1,6.887,1.177,0.7956915231419783,low-fidelity RED
Cyclohexyl Butyrate,CCCC(=O)OC1CCCCC1,1551-44-6,6.946,1.118,0.854400374531753,low-fidelity RED
2-Methyl Allyl Butyrate,CCCC(=O)OCC(=C)C,7149-29-3,6.709,0.9848,0.5793315113128236,low-fidelity RED
Propylene Glycol Dibutyrate,CCCC(=O)OCC(C)OC(=O)CCC,50980-84-2,7.608,1.034,0.8204419540710969,low-fidelity RED
Allyl Butyrate,CCCC(=O)OCC=C,2051-78-7,6.853,1.051,0.7533259586659683,low-fidelity RED
Prenyl Butyrate,CCCC(=O)OCC=C(C)C,71820-56-9,7.099,1.061,0.7830229881682909,low-fidelity RED
Sorbyl Butyrate,CCCC(=O)OCC=CC=CC,16930-93-1,6.737,1.233,0.9532837982468815,low-fidelity RED
Citronellyl Butyrate,CCCC(=O)OCCC(C)CCC=C(C)C,141-16-2,7.542,1.171,0.6329494450586086,low-fidelity RED
Rhodinyl Butyrate,CCCC(=O)OCCC(C)CCCC(=C)C,141-15-1,7.584,1.138,0.47434164902525705,low-fidelity RED
Methyl 2-Methyl Valerate,CCCC(C)C(=O)OC,2177-77-7,6.455,0.8707,0.634921254960015,low-fidelity RED
Ethyl-2-Methyl Pentanoate,CCCC(C)C(=O)OCC,39255-32-8,6.563,0.809,0.49053542175871445,low-fidelity RED
2-Methylpentanal,CCCC(C)C=O,123-15-9,5.484,0.9144,0.8986100377805716,low-fidelity RED
Privet Dioxane,CCCC(C)C1OCC(CO1)(C)CCC,80480-24-6,5.506,1.159,0.4854121959736901,low-fidelity RED
Pear Valerate,CCCC(C)COC(=O)C(C)CCC,90397-38-9,6.763,0.9058,0.461654632815485,low-fidelity RED
1-Methylbutyl Butanoate,CCCC(C)OC(=O)CCC,60415-61-4,6.793,1.008,0.4308421984903526,low-fidelity RED
Ethyl 3-Acetoxyhexanoate,CCCC(CC(=O)OCC)OC(=O)C,21188-61-4,6.993,1.046,0.9476945710512431,low-fidelity RED
Norlimbanol,CCCC(CCC1C(CCCC1(C)C)C)O,70788-30-6,6.363,1.312,0.6860211367006128,low-fidelity RED
Ethyl 5-Acetoxyoctanoate,CCCC(CCCC(=O)OCC)OC(=O)C,35234-25-4,7.777,1.074,0.7668930825088989,low-fidelity RED
Lychee Mercaptan Acetate,CCCC(CCOC(=O)C)SC,51755-85-2,6.515,0.9505,0.9993748045653346,low-fidelity RED
3-Mercaptohexyl Butyrate,CCCC(CCOC(=O)CCC)S,136954-21-7,6.847,1.058,0.9801147891956336,low-fidelity RED
Isopropyl Butanoate,CCCC(OC(C)C)=O,638-11-9,6.85,0.904,0.5031152949374526,low-fidelity RED
Ethyl Butyrate,CCCC(OCC)=O,105-54-4,6.891,0.8382,0.776208734813001,high-fidelity RED
3-Methylbutyl Butanoate,CCCC(OCCC(C)C)=O,106-27-4,7.175,0.9807,0.40773766075750206,low-fidelity RED
Propyl Butanoate,CCCC(OCCC)=O,105-66-8,7.103,0.9459,0.6314665470157546,low-fidelity RED
2-Ethyl-2-Heptenal,CCCC\C=C(\CC)C=O,10031-88-6,6.138,0.9968,0.8609587678861285,low-fidelity RED
Ethyl (Z)-3-Octenoate,CCCC\C=C/CC(=O)OCC,69668-87-7,6.727,1.019,0.7250000000000004,low-fidelity RED
Trans-2-Heptene,CCCC\C=C\C,14686-13-6,5.683,1.002,0.4879805323985788,low-fidelity RED
Ethyl (E)-3-Octenoate,CCCC\C=C\CC(=O)OCC,26553-47-9,6.727,1.019,0.7250000000000004,low-fidelity RED
Isoamyl Undecylenate,CCCC\C=C\CCCCC(=O)OCCC(C)C,12262-03-2,7.645,1.126,0.5590169943749482,low-fidelity RED
(E)-2-Hepten-1-Yl Acetate,CCCC\C=C\COC(=O)C,16939-73-4,7.012,1.073,0.8838834764831844,low-fidelity RED
(E)-2-Hepten-1-Yl Isovalerate,CCCC\C=C\COC(=O)CC(C)C,94109-97-4,6.773,1.22,0.5857687256929989,low-fidelity RED
4-Octen-3-One,CCCC=CC(=O)CC,14129-48-7,5.778,0.955,0.9313968005098574,low-fidelity RED
Methyl 3-Hexenoate,CCCC=CC(=O)OC,2396-78-3,6.235,0.9743,0.9427353817482397,low-fidelity RED
Ethyl (E)-2-Hexenoate,CCCC=CC(=O)OCC,1552-67-6,6.875,1.077,0.7909646009778191,low-fidelity RED
(E)-2-Hexen-1-Al Diethyl Acetal,CCCC=CC(OCC)OCC,54306-00-2,5.857,0.996,0.4301162633521316,low-fidelity RED
2-Hexen-1-Yl Acetate,CCCC=CCOC(=O)C,10094-40-3,6.825,1.004,0.8746427842267946,low-fidelity RED
2-Propyl Furan,CCCC1=CC=CO1,4229-91-8,6.246,0.9983,0.9290452088031027,low-fidelity RED
1-Propylcyclopentene,CCCC1=CCCC1,3074-61-1,5.64,1.098,0.7988272654335238,low-fidelity RED
"4,5-Dimethyl-2-Propyl Oxazole",CCCC1=NC(=C(O1)C)C,53833-32-2,6.014,1.082,0.8295330011518525,low-fidelity RED
Chrysanthemum Carbaldehyde,CCCC1C2CC(C1C=O)C=C2,39067-39-5,5.714,1.222,0.8958236433584457,low-fidelity RED
2-Octen-4-One,CCCCC(=O)\C=C\C,4643-27-0,6.844,0.9613,0.929045208803103,low-fidelity RED
2-Methyl-3-Heptanone,CCCCC(=O)C(C)C,13019-20-0,7.053,0.8319,0.5135659646043538,low-fidelity RED
Bornyl Valerate,CCCCC(=O)O[C@@H]1CC2CCC1(C2(C)C)C,7549-41-9,7.229,1.168,0.7972609359550995,low-fidelity RED
Terpinyl Valerate,CCCCC(=O)OC(C)(C)C1CCC(=CC1)C,14481-55-1,6.805,1.288,0.8085480814398123,low-fidelity RED
Linalyl Valerate,CCCCC(=O)OC(C)(CCC=C(C)C)C=C,10471-96-2,7.057,1.116,0.7941190087134291,low-fidelity RED
Isopropyl Valerate,CCCCC(=O)OC(C)C,18362-97-5,7.191,0.8531,0.49053542175871445,low-fidelity RED
Geranyl Valerate,CCCCC(=O)OC\C=C(/C)\CCC=C(C)C,10402-47-8,7.545,1.101,0.7794228634059955,low-fidelity RED
Menthyl Valerate,CCCCC(=O)OC1CC(CCC1C(C)C)C,89-47-4,7.846,1.347,0.7035623639735139,low-fidelity RED
Allyl Valerate,CCCCC(=O)OCC=C,6321-45-5,7.197,1.036,0.7284401142166738,low-fidelity RED
Citronellyl Valerate,CCCCC(=O)OCCC(C)CCC=C(C)C,7540-53-6,7.881,1.164,0.6873863542433756,low-fidelity RED
2-Hexyl Acetate,CCCCC(C)OC(=O)C,5953-49-1,7.207,1.022,0.6289872812704563,low-fidelity RED
2-Hexyl Butyrate,CCCCC(C)OC(=O)CCC,6963-52-6,7.33,1.104,0.4776243293635703,low-fidelity RED
Orris Capronate,CCCCC(CC)C(=O)OCC,2983-37-1,6.806,1.042,0.43011626335213177,low-fidelity RED
2-Ethylhexanal,CCCCC(CC)C=O,123-05-7,6.052,1.02,0.7228416147400482,low-fidelity RED
Green Dioxolane,CCCCC(CC)C1OCCO1,4359-47-1,5.633,1.115,0.6194755846681931,low-fidelity RED
3-Ethyl Heptanal,CCCCC(CC)CC=O,2570-97-0,6.419,0.8451,0.6828250141873833,low-fidelity RED
(±)-4-Ethyl Octanal,CCCCC(CC)CCC=O,58475-04-0,6.802,1.019,0.6289872812704563,low-fidelity RED
Di-2-Ethylhexyl Amine,CCCCC(CC)CNCC(CC)CCCC,106-20-7,6.336,0.9973,0.65,high-fidelity RED
Vinyl 2-Ethylhexyl Ether,CCCCC(CC)COC=C,103-44-6,6.012,1.126,0.3570714214271425,high-fidelity RED
Di-2-Ethylhexyl Ether,CCCCC(CC)COCC(CC)CCCC,10143-60-9,6.341,0.9401,0.461654632815485,high-fidelity RED
Ektasolve Eeh,CCCCC(CC)COCCO,1559-35-9,8.049,0.9276,0.552268050859363,low-fidelity RED
2-Ethyl Hexyl Mercaptan,CCCCC(CC)CS,7341-17-5,5.777,0.8561,0.6133922073192654,low-fidelity RED
3-Heptyl Acetate,CCCCC(CC)OC(=O)C,5921-83-5,7.462,1.033,0.5320949163448192,low-fidelity RED
Di(2-Ethylhexyl)Adipate,CCCCC(COC(CCCCC(OCC(CCCC)CC)=O)=O)CC,103-23-1,8.198,0.9771,0.5873670062235364,low-fidelity RED
"2,2-Dimethyl-3-Heptanol",CCCCC(O)C(C)(C)C,19549-70-3,6.66,0.8713,0.22912878474779214,low-fidelity RED
Methyl Pentanoate,CCCCC(OC)=O,624-24-8,6.92,0.7777,0.9290452088031025,low-fidelity RED
"Pentanoic Acid, Ethyl Ester",CCCCC(OCC)=O,539-82-2,7.235,0.8443,0.7470776398741968,low-fidelity RED
Valeraldehyde Diethyl Acetal,CCCCC(OCC)OCC,3658-79-5,5.727,0.9228,0.3092329219213246,low-fidelity RED
(E)-2-Methyl-2-Octen-1-Al,CCCCC\C=C(/C)\C=O,49576-57-0,6.779,1.026,0.9171968163922072,low-fidelity RED
"2-Octene, (Z)-",CCCCC\C=C/C,4/8/42 0:00,5.874,0.959,0.5367727638395975,low-fidelity RED
Butyl Heptine Carbonate,CCCCC\C=C/C(=O)OCCCC,57403-32-4,7.147,1.125,0.6982120021884466,low-fidelity RED
Methyl Linoleate,CCCCC\C=C/C\C=C/CCCCCCCC(=O)OC,112-63-0,7.02,0.894,0.7318640584152225,low-fidelity RED
"Methyl 2,4-Decadienoate",CCCCC\C=C/C=C/C(=O)OC,4493-42-9,6.418,1.096,0.9397473064606255,low-fidelity RED
"Ethyl (E,Z)-2,4-Decadienoate",CCCCC\C=C/C=C/C(=O)OCC,3025-30-7,7.052,1.201,0.8638576271585495,low-fidelity RED
"Propyl (2E,4Z)-2,4-Decadienoate",CCCCC\C=C/C=C/C(=O)OCCC,28316-62-3,6.923,1.23,0.8370334521391601,low-fidelity RED
"Butyl (E,Z)-2,4-Decadienoate",CCCCC\C=C/C=C/C(=O)OCCCC,28369-24-6,6.948,1.204,0.8340413658806137,low-fidelity RED
Methyl (Z)-4-Decenoate,CCCCC\C=C/CCC(=O)OC,7367-83-1,7.02,0.8684,0.7956915231419776,low-fidelity RED
(Z)-4-Decen-1-Al Diethyl Acetal,CCCCC\C=C/CCC(OCC)OCC,73545-19-4,5.672,1.051,0.45345892868042653,low-fidelity RED
(Z)-8-Tetradecen-1-Al,CCCCC\C=C/CCCCCCC=O,169054-69-7,5.997,0.9232,0.7198090024443979,low-fidelity RED
(Z)-4-Decen-1-Yl Acetate,CCCCC\C=C/CCCOC(=O)C,67452-27-1,7.256,0.9401,0.7176350047203658,low-fidelity RED
Trans-2-Octene,CCCCC\C=C\C,13389-42-9,5.874,0.959,0.5367727638395975,low-fidelity RED
(E)-3-Nonen-2-One,CCCCC\C=C\C(=O)C,18402-83-0,5.903,1.012,0.8849435010213936,low-fidelity RED
Ethyl (E)-2-Octenoate,CCCCC\C=C\C(=O)OCC,7367-82-0,7.25,1.124,0.7250000000000004,low-fidelity RED
Ethyl Linoleate,CCCCC\C=C\C\C=C\CCCCCCCC(=O)OCC,544-35-4,7.33,1.026,0.6805328794408095,low-fidelity RED
Methyl (E)-3-Nonenoate,CCCCC\C=C\CC(=O)OC,36781-67-6,6.372,0.9499,0.8492643875731516,low-fidelity RED
Ethyl (E)-4-Decenoate,CCCCC\C=C\CCC(=O)OCC,76649-16-6,7.335,0.9662,0.6708203932499374,low-fidelity RED
Trans-5-Undecene,CCCCC\C=C\CCCC,764-97-6,5.459,0.9158,0.7623975340988459,low-fidelity RED
(E)-2-Octen-1-Yl Acetate,CCCCC\C=C\COC(=O)C,2371-13-3,7.201,1.017,0.8492643875731516,low-fidelity RED
(E)-2-Octen-1-Yl Butyrate,CCCCC\C=C\COC(=O)CCC,84642-60-4,7.551,1.118,0.7075485849042448,low-fidelity RED
3-Octen-2-One,CCCCC=CC(=O)C,1669-44-9,5.712,1.051,0.929045208803103,low-fidelity RED
Ethyl 2-Heptenoate,CCCCC=CC(=O)OCC,54340-72-6,7.062,1.154,0.7603453162872779,low-fidelity RED
2-Butyl Furan,CCCCC1=CC=CO1,4466-24-4,6.392,0.9943,0.8986100377805719,low-fidelity RED
1-Butylcyclopentene,CCCCC1=CCCC1,2423-01-0,5.748,1.203,0.8112490369793984,low-fidelity RED
Geranium Dihydropyran,CCCCC1C=C(CC(O1)C)C,24237-00-1,7.014,1.35,0.6412877669190336,low-fidelity RED
Jasmin Pyranol,CCCCC1COCC(C1OC(=O)C)C,38285-49-3 ,7.49,1.316,0.7623975340988454,low-fidelity RED
Herbal Acetal,CCCCC1OC(CC(O1)(C)C)C,54546-26-8,5.788,1.299,0.37165171868296315,low-fidelity RED
Valeraldehyde Propylene Glycol Acetal,CCCCC1OCC(O1)C,74094-60-3,5.95,1.144,0.644689847911382,low-fidelity RED
2-Pentyl-1-Buten-3-One,CCCCCC(=C)C(=O)C,63759-55-7,6.617,1.005,0.6254998001598409,low-fidelity RED
Amyl Cinnamic Aldehyde Dimethyl Acetal,CCCCCC(=CC1=CC=CC=C1)C(OC)OC,91-87-2,7.68,1.16,0.9581883948368402,low-fidelity RED
Amyl Cinnamic Aldehyde Diethyl Acetal,CCCCCC(=CC1=CC=CC=C1)C(OCC)OCC,60763-41-9,7.869,1.05,0.8518362518700416,low-fidelity RED
(E)-2-Nonen-4-One,CCCCCC(=O)\C=C\C,27743-70-0,7.093,0.9765,0.8849435010213936,low-fidelity RED
1-Octen-3-One,CCCCCC(=O)C=C,4312-99-6,7.06,0.9245,0.7582875444051549,low-fidelity RED
Ethyl 5-Oxodecanoate,CCCCCC(=O)CCCC(=O)OCC,93919-00-7,7.586,0.9135,0.9813893213195264,low-fidelity RED
Linalyl Hexanoate,CCCCCC(=O)OC(C)(CCC=C(C)C)C=C,7779-23-9,7.304,1.111,0.7941190087134291,low-fidelity RED
Isopropyl Hexanoate,CCCCCC(=O)OC(C)C,2311-46-8,7.437,0.8267,0.480234317807464,low-fidelity RED
Neryl Hexanoate,CCCCCC(=O)OC\C=C(/C)\CCC=C(C)C,68310-59-8,7.791,1.101,0.7846177413237616,low-fidelity RED
(Z)-2-Penten-1-Yl Hexanoate,CCCCCC(=O)OC\C=C/CC,74298-89-8,7.665,1.088,0.7079901129253152,low-fidelity RED
Menthyl Hexanoate,CCCCCC(=O)OC1CC(CCC1C(C)C)C,6070-16-2,8.089,1.353,0.7035623639735139,low-fidelity RED
Cyclohexyl Hexanoate,CCCCCC(=O)OC1CCCCC1,10/3/43 0:00,7.533,1.103,0.8093207028119331,low-fidelity RED
Isobutyl Isohexanoate,CCCCCC(=O)OCC(C)C,105-79-3,8.083,0.9724,0.4308421984903526,low-fidelity RED
2-Methyl Butyl Hexanoate,CCCCCC(=O)OCC(C)CC,2601-13-0,8.093,1.022,0.45414755311462407,low-fidelity RED
Propylene Glycol Dihexanoate,CCCCCC(=O)OCC(C)OC(=O)CCCCC,50343-36-7,8.192,1.012,0.7516648189186458,low-fidelity RED
(Z)-3-Hexen-1-Yl Hexanoate,CCCCCC(=O)OCC\C=C/CC,31501-11-8,7.633,1.045,0.6708203932499374,low-fidelity RED
(E)-3-Hexen-1-Yl Hexanoate,CCCCCC(=O)OCC\C=C\CC,56922-82-8,7.633,1.045,0.6708203932499374,low-fidelity RED
Allyl Caproate,CCCCCC(=O)OCC=C,123-68-2,7.444,1.034,0.6800735254367728,low-fidelity RED
Prenyl Hexanoate,CCCCCC(=O)OCC=C(C)C,76649-22-4,7.688,1.063,0.7382411530116695,low-fidelity RED
Isoamyl Hexanoate,CCCCCC(=O)OCCC(C)C,2198-61-0,7.76,0.9844,0.4190763653560057,low-fidelity RED
Citronellyl Hexanoate,CCCCCC(=O)OCCC(C)CCC=C(C)C,10580-25-3,8.124,1.168,0.6485560885536429,low-fidelity RED
3-Mercaptohexyl Hexanoate,CCCCCC(=O)OCCC(CCC)S,136954-22-8,7.437,1.071,0.9890020222426239,low-fidelity RED
Butyl Hexanoate,CCCCCC(=O)OCCCC,626-82-4,7.72,0.9339,0.5556527692723218,low-fidelity RED
Amyl Hexanoate,CCCCCC(=O)OCCCCC,540-07-8,7.678,0.9145,0.5706356105256671,low-fidelity RED
"2,4-Dimethyl-4-Nonanol",CCCCCC(C)(CC(C)C)O,74356-31-3,6.552,0.9906,0.8689073598491384,low-fidelity RED
sec-Heptyl Acetate,CCCCCC(C)OC(=O)C,5921-82-4,7.263,1.009,0.6025985396596976,low-fidelity RED
2-Heptyl Butyrate,CCCCCC(C)OC(=O)CCC,39026-94-3,7.386,1.1,0.45825756949558427,low-fidelity RED
sec-Heptyl Hexanoate,CCCCCC(C)OC(=O)CCCCC,6624-58-4,7.6,1.054,0.5505678886386318,low-fidelity RED
2-Heptane Thiol,CCCCCC(C)S,628-00-2,5.702,0.8815,0.6841966091701999,low-fidelity RED
1-Octen-3-Yl Acetate,CCCCCC(C=C)OC(=O)C,10/6/42 0:00,7.338,1.082,0.543139024560011,low-fidelity RED
1-Octen-3-Yl Butyrate,CCCCCC(C=C)OC(=O)CCC,16491-54-6,7.442,1.175,0.49874843358150023,low-fidelity RED
Ethyl 3-Acetoxyoctanoate,CCCCCC(CC(=O)OCC)OC(=O)C,85554-66-1,7.555,1.081,0.8562271894771853,low-fidelity RED
3-Octyl Acetate,CCCCCC(CC)OC(=O)C,4864-61-3,7.518,1.038,0.5000000000000003,low-fidelity RED
3-Octyl Tiglate,CCCCCC(CC)OC(=O)C(=CC)C,94133-92-3,7.357,1.224,0.6363961030678933,low-fidelity RED
3-Octyl Butyrate,CCCCCC(CC)OC(=O)CCC,20286-45-7,7.565,1.121,0.4451123453691217,low-fidelity RED
6-Undecanone,CCCCCC(CCCCC)=O,927-49-1,7.077,0.8089,0.561248608016092,low-fidelity RED
"2,2-Dimethyl-3-Octanol",CCCCCC(O)C(C)(C)C,19841-72-6,6.716,0.8659,0.21360009363293847,low-fidelity RED
"Hexanoic Acid, Methyl Ester",CCCCCC(OC)=O,106-70-7,7.17,0.7595,0.8370334521391604,low-fidelity RED
Hexanal Dimethyl Acetal,CCCCCC(OC)OC,1599-47-9,5.744,0.9215,0.4479118216792229,low-fidelity RED
Ethyl Capronate,CCCCCC(OCC)=O,123-66-0,7.483,0.8477,0.7040063920164362,high-fidelity RED
Hexanal Diethyl Acetal,CCCCCC(OCC)OCC,3658-93-3,5.784,0.9265,0.28394541729001377,low-fidelity RED
Hexanal Diisoamyl Acetal,CCCCCC(OCCC(C)C)OCCC(C)C,93892-09-2,5.685,0.9478,0.29154759474226516,low-fidelity RED
"Hexanoic Acid, Propyl Ester",CCCCCC(OCCC)=O,626-77-7,7.694,0.9572,0.5706356105256665,low-fidelity RED
Hexanal Dibutyl Acetal,CCCCCC(OCCCC)OCCCC,93892-07-0,5.932,1.009,0.3674234614174773,low-fidelity RED
Cis-1-Bromo-1-Octene,CCCCCC/C=C\Br,42843-49-2,5.552,0.9136,0.9581883948368402,low-fidelity RED
(Z)-3-Decen-1-Yl Acetate,CCCCCC\C=C/CCOC(=O)C,81634-99-3,7.153,0.8879,0.7163274390947197,low-fidelity RED
(E)-2-Nonen-1-Yl Acetate,CCCCCC\C=C\COC(=O)C,30418-89-4,7.143,1.003,0.7956915231419776,low-fidelity RED
Allyl Heptine Carbonate,CCCCCC#CC(=O)OCC=C,73157-43-4,6.474,1.1,0.8558621384311849,low-fidelity RED
1-Heptene,CCCCCC=C,592-76-7,5.474,0.9122,0.5482928049865328,high-fidelity RED
2-Methyl-2-Octen-1-Al,CCCCCC=C(C)C=O,73757-27-4,6.779,1.026,0.9171968163922072,low-fidelity RED
3-Nonen-2-One,CCCCCC=CC(=O)C,14309-57-0,5.903,1.012,0.8849435010213936,low-fidelity RED
Methyl Octenoate,CCCCCC=CC(=O)OC,2396-85-2,6.616,1.008,0.8838834764831844,low-fidelity RED
Ethyl 2-Octenoate,CCCCCC=CC(=O)OCC,2351-90-8,7.25,1.124,0.7250000000000004,low-fidelity RED
Methyl 3-Nonenoate,CCCCCC=CCC(=O)OC,13481-87-3,6.372,0.9499,0.8492643875731516,low-fidelity RED
4-Decen-1-Al,CCCCCC=CCCC=O,30390-50-2,6.052,0.941,0.9542667341996158,low-fidelity RED
Fruity Cyclopentanone,CCCCCC1(CCC(C1=O)(C)C)C,65443-14-3,6.932,1.145,0.8789197915623471,low-fidelity RED
2-Pentyl Furan,CCCCCC1=CC=CO1,3777-69-3,6.619,1.001,0.8370334521391601,low-fidelity RED
1-Pentylcyclopentene,CCCCCC1=CCCC1,4291-98-9,5.974,1.193,0.8093207028119331,low-fidelity RED
Tetrahydrojasmone,CCCCCC1C(CCC1=O)C,13074-63-0,7.271,1.1,0.9539392014169451,low-fidelity RED
"Hexanal Octane-1,3-Diol Acetal",CCCCCC1CCOC(CCCCC)O1,202188-46-3,6.006,1.045,0.5511351921262149,low-fidelity RED
"Acetaldehyde 1,3-Octane Diol Acetal",CCCCCC1CCOC(O1)C,202188-43-0,5.688,1.114,0.6194755846681931,low-fidelity RED
Herbal Pyran,CCCCCC1COCCC1OC(=O)C,18871-14-2,7.157,1.221,0.9450529085717897,low-fidelity RED
"Hexanal Butane-2,3-Diol Acetal",CCCCCC1OC(C(O1)C)C,155639-75-1,5.92,0.9769,0.3588175023601836,low-fidelity RED
Hexanal Propylene Glycol Acetal,CCCCCC1OCC(O1)C,1599-49-1,5.967,1.092,0.6446898479113812,low-fidelity RED
Geranyl Heptanoate,CCCCCCC(=O)OC\C=C(/C)\CCC=C(C)C,73019-15-5,7.734,1.096,0.7826237921249273,low-fidelity RED
Isobutyl Heptanoate,CCCCCCC(=O)OCC(C)C,7779-80-8,8.026,0.9725,0.394493345951488,low-fidelity RED
(Z)-3-Hexen-1-Yl Heptanoate,CCCCCCC(=O)OCC\C=C/CC,61444-39-1,7.576,1.033,0.6412877669190334,low-fidelity RED
Allyl Heptanoate,CCCCCCC(=O)OCC=C,142-19-8,7.388,1.03,0.6294839156007093,low-fidelity RED
Propyl Heptanoate,CCCCCCC(=O)OCCC,7778-87-2,7.637,0.9587,0.543139024560011,low-fidelity RED
Isoamyl Heptanoate,CCCCCCC(=O)OCCC(C)C,109-25-1,7.702,0.9854,0.38810436740650106,low-fidelity RED
Butyl Heptanoate,CCCCCCC(=O)OCCCC,5454-28-4,7.662,0.9379,0.5590169943749482,low-fidelity RED
Amyl Heptanoate,CCCCCCC(=O)OCCCCC,7493-82-5,7.62,0.9126,0.5488624600025045,low-fidelity RED
Hexyl Heptanoate,CCCCCCC(=O)OCCCCCC,1119-06-8,7.62,0.9126,0.5244044240850766,low-fidelity RED
Jasmin Acetoacetate,CCCCCCC(C(=O)C)C(=O)OCC,29214-60-6,6.958,0.8895,0.8810505093353052,low-fidelity RED
Tert-Nonyl Mercaptan,CCCCCCC(C)(C)S,25360-10-5,5.471,0.9199,0.5123475382979807,low-fidelity RED
2-Methyl Octanal,CCCCCCC(C)C=O,7786-29-0,6.071,0.9568,0.6773108592072034,low-fidelity RED
2-Octyl Acetate,CCCCCCC(C)OC(=O)C,2051-50-5,7.206,1.02,0.555090082779363,low-fidelity RED
Nonan-3-Yl Acetate,CCCCCCC(CC)OC(=O)C,60826-15-5,7.461,1.049,0.46165463281548497,low-fidelity RED
"1,3-Nonane Diyl Diacetate",CCCCCCC(CCOC(=O)C)OC(=O)C,63270-14-4,7.894,0.9797,0.8492643875731518,low-fidelity RED
"Heptanoic Acid, Methyl Ester",CCCCCCC(OC)=O,106-73-0,7.114,0.7566,0.7454025757937788,low-fidelity RED
Heptanal Dimethyl Acetal,CCCCCCC(OC)OC,10032-05-0,5.689,0.9326,0.42499999999999977,low-fidelity RED
"Heptanoic Acid, Ethyl Ester",CCCCCCC(OCC)=O,106-30-9,7.427,0.8468,0.6025985396596977,low-fidelity RED
Heptanal Diethyl Acetal,CCCCCCC(OCC)OCC,688-82-4,5.729,0.9367,0.29580398915498074,low-fidelity RED
(Z)-4-Dodecen-1-Al,CCCCCCC\C=C/CCC=O,21944-98-9,5.997,0.9232,0.877852493303972,low-fidelity RED
Methyl 2-Decenoate,CCCCCCC\C=C\C(=O)OC,2482-39-5,6.561,0.9941,0.742041103982791,low-fidelity RED
Ethyl (E)-2-Decenoate,CCCCCCC\C=C\C(=O)OCC,37486-72-9,7.194,1.114,0.6519202405202654,low-fidelity RED
Butyl Decylenate,CCCCCCC\C=C\C(=O)OCCCC,7492-45-7,7.09,1.119,0.6661456297237108,low-fidelity RED
"(E,E)-2,4-Dodecadien-1-Al",CCCCCCC\C=C\C=C\C=O,13162-47-5,5.637,1.101,0.9993748045653346,low-fidelity RED
Methyl Octine Carbonate,CCCCCCC#CC(=O)OC,111-80-8,6.373,0.9948,0.9450529085717903,low-fidelity RED
2-Ethyl Octine Carbonate,CCCCCCC#CC(=O)OCC,10031-92-2,6.62,0.9414,0.7972609359550992,low-fidelity RED
2-Nonyn-1-Al Dimethyl Acetal,CCCCCCC#CC(OC)OC,13257-44-8,5.36,0.9167,0.6896557112066862,low-fidelity RED
1-Octene,CCCCCCC=C,111-66-0,5.42,0.905,0.5937171043518961,high-fidelity RED
3-Decen-2-One,CCCCCCC=CC(=O)C,10519-33-2,5.848,1.003,0.8477912478906593,low-fidelity RED
Melon Nonenoate,CCCCCCC=CC(=O)OC,111-79-5,6.561,0.9941,0.8250000000000002,low-fidelity RED
1-Hexylcyclopentene,CCCCCCC1=CCCC1,4291-99-0,5.92,1.191,0.8139410298049862,low-fidelity RED
2-Hexyl-4-Acetoxytetrahydrofuran,CCCCCCC1CC(CO1)OC(=O)C,10039-39-1,7.184,1.176,0.8792752697534494,low-fidelity RED
"Heptanal 2,3-Butane Diol Acetal",CCCCCCC1OC(C(O1)C)C,6454-22-4,5.866,0.9769,0.35000000000000053,low-fidelity RED
Heptanal Cyclic Propylene Acetal,CCCCCCC1OCC(O1)C,10/4/51 0:00,5.913,1.096,0.6031169040907407,low-fidelity RED
"Heptanal Butene-1,4-Glycol Acetal",CCCCCCC1OCC=CCO1,61732-96-5,5.924,1.007,0.8321658488546628,low-fidelity RED
Heptanal Cyclic Ethylene Acetal,CCCCCCC1OCCO1,1708-34-5,6.282,0.9121,0.8396427811873328,low-fidelity RED
3-Decanone,CCCCCCCC(=O)CC,928-80-3,7.015,0.8584,0.6020797289396148,low-fidelity RED
4-Undecanone,CCCCCCCC(=O)CCC,14476-37-0,7.029,0.8608,0.6768493185340448,low-fidelity RED
Linalyl Octanoate,CCCCCCCC(=O)OC(C)(CCC=C(C)C)C=C,10024-64-3,7.248,1.106,0.8046738469715536,low-fidelity RED
Isopropyl Octanoate,CCCCCCCC(=O)OC(C)C,5458-59-3,7.381,0.8305,0.6750000000000003,low-fidelity RED
Geranyl Octanoate,CCCCCCCC(=O)OC\C=C(/C)\CCC=C(C)C,51532-26-4,7.734,1.096,0.7254309064273456,low-fidelity RED
(E)-2-Hexen-1-Yl Octanoate,CCCCCCCC(=O)OC\C=C\CCC,85554-72-9,7.709,1.052,0.6229967897188561,low-fidelity RED
Isobutyl Octanoate,CCCCCCCC(=O)OCC(C)C,6/3/61 0:00,8.026,0.9725,0.3750000000000005,low-fidelity RED
2-Methyl Butyl Octanoate,CCCCCCCC(=O)OCC(C)CC,67121-39-5,8.036,1.025,0.42204857540335367,low-fidelity RED
Propylene Di(Octanoate),CCCCCCCC(=O)OCC(C)OC(=O)CCCCCCC,7384-98-7,8.134,1.014,0.6041522986797284,low-fidelity RED
(Z)-3-Hexen-1-Yl Octanoate,CCCCCCCC(=O)OCC\C=C/CC,61444-41-5,7.576,1.033,0.6254998001598406,low-fidelity RED
Allyl Octanoate,CCCCCCCC(=O)OCC=C,4230-97-1,7.388,1.03,0.5728219618694808,low-fidelity RED
Isoamyl Octanoate,CCCCCCCC(=O)OCCC(C)C,2035-99-6,7.702,0.9854,0.37165171868296315,low-fidelity RED
Citronellyl Octanoate,CCCCCCCC(=O)OCCC(C)CCC=C(C)C,72934-05-5,8.066,1.163,0.6329494450586086,low-fidelity RED
Phenethyl Octanoate,CCCCCCCC(=O)OCCC1=CC=CC=C1,5457-70-5,8.434,1.078,0.9813893213195262,low-fidelity RED
Butyl Octanoate,CCCCCCCC(=O)OCCCC,589-75-3,7.662,0.9379,0.4828301978956993,low-fidelity RED
Amyl Octanoate,CCCCCCCC(=O)OCCCCC,638-25-5,7.62,0.9126,0.5303300858899114,low-fidelity RED
Hexyl Octanoate,CCCCCCCC(=O)OCCCCCC,1117-55-1,7.62,0.9126,0.5123475382979807,low-fidelity RED
Heptyl Octanoate,CCCCCCCC(=O)OCCCCCCC,4265-97-8,7.62,0.9126,0.45893899376714564,low-fidelity RED
Ethyloctylamine,CCCCCCCC(CC)N,4088-36-2,5.987,0.9356,0.5367727638395974,low-fidelity RED
8-Pentadecanone,CCCCCCCC(CCCCCCC)=O,818-23-5,7.021,0.8065,0.5744562646538036,low-fidelity RED
Octanoyl Chloride,CCCCCCCC(Cl)=O,111-64-8,6.258,0.9222,0.8933784192602814,low-fidelity RED
Jasimia,CCCCCCCC(COC(=O)C)OC(=O)C,68683-25-0,8.169,0.9585,0.8492643875731518,low-fidelity RED
"1,1-Difluorooctane",CCCCCCCC(F)F,61350-03-6,5.292,0.8284,0.39449334595148766,low-fidelity RED
"Octanoic Acid, Methyl Ester",CCCCCCCC(OC)=O,111-11-5,7.114,0.7566,0.6670832032063168,low-fidelity RED
Octanal Dimethyl Acetal,CCCCCCCC(OC)OC,10022-28-3,5.689,0.9326,0.40388736053508756,low-fidelity RED
Octanal Diethyl Acetal,CCCCCCCC(OCC)OCC,54889-48-4,5.729,0.9367,0.29261749776799056,low-fidelity RED
Propyl Octanoate,CCCCCCCC(OCCC)=O,624-13-5,7.637,0.9587,0.5037360419902472,low-fidelity RED
Diolein,CCCCCCCC/C=C\CCCCCCCC(=O)OCC(O)COC(=O)CCCCCCC/C=C\CCCCCCCC,25637-84-7,8.096,1.107,0.6204836822995434,low-fidelity RED
Glycerol Trioleate,CCCCCCCC/C=C\CCCCCCCC(OCC(OC(CCCCCCC\C=C/CCCCCCCC)=O)COC(CCCCCCC/C=C\CCCCCCCC)=O)=O,122-32-7,8.52,1.107,0.474341649025257,high-fidelity RED
Cis-2-Undecene,CCCCCCCC\C=C/C,821-96-5,5.821,0.9439,0.7093130479555562,low-fidelity RED
Hexyl Oleate,CCCCCCCC\C=C/CCCCCCCC(=O)OCCCCCC,20290-84-0,7.692,1.002,0.6442049363362562,low-fidelity RED
Methyl Oleate,CCCCCCCC\C=C/CCCCCCCC(OC)=O,112-62-9,7.19,0.777,0.6562202374203342,high-fidelity RED
Butyl Oleate,CCCCCCCC\C=C/CCCCCCCC(OCCCC)=O,142-77-8,7.734,1.018,0.6619101147436868,high-fidelity RED
Oleyl Acetate,CCCCCCCC\C=C/CCCCCCCCOC(=O)C,693-80-1,7.268,0.8866,0.6344288770224759,low-fidelity RED
Trans-2-Undecene,CCCCCCCC\C=C\C,693-61-8,5.821,0.9439,0.7093130479555562,low-fidelity RED
9-Octadecen-1-Al,CCCCCCCC\C=C\CCCCCCCC=O,5090-41-5,5.997,0.9232,0.6329494450586086,low-fidelity RED
(E)-2-Undecen-1-Yl Acetate,CCCCCCCC\C=C\COC(=O)C,68480-27-3,7.143,1.003,0.6841966091701999,low-fidelity RED
2-Decen-1-Al,CCCCCCCC=CC=O,3913-71-1,5.752,0.9871,0.9711462299777517,low-fidelity RED
(E)-2-Decen-1-Yl Acetate,CCCCCCCC=CCOC(=O)C,19487-61-7,7.143,1.003,0.7176350047203658,low-fidelity RED
1-Octanal,CCCCCCCC=O,124-13-0,5.99,0.8705,0.9450529085717899,low-fidelity RED
2-Heptyl Furan,CCCCCCCC1=CC=CO1,3777-71-7,6.564,1.008,0.7075485849042454,low-fidelity RED
Octanal Propylene Glycol Acetal,CCCCCCCC1OCC(O1)C,74094-61-4,5.913,1.096,0.5442885264269318,low-fidelity RED
Octanal Glycol Acetal,CCCCCCCC1OCCO1,4359-57-3,6.282,0.9121,0.7558108228915491,low-fidelity RED
Methyl Nonanoate,CCCCCCCCC(=O)OC,1731-84-6,7.114,0.7566,0.543139024560011,low-fidelity RED
Isopropyl Nonanoate,CCCCCCCCC(=O)OC(C)C,28267-32-5,7.381,0.8305,0.42573465914816033,low-fidelity RED
Geranyl Nonanoate,CCCCCCCCC(=O)OC\C=C(/C)\CCC=C(C)C,68039-29-2,7.734,1.096,0.7520804478245664,low-fidelity RED
Isobutyl Nonanoate,CCCCCCCCC(=O)OCC(C)C,30982-03-7,8.026,0.9725,0.39210967853395357,low-fidelity RED
Allyl Nonanoate,CCCCCCCCC(=O)OCC=C,7493-72-3,7.388,1.03,0.5350233639758182,low-fidelity RED
Propyl Nonanoate,CCCCCCCCC(=O)OCCC,3/7/13 0:00,7.637,0.9587,0.4776243293635702,low-fidelity RED
Isoamyl Nonanoate,CCCCCCCCC(=O)OCCC(C)C,7779-70-6,7.702,0.9854,0.4479118216792233,low-fidelity RED
Amyl Nonanoate,CCCCCCCCC(=O)OCCCCC,61531-45-1,7.62,0.9126,0.5273755777432255,low-fidelity RED
Peach Nitrile,CCCCCCCCC(C)C#N,69300-15-8,6.098,0.9206,0.6919176251549024,low-fidelity RED
Methyl Octyl Acetaldehyde,CCCCCCCCC(C)C=O,19009-56-4,6.071,0.9568,0.5414101956926931,low-fidelity RED
Nonanal Dimethyl Acetal,CCCCCCCCC(OC)OC,18824-63-0,5.689,0.9326,0.3674234614174772,low-fidelity RED
Nonanal Diethyl Acetal,CCCCCCCCC(OCC)OCC,54815-13-3,5.729,0.9367,0.25980762113533157,low-fidelity RED
Ethyl 2-Dodecenoate,CCCCCCCCC\C=C\C(=O)OCC,28290-90-6,7.194,1.114,0.6264982043070839,low-fidelity RED
(E)-2-Dodecen-1-Al,CCCCCCCCC\C=C\C=O,20407-84-5,5.752,0.9871,0.7607562027351465,low-fidelity RED
(E)-2-Dodecen-1-Yl Acetate,CCCCCCCCC\C=C\COC(=O)C,38363-23-4,7.143,1.003,0.6873863542433755,low-fidelity RED
Methyl 2-Undecynoate,CCCCCCCCC#CC(=O)OC,10522-18-6,6.373,0.9948,0.7202430145443965,low-fidelity RED
Nonanenitrile,CCCCCCCCC#N,2243-27-8,6.097,0.8284,0.9017344398435717,low-fidelity RED
(E)-2-Undecen-1-Al,CCCCCCCCC=CC=O,2463-77-6,5.752,0.9871,0.8046738469715536,low-fidelity RED
Oleic Acid,CCCCCCCCC=CCCCCCCCC(=O)O,112-80-1,6.622,0.9284,0.8803408430829506,high-fidelity RED
Ethyl Oleate,CCCCCCCCC=CCCCCCCCC(=O)OCC,111-62-6,7.501,0.9288,0.5852349955359811,high-fidelity RED
1-Nonanal,CCCCCCCCC=O,124-19-6,5.99,0.8705,0.781824788555595,low-fidelity RED
2-Octyl Furan,CCCCCCCCC1=CC=CO1,4179-38-8,6.564,1.008,0.7040063920164363,low-fidelity RED
Nonanal Propylene Glycol Acetal,CCCCCCCCC1OCC(O1)C,68391-39-9,5.913,1.096,0.5031152949374535,low-fidelity RED
Isopropyl Decanoate,CCCCCCCCCC(=O)OC(C)C,2311-59-3,7.381,0.8305,0.43011626335213166,low-fidelity RED
Isobutyl Decanoate,CCCCCCCCCC(=O)OCC(C)C,30673-38-2,8.026,0.9725,0.4479118216792233,low-fidelity RED
2-Methyl Butyl Decanoate,CCCCCCCCCC(=O)OCC(C)CC,55195-23-8,8.036,1.025,0.5172040216394301,low-fidelity RED
(Z)-3-Hexen-1-Yl Decanoate,CCCCCCCCCC(=O)OCC\C=C/CC,85554-69-4,7.576,1.033,0.5749999999999998,low-fidelity RED
Benzyl Decanoate,CCCCCCCCCC(=O)OCC1=CC=CC=C1,42175-41-7,8.474,1.05,0.9290452088031018,low-fidelity RED
Propyl Decanoate,CCCCCCCCCC(=O)OCCC,30673-60-0,7.637,0.9587,0.48347699014534307,low-fidelity RED
Isoamyl Decanoate,CCCCCCCCCC(=O)OCCC(C)C,2306-91-4,7.702,0.9854,0.4479118216792233,low-fidelity RED
Phenethyl Decanoate,CCCCCCCCCC(=O)OCCC1=CC=CC=C1,61810-55-7,8.434,1.078,0.9290452088031018,low-fidelity RED
Butyl Decanoate,CCCCCCCCCC(=O)OCCCC,30673-36-0,7.662,0.9379,0.5273755777432255,low-fidelity RED
Amyl Decanoate,CCCCCCCCCC(=O)OCCCCC,5933-87-9,7.62,0.9126,0.5350233639758183,low-fidelity RED
Hexyl Decanoate,CCCCCCCCCC(=O)OCCCCCC,10448-26-7,7.62,0.9126,0.5303300858899115,low-fidelity RED
2-Methyl Undecanal Dimethyl Acetal,CCCCCCCCCC(C)C(OC)OC,68141-17-3,5.878,1.053,0.3614208073700245,low-fidelity RED
Methyl Nonyl Acetaldehyde,CCCCCCCCCC(C)C=O,110-41-8,6.071,0.9568,0.5590169943749482,low-fidelity RED
Orange Nitrile,CCCCCCCCCC(C)CC#N,85351-07-1,6.346,1.051,0.6269968101992234,low-fidelity RED
2-Undecyl Acetate,CCCCCCCCCC(C)OC(=O)C,14936-67-5,7.206,1.02,0.536772763839598,low-fidelity RED
Capric Acid Methyl Ester,CCCCCCCCCC(OC)=O,110-42-9,7.114,0.7566,0.5706356105256671,low-fidelity RED
Decanal Dimethyl Acetal,CCCCCCCCCC(OC)OC,7779-41-1,5.689,0.9326,0.3614208073700245,low-fidelity RED
"Decanoic Acid, Ethyl Ester",CCCCCCCCCC(OCC)=O,110-38-3,7.427,0.8468,0.49307707308290066,low-fidelity RED
Decanal Diethyl Acetal,CCCCCCCCCC(OCC)OCC,34764-02-8,5.729,0.9367,0.3051638903933424,low-fidelity RED
(E)-2-Tridecen-1-Al,CCCCCCCCCC\C=C\C=O,7069-41-2,5.752,0.9871,0.742041103982791,low-fidelity RED
(E)-2-Tridecen-1-Yl Acetate,CCCCCCCCCC\C=C\COC(=O)C,68480-26-2,7.143,1.003,0.6786935980249108,low-fidelity RED
Decanenitrile,CCCCCCCCCC#N,1975-78-6,6.097,0.8284,0.8173891362135909,low-fidelity RED
2-Dodecen-1-Al,CCCCCCCCCC=CC=O,4826-62-4,5.752,0.9871,0.7607562027351465,low-fidelity RED
Decanal / Methyl Anthranilate Schiff's Base,CCCCCCCCCC=NC1=CC=CC=C1C(=O)OC,67874-67-3,7.572,1.145,0.9864709828474427,low-fidelity RED
Decanal,CCCCCCCCCC=O,112-31-2,5.99,0.8705,0.7228416147400486,low-fidelity RED
Decanal Propylene Glycol Acetal,CCCCCCCCCC1OCC(O1)C,12/5/21 0:00,5.913,1.096,0.5006246098625206,low-fidelity RED
Methyl Undecanoate,CCCCCCCCCCC(=O)OC,1731-86-8,7.114,0.7566,0.5390964663211965,low-fidelity RED
Ethyl Undecanoate,CCCCCCCCCCC(=O)OCC,627-90-7,7.427,0.8468,0.46970735570139854,low-fidelity RED
Undecanal Dimethyl Acetal,CCCCCCCCCCC(OC)OC,52517-67-6,5.689,0.9326,0.3544361719689461,low-fidelity RED
Undecanal Diethyl Acetal,CCCCCCCCCCC(OCC)OCC,53405-97-3,5.729,0.9367,0.3092329219213244,low-fidelity RED
(E)-2-Tetradecen-1-Al,CCCCCCCCCCC\C=C\C=O,64461-99-0,5.752,0.9871,0.7386643351347073,low-fidelity RED
Undecanenitrile,CCCCCCCCCCC#N,7/7/44 0:00,6.097,0.8284,0.7814249804043897,low-fidelity RED
Waxy Nitrile,CCCCCCCCCCC=CC#N,22629-49-8,5.8,1.071,0.7921489758877425,low-fidelity RED
2-Tridecen-1-Al,CCCCCCCCCCC=CC=O,7774-82-5,5.752,0.9871,0.742041103982791,low-fidelity RED
Undecanal,CCCCCCCCCCC=O,112-44-7,5.99,0.8705,0.6768493185340448,low-fidelity RED
2-Decyl Furan,CCCCCCCCCCc1ccco1,83469-85-6,6.564,1.008,0.7115124735378855,low-fidelity RED
Undecanal Propylene Glycol Acetal,CCCCCCCCCCC1OCC(O1)C,74094-62-5,5.913,1.096,0.5006246098625206,low-fidelity RED
Isobutyl Laurate,CCCCCCCCCCCC(=O)OCC(C)C,37811-72-6,8.026,0.9725,0.45000000000000034,low-fidelity RED
2-Methyl Butyl Laurate,CCCCCCCCCCCC(=O)OCC(C)CC,55195-19-2,8.036,1.025,0.5361902647381805,low-fidelity RED
Benzyl Laurate,CCCCCCCCCCCC(=O)OCC1=CC=CC=C1,140-25-0,8.474,1.05,0.8789197915623478,low-fidelity RED
Isoamyl Laurate,CCCCCCCCCCCC(=O)OCCC(C)C,6309-51-9,7.702,0.9854,0.45000000000000034,low-fidelity RED
Butyl Laurate,CCCCCCCCCCCC(=O)OCCCC,106-18-3,7.662,0.9379,0.5220153254455284,low-fidelity RED
Amyl Laurate,CCCCCCCCCCCC(=O)OCCCCC,3/8/50 0:00,7.62,0.9126,0.5297405025104281,low-fidelity RED
Hexyl Laurate,CCCCCCCCCCCC(=O)OCCCCCC,34316-64-8,7.62,0.9126,0.5320949163448199,low-fidelity RED
"1,1-Difluorododecane",CCCCCCCCCCCC(F)F,62127-45-I,5.292,0.8284,0.5414101956926929,low-fidelity RED
Isopropyl Laurate,CCCCCCCCCCCC(OC(C)C)=O,10233-13-3,7.381,0.8305,0.5159941860137576,low-fidelity RED
Methyl Dodecanoate,CCCCCCCCCCCC(OC)=O,111-82-0,7.114,0.7566,0.47500000000000014,low-fidelity RED
Dodecanal Dimethyl Acetal,CCCCCCCCCCCC(OC)OC,14620-52-1,5.689,0.9326,0.35443617196894617,low-fidelity RED
Trilaurin,CCCCCCCCCCCC(OCC(COC(CCCCCCCCCCC)=O)OC(CCCCCCCCCCC)=O)=O,538-24-9,8.454,1.036,0.6581223290544097,low-fidelity RED
Propyl Laurate,CCCCCCCCCCCC(OCCC)=O,3681-78-5,7.637,0.9587,0.46770717334674283,low-fidelity RED
(E)-2-Pentadecen-1-Al,CCCCCCCCCCCC\C=C\C=O,64462-00-6,5.752,0.9871,0.6427480066091225,low-fidelity RED
Dodecanenitrile,CCCCCCCCCCCC#N,2437-25-4,6.097,0.8284,0.7110731326663947,low-fidelity RED
Dodecanal,CCCCCCCCCCCC=O,112-54-9,5.99,0.8705,0.6731456008918136,low-fidelity RED
Undecylbenzene,CCCCCCCCCCCC1=CC=CC=C1,6742-54-7,6.257,0.8937,0.9656603957913983,low-fidelity RED
Delta-Juniper Lactone,CCCCCCCCCCCC1CCCC(=O)O1,7370-44-7,7.352,1.186,0.8518362518700409,low-fidelity RED
1-Tridecanal,CCCCCCCCCCCCC=O,10486-19-8,5.99,0.8705,0.585234995535982,low-fidelity RED
γ-Palmitolactone,CCCCCCCCCCCCC1CCC(=O)O1,730-46-1,7.204,1.074,0.7607562027351468,low-fidelity RED
Ethyl Myristate,CCCCCCCCCCCCCC(=O)OCC,124-06-1,7.427,0.8468,0.4828301978956993,low-fidelity RED
Isobutyl Myristate,CCCCCCCCCCCCCC(=O)OCC(C)C,25263-97-2,8.026,0.9725,0.5153882032022079,low-fidelity RED
2-Methyl Butyl Myristate,CCCCCCCCCCCCCC(=O)OCC(C)CC,93805-23-3,8.036,1.025,0.6041522986797287,low-fidelity RED
Isoamyl Myristate,CCCCCCCCCCCCCC(=O)OCCC(C)C,62488-24-8,7.702,0.9854,0.5303300858899109,low-fidelity RED
Butyl Myristate,CCCCCCCCCCCCCC(=O)OCCCC,110-36-1,7.662,0.9379,0.5755432216610676,low-fidelity RED
Hexyl Myristate,CCCCCCCCCCCCCC(=O)OCCCCCC,42231-99-2,7.62,0.9126,0.5793315113128241,low-fidelity RED
"Tetradecanoic Acid, Methyl Ester",CCCCCCCCCCCCCC(OC)=O,124-10-7,7.114,0.7566,0.5320949163448199,low-fidelity RED
Tetradecanal,CCCCCCCCCCCCCC=O,124-25-4,5.99,0.8705,0.5728219618694808,low-fidelity RED
2-Hexadecanone,CCCCCCCCCCCCCCC(=O)C,18787-63-8,6.836,0.8253,0.5408326913195992,low-fidelity RED
Ethyl Pentadecanoate,CCCCCCCCCCCCCCC(=O)OCC,41114-00-5,7.427,0.8468,0.4930770730829007,low-fidelity RED
Pentadecanal,CCCCCCCCCCCCCCC=O,11/9/65 0:00,5.99,0.8705,0.5678908345800282,low-fidelity RED
1-Phenyltetradecane,CCCCCCCCCCCCCCC1=CC=CC=C1,1459-10-5,6.257,0.8937,0.9714679613862731,low-fidelity RED
γ-Octadecalactone,CCCCCCCCCCCCCCC1CCC(=O)O1,502-26-1,7.204,1.074,0.6284902544988267,low-fidelity RED
Isobutyl Palmitate,CCCCCCCCCCCCCCCC(=O)OCC(C)C,110-34-9,8.026,0.9725,0.5297405025104276,low-fidelity RED
Propyl Palmitate,CCCCCCCCCCCCCCCC(=O)OCCC,2239-78-3,7.637,0.9587,0.5297405025104274,low-fidelity RED
Isoamyl Palmitate,CCCCCCCCCCCCCCCC(=O)OCCC(C)C,81974-61-0,7.702,0.9854,0.5297405025104276,low-fidelity RED
Butyl Palmitate,CCCCCCCCCCCCCCCC(=O)OCCCC,111-06-8,7.662,0.9379,0.5297405025104274,low-fidelity RED
Pentyl Palmitate,CCCCCCCCCCCCCCCC(=O)OCCCCC,31148-31-9,7.62,0.9126,0.5841660722773969,low-fidelity RED
Hexadecanoic Acid,CCCCCCCCCCCCCCCC(O)=O,57-10-3,6.542,0.7999,0.8518362518700409,low-fidelity RED
Isopropyl Palmitate,CCCCCCCCCCCCCCCC(OC(C)C)=O,142-91-6,7.381,0.8305,0.5905505905508857,high-fidelity RED
Methyl Palmitate,CCCCCCCCCCCCCCCC(OC)=O,112-39-0,7.114,0.7566,0.48347699014534307,low-fidelity RED
Pentadecylbenzene,CCCCCCCCCCCCCCCC1=CC=CC=C1,2131-18-2,6.257,0.8937,0.9801147891956337,low-fidelity RED
2-Octadecanone,CCCCCCCCCCCCCCCCC(C)=O,7373-13-9,6.836,0.8253,0.585234995535982,low-fidelity RED
Hexadecylbenzene,CCCCCCCCCCCCCCCCC1=CC=CC=C1,1459-09-2,6.257,0.8937,0.980433577556379,low-fidelity RED
Isobutyl Stearate,CCCCCCCCCCCCCCCCCC(=O)OCC(C)C,646-13-9,8.026,0.9725,0.5926634795564852,low-fidelity RED
Propylene Glycol Stearate,CCCCCCCCCCCCCCCCCC(=O)OCC(C)O,1323-39-3,8.341,0.9693,0.6955213871621777,low-fidelity RED
Stearic Acid,CCCCCCCCCCCCCCCCCC(O)=O,57-11-4,6.542,0.7999,0.8314144574157949,high-fidelity RED
"Octadecanoic Acid, Methyl Ester",CCCCCCCCCCCCCCCCCC(OC)=O,112-61-8,7.114,0.7566,0.5326818938165631,low-fidelity RED
Eicosene,CCCCCCCCCCCCCCCCCCC=C,7/1/52 0:00,5.42,0.905,0.8192984804086971,low-fidelity RED
Methyl Tetracosanoate,CCCCCCCCCCCCCCCCCCCCCCCC(=O)OC,2442-49-1,7.114,0.7566,0.6128825336065633,low-fidelity RED
Tritriacontylamine,CCCCCCCCCCCCCCCCCCCCCCCCCCCCCCCCCN,E16477,5.568,0.9102,0.8500000000000002,low-fidelity RED
1-Iodotriacontane,CCCCCCCCCCCCCCCCCCCCCCCCCCCCCCI,62154-82-9,5.42,0.6577,0.9749999999999996,low-fidelity RED
Nonacosylamine,CCCCCCCCCCCCCCCCCCCCCCCCCCCCCN,66213-93-2,5.568,0.9102,0.7921489758877431,low-fidelity RED
Tricosylamine,CCCCCCCCCCCCCCCCCCCCCCCN,14130-07-5,5.568,0.9102,0.6427480066091222,low-fidelity RED
1-Iododocosane,CCCCCCCCCCCCCCCCCCCCCCI,62127-53-1,5.42,0.6577,0.9233092656309696,low-fidelity RED
1-Iodononadecane,CCCCCCCCCCCCCCCCCCCI,62127-51-9,5.42,0.6577,0.9185586535436925,low-fidelity RED
1-Iodooctadecane,CCCCCCCCCCCCCCCCCCI,629-93-6,5.42,0.6577,0.9290452088031032,low-fidelity RED
Octadecylamine,CCCCCCCCCCCCCCCCCCN,124-30-1,5.568,0.9102,0.57227615711298,low-fidelity RED
Methyloctadecylamine,CCCCCCCCCCCCCCCCCCNC,2439-55-6,5.279,0.92,0.6432340165134305,low-fidelity RED
1-Octadecanethiol,CCCCCCCCCCCCCCCCCCS,2885-00-9,5.517,0.739,0.7040063920164358,low-fidelity RED
1-Iodoheptadecane,CCCCCCCCCCCCCCCCCI,26825-83-2,5.42,0.6577,0.9604686356149272,low-fidelity RED
Heptadecylamine,CCCCCCCCCCCCCCCCCN,4200-95-7,5.568,0.9102,0.5968668193156669,low-fidelity RED
1-Iodohexadecane,CCCCCCCCCCCCCCCCI,544-77-4,5.42,0.6577,0.969858237063541,low-fidelity RED
Cetyl Lactate,CCCCCCCCCCCCCCCCOC(=O)C(C)O,35274-05-6,7.164,0.9394,0.6896557112066867,low-fidelity RED
Hexadecyl Acetate,CCCCCCCCCCCCCCCCOC(C)=O,629-70-9,7.192,0.6925,0.5202163011671204,low-fidelity RED
Hexadecyl Propanoate,CCCCCCCCCCCCCCCCOC(CC)=O,6221-96-1,6.316,0.8877,0.5012484413940859,low-fidelity RED
Pentadecylamine,CCCCCCCCCCCCCCCN,2570-26-5,5.568,0.9102,0.5505678886386318,low-fidelity RED
1-Pentadecanethiol,CCCCCCCCCCCCCCCS,25276-70-4,5.517,0.739,0.7141428428542852,low-fidelity RED
Tetradecylamine,CCCCCCCCCCCCCCN,2016-42-4,5.568,0.9102,0.5926634795564856,low-fidelity RED
Ditetradecylamine,CCCCCCCCCCCCCCNCCCCCCCCCCCCCC,17361-44-3,5.332,0.9475,0.7814249804043893,low-fidelity RED
1-Tetradecanethiol,CCCCCCCCCCCCCCS,2079-95-0,5.517,0.739,0.7150174823037547,low-fidelity RED
Ditridecylamine,CCCCCCCCCCCCCNCCCCCCCCCCCCC,5910-75-8,5.332,0.9475,0.8015609770940705,low-fidelity RED
Ditridecyl Phthalate,CCCCCCCCCCCCCOC(=O)C1=CC=CC=C1C(=O)OCCCCCCCCCCCCC,119-06-2,7.811,1.056,0.9852030247619022,high-fidelity RED
1-Tridecanethiol,CCCCCCCCCCCCCS,19484-26-5,5.517,0.739,0.7115124735378855,low-fidelity RED
1-Iodododecane,CCCCCCCCCCCCI,4292-19-7,5.42,0.6577,0.9581883948368405,low-fidelity RED
Methyldodecylamine,CCCCCCCCCCCCNC,7311-30-0,5.279,0.92,0.5408326913195985,low-fidelity RED
Didodecylamine,CCCCCCCCCCCCNCCCCCCCCCCCC,3007-31-6,5.332,0.9475,0.7814249804043893,low-fidelity RED
Dodecyl Acetate,CCCCCCCCCCCCOC(=O)C,112-66-3,7.192,0.6925,0.5273755777432255,low-fidelity RED
Lauryl Methacrylate,CCCCCCCCCCCCOC(=O)C(=C)C,142-90-5,6.748,1.018,0.6408002808988146,high-fidelity RED
Lauryl Isobutyrate,CCCCCCCCCCCCOC(=O)C(C)C,6624-71-1,7.314,1.008,0.48218253804964806,low-fidelity RED
Dodecyl Propanoate,CCCCCCCCCCCCOC(CC)=O,6221-93-8,6.316,0.8877,0.4828301978956993,low-fidelity RED
Dodecyl Butanoate,CCCCCCCCCCCCOC(CCC)=O,3724-61-6,7.403,0.9313,0.5055937104039173,low-fidelity RED
1-Dodecanethiol,CCCCCCCCCCCCS,112-55-0,5.517,0.739,0.7088723439378916,low-fidelity RED
1-Iodoundecane,CCCCCCCCCCCI,4282-44-4,5.42,0.6577,0.9031195934094227,low-fidelity RED
Undecylamine,CCCCCCCCCCCN,7307-55-3,5.568,0.9102,0.5878988008152431,low-fidelity RED
"1,2-Benzene Dicarboxylic Acid, Heptyl, Undecyl Ester",CCCCCCCCCCCOC(=O)c1ccccc1C(=O)OCCCCCCC,65185-88-8,7.811,1.056,0.8306623862918076,low-fidelity RED
Undecyl Acetate,CCCCCCCCCCCOC(C)=O,1731-81-3,7.192,0.6925,0.47500000000000014,low-fidelity RED
Undecyl Propanoate,CCCCCCCCCCCOC(CC)=O,5458-33-3,6.316,0.8877,0.45893899376714564,low-fidelity RED
Undecyl Mercaptan  (1-Undecanethiol),CCCCCCCCCCCS,5332-52-5,5.517,0.739,0.7022285952594072,low-fidelity RED
Methyl Undecyl Sulfide,CCCCCCCCCCCSC,m1172,5.405,0.79,0.7322909257938407,low-fidelity RED
1-Iododecane,CCCCCCCCCCI,2050-77-3,5.42,0.6577,0.9545941546018387,low-fidelity RED
Didecylamine,CCCCCCCCCCNCCCCCCCCCC,1120-49-6,5.332,0.9475,0.6432340165134305,low-fidelity RED
Decyl Isovalerate,CCCCCCCCCCOC(=O)CC(C)C,72928-48-4,6.81,1.013,0.4479118216792233,low-fidelity RED
Decyl Butyrate,CCCCCCCCCCOC(=O)CCC,9/1/54 0:00,7.403,0.9313,0.4802343178074638,low-fidelity RED
Decyl Mercaptan,CCCCCCCCCCS,143-10-2,5.517,0.739,0.7044501401802687,low-fidelity RED
1-Iodononane,CCCCCCCCCI,4282-42-2,5.42,0.6577,0.9433981132056599,low-fidelity RED
Nonylamine,CCCCCCCCCN,112-20-9,5.568,0.9102,0.6914658342969672,low-fidelity RED
Dinonylamine,CCCCCCCCCNCCCCCCCCC,2044-21-5,5.332,0.9475,0.6314665470157546,low-fidelity RED
Nonyl Acetate,CCCCCCCCCOC(=O)C,143-13-5,7.192,0.6925,0.5706356105256671,low-fidelity RED
Nonyl Benzoate,CCCCCCCCCOC(=O)C1=CC=CC=C1,5451-95-6,7.397,0.984,0.9826622003516775,low-fidelity RED
"1,2-Benzenedicarboxylic Acid, Heptyl, Nonyl Ester",CCCCCCCCCOC(=O)c1ccccc1C(=O)OCCCCCCC,19295-81-9,7.811,1.056,0.8238628526642036,low-fidelity RED
Nonyl Isovalerate,CCCCCCCCCOC(=O)CC(C)C,7786-47-2,6.81,1.013,0.4479118216792233,low-fidelity RED
Nonyl Octanoate,CCCCCCCCCOC(=O)CCCCCCC,7786-48-3,7.62,0.9126,0.5297405025104281,low-fidelity RED
Nonyl Mercaptan,CCCCCCCCCS,1455-21-6,5.517,0.739,0.7128288714691629,low-fidelity RED
Methyl Nonyl Sulfide,CCCCCCCCCSC,59973-07-8,5.405,0.79,0.7826237921249273,low-fidelity RED
1-Iodooctane,CCCCCCCCI,629-27-6,5.42,0.6577,0.9440603794249598,low-fidelity RED
Octylamine,CCCCCCCCN,111-86-4,5.568,0.9102,0.710633520177595,low-fidelity RED
Methyloctylamine,CCCCCCCCNC,2439-54-5,5.279,0.92,0.48283019789569936,low-fidelity RED
Dioctylamine,CCCCCCCCNCCCCCCCC,1120-48-5,5.332,0.9475,0.6149186938124422,low-fidelity RED
Octyl Isobutyrate,CCCCCCCCOC(=O)C(C)C,109-15-9,7.314,1.008,0.42573465914816033,low-fidelity RED
Octyl 2-Methyl Butyrate,CCCCCCCCOC(=O)C(C)CC,29811-50-5,7.351,0.9253,0.45961940777125626,low-fidelity RED
Octyl Benzoate,CCCCCCCCOC(=O)C1=CC=CC=C1,94-50-8,7.397,0.984,0.9962429422585639,low-fidelity RED
Octyl Propanoate,CCCCCCCCOC(=O)CC,142-60-9,6.316,0.8877,0.45893899376714575,low-fidelity RED
Dioctyl Malonate,CCCCCCCCOC(=O)CC(=O)OCCCCCCCC,16958-88-6,7.012,0.9172,0.5873670062235363,low-fidelity RED
Octyl Isovalerate,CCCCCCCCOC(=O)CC(C)C,7786-58-5,6.81,1.013,0.39210967853395357,low-fidelity RED
Octyl Phenyl Acetate,CCCCCCCCOC(=O)CC1=CC=CC=C1,122-45-2,7.82,1.124,0.9788385975225948,low-fidelity RED
Octyl Valerate,CCCCCCCCOC(=O)CCCC,5451-85-4,7.456,0.9106,0.5250000000000008,low-fidelity RED
Octyl Hexanoate,CCCCCCCCOC(=O)CCCCC,4887-30-3,7.62,0.9126,0.5273755777432255,low-fidelity RED
Dioctyl Adipate,CCCCCCCCOC(=O)CCCCC(=O)OCCCCCCCC,123-79-5,7.62,0.9126,0.9775607398008574,high-fidelity RED
Octyl Heptanoate,CCCCCCCCOC(=O)CCCCCC,5132-75-2,7.62,0.9126,0.5303300858899115,low-fidelity RED
Octyl Octanoate,CCCCCCCCOC(=O)CCCCCCC,2306-88-9,7.62,0.9126,0.5220153254455284,low-fidelity RED
Octyl Butanoate,CCCCCCCCOC(CCC)=O,110-39-4,7.403,0.9313,0.4776243293635702,low-fidelity RED
Octyl Formate,CCCCCCCCOC=O,112-32-3,6.115,0.8977,0.6726812023536858,low-fidelity RED
Benzyl Octyl Ether,CCCCCCCCOCC1=CC=CC=C1,54852-64-1,6.518,1.007,0.8634958019585277,low-fidelity RED
Dioctyl Ether,CCCCCCCCOCCCCCCCC,629-82-3,5.855,0.7897,0.5367727638395976,low-fidelity RED
Trioctyl Phosphate,CCCCCCCCOP(=O)(OCCCCCCCC)OCCCCCCCC,1806-54-8,5.376,0.9939,0.9058835465996719,high-fidelity RED
Octyl Mercaptan,CCCCCCCCS,111-88-6,5.517,0.739,0.7150174823037547,low-fidelity RED
1-Iodoheptane,CCCCCCCI,4282-40-0,5.42,0.6577,0.962094070244693,low-fidelity RED
Heptylamine,CCCCCCCN,111-68-2,5.568,0.9102,0.8710625695092172,low-fidelity RED
Diheptylamine,CCCCCCCNCCCCCCC,2470-68-0,5.332,0.9475,0.4924428900898054,low-fidelity RED
Heptyl Isobutyrate,CCCCCCCOC(=O)C(C)C,2349-13-5,7.314,1.008,0.6750000000000003,low-fidelity RED
Heptyl 2-Methyl Butyrate,CCCCCCCOC(=O)C(C)CC,50862-12-9,7.351,0.9253,0.4153311931459041,low-fidelity RED
Heptyl Isovalerate,CCCCCCCOC(=O)CC(C)C,56423-43-9,6.81,1.013,0.3750000000000005,low-fidelity RED
Heptyl Valerate,CCCCCCCOC(=O)CCCC,5451-80-9,7.456,0.9106,0.4828301978956993,low-fidelity RED
Heptyl Hexanoate,CCCCCCCOC(=O)CCCCC,6976-72-3,7.62,0.9126,0.5303300858899114,low-fidelity RED
Heptyl Heptanoate,CCCCCCCOC(=O)CCCCCC,624-09-9,7.62,0.9126,0.5123475382979807,low-fidelity RED
Diheptyl Ether,CCCCCCCOCCCCCCC,629-64-1,5.855,0.7897,0.4100304866714186,low-fidelity RED
Heptyl Mercaptan,CCCCCCCS,1639-09-4,5.517,0.739,0.7766112283504535,low-fidelity RED
Dihexylamine,CCCCCCNCCCCCC,143-16-8,5.332,0.9475,0.51295711321708,low-fidelity RED
Hexyl Tiglate,CCCCCCOC(=O)/C(=C/C)/C,16930-96-4,6.988,1.064,0.7267220926874312,low-fidelity RED
Hexyl 2-Butenoate,CCCCCCOC(=O)\C=C\C,19089-92-0,6.947,1.064,0.8250000000000002,low-fidelity RED
Dihexyl Fumarate,CCCCCCOC(=O)\C=C\C(=O)OCCCCCC,19139-31-2,7.075,1.034,0.8835298523536153,low-fidelity RED
Hexyl (E)-2-Hexenoate,CCCCCCOC(=O)\C=C\CCC,33855-57-1,7.045,1.077,0.6427480066091225,low-fidelity RED
n-Hexyl Methacrylate,CCCCCCOC(=O)C(=C)C,142-09-6,6.748,1.018,0.5414101956926931,low-fidelity RED
Hexyl Neopentanoate,CCCCCCOC(=O)C(C)(C)C,5434-57-1,6.925,0.8503,0.26925824035672535,low-fidelity RED
Hexyl (E)-2-Methyl-3-Pentenoate,CCCCCCOC(=O)C(C)\C=C\C,58625-95-9,7.516,1.08,0.7035623639735139,low-fidelity RED
Hexyl Isobutyrate,CCCCCCOC(=O)C(C)C,7/7/49 0:00,7.314,1.008,0.4168333000133271,low-fidelity RED
Hexyl 2-Methyl Butyrate,CCCCCCOC(=O)C(C)CC,10032-15-2,7.351,0.9253,0.4308421984903525,low-fidelity RED
Hexyl Valerate,CCCCCCOC(=O)CCCC,1117-59-5,7.456,0.9106,0.5590169943749482,low-fidelity RED
Hexyl Hexanoate,CCCCCCOC(=O)CCCCC,6378-65-0,7.62,0.9126,0.5488624600025045,low-fidelity RED
Acetaldehyde Methyl Hexyl Acetal,CCCCCCOC(C)OC,54340-90-8,5.918,1.04,0.42499999999999977,low-fidelity RED
Earthy Acetal,CCCCCCOC(C)OCC,54484-73-0,6.154,0.9521,0.32977264895682296,low-fidelity RED
Acetaldehyde Dihexyl Acetal,CCCCCCOC(C)OCCCCCC,5405-58-3,6.17,0.9227,0.35089172119045553,low-fidelity RED
Acetaldehyde Hexyl Isoamyl Acetal,CCCCCCOC(CC)OCCC(C)C,233665-90-2,5.791,0.9656,0.21505813167606586,low-fidelity RED
Hexanal Hexyl Isoamyl Acetal,CCCCCCOC(CCCCC)OCCC(C)C,896447-13-5,5.687,0.9944,0.34820970692960285,low-fidelity RED
Hexanal Dihexyl Acetal,CCCCCCOC(CCCCC)OCCCCCC,33673-65-3,5.835,1.014,0.43874821936960645,low-fidelity RED
Hexoxyacetaldehyde Dimethyl Acetal,CCCCCCOCC(OC)OC,17597-95-4,5.899,0.936,0.6229967897188559,low-fidelity RED
Dihexyl Ether,CCCCCCOCCCCCC,112-58-3,5.855,0.7897,0.46368092477478534,high-fidelity RED
Dipentylamine,CCCCCNCCCCC,2050-92-2,5.385,0.9444,0.5006246098625199,low-fidelity RED
Amyl Tiglate,CCCCCOC(=O)/C(=C/C)/C,7785-65-1,7.046,1.063,0.7648529270389173,low-fidelity RED
Amyl Angelate,CCCCCOC(=O)/C(=C\C)/C,7785-63-9,7.046,1.063,0.7648529270389173,low-fidelity RED
Amyl Isobutyrate,CCCCCOC(=O)C(C)C,2445-72-9,7.373,1.003,0.480234317807464,low-fidelity RED
Amyl 2-Methyl Butyrate,CCCCCOC(=O)C(C)CC,68039-26-9,7.41,0.9192,0.41003048667141856,low-fidelity RED
n-Pentyl Propionate,CCCCCOC(=O)CC,624-54-4,6.373,0.883,0.8735702604828076,high-fidelity RED
Amyl Isovalerate,CCCCCOC(=O)CC(C)C,25415-62-7,6.867,1.009,0.4308421984903526,low-fidelity RED
Amyl Valerate,CCCCCOC(=O)CCCC,2173-56-0,7.514,0.9084,0.5556527692723218,low-fidelity RED
Amyl Undecylenate,CCCCCOC(=O)CCCCCCCCC=C,18451-96-2,7.606,1.083,0.5488624600025046,low-fidelity RED
Di-n-Pentyl Ether,CCCCCOCCCCC,693-65-2,5.911,0.7838,0.25617376914899,high-fidelity RED
Pentyl Mercaptan,CCCCCS,110-66-7,5.571,0.7353,0.8200609733428358,low-fidelity RED
Methyl Pentyl Sulfide,CCCCCSC,1741-83-9,5.46,0.7861,0.8003905296791058,low-fidelity RED
Dibutyl Amine,CCCCNCCCC,111-92-2,5.303,0.8951,0.2839454172900136,high-fidelity RED
Tri-n-Butyl Borate,CCCCOB(OCCCC)OCCCC,688-74-4,5.651,0.7244,0.9407443861113388,high-fidelity RED
Butyl (E)-2-Crotonate,CCCCOC(=O)\C=C\C,591-63-9,6.964,1.063,0.9276987657639737,low-fidelity RED
Iso-Butyl Isobutyrate,CCCCOC(=O)C(C)C,97-87-0,7.332,1.004,0.6576473218982952,low-fidelity RED
Butyl 2-Methyl Butyrate,CCCCOC(=O)C(C)CC,15706-73-7,7.369,0.9204,0.4308421984903526,low-fidelity RED
Chamomile Valerate,CCCCOC(=O)C(C)CCC,6297-41-2,7.105,0.9469,0.4776243293635703,low-fidelity RED
Butyl Butyryl Lactate,CCCCOC(=O)C(C)OC(=O)CCC,7492-70-8,7.784,1.177,0.8891709621889373,low-fidelity RED
Butyl Isovalerate,CCCCOC(=O)CC(C)C,109-19-3,6.826,1.008,0.42499999999999993,low-fidelity RED
Dibutyl Succinate,CCCCOC(=O)CCC(=O)OCCCC,141-03-7,7.602,0.8817,0.9263503656824448,low-fidelity RED
Di-Butyl Glutarate,CCCCOC(=O)CCCC(=O)OCCCC,6624-57-3,7.473,0.9118,0.8355387483534205,low-fidelity RED
Dibutyl Decanedioate,CCCCOC(=O)CCCCCCCCC(=O)OCCCC,98781-27-2,7.579,0.9398,0.6955213871621777,low-fidelity RED
Butyl Undecylenate,CCCCOC(=O)CCCCCCCCC=C,109-42-2,7.566,1.107,0.4924428900898054,low-fidelity RED
Butyl Isopropenyl Ether,CCCCOC(C)=C,22022-33-9,6.453,1.044,0.707548584904245,high-fidelity RED
Isopropyl Butyl Ether,CCCCOC(C)C,1860-27-1,5.902,0.799,0.050000000000000044,low-fidelity RED
Acetaldehyde Butyl Phenethyl Acetal,CCCCOC(C)OCCC1=CC=CC=C1,64577-91-9,7.134,1.093,0.8689073598491389,low-fidelity RED
Butyl Valerate,CCCCOC(CCCC)=O,591-68-4,7.473,0.9118,0.5750000000000001,low-fidelity RED
Valeraldehyde Dibutyl Acetal,CCCCOC(CCCC)OCCCC,13112-65-7,5.875,0.9918,0.32596012026013227,low-fidelity RED
"Butane, 1-(Difluoromethoxy)-",CCCCOC(F)F,1481-51-2,5.679,0.8679,0.4387482193696061,low-fidelity RED
Phenethyl Butyl Ether,CCCCOCCC1=CC=CC=C1,5331-14-6,6.823,0.9436,0.953283798246881,low-fidelity RED
Di-n-Butyl Ether,CCCCOCCCC,142-96-1,5.869,0.7156,0.07071067811865459,high-fidelity RED
2-Butoxyethyl Acrylate,CCCCOCCOC(=O)C=C,7251-90-3,7.081,0.954,0.876783895837509,low-fidelity RED
Ethylene Glycol Butyl Ethyl Ether,CCCCOCCOCC,4413-13-2,5.564,0.8134,0.5595757321399848,high-fidelity RED
Ethylene Glycol Dibutyl Ether,CCCCOCCOCCCC,112-48-1,5.858,0.7329,0.5080600358225392,high-fidelity RED
Vinyl Butyl Carbitol,CCCCOCCOCCOC=C,,5.457,0.9398,0.9460443964212251,high-fidelity RED
Diethylene Glycol Dibutyl Ether,CCCCOCCOCCOCCCC,112-73-2,5.858,0.7329,0.594243216200236,high-fidelity RED
1-Butanethiol,CCCCS,109-79-5,5.486,0.7379,0.8609587678861285,high-fidelity RED
Tripropyl Borate,CCCOB(OCCC)OCCC,688-71-1,5.324,0.7604,0.5006246098625197,low-fidelity RED
Propyl Tiglate,CCCOC(=O)/C(=C/C)/C,61692-83-9,6.689,1.077,0.7798236980241114,low-fidelity RED
Propyl Crotonate,CCCOC(=O)\C=C\C,10352-87-1,6.647,1.076,0.9427353817482397,low-fidelity RED
Propyl 2-Methyl Butyrate,CCCOC(=O)C(C)CC,37064-20-3,7.052,0.9365,0.40773766075750206,low-fidelity RED
"Propyl 2,4-Decadienoate",CCCOC(=O)C=CC=CCCCCC,84788-08-9,6.923,1.23,0.8370334521391601,low-fidelity RED
n-Propyl Propanoate,CCCOC(=O)CC,106-36-5,6.011,0.9009,0.889170962188937,high-fidelity RED
Dipropyl Glutarate,CCCOC(=O)CCCC(=O)OCCC,1724-48-7,7.428,0.9423,0.8860022573334673,low-fidelity RED
Dipropyl Adipate,CCCOC(=O)CCCCC(=O)OCCC,106-19-4,7.592,0.9401,0.7254309064273459,low-fidelity RED
Propyl Isopropyl Ether,CCCOC(C)C,627-08-7,5.577,0.828,0.11456439237389567,low-fidelity RED
Acetaldehyde Ethyl Propyl Acetal,CCCOC(C)OCC,20680-10-8,5.844,0.9539,0.36142080737002413,low-fidelity RED
Acetaldehyde Dipropyl Acetal,CCCOC(C)OCCC,105-82-8,5.86,0.9284,0.28394541729001377,low-fidelity RED
Leafy Acetal,CCCOC(C)OCCC1=CC=CC=C1,7493-57-4,6.816,1.109,0.9171968163922065,low-fidelity RED
Di-n-Propyl Ether,CCCOCCC,111-43-3,5.646,0.7831,0.0,high-fidelity RED
Diethylisopropylamine,CCN(CC)C(C)C,6006-15-1,5.565,1.008,0.40388736053508767,low-fidelity RED
Marine Hexane,CCO[C@@H]1CC[C@@H](CC1)C(C)(C)CC,181258-87-7,5.494,1.209,0.5857687256929993,low-fidelity RED
Tetraethylorthosilicate,CCO[Si](OCC)(OCC)OCC,78-10-4,5.28,0.8656,0.926350365682445,high-fidelity RED
Triethyl Borate,CCOB(OCC)OCC,150-46-9,5.36,0.6944,0.23717082451262833,low-fidelity RED
Ethyl Isopropenyl Ether,CCOC(=C)C,926-66-9,6.076,0.9313,0.5037360419902468,high-fidelity RED
Woody Cyclohexanone,CCOC(=C)C1C(CC(=O)CC1(C)C)(C)C,36306-87-3,6.865,1.281,0.8038967595406767,low-fidelity RED
(E)-Ethyl Tiglate,CCOC(=O)/C(=C/C)/C,55514-48-2,6.674,1.004,0.9168560410446127,low-fidelity RED
(E)-Ethyl Geranate,CCOC(=O)\C=C(/C)\CCC=C(C)C,32659-21-5,7.449,1.211,0.7909646009778195,low-fidelity RED
Citronellyl Ethoxalate,CCOC(=O)C(=O)OCCC(C)CCC=C(C)C,60788-25-2,7.279,1.221,0.8692669325356857,low-fidelity RED
Berry Pentadienoate,CCOC(=O)C(C)C=C=C,60523-21-9,6.497,1.015,0.7110731326663944,low-fidelity RED
Ethyl 2-Cyclohexyl Propionate,CCOC(=O)C(C)C1CCCCC1,2511-00-4,7.269,0.9834,0.7866066361276145,low-fidelity RED
Pineapple Pentenoate,CCOC(=O)C(C)CC=C,53399-81-8,6.927,0.963,0.5968668193156663,low-fidelity RED
Ethyl α-Fluoroacrylate,CCOC(=O)C(F)=C,760-80-5,6.14,1.078,0.7766112283504535,low-fidelity RED
Ethyl Senecioate,CCOC(=O)C=C(C)C,638-10-8,7.007,1.063,0.9168560410446127,low-fidelity RED
Ethyl 3-(Trifluoromethyl)Crotonate,CCOC(=O)C=C(C)C(F)(F)F,24490-03-7,5.493,1.178,0.45552167895721496,low-fidelity RED
Ethyl Safranate,CCOC(=O)C1=C(C=CCC1(C)C)C,35044-59-8,7.743,1.263,0.9117291264405233,low-fidelity RED
Ethyl Safranate,CCOC(=O)C1C(=C)C=CCC1(C)C,35044-58-7,7.69,1.215,0.6123724356957944,low-fidelity RED
Ethyl Chrysanthemate,CCOC(=O)C1C(C1(C)C)C=C(C)C,97-41-6,7.074,1.162,0.5640257086339246,low-fidelity RED
Ethyl Cyclohexyl Carboxylate,CCOC(=O)C1CCCCC1,3289-28-9,6.842,0.9775,0.9585144756340412,low-fidelity RED
"Ethyl 3,5,5-Trimethyl Hexanoate",CCOC(=O)CC(C)CC(C)(C)C,67707-75-9,6.938,0.9564,0.261007662722764,low-fidelity RED
"Ethyl (Z)-4,7-Octadienoate",CCOC(=O)CC/C=C\CC=C,69925-33-3,7.041,1.013,0.7733854149129005,low-fidelity RED
Ethyl 4-Methyl-3-Pentenoate,CCOC(=O)CC=C(C)C,6849-18-9,6.608,0.876,0.8806957476904265,low-fidelity RED
Ethyl Cyclohexyl Acetate,CCOC(=O)CC1CCCCC1,5452-75-5,7.08,0.9581,0.8867073925484098,low-fidelity RED
Ethyl 4-Methyl Valerate,CCOC(=O)CCC(C)C,25415-67-2,7.165,0.8919,0.475,low-fidelity RED
"Ethyl 4,4,4-Trifluorobutyrate",CCOC(=O)CCC(F)(F)F,371-26-6,6.069,0.9919,0.5689903338370521,low-fidelity RED
Ethyl 4-Pentenoate,CCOC(=O)CCC=C,1968-40-7,7.04,0.9099,0.8097067370350823,low-fidelity RED
Ethyl Cyclohexane Propionate,CCOC(=O)CCC1CCCCC1,10094-36-7,7.106,0.975,0.8558621384311843,low-fidelity RED
Ethyl 5-Hexenoate,CCOC(=O)CCCC=C,54653-25-7,7.345,0.9948,0.7035623639735146,low-fidelity RED
Ethyl 9-Decenoate,CCOC(=O)CCCCCCCC=C,67233-91-4,7.452,1.033,0.46770717334674283,low-fidelity RED
Rose Carbonate,CCOC(=O)OC1C(CCC(C1C)C)C,93981-50-1,7.225,0.9776,0.46165463281548497,low-fidelity RED
"Propanoic Acid,Pentafluoro-,Ethyl Ester",CCOC(C(C(F)(F)F)(F)F)=O,426-65-3,5.475,0.8932,0.6932712311931021,low-fidelity RED
Ethyl 7H-Dodecafluoroheptanoate,CCOC(C(F)(C(F)(C(F)(C(F)(C(F)(C(F)F)F)F)F)F)F)=O,42287-85-4,5.58,1.022,0.5595757321399846,low-fidelity RED
Ethyl Linalyl Ether,CCOC(C)(CCC=C(C)C)C=C,72845-33-1,6.193,1.14,0.6274950199005569,low-fidelity RED
Ethyl Isopropyl Ether,CCOC(C)C,625-54-7,5.591,0.8207,0.2872281323269015,low-fidelity RED
Acetaldehyde Ethyl Methyl Acetal,CCOC(C)OC,10471-14-4,5.623,0.9925,0.6269968101992226,low-fidelity RED
Ethyl Linalyl Acetal,CCOC(C)OC(C)(CCC=C(C)C)C=C,40910-49-4,6.727,1.247,0.5937171043518966,low-fidelity RED
Acetal 318,CCOC(C)OC(C)(CCCC(C)C)C=C,84029-93-6,6.56,1.133,0.4924428900898053,low-fidelity RED
Acetaldehyde Ethyl Isopropyl Acetal,CCOC(C)OC(C)C,25334-93-4,5.508,0.8772,0.28939592256975555,low-fidelity RED
Acetaldehyde Ethyl Isobutyl Acetal,CCOC(C)OCC(C)C,6986-51-2,5.856,0.995,0.21213203435596414,low-fidelity RED
"1,2-Di((1-Ethoxy)Ethoxy) Propane",CCOC(C)OCC(C)OC(C)OCC,67715-79-1,6.089,1.011,0.5667892024377316,low-fidelity RED
Acetaldehyde Ethyl Glyceryl Mixed Acetal,CCOC(C)OCC(COC(C)OCC)OC(C)OCC,67715-82-6,5.837,1.029,0.6982120021884474,low-fidelity RED
Acetaldehyde Ethyl Phenethyl Acetal,CCOC(C)OCCC1=CC=CC=C1,10/7/56 0:00,6.877,1.083,0.9490126448051147,low-fidelity RED
Citral Diethyl Acetal,CCOC(C=C(C)CCC=C(C)C)OCC,7492-66-2,7.135,1.093,0.6010407640085659,low-fidelity RED
Isovaleraldehyde Diethyl Acetal,CCOC(CC(C)C)OCC,3/3/42 0:00,5.732,0.8015,0.16007810593582109,low-fidelity RED
1-Ethyl Vinyl Ethyl Ether,CCOC(CC)=C,1528-20-7,6.102,1.049,0.44158804331639234,high-fidelity RED
Phenyl Acetaldehyde Diethyl Acetal,CCOC(CC1=CC=CC=C1)OCC,6314-97-2,6.438,0.9773,0.8905756565278443,low-fidelity RED
Triethoxymethane,CCOC(OCC)OCC,108055-42-1,5.578,0.7717,0.7093130479555555,low-fidelity RED
Geranyl Ethyl Ether,CCOC\C=C(/C)\CCC=C(C)C,40267-72-9,6.414,1.074,0.6547900426854392,low-fidelity RED
Neryl Ethyl Ether,CCOC\C=C(\C)/CCC=C(C)C,22882-89-9,6.414,1.074,0.6547900426854392,low-fidelity RED
Woody Nonane,CCOC1(CCC2C(=C)C1CCC2(C)C)C,68845-00-1,6.248,1.42,0.7668930825088988,low-fidelity RED
Cyclohexanone Diethyl Acetal,CCOC1(CCCCC1)OCC,1670-47-9,5.424,1.022,0.7062223445912762,low-fidelity RED
Menglytate,CCOCC(=O)O[C@@H]1C[C@@H](CC[C@H]1C(C)C)C,579-94-2,6.877,1.42,0.707990112925315,low-fidelity RED
Ethyl Isobutyl Ether,CCOCC(C)C,627-02-1,5.56,0.8561,0.14361406616345043,low-fidelity RED
Prenyl Ethyl Ether,CCOCC=C(C)C,22094-00-4,5.999,0.9906,0.4301162633521317,low-fidelity RED
Citronellyl Ethyl Ether,CCOCCC(C)CCC=C(C)C,69929-16-4,6.348,1.082,0.46970735570139854,low-fidelity RED
Dihydrocitronellyl Ethyl Ether,CCOCCC(C)CCCC(C)C,22810-10-2,5.61,0.9401,0.33260336739125196,low-fidelity RED
Ethyl Butyl Ether,CCOCCCC,628-81-9,5.279,0.7978,0.5111262075065217,high-fidelity RED
Acetaldehyde Ethyl 3-Methyl Butyl Acetal,CCOCCOCCC(C)C,13442-90-5,5.528,0.8951,0.3051638903933427,low-fidelity RED
Diethylene Glycol Diethyl Ether,CCOCCOCCOCC,112-36-7,5.414,0.786,0.968568531390526,high-fidelity RED
2-Chloro-1-Pentene,ClC(=C)CCC,42131-85-1,5.538,0.9165,0.4220485754033534,low-fidelity RED
Heptanoyl Chloride,ClC(=O)CCCCCC,2528-61-2,6.258,0.9222,0.9407443861113385,low-fidelity RED
2-Chloro-3-Methyl-2-Butene,ClC(C)=C(C)C,17773-65-8,5.334,0.7811,0.5640257086339246,low-fidelity RED
3-Chloro-2-Methyl-1-Butene,ClC(C)C(=C)C,5166-35-8,5.359,1.056,0.3848701079585168,low-fidelity RED
1-Chloro-2-Ethylbutane,ClCC(CC)CC,4737-41-1,5.281,0.8645,0.4828301978956994,low-fidelity RED
1-Chloro-3-Methyl-2-Butene,ClCC=C(C)C,503-60-6,5.841,0.963,0.914467057908594,low-fidelity RED
4-Chloro-2-Methyl-1-Butene,ClCCC(=C)C,10523-96-3,5.641,0.9897,0.7123903424387502,low-fidelity RED
Dimethyl-sec-Butylamine,CN(C)C(C)CC,921-04-0,5.495,0.9458,0.36742346141747656,low-fidelity RED
"Methanediamine, N,N,N',N'-Tetramethyl-",CN(C)CN(C)C,51-80-9,5.348,0.8414,0.3259601202601324,low-fidelity RED
Methylisobutylamine,CNC(C)(C)C,14610-37-8,5.453,0.8819,0.406201920231798,low-fidelity RED
N-Methylcyclohexylamine,CNC1CCCCC1,100-60-7,5.622,0.8839,0.9424038412485386,low-fidelity RED
Methylhexylamine,CNCCCCCC,35161-70-7,5.279,0.92,0.5900211860602975,low-fidelity RED
Methylheptylamine,CNCCCCCCC,36343-05-2,5.279,0.92,0.5129571132170802,low-fidelity RED
Methylundecylamine,CNCCCCCCCCCCC,66553-53-5,5.279,0.92,0.48862050714230176,low-fidelity RED
Methoxytrimethylsilane,CO[Si](C)(C)C,1825-61-2,5.278,0.7693,0.7603453162872774,low-fidelity RED
Decanal Methyl Enol Ether,CO\C=C\CCCCCCCC,79930-37-3,5.381,0.9509,0.5105144464165543,low-fidelity RED
Trimethyl Borate,COB(OC)OC,121-43-7,5.513,0.7552,0.5573374202401988,low-fidelity RED
Herbal Carbonate,COC(=O)OC1CCCCCCC1,61699-38-5,6.937,1.01,0.9559027147152587,low-fidelity RED
"2,3,3,3-Tetrafluoropropionic Acid Methyl Ester",COC(C(C(F)(F)F)F)=O,382-93-4,5.3,0.899,0.7877975628294365,low-fidelity RED
"Methyl 1,1-Dimethylpropyl Ether",COC(C)(C)CC,994-05-8,5.769,0.7675,0.26100766272276377,low-fidelity RED
Methyl Isopropyl Ether,COC(C)C,598-53-8,5.31,0.7931,0.4387482193696061,low-fidelity RED
Bean Hexene,COC(CC)OCC/C=C\CC,97358-55-9,5.518,1.151,0.5184110338331931,low-fidelity RED
2-Phenyl Propionaldehyde Dimethyl Acetal,COC(OC)C(C)c1ccccc1,90-87-9,6.521,1.093,0.9788385975225948,low-fidelity RED
Woody Dodecane,COC1(CCCCCCCCCCC1)OC,950-33-4,5.306,0.8588,0.8031189202104503,low-fidelity RED
Tropical Indene,COC1CC2CC1C3C2CC=C3,53018-24-9,5.774,1.191,0.9058835465996714,low-fidelity RED
Woody Ether,COC1CCCCCCCCCCC1,2986-54-1,5.32,0.7962,0.7893826701923481,low-fidelity RED
Methyl Isobutyl Ether,COCC(C)C,625-44-5,5.5,0.9016,0.2622022120425375,low-fidelity RED
Dipropylene Glycol Dimethyl Ether,COCC(C)OCC(C)OC,111109-77-4,5.513,0.9984,0.6661456297237117,low-fidelity RED
4-Methyl-2-Thiapentane,CSCC(C)C,5008-69-5,5.681,0.8067,0.6067330549755804,low-fidelity RED
Methyl Butyl Sulfide,CSCCCC,628-29-5,5.374,0.7903,0.8007808689023481,low-fidelity RED
Bromotrifluoroethylene,F\C(F)=C(Br)/F,598-73-2,5.3,0.838,0.4366062299143246,low-fidelity RED
"1,2,2-Trifluorovinylbenzene",FC(=C(F)c1ccccc1)F,447-14-3,5.998,0.938,0.711512473537886,low-fidelity RED
Benzoyl Fluoide,FC(=O)c1ccccc1,455-32-3,6.146,1.008,0.9650129532809386,low-fidelity RED
"Benzene, 1,2,4,5-Tetrafluoro-3-Methyl-",FC(C(F)=CC(F)=C1F)=C1C,5230-78-4,5.356,1.03,0.9620940702446924,low-fidelity RED
2-Fluorobutane,FC(C)CC,359-01-3,5.309,0.85,0.38160843806184336,low-fidelity RED
2-Fluorohexane,FC(C)CCCC,372-54-3,5.322,0.8295,0.47037219305566946,low-fidelity RED
"2,2-Difluoroethyl  Difluoromethyl  Ether",FC(COC(F)F)F,32778-16-8,5.68,0.8994,0.9246621004453464,low-fidelity RED
"Ethyl 4,4,4-Trifluorocrotonate",FC(F)(F)\C=C\C(=O)OCC,25597-16-4,5.602,1.15,0.6229967897188555,low-fidelity RED
"Ethyl 4,4,4-Trifluoro-3-(Trifluoromethyl)Crotnate",FC(F)(F)C(=CC(=O)OCC)C(F)(F)F,1513-60-6,5.533,1.136,0.358817502360183,low-fidelity RED
n-Buthyl Trifluoroacetate,FC(F)(F)C(=O)OCCCC,367-64-6,5.576,0.9006,0.5408326913195983,low-fidelity RED
"Ethyl 2-Bromo-2,3,3,3-Tetrafluoropropionate ",FC(F)(F)C(F)(Br)C(=O)OCC,10186-73-9,5.581,0.9813,0.6020797289396147,low-fidelity RED
"Butanoic Acid,Heptafluoro-,Ethyl Ester",FC(F)(F)C(F)(F)C(F)(F)C(=O)OCC,356-27-4,5.456,0.8732,0.662382064974588,low-fidelity RED
"1,1,1,3,3,3-Hexafluoroisopropyl Methacrylate",FC(F)(F)C(OC(=O)C(=C)C)C(F)(F)F,3063-94-3,5.48,1.082,0.45620718977236663,low-fidelity RED
"1,1,1,3,3,3-Hexafluoro Isopropyl Acrylate",FC(F)(F)C(OC(=O)C=C)C(F)(F)F,2160-89-6,5.719,1.098,0.49307707308290066,low-fidelity RED
"1,1,3,3-Tetrafluoropropane",FC(F)CC(F)F,66794-30-7,5.274,0.7961,0.35089172119045486,low-fidelity RED
"1,1-Difluoropentane",FC(F)CCCC,62127-40-6,5.288,0.8192,0.2850438562747845,low-fidelity RED
"1,1-Difluorohexane",FC(F)CCCCC,62127-41-7,5.345,0.815,0.3181980515339466,low-fidelity RED
"1,1-Difluoroheptane",FC(F)CCCCCC,407-96-5,5.292,0.8284,0.3674234614174769,low-fidelity RED
"1,1-Difluorononane",FC(F)CCCCCCCC,62127-42-8,5.292,0.8284,0.4930770730829006,low-fidelity RED
"1,1-Difluorodecane",FC(F)CCCCCCCCC,62127-43-9,5.292,0.8284,0.5105144464165534,low-fidelity RED
"1,1-Difluoroundecane",FC(F)CCCCCCCCCC,62127-44-0,5.292,0.8284,0.527967802048572,low-fidelity RED
"1,1-Difluorotridecane",FC(F)CCCCCCCCCCCC,62127-02-0,5.292,0.8284,0.641287766919033,low-fidelity RED
"1,1-Difluorotetradecane",FC(F)CCCCCCCCCCCCC,62127-03-1,5.292,0.8284,0.625,low-fidelity RED
"A,B-Difluorostyrene",FC=C(F)c1ccccc1,366-37-0,5.98,1.023,0.9620940702446924,low-fidelity RED
Decafluorobiphenyl,FC1=C(C(C(F)=C(F)C(F)=C2F)=C2F)C(F)=C(F)C(F)=C1F,434-90-2,5.357,0.8688,0.4279310692155923,low-fidelity RED
"Benzene, Pentafluoro(Fluoromethyl)-",FC1=C(F)C(F)=C(F)C(F)=C1CF,22006-43-5,5.649,0.9297,0.7956915231419776,low-fidelity RED
"Benzene, 1-(Difluoromethyl)-2,3,4,5-Tetrafluoro-",FC1=C(F)C(F)=C(F)C=C1C(F)F,116487-71-9,5.323,1.15,0.8518362518700412,low-fidelity RED
"Furan, 2,2,3,5,5-Pentafluorotetrahydro-,( )-",FC1CC(F)(F)OC(F)1F,75988-19-1,5.396,1.098,0.6005206074732157,low-fidelity RED
Fluorocyclohexane,FC1CCCCC1,372-39-4,5.342,0.926,0.7905694150420957,low-fidelity RED
"1,2-Difluoropropane",FCC(F)C,62126-90-3,5.367,0.8022,0.7603453162872774,low-fidelity RED
"1,1,2,3-Tetrafluoropropane",FCC(F)C(F)F,E15926,5.464,0.8947,0.8444672877027268,low-fidelity RED
"1,1,4-Trifluorobutane",FCCCC(F)F,E16197,5.354,0.8762,0.700446286306095,low-fidelity RED
2-Iodo-2-Methylbutane,IC(C)(C)CC,594-38-7,5.505,0.809,0.7721722605740253,low-fidelity RED
2-Iodohexane,IC(C)CCCC,59654-13-6,5.827,0.8499,0.9384162189561726,low-fidelity RED
3-Iodopentane,IC(CC)CC,1809-05-8,5.69,0.7957,0.8591420138719796,low-fidelity RED
3-Iodoheptane,IC(CC)CCCC,31294-92-5,5.774,0.9635,0.9141252649391116,low-fidelity RED
1-Iodo-3-Methylbutane,ICCC(C)C,541-28-6,5.351,0.7683,0.8591420138719796,low-fidelity RED
1-Iodotridecane,ICCCCCCCCCCCCC,35599-77-0,5.42,0.6577,0.9581883948368405,low-fidelity RED
1-Iodotetradecane,ICCCCCCCCCCCCCC,19218-94-1,5.42,0.6577,0.9226321043622966,low-fidelity RED
1-Iodopentadecane,ICCCCCCCCCCCCCCC,35599-78-1,5.42,0.6577,0.914125264939111,low-fidelity RED
1-Iodotetracosane,ICCCCCCCCCCCCCCCCCCCCCCCC,62127-55-3,5.42,0.6577,0.9708243919473801,low-fidelity RED
N-Methyl-2-Heptanamine,N(C(C)CCCCC)C,540-43-2,5.748,0.8182,0.5172040216394304,low-fidelity RED
Dimethylisobutylamine,N(C)(C)CC(C)C,7239-24-9,5.378,0.8249,0.28831406486676975,low-fidelity RED
Methyl-sec-Butylamine,N(C)C(C)CC,7713-69-1,5.466,0.8933,0.46097722286464443,low-fidelity RED
Methyl-Tert-Butylamine,N(C)CC(C)C,625-43-4,5.665,0.8442,0.48347699014534273,low-fidelity RED
Methylpentylamine,N(C)CCCCC,25419-06-1,5.333,0.9058,0.6726812023536852,low-fidelity RED
Dimethyl-2-Methylbutylamine,N(CC(C)CC)(C)C,66225-39-6,5.442,0.9638,0.3259601202601325,low-fidelity RED
Ethyl-Tert-Butylamine,N(CC)C(C)(C)C,4432-77-3,5.298,0.8903,0.2795084971874734,low-fidelity RED
Ethyl-sec-Butylamine,N(CC)C(C)CC,21035-44-9,5.545,0.8514,0.30207614933986443,low-fidelity RED
Ethylisobutylamine,N(CC)CC(C)C,13205-60-2,5.592,0.8729,0.304138126514911,low-fidelity RED
Ethylpentylamine,N(CC)CCCCC,17839-26-8,5.277,0.8845,0.5408326913195983,low-fidelity RED
Propylisopropylamine,N(CCC)C(C)C,21968-17-2,5.414,0.973,0.20766559657295208,low-fidelity RED
Butylcyclohexylamine,N(CCCC)C1CCCCC1,10108-56-2,5.722,0.9864,0.7766112283504536,low-fidelity RED
Undecanenitrile,N#CCCCCCCCCCC,7/7/44 0:00,6.097,0.8284,0.7814249804043897,low-fidelity RED
Tridecanenitrile,N#CCCCCCCCCCCCC,629-60-7,6.097,0.8284,0.6480740698407866,low-fidelity RED
Tetradecanenitrile,N#CCCCCCCCCCCCCC,629-63-0,6.097,0.8284,0.604669331122392,low-fidelity RED
Hexadecanenitrile,N#CCCCCCCCCCCCCCCC,629-79-8,6.097,0.8284,0.5482928049865329,low-fidelity RED
Heptadecanenitrile,N#CCCCCCCCCCCCCCCCC,5399-02-0,6.097,0.8284,0.5147815070493501,low-fidelity RED
Octadecanenitrile,N#CCCCCCCCCCCCCCCCCC,638-65-3,6.097,0.8284,0.547722557505167,low-fidelity RED
Nonadecanenitrile,N#CCCCCCCCCCCCCCCCCCC,28623-46-3,6.097,0.8284,0.5086747487343953,low-fidelity RED
Eicosanenitrile,N#CCCCCCCCCCCCCCCCCCCC,4616-73-3,6.097,0.8284,0.5202163011671204,low-fidelity RED
1-Butylpiperidine,N1(CCCC)CCCCC1,4945-48-6,5.286,0.9898,0.8154753215150053,low-fidelity RED
"2-Amino-2,3-Dimethylbutane",NC(C)(C)C(C)C,4358-75-2,5.66,1.02,0.14577379737113255,low-fidelity RED
"1,1-Dimethylpropylamine",NC(C)(C)CC,594-39-8,5.603,0.9061,0.585768725692999,low-fidelity RED
3-Amino-3-Methylpentane,NC(C)(CC)CC,3495-46-3,5.567,0.9059,0.4930770730829006,low-fidelity RED
"2-Amino-3,3-Dimethyl Butane",NC(C)C(C)(C)C,3850-30-4,5.788,0.8246,0.41231056256176596,low-fidelity RED
"1,2-Dimethylpropylamine",NC(C)C(C)C,598-74-3,6.102,0.7679,0.5080600358225394,low-fidelity RED
2-Aminohexane,NC(C)CCCC,5329-79-3,6.014,0.9112,0.919918474648705,low-fidelity RED
3-Pentanamine,NC(CC)CC,616-24-0,5.821,0.8507,0.8219641111386797,low-fidelity RED
3-Aminohexane,NC(CC)CCC,16751-58-9,5.366,0.9561,0.6284902544988267,low-fidelity RED
Bornylamine,NC2CC1CCC2(C)C1(C)C,464-42-6,5.317,0.9759,0.8634958019585277,low-fidelity RED
"2,2-Dimethylpropylamine",NCC(C)(C)C,5813-64-9,5.532,0.8855,0.65431261641512,low-fidelity RED
"1-Amino-2,2-Dimethylbutane",NCC(C)(C)CC,41781-17-3,5.581,0.8487,0.49874843358150006,low-fidelity RED
1-Amino-2-Methylpentane,NCC(C)CCC,13364-16-4,5.417,0.775,0.7458216945088151,low-fidelity RED
1-Amino-2-Ethylbutane,NCC(CC)CC,617-79-8,5.968,0.9662,0.7093130479555553,low-fidelity RED
"1-Hexanamine, 2-Ethyl-",NCC(CC)CCCC,104-75-6,6.395,0.8903,0.681909084849293,low-fidelity RED
"1-Amino-3,3-Dimethylbutane",NCCC(C)(C)C,15673-00-4,5.602,0.8821,0.6581223290544091,low-fidelity RED
1-Amino-3-Methylpentane,NCCC(C)CC,42245-37-4,5.709,0.9408,0.7842193570679064,low-fidelity RED
1-Amino-4-Methylpentane,NCCCC(C)C,5344-20-7,5.886,0.9399,0.8173891362135907,low-fidelity RED
Decylamine,NCCCCCCCCCC,2016-57-1,5.568,0.9102,0.728868986855663,low-fidelity RED
Dodecylamine,NCCCCCCCCCCCC,124-22-1,5.568,0.9102,0.5744562646538036,low-fidelity RED
Hexadecylamine,NCCCCCCCCCCCCCCCC,143-27-1,5.568,0.9102,0.5556527692723219,low-fidelity RED
Eicosylamine,NCCCCCCCCCCCCCCCCCCCC,10525-37-8,5.568,0.9102,0.6432340165134305,low-fidelity RED
"Cis-2,5-Dimethyltetrahydrofuran",O([C@@H](C1)C)[C@H](C1)C,2144-41-4,5.691,0.9126,0.5361902647381805,low-fidelity RED
Tripentyl Borate,O(B(OCCCCC)OCCCCC)CCCCC,621-78-3,5.695,0.7419,0.6363961030678928,low-fidelity RED
Ethyl Tert-Pentyl Ether,O(C(C)(C)CC)CC,919-94-8,5.47,0.8929,0.2704163456597994,low-fidelity RED
Trimethoxymethylsilane,O(C)[Si](OC)(OC)C,120250-60-4,5.338,0.9061,0.5755432216610668,low-fidelity RED
3-(Trimethoxysilyl)-1-Propanethiol,O(C)[Si](OC)(OC)CCCS,4420-74-0,5.988,0.8825,0.6873863542433759,low-fidelity RED
Methyl 1-Ethylpropyl Ether,O(C)C(CC)CC,36839-67-5,5.859,0.9231,0.15411035007422433,low-fidelity RED
Methyl 2-Methylbutyl Ether,O(C)CC(C)CC,62016-48-2,5.318,0.919,0.055901699437494644,low-fidelity RED
Allyl n-Hexyl Ether,O(C/C=C)CCCCCC,3295-94-1,5.527,0.9637,0.3102418411497712,low-fidelity RED
"1-Tert-Butoxy-3,5-Dimethylbenzene",O(c1cc(cc(c1)C)C)C(C)(C)C,68856-26-8,6.575,0.9456,0.9513148795220225,low-fidelity RED
Diisobutyl Ether,O(CC(C)C)CC(C)C,628-55-7,5.928,0.8925,0.22079402165819617,low-fidelity RED
Triethoxyallylsilane,O(CC)[Si](OCC)(OCC)C\C=C,4/1/50 0:00,5.327,0.99,0.3181980515339463,low-fidelity RED
3-Aminopropyl-Triethoxysilane,O(CC)[Si](OCC)(OCC)CCCN,919-30-2,5.775,1.084,0.5662375826453062,low-fidelity RED
Trans-2-Hexenal Diethyl Acetal,O(CC)C(OCC)/C=C/CCC,67746-30-9,5.857,0.996,0.4301162633521316,low-fidelity RED
Hydroxycitronellal Diethyl Acetal,O(CC)C(OCC)CC(C)CCCC(O)(C)C,7779-94-4,6.993,0.9513,0.8003905296791063,low-fidelity RED
1-Ethoxypentane,O(CC)CCCCC,17952-11-3,5.323,0.8452,0.188745860881769,low-fidelity RED
Triethylene Glycol Diethyl Ether,O(CC)CCOCCOCCOCC,4499-99-4,5.414,0.786,0.9384162189561732,low-fidelity RED
Dinonyl Ether,O(CCCCCCCCC)CCCCCCCCC,2456-27-1,5.855,0.7897,0.5706356105256667,low-fidelity RED
Didecyl Ether,O(CCCCCCCCCC)CCCCCCCCCC,2456-28-2,5.855,0.7897,0.5830951894845303,low-fidelity RED
5-Methyl-2-Hepten-4-One,O=C(/C=C/C)C(C)CC,81925-81-7,6.505,0.9997,0.6950719387228925,low-fidelity RED
"2-Pentanone,1,1,1,3,3,4,4,5,5-Nonafluoro-",O=C(C(C(F)(C(F)F)F)(F)F)C(F)(F)F,50838-70-5,5.449,1.025,0.8295330011518525,low-fidelity RED
"2,2,4-Trimethyl-3-Pentanone",O=C(C(C)C)C(C)(C)C,5857-36-3,6.094,0.9393,0.33634060117684267,low-fidelity RED
"2,4-Dimethyl-3-Pentanone",O=C(C(C)C)C(C)C,565-80-0,6.432,0.8195,0.46165463281548486,low-fidelity RED
Ethyl Isobutanoate,O=C(C(C)C)OCC,97-62-1,6.792,0.8907,0.6619101147436862,low-fidelity RED
Isobutyl Isobutyrate,O=C(C(C)C)OCC(C)C,97-85-8,7.296,0.951,0.6576473218982952,high-fidelity RED
β-Ionone    ,O=C(C)/C=C/C1=C(C)CCCC1(C)C,79-77-6,5.778,1.451,0.9529559276272961,low-fidelity RED
"3,4-Dimethyl-2-Pentanone",O=C(C)C(C)C(C)C,565-78-6,6.327,0.6877,0.49307707308290055,low-fidelity RED
3-Ethyl-2-Pentanone,O=C(C)C(CC)CC,3/7/37 0:00,6.518,0.7549,0.612882533606563,low-fidelity RED
6-Methyl-2-Heptanone,O=C(C)CCCC(C)C,928-68-7,6.903,0.896,0.5722761571129802,low-fidelity RED
Linalyl Acetate,O=C(C)OC(C=C)(C)CC/C=C(C)\C,115-95-7,6.675,1.078,0.7399324293474366,low-fidelity RED
8-Ocimen-1-Yl Acetate,O=C(C)OCC(\C)=C\C\C=C(\C)C=C,197098-61-6,6.847,1.204,0.8965210538520558,low-fidelity RED
Isoheptyl Acetate,O=C(C)OCCCCC(C)C,180348-60-1,7.453,0.867,0.48476798574163327,low-fidelity RED
Isobutyl Acrylate,O=C(C=C)OCC(C)C,106-63-8,7.281,0.9721,0.897217922246318,high-fidelity RED
Propyl Acrylate,O=C(C=C)OCCC,925-60-0,6.625,0.9694,0.8396427811873333,low-fidelity RED
n-Butyl Acrylate,O=C(C=C)OCCCC,141-32-2,6.944,0.952,0.8975661535508122,high-fidelity RED
"2-Pentanone,1,1,1,5,5,5-Hexafluoro-4-Methyl-",O=C(CC(C(F)(F)F)C)C(F)(F)F,372-24-7,5.534,1.04,0.6005206074732157,low-fidelity RED
5-Methyl-3-Hexanone,O=C(CC(C)C)CC,623-56-3,6.153,0.9434,0.5612486080160912,low-fidelity RED
"2,2-Dimethyl-3-Pentanone",O=C(CC)C(C)(C)C,564-04-5,6.315,0.8641,0.4062019202317979,low-fidelity RED
Ethyl Isopropyl Ketone,O=C(CC)C(C)C,565-69-5,6.481,0.7917,0.687386354243376,low-fidelity RED
Ethyl Isoamyl Ketone,O=C(CC)CCC(C)C,624-42-0,6.564,0.9267,0.5208166663999914,low-fidelity RED
Ethyl Butyl Ketone,O=C(CC)CCCC,106-35-4,6.821,0.8344,0.7454025757937786,high-fidelity RED
Ethyl Propionate,O=C(CC)OCC,105-37-3,5.931,0.7415,0.8638576271585497,high-fidelity RED
(Z)-3-Hexen-1-Yl Propionate,O=C(CC)OCC/C=C\CC,33467-74-2,6.095,1.04,0.7762087348130016,low-fidelity RED
n-Butyl Propionate,O=C(CC)OCCCC,590-01-2,6.331,0.8822,0.9360822613424528,high-fidelity RED
Dipropyl Succinate,O=C(CCC(OCCC)=O)OCCC,925-15-5,7.285,0.9008,0.9659839543180827,low-fidelity RED
2-Methyl-3-Hexanone,O=C(CCC)C(C)C,12/6/79 0:00,6.768,0.8612,0.6964194138592059,low-fidelity RED
4-Octanone,O=C(CCC)CCCC,589-63-9,6.834,0.8354,0.7318640584152224,low-fidelity RED
n-Butyl Butyrate,O=C(CCC)OCCCC,109-21-7,7.42,0.9305,0.6543126164151198,high-fidelity RED
Pentyl Butanoate,O=C(CCC)OCCCCC,540-18-1,7.461,0.9281,0.5706356105256665,low-fidelity RED
Pineapple Heptadienone 10%,O=C(CCC=C)C(=C)C1CCCCC1,313973-37-4,6.573,1.264,0.9222933372848353,low-fidelity RED
(E)-2-Hexen-1-Yl Valerate,O=C(CCCC)OC\C=C\CCC,56922-74-8,7.52,1.079,0.7163274390947197,low-fidelity RED
(Z)-3-Hexen-1-Yl Valerate,O=C(CCCC)OCC\C=C\CC,35852-46-1,7.387,1.058,0.6841966091702009,low-fidelity RED
Dibutyl Adipate,O=C(CCCCC(OCCCC)=O)OCCCC,105-99-7,7.637,0.9179,0.7458216945088153,low-fidelity RED
(E)-2-Hexen-1-Yl Hexanoate,O=C(CCCCC)OC\C=C\CCC,53398-86-0,7.766,1.065,0.7075485849042448,low-fidelity RED
7-Tridecanone,O=C(CCCCCC)CCCCCC,462-18-0,7.021,0.8065,0.5505678886386318,low-fidelity RED
Ethyl Linolenate,O=C(CCCCCCC\C=C\C\C=C\C\C=C\CC)OCC,1191-41-9,7.366,1.108,0.7705517503711229,low-fidelity RED
Hexyl Nonanoate,O=C(CCCCCCCC)OCCCCCC,6561-39-3,7.62,0.9126,0.5303300858899115,low-fidelity RED
Tristearin ,O=C(CCCCCCCCCCCCCCCCC)OCC(COC(CCCCCCCCCCCCCCCCC)=O)OC(CCCCCCCCCCCCCCCCC)=O,555-43-1,8.454,1.036,0.8989577298182598,low-fidelity RED
Phosgene,O=C(Cl)Cl,75-44-5,5.533,0.7704,0.9867877177995271,high-fidelity RED
Docosanamide,O=C(N)CCCCCCCCCCCCCCCCCCCCC,3061-75-4,7.256,0.8386,0.7960841664045327,low-fidelity RED
Elaidic Acid,O=C(O)CCCCCCC\C=C\CCCCCCCC,112-79-8,6.622,0.9284,0.8692669325356851,low-fidelity RED
Erucic Acid,O=C(O)CCCCCCCCCCC\C=C/CCCCCCCC,112-86-7,6.622,0.9284,0.6986594306241065,low-fidelity RED
Pentadecanoic Acid,O=C(O)CCCCCCCCCCCCCC,1002-84-2,6.542,0.7999,0.9303897032964197,low-fidelity RED
Heptadecanoic Acid,O=C(O)CCCCCCCCCCCCCCCC,506-12-7,6.542,0.7999,0.784219357067906,low-fidelity RED
Nonadecanoic Acid,O=C(O)CCCCCCCCCCCCCCCCCC,646-30-0,6.542,0.7999,0.7215434844830905,low-fidelity RED
Eicosanoic Acid,O=C(O)CCCCCCCCCCCCCCCCCCC,506-30-9,6.542,0.7999,0.6373774391990988,low-fidelity RED
22-Tricosenoic_Acid,O=C(O)CCCCCCCCCCCCCCCCCCCC\C=C,65119-95-1,6.657,1.04,0.5678908345800282,low-fidelity RED
Docosanoic Acid,O=C(O)CCCCCCCCCCCCCCCCCCCCC,112-85-6,6.542,0.7999,0.6547900426854396,low-fidelity RED
Methyl Acetyl Ricinoleate,O=C(O[C@H](CCCCCC)C/C=C\CCCCCCCC(=O)OC)C,140-03-4,7.931,1.115,0.6919176251549018,low-fidelity RED
Vinyl_n-Hexanoate,O=C(O\C=C)CCCCC,3050-69-9,7.061,0.8932,0.7284401142166738,low-fidelity RED
1-Hexen-3-Yl Acetate,O=C(OC(/C=C)CCC)C,35926-04-6,6.789,1.113,0.5338539126015658,low-fidelity RED
t-Butyl Methacrylate,O=C(OC(C)(C)C)\C(=C)C,585-07-9,6.089,0.9631,0.2250000000000002,low-fidelity RED
Tert-Butyl Propanoate,O=C(OC(C)(C)C)CC,20487-40-5,6.062,0.886,0.36400549446402575,low-fidelity RED
Tert-Butyl Butanoate,O=C(OC(C)(C)C)CCC,2308-38-5,6.623,0.9371,0.20766559657295178,low-fidelity RED
Tert-Pentyl Acetate,O=C(OC(C)(C)CC)C,625-16-1,6.683,0.9719,0.38487010795851634,low-fidelity RED
"1,1-Dimethylpropyl Butanoate",O=C(OC(C)(C)CC)CCC,2050-00-2,6.861,1.008,0.20155644370746403,low-fidelity RED
Isopropyl  Methacrylate,O=C(OC(C)C)\C(=C)C,4655-34-9,6.43,0.8878,0.5111262075065217,low-fidelity RED
Isopropyl Isobutyrate ,O=C(OC(C)C)C(C)C,617-50-5,6.816,0.9833,0.3674234614174769,low-fidelity RED
Isopropyl Propanoate,O=C(OC(C)C)CC,637-78-5,6.361,0.8598,0.6619101147436862,low-fidelity RED
Isopropyl Myristate,O=C(OC(C)C)CCCCCCCCCCCCC,110-27-0,7.381,0.8305,0.49560569003997557,low-fidelity RED
sec-Butyl Propanoate,O=C(OC(C)CC)CC,591-34-4,6.086,0.9168,0.5153882032022076,low-fidelity RED
sec-Butyl Butanoate,O=C(OC(C)CC)CCC,819-97-6,6.577,0.989,0.40773766075750206,low-fidelity RED
1-Methylbutyl Acetate,O=C(OC(C)CCC)C,626-38-0,6.67,0.9137,0.634921254960015,low-fidelity RED
1-Methylbutyl Propanoate,O=C(OC(C)CCC)CC,54004-43-2,6.161,0.9537,0.49053542175871445,low-fidelity RED
Ethyl 4-Acetoxyoctanoate,O=C(OC(CCC(=O)OCC)CCCC)C,121312-01-4,7.914,1.154,0.8444672877027266,low-fidelity RED
Tetrahydromyrcenyl Acetate,O=C(OC(CCCC(CC)C)(C)C)C,68480-08-0,7.179,1.16,0.3588175023601831,low-fidelity RED
1-Propoxy-2-Propanyl Acetate,O=C(OC(COCCC)C)C,22326,7.156,1.007,0.8097067370350823,low-fidelity RED
Methyl Trans-2-Octenoate,O=C(OC)/C=C/CCCCC,7367-81-9,6.616,1.008,0.8838834764831844,low-fidelity RED
Methyl Isobutylate,O=C(OC)C(C)C,547-63-7,6.655,0.9171,0.9020809276334356,low-fidelity RED
Methyl Petroselinate,O=C(OC)CCCC/C=C\CCCCCCCCCCC,2777-58-4,7.19,0.777,0.5963430220938281,low-fidelity RED
Methyl Palmitoleate,O=C(OC)CCCCCCC\C=C/CCCCCC,1120-25-8,7.19,0.777,0.6149186938124427,low-fidelity RED
"Nonanedioic Acid, Dimethyl Ester",O=C(OC)CCCCCCCC(OC)=O,1732-10-1,7.261,0.7508,0.9778803607803976,low-fidelity RED
Methyl 10-Undecenoate,O=C(OC)CCCCCCCCC=C,111-81-9,7.249,0.9338,0.5208166663999924,low-fidelity RED
Methyl Heptadecanoate,O=C(OC)CCCCCCCCCCCCCCCC,1731-92-6,7.114,0.7566,0.5202163011671204,low-fidelity RED
Trans-2-Hexenyl Acetate,O=C(OC/C=C/CCC)C,2497-18-9,6.825,1.004,0.8746427842267946,low-fidelity RED
Trans-2-Hexenyl Propionate,O=C(OC/C=C/CCC)CC,53398-80-4,6.09,1.074,0.7458216945088153,low-fidelity RED
2-Hepten-1-Yl Isovalerate,O=C(OC/C=C/CCCC)CC(C)C,253596-70-2,6.773,1.22,0.5857687256929989,low-fidelity RED
Vinyl-2-Ethyl Hexanoate,O=C(OC=C)C(CC)CCCC,94-04-2,7.528,1.094,0.7075485849042452,high-fidelity RED
Vinyl Butyrate,O=C(OC=C)CCC,123-20-6,6.465,0.9111,0.9740379869389079,high-fidelity RED
Vinyl Decanoate,O=C(OC=C)CCCCCCCCC,4704-31-8,7.005,0.886,0.5350233639758182,low-fidelity RED
(Z+E)-Para-1(7)8-Menthadien-2-Yl Acetate,O=C(OC1C(=C)\CCC(\C(=C)C)C1)C,71660-03-2,6.435,1.266,0.7862092596758202,low-fidelity RED
Isobornyl Isovalerate,O=C(OC1C2(C(C(C1)CC2)(C)C)C)CC(C)C,7779-73-9,6.717,1.201,0.7487489565935964,low-fidelity RED
"Bis(2,2,6,6-Tetramethyl-4-Piperidyl) Sebacate",O=C(OC1CC(NC(C)(C)C1)(C)C)CCCCCCCCC(=O)OC2CC(NC(C)(C)C2)(C)C,52829-07-9,7.51,1.231,0.8046738469715549,low-fidelity RED
"2,4-Di-Tert-Butylphenyl 3,5-Di-Tert-Butyl-4-Hydroxybenzoate",O=C(Oc1ccc(cc1C(C)(C)C)C(C)(C)C)c2cc(c(O)c(c2)C(C)(C)C)C(C)(C)C,4221-80-1,7.533,1.264,0.9974968671630006,low-fidelity RED
Cyclohexyl Methacrylate,O=C(OC1CCCCC1)\C(=C)C,101-43-9,6.405,1.14,0.9013878188659978,low-fidelity RED
Spicy Carbonate,O=C(OC1CCCCC1C(C)(C)C)OCC,67801-64-3,7.201,1.129,0.32403703492039304,low-fidelity RED
2-Methylcyclohexylacetate,O=C(OC1CCCCC1C)C,5726-19-2,6.629,1.124,0.7721722605740251,low-fidelity RED
Isobutyl Angelate,O=C(OCC(C)C)\C(=C/C)C,7779-81-9,7.332,1.02,0.585234995535982,low-fidelity RED
Isobutyl-3-(Methyl Thio) Butyrate,O=C(OCC(C)C)CC(C)SC,127931-21-9,7.355,0.9638,0.8796306042879598,low-fidelity RED
Isobutyl Butanoate,O=C(OCC(C)C)CCC,539-90-2,7.498,0.9799,0.3976493430146717,low-fidelity RED
Isobutyl Pentanoate,O=C(OCC(C)C)CCCC,10588-10-0,7.839,0.975,0.42499999999999993,low-fidelity RED
2-Methylbutyl Acetate,O=C(OCC(C)CC)C,624-41-9,7.448,0.8769,0.628490254498827,low-fidelity RED
2-Methylbutyl Propanoate,O=C(OCC(C)CC)CC,2438-20-2,6.56,0.9631,0.47169905660283,low-fidelity RED
2-Methylbutyl Butanoate,O=C(OCC(C)CC)CCC,51115-64-1,7.507,1.026,0.3758324094593225,low-fidelity RED
2-Ethyl Hexyl Acetate,O=C(OCC(CC)CCCC)C,103-09-3,7.781,0.7668,0.5947688626685161,high-fidelity RED
Bis (2-Ethylhexyl)Phthalate,O=C(OCC(CC)CCCC)C1=CC=CC=C1C(OCC(CC)CCCC)=O,117-81-7,8.387,1.097,0.6585969936159747,low-fidelity RED
2-Ethylhexyl_Methacrylate,O=C(OCC(CCCC)CC)\C(=C)C,688-84-6,7.323,1.008,0.4451123453691217,low-fidelity RED
2-Ethylhexyl=Butylate,O=C(OCC(CCCC)CC)CCC,25415-84-3,7.985,0.9888,0.4451123453691217,low-fidelity RED
"2,2,3,3-Tetrafluoropropyl Trifluoroacetate ",O=C(OCC(F)(C(F)F)F)C(F)(F)F,f4047,5.564,0.9369,0.7520804478245662,low-fidelity RED
"Propane-1,2,3-Triyl 2-Ethylhexanoate",O=C(OCC(OC(=O)C(CC)CCCC)COC(=O)C(CC)CCCC)C(CC)CCCC,7360-38-5,7.581,1.118,0.6882949948968098,low-fidelity RED
Tricaproin,O=C(OCC(OC(=O)CCCCC)COC(=O)CCCCC)CCCCC,621-70-5,8.512,1.033,0.7862092596758194,low-fidelity RED
Tricaprylin,O=C(OCC(OC(=O)CCCCCCC)COC(=O)CCCCCCC)CCCCCCC,538-23-8,8.454,1.036,0.6619101147436858,low-fidelity RED
Trilinolein,O=C(OCC(OC(=O)CCCCCCC\C=C/C\C=C/CCCCC)COC(=O)CCCCCCC\C=C/C\C=C/CCCCC)CCCCCCC\C=C/C\C=C/CCCCC,537-40-6,8.347,1.193,0.8681877677092676,low-fidelity RED
Tricaprin,O=C(OCC(OC(=O)CCCCCCCCC)COC(=O)CCCCCCCCC)CCCCCCCCC,621-71-6,8.454,1.036,0.7297259759663214,low-fidelity RED
Trimyristin,O=C(OCC(OC(=O)CCCCCCCCCCCCC)COC(=O)CCCCCCCCCCCCC)CCCCCCCCCCCCC,555-45-3,8.454,1.036,0.7794228634059944,low-fidelity RED
Tripalmitin,O=C(OCC(OC(=O)CCCCCCCCCCCCCCC)COC(=O)CCCCCCCCCCCCCCC)CCCCCCCCCCCCCCC,542-44-9,8.454,1.036,0.8066132902450835,low-fidelity RED
Ethyl Trans-2-Decenoate,O=C(OCC)/C=C/CCCCCCC,7367-88-6,7.194,1.114,0.6519202405202654,low-fidelity RED
Eicosapentaenoic Acid Ethyl Ester,O=C(OCC)\C=C\C=C\C=C\C=C\C=C\CCCCCCCCC,73310-10-8,6.945,1.219,0.9974968671630003,low-fidelity RED
Diethyl Diethylmalonate,O=C(OCC)C(CC)(CC)C(OCC)=O,77-25-8,6.497,0.8368,0.6103277807866851,low-fidelity RED
Ethyl 5H-Octafluoropentanoate,O=C(OCC)C(F)(C(C(C(F)F)(F)F)(F)F)F,2795-50-8,5.716,0.9918,0.44300112866673375,low-fidelity RED
Ethyl-3-Methylpentanoate,O=C(OCC)CC(CC)C,5870-68-8,6.941,0.9438,0.47169905660283,low-fidelity RED
"Hexanedioic Acid, Diethyl Ester",O=C(OCC)CCCCC(OCC)=O,141-28-6,7.521,0.82,0.997496867163,low-fidelity RED
Eicosatrienoic Acid Ethyl Ester,O=C(OCC)CCCCCC\C=C/C\C=C/C\C=C/CCCCC,55968-21-3,7.33,1.026,0.800390529679107,low-fidelity RED
"Octanoic Acid, Ethyl Ester",O=C(OCC)CCCCCCC,106-32-1,7.427,0.8468,0.5367727638395974,low-fidelity RED
Ethyl Nonanoate,O=C(OCC)CCCCCCCC,123-29-5,7.427,0.8468,0.45893899376714575,low-fidelity RED
"Decanedioic Acid, Diethyl Ester",O=C(OCC)CCCCCCCCC(OCC)=O,110-40-7,7.465,0.8499,0.6189709201569975,low-fidelity RED
"10-Undecenoic Acid, Ethyl Ester",O=C(OCC)CCCCCCCCC=C,692-86-4,7.452,1.033,0.46368092477478534,low-fidelity RED
"Dodecanoic Acid, Ethyl Ester",O=C(OCC)CCCCCCCCCCC,106-33-2,7.427,0.8468,0.45893899376714564,low-fidelity RED
Ethylhexadecanoate,O=C(OCC)CCCCCCCCCCCCCCC,628-97-7,7.427,0.8468,0.44300112866673413,low-fidelity RED
Ethyl 9-Octadecanoate,O=C(OCC)CCCCCCCCCCCCCCCCC,111-61-5,7.427,0.8468,0.5419870847169701,low-fidelity RED
Diethyl Carbonate,O=C(OCC)OCC,105-58-8,6.908,0.7401,0.7786205751198717,high-fidelity RED
Cis-3-Hexenyl Butyrate,O=C(OCC\C=C/CC)CCC,16491-36-4,7.044,1.085,0.6896557112066866,low-fidelity RED
Geranyl Butyrate,O=C(OCC=C(CC/C=C(C)C)C)CCC,106-29-6,7.203,1.109,0.7750000000000008,low-fidelity RED
"2-Propenoic Acid, 2-Propenyl Ester",O=C(OCC=C)C=C,999-55-3,6.607,0.9382,0.9940447676035519,low-fidelity RED
Allyl Cyclohexyl Acetate,O=C(OCC=C)CC1CCCCC1,4728-82-9,7.14,1.104,0.9568829604502314,low-fidelity RED
Myrtanyl Acetate,O=C(OCC1CCC2CC1C2(C)C)C,29021-36-1,6.839,0.9704,0.7619875327064094,low-fidelity RED
"Neodecanoic Acid, 2,3-Epoxypropyl Ester",O=C(OCC1OC1)C(CCCCCC)(C)C,26761-45-5,6.759,1.157,0.7158910531638181,low-fidelity RED
Furfuryl Octanoate,O=C(OCc1occc1)CCCCCCC,39252-03-4,8.648,1.111,0.9890020222426239,low-fidelity RED
Isopentyl Pentanoate,O=C(OCCC(C)C)CCCC,9/1/50 0:00,7.515,0.9807,0.4308421984903526,low-fidelity RED
Propyl Isobutyrate ,O=C(OCCC)C(C)C,644-49-5,7.016,1.018,0.5031152949374526,low-fidelity RED
Propyl Pentanoate,O=C(OCCC)CCCC,141-06-0,7.447,0.9507,0.620483682299543,low-fidelity RED
Butyl Nonanoate,O=C(OCCCC)CCCCCCCC,50623-57-9,7.662,0.9379,0.5250000000000008,low-fidelity RED
Dibutyl Sebacate,O=C(OCCCC)CCCCCCCCC(OCCCC)=O,109-43-3,7.579,0.9398,0.8923284148787372,high-fidelity RED
Butyl Stearate,O=C(OCCCC)CCCCCCCCCCCCCCCCC,123-95-5,7.662,0.9379,0.33354160160315816,high-fidelity RED
Butyl Carbonate,O=C(OCCCC)OCCCC,542-52-9,7.154,0.8526,0.7097534783289197,low-fidelity RED
Diisoheptyl Phthalate,O=C(OCCCCC(C)C)c1ccccc1C(=O)OCCCCC(C)C,41451-28-9,8.185,1.131,0.9633924433998844,low-fidelity RED
n-Amyl Acetate,O=C(OCCCCC)C,628-63-7,7.253,0.6874,0.8054501846793507,high-fidelity RED
Dipentyl Oxalate,O=C(OCCCCC)C(=O)OCCCCC,20602-86-2,7.022,0.9079,0.9526279441628821,low-fidelity RED
Amyl Stearate,O=C(OCCCCC)CCCCCCCCCCCCCCCCC,6382-13-4,7.62,0.9126,0.6349212549600155,low-fidelity RED
Diisooctyl Phthalate,O=C(OCCCCCC(C)C)C1=CC=CC=C1C(OCCCCCC(C)C)=O,27554-26-3,8.126,1.17,0.8518362518700408,low-fidelity RED
Hexyl 2-Methyl-3-Pentenoate,O=C(OCCCCCC)C(C)\C=C\C,85508-08-3,7.516,1.08,0.7035623639735139,low-fidelity RED
Hexyl Propanoate,O=C(OCCCCCC)CC,2445-76-3,6.316,0.8877,0.6025985396596977,low-fidelity RED
Hexyl Isovalerate,O=C(OCCCCCC)CC(C)C,10032-13-0,6.81,1.013,0.394493345951488,low-fidelity RED
Dihexyl Adipate,O=C(OCCCCCC)CCCCC(OCCCCCC)=O,110-33-8,7.62,0.9126,0.6154266812545583,low-fidelity RED
"Cyclohexane-1,2-Dicarboxylic Acid Di-Isononyl Ether",O=C(OCCCCCCC(C)C)C1CCCCC1C(OCCCCCCC(C)C)=O,,7.391,1.163,0.8291561975888495,high-fidelity RED
Diisononyl Adipate,O=C(OCCCCCCC(C)C)CCCCC(=O)OCCCCCCC(C)C,90411-51-1,7.81,1.073,0.42793106921559276,low-fidelity RED
Heptyl Butanoate,O=C(OCCCCCCC)CCC,5870-93-9,7.403,0.9313,0.5037360419902472,low-fidelity RED
Diisodecyl Phthalate,O=C(OCCCCCCCC(C)C)c1ccccc1C(=O)OCCCCCCCC(C)C,68515-49-1,8.126,1.17,0.7352720584926375,low-fidelity RED
Diisodecyl Adipate,O=C(OCCCCCCCC(C)C)CCCCC(=O)OCCCCCCCC(C)C,142-53-0,7.81,1.073,0.4422951503238538,low-fidelity RED
n-Octyl Methacrylate,O=C(OCCCCCCCC)\C(=C)C,1/9/57 0:00,6.748,1.018,0.5250000000000008,low-fidelity RED
"Acrylic Acid, Octyl Ester",O=C(OCCCCCCCC)\C=C,2499-59-4,6.927,0.9503,0.5390964663211965,low-fidelity RED
Dioctyl Adipate,O=C(OCCCCCCCC)CCCCC(=O)OCCCCCCCC,68515-75-3,7.62,0.9126,0.5662375826453061,low-fidelity RED
Dioctyl Decanedioate,O=C(OCCCCCCCC)CCCCCCCCC(=O)OCCCCCCCC,2432-87-3,7.62,0.9126,0.5505678886386318,low-fidelity RED
Dinonyl O-Phthalate,O=C(OCCCCCCCCC)c1ccccc1C(=O)OCCCCCCCCC,84-76-4,7.811,1.056,0.7689278249614854,low-fidelity RED
Decyl Butanoate,O=C(OCCCCCCCCCC)CCC,9/1/54 0:00,7.403,0.9313,0.4802343178074638,low-fidelity RED
Diisoundecyl Phthalate,O=C(OCCCCCCCCCCC)c1ccccc1C(=O)OCCCCCCCCCCC,85507-79-5,7.811,1.056,0.7150174823037551,low-fidelity RED
Undecyl Butanoate,O=C(OCCCCCCCCCCC)CCC,2/9/61 0:00,7.403,0.9313,0.46770717334674283,low-fidelity RED
Tridecenyl Propionate,O=C(OCCCCCCCCCCCCC)\C=C,4/8/76 0:00,6.927,0.9503,0.5488624600025046,low-fidelity RED
Diisotridecyl Adipate,O=C(OCCCCCCCCCCCCC)CCCCC(=O)OCCCCCCCCCCCCC,16958-92-2,7.62,0.9126,0.6442049363362562,low-fidelity RED
Tetradecyl Acetate,O=C(OCCCCCCCCCCCCCC)C,638-59-5,7.192,0.6925,0.48347699014534307,low-fidelity RED
Tetradecyl Propanoate,O=C(OCCCCCCCCCCCCCC)CC,6221-95-0,6.316,0.8877,0.4930770730829007,low-fidelity RED
Tetradecyl Butanoate,O=C(OCCCCCCCCCCCCCC)CCC,6221-98-3,7.403,0.9313,0.5202163011671204,low-fidelity RED
Myristyl_Myristate,O=C(OCCCCCCCCCCCCCC)CCCCCCCCCCCCC,3234-85-3,7.62,0.9126,0.6773108592072035,low-fidelity RED
Cetyl Methacrylate,O=C(OCCCCCCCCCCCCCCCC)C(=C)C,2495-27-4,6.748,1.018,0.5963430220938283,low-fidelity RED
Palmityl Behenate,O=C(OCCCCCCCCCCCCCCCC)CCCCCCCCCCCCCCCCCCCCC,42233-11-4 ,7.62,0.9126,0.8280247580839599,low-fidelity RED
"Octadecyl 3-(3,5-Di-Tert-Butyl-4-Hydroxyphenyl)Propanoate",O=C(OCCCCCCCCCCCCCCCCCC)CCc1cc(c(O)c(c1)C(C)(C)C)C(C)(C)C,80693-11-4,8.376,1.217,0.9103570728016559,low-fidelity RED
Eicosyl Acetate,O=C(OCCCCCCCCCCCCCCCCCCCC)C,822-24-2,7.192,0.6925,0.6041522986797287,low-fidelity RED
Behenyl_Behenate,O=C(OCCCCCCCCCCCCCCCCCCCCCC)CCCCCCCCCCCCCCCCCCCCC,17671-27-1,7.62,0.9126,0.901387818865998,low-fidelity RED
Hexamethylene Diacrylate,O=C(OCCCCCCOC(=O)\C=C)\C=C,13048-33-4,7.058,1.003,0.7850159234053794,low-fidelity RED
2(Dimethylamino)Ethyl Methacrylate,O=C(OCCN(C)C)\C(=C)C,2867-47-2,6.166,1.117,0.6892024376045112,low-fidelity RED
2(Dimethylamino)Ethyl Acrylate,O=C(OCCN(C)C)\C=C,2439-35-2,6.344,1.052,0.8097067370350824,low-fidelity RED
2-Diethylaminoethyl_Methacrylate,O=C(OCCN(CC)CC)\C(=C)C,105-16-8,5.723,1.119,0.4716990566028306,low-fidelity RED
Diethylene Glycoldimethacrylate,O=C(OCCOCCOC(=O)\C(=C)C)\C(=C)C,2358-84-1,6.87,1.018,0.9069178573608523,low-fidelity RED
Adipic Acid Bis(2-(2-Butoxyethoxy)Ethyl) Ester,O=C(OCCOCCOCCCC)CCCCC(=O)OCCOCCOCCCC,141-17-3,7.771,0.9302,0.7754031209635416,low-fidelity RED
"2,2'-Ethylenedioxydiethyl Bis(2-Ethylbutyrate)",O=C(OCCOCCOCCOC(=O)C(CC)CC)C(CC)CC,95-08-9,7.258,1.019,0.7180703308172541,low-fidelity RED
Bis(Ethylhexanoate) Triethylene Glycol,O=C(OCCOCCOCCOC(=O)C(CC)CCCC)C(CC)CCCC,94-28-0,7.196,1.129,0.5836308764964384,low-fidelity RED
Tert-Butyl=2-Ethylperoxyhexate,O=C(OOC(C)(C)C)C(CCCC)CC,3006-82-4,7.354,1.052,0.8280247580839598,low-fidelity RED
Trans-2-Decenal,O=C/C=C/CCCCCCC,3913-81-3,5.752,0.9871,0.9711462299777517,low-fidelity RED
Trans-2-Undecenal.,O=C/C=C/CCCCCCCC,53448-07-0,5.752,0.9871,0.8046738469715536,low-fidelity RED
2-Butyl-2-Butenal,O=C\C(=C/C)CCCC,25409-08-9,6.566,0.9259,0.9424038412485377,low-fidelity RED
Jasmin Pyranone,O=C1CCCC(CC\C=C/CC)O1,68959-28-4,7.153,1.358,0.965012953280939,low-fidelity RED
(E)-12-Musk Decenone,O=C1CCCCCCCCCC=CCCCO1,111879-80-2,6.886,1.238,0.964689069078737,low-fidelity RED
Oxacyclohexadecan-2-One,O=C1CCCCCCCCCCCCCCO1,106-02-5,7.067,0.996,0.9141252649391105,low-fidelity RED
Menthone Lactone,O=C1OC(C(C)C)CCC(C1)C,499-54-7,7.184,1.191,0.8696263565463047,low-fidelity RED
"2,2-Dimethylbutanal",O=CC(C)(C)CC,2094-75-9,5.883,0.991,0.7960841664045327,low-fidelity RED
"2,3-Dimethylbutanal",O=CC(C)C(C)C,2109-98-0,5.887,0.9582,0.754983443527075,low-fidelity RED
2-Methylhexanal,O=CC(C)CCCC,925-54-2,6.069,0.9619,0.8100925873009827,low-fidelity RED
Neocyclocitral,O=CC1C\C(=C/C(C)C1C)C,67634-07-5,6.367,1.139,0.7862092596758202,low-fidelity RED
"3,3-Dimethylbutanal",O=CCC(C)(C)C,2987-16-8,5.64,0.7715,0.7921489758877429,low-fidelity RED
3-Methylpentanal,O=CCC(C)CC,15877-57-3,5.957,0.8584,0.9141252649391111,low-fidelity RED
Cis-4-Decenal,O=CCC\C=C/CCCCC,21662-09-9,6.052,0.941,0.9542667341996158,low-fidelity RED
4-Methylpentanal,O=CCCC(C)C,1119-16-0,5.791,0.9515,0.9842509842514764,low-fidelity RED
Octadecanal,O=CCCCCCCCCCCCCCCCCC,638-66-4,5.99,0.8705,0.5390964663211965,low-fidelity RED
Eicosanal,O=CCCCCCCCCCCCCCCCCCCC,2400-66-0,5.99,0.8705,0.5129571132170799,low-fidelity RED
Tert-Butyl Formate,O=COC(C)(C)C,762-75-4,5.878,0.9092,0.8573214099741122,low-fidelity RED
"1,1-Dimethylpropyl Formate",O=COC(C)(C)CC,757-88-0,6.021,1.006,0.674536878161602,low-fidelity RED
3-Octyl Formate,O=COC(CCCCC)CC,84434-65-1,6.53,1.031,0.6128825336065633,low-fidelity RED
"2,2-Dimethylpropyl Formate",O=COCC(C)(C)C,23361-67-3,6.622,0.9442,0.7150174823037546,low-fidelity RED
2-Methylbutyl Formate,O=COCC(C)CC,35073-27-9,6.392,0.9251,0.8821139382188674,low-fidelity RED
Hexyl Formate,O=COCCCCCC,629-33-4,6.115,0.8977,0.962094070244693,low-fidelity RED
Nonyl Formate,O=COCCCCCCCCC,5451-92-3,6.115,0.8977,0.642748006609122,low-fidelity RED
Decyl Formate,O=COCCCCCCCCCC,5451-52-5,6.115,0.8977,0.5900211860602974,low-fidelity RED
Undecyl Formate,O=COCCCCCCCCCCC,5454-24-0,6.115,0.8977,0.5159941860137576,low-fidelity RED
Tetradecyl Formate,O=COCCCCCCCCCCCCCC,5451-63-8,6.115,0.8977,0.41907636535600556,low-fidelity RED
Octadecyl Formate,O=COCCCCCCCCCCCCCCCCCC,5451-75-2,6.115,0.8977,0.41982139059366697,low-fidelity RED
"Phosphoric Acid, Tris(2-Ethylhexyl) Ester",O=P(OCC(CC)CCCC)(OCC(CCCC)CC)OCC(CCCC)CC,78-42-2,6.261,1.076,0.6329494450586088,low-fidelity RED
"1,2-Epoxyeicosane",O1C(CCCCCCCCCCCCCCCCCC)C1,19780-16-6,5.881,0.926,0.5937171043518966,low-fidelity RED
Herbal Dioxane,O1CC(C)(C)C(OC1)C(C)C,3583-00-4,5.801,1.169,0.3674234614174772,low-fidelity RED
"3,4-Dimethyltetrahydrofuran",O1CC(C)C(C)C1,32970-37-9,5.617,0.8808,0.541410195692693,low-fidelity RED
Jasmin Nonane,O1CC(OC12CCCC2)CCCC,78649-62-4,5.81,1.147,0.82348345460003,low-fidelity RED
"2,4,4-Trimethyl-3-Hexanol",OC(C(C)C)C(C)(C)CC,66793-92-8,6.477,1.017,0.9384162189561731,low-fidelity RED
"2,5,5-Trimethyl-3-Hexanol",OC(C(C)C)CC(C)(C)C,66793-72-4,6.714,0.8769,0.16007810593582164,low-fidelity RED
"2,6-Dimethyl-3-Heptanol",OC(C(C)C)CCC(C)C,19549-73-6,6.634,0.9381,0.9826622003516773,low-fidelity RED
"2,7-Dimethyl-3-Octanol",OC(C(C)C)CCCC(C)C,66719-55-9,6.637,0.8708,0.8544003745317531,low-fidelity RED
"3,5-Dimethyl-4-Heptanol",OC(C(C)CC)C(C)CC,19549-79-2,6.66,0.8838,0.9334077351297234,low-fidelity RED
"2,3,5-Trimethyl-3-Hexanol",OC(C)(C(C)C)CC(C)C,65927-60-8,6.581,0.9561,0.6999999999999998,low-fidelity RED
"2,3-Dimethyl-3-Heptanol",OC(C)(C(C)C)CCCC,19549-71-4,6.709,0.9163,0.9300537618869138,low-fidelity RED
"2,3-Dimethyl-3-Octanol",OC(C)(C(C)C)CCCCC,19781-10-3,6.89,0.9714,0.8764274071479051,low-fidelity RED
"2,3,4-Trimethyl-2-Hexanol",OC(C)(C)C(C)C(C)CC,21102-13-6,6.746,0.9171,0.7491662031885848,low-fidelity RED
2-Methyl-3-Ethyl-2-Hexanol,OC(C)(C)C(CC)CCC,66794-02-3,6.177,1.048,0.8314144574157943,low-fidelity RED
"2,4-Dimethyl-2-Heptanol",OC(C)(C)CC(C)CCC,65822-93-7,6.146,0.9642,0.9195787078874762,low-fidelity RED
"2,5-Dimethyl-2-Heptanol",OC(C)(C)CCC(CC)C,E14177,6.345,0.9897,0.8054501846793507,low-fidelity RED
"2,6-Dimethyl-2-Heptanol",OC(C)(C)CCCC(C)C,13254-34-7,6.569,0.882,0.8558621384311845,low-fidelity RED
"2,6-Dimethyt-2-Octanol",OC(C)(C)CCCC(C)CC,18479-57-7,6.873,1.003,0.6950719387228923,low-fidelity RED
"3,4,4-Trimethyl-3-Hexanol",OC(C)(CC)C(C)(C)CC,66793-74-6,6.187,0.8737,0.7697402159170327,low-fidelity RED
3-Methyl-4-Ethyl-3-Hexanol,OC(C)(CC)C(CC)CC,66794-05-6,6.607,1.01,0.922293337284836,low-fidelity RED
"3,5-Dimethyl-3-Heptanol",OC(C)(CC)CC(C)CC,19549-74-7,6.649,0.9491,0.8919781387455638,low-fidelity RED
"3,6-Dimethyl-3-Heptanol",OC(C)(CC)CCC(C)C,1573-28-0,6.427,0.8551,0.9253377761660875,low-fidelity RED
"2,4-Dimethyl-4-Heptanol",OC(C)(CCC)CC(C)C,19549-77-0,6.042,0.9678,0.8678277478854892,low-fidelity RED
"4,7-Dimethyl-4-Octanol",OC(C)(CCC)CCC(C)C,19781-13-6,6.054,0.8582,0.8418729120241369,low-fidelity RED
"2,4-Dimethyl-4-Octanol",OC(C)(CCCC)CC(C)C,33933-79-8,6.37,0.9315,0.9239859306288164,low-fidelity RED
"5,5-Dimethyl-2-Hexanol",OC(C)CCC(C)(C)C,31841-77-7,6.937,0.8858,0.28394541729001377,low-fidelity RED
"2,5-Dimethyl-4-Octanol",OC(CC(C)C)C(C)CCC,66719-53-7,6.215,0.9934,0.9516433155337138,low-fidelity RED
"2,6-Dimethyl-4-Octanol",OC(CC(C)C)CC(C)CC,66719-54-8,6.45,0.8922,0.8835298523536146,low-fidelity RED
"2,7-Dimethyl-4-Octanol",OC(CC(C)C)CCC(C)C,19781-11-4,6.065,1.011,0.9344115795515378,low-fidelity RED
2-Methyl-3-Ethyl-3-Hexanol,OC(CC)(CCC)C(C)C,66794-03-4,6.545,1.016,0.7623975340988455,low-fidelity RED
"2,2-Dimethyl-3-Pentanol",OC(CC)C(C)(C)C,3970-62-5,6.552,0.8028,0.3517811819867571,low-fidelity RED
Dodecan-3-ol,OC(CC)CCCCCCCCC,10203-30-2,6.498,1.001,0.9397473064606251,low-fidelity RED
2-Eicosanol,OC(CCCCCCCCCCCCCCCCCC)C,4340-76-5,7.003,0.9055,0.5618051263561058,low-fidelity RED
"2-Propanol, 1,3-Bis(3-Methylbutoxy)-",OC(COCCC(C)C)COCCC(C)C,626-78-8,6.954,1.035,0.9117291264405234,low-fidelity RED
"2,4-Di-Tert-Pentylphenol",Oc1ccc(cc1C(CC)(C)C)C(C)(C)CC,120-95-6,7.191,1.088,0.9154916711800275,low-fidelity RED
"(E)-3,7,11,15-Tetramethylhexadec-2-En-1-ol",OCC=C(C)CCCC(C)CCCC(C)CCCC(C)C,102608-53 -7,6.996,0.9922,0.6950719387228929,low-fidelity RED
Isotridecanol,OCCCCCCCCCCC(C)C,68526-86-3,7.65,0.8631,0.9397473064606252,low-fidelity RED
Trioctylphosphine,P(CCCCCCCC)(CCCCCCCC)CCCCCCCC,4731-53-7,5.71,0.9249,0.918218383610348,low-fidelity RED
"3,3-Dimethyl-2-Thiapentane",S(C)C(C)(C)CC,13286-92-5,5.437,0.8682,0.5315072906367326,low-fidelity RED
"3,4-Dimethyl-2-Thiapentane",S(C)C(C)C(C)C,53897-51-1,5.393,0.6618,0.6427480066091226,low-fidelity RED
3-Methyl-2-Thiapentane,S(C)C(C)CC,10359-64-5,5.619,0.7338,0.6846531968814572,low-fidelity RED
Methyl Hexyl Sulfide,S(C)CCCCCC,20291-60-5,5.405,0.79,0.8038967595406761,low-fidelity RED
Methyl Heptyl Sulfide,S(C)CCCCCCC,20291-61-6,5.405,0.79,0.7520804478245671,low-fidelity RED
Methyl Octyl Sulfide,S(C)CCCCCCCC,3698-95-1,5.405,0.79,0.7862092596758202,low-fidelity RED
Methyl Decyl Sulfide,S(C)CCCCCCCCCC,22438-39-7,5.405,0.79,0.7929375763576861,low-fidelity RED
Dodecyl-Methyl-Sulfide,S(C)CCCCCCCCCCCC,3698-89-3,5.405,0.79,0.7874007874011814,low-fidelity RED
Methyl Tetradecyl Sulfide,S(C)CCCCCCCCCCCCCC,7289-45-4,5.405,0.79,0.7913595895672209,low-fidelity RED
Methyl Octadecyl Sulfide,S(C)CCCCCCCCCCCCCCCCCC,40289-98-3,5.405,0.79,0.8031189202104502,low-fidelity RED
4-Methyl-3-Thiahexane,S(CC)C(C)CC,5008-72-0,5.56,0.8998,0.6642665127793217,low-fidelity RED
5-Methyl-3-Thiahexane,S(CC)CC(C)C,1613-45-2,5.398,1.006,0.5678908345800272,low-fidelity RED
4-Methyl-2-Thiahexane,S(CCC(C)C)C,15013-37-3,5.504,0.8773,0.6581223290544086,low-fidelity RED
2-Methyl-3-Thiahexane,S(CCC)C(C)C,5008-73-1,5.362,0.8579,0.6363961030678933,low-fidelity RED
Methyl-Tridecyl-Sulfide,S(CCCCCCCCCCCCC)C,m1227,5.405,0.79,0.7913595895672209,low-fidelity RED
Hexadecyl-Methyl-Sulfide,S(CCCCCCCCCCCCCCCC)C,27563-68-4,5.405,0.79,0.8031189202104502,low-fidelity RED
"2,2,3-Trimethylthiacyclopropane",S1C(C)(C)C1C,53971-47-4,5.488,1.021,0.8681877677092674,low-fidelity RED
2-Pentanethiol,SC(C)CCC,2084-19-7,5.304,0.9188,0.6466258578188779,low-fidelity RED
2-Hexanethiol,SC(C)CCCC,1679-06-7,5.646,0.8946,0.6528782428600302,low-fidelity RED
2-Dodecanethiol,SC(CCCCCCCCCC)C,14402-50-7,5.648,0.8959,0.7115124735378855,low-fidelity RED
2-Methyl-1-Butanethiol,SCC(C)CC,1878-18-8,5.568,0.8769,0.5590169943749481,low-fidelity RED
Hexyl Mercaptan,SCCCCCC,111-31-9,5.517,0.739,0.7582875444051546,low-fidelity RED
Tert-Dodecyl Mercaptan,SCCCCCCCCC(C)(C)C,25103-58-6,5.773,0.9046,0.5755432216610677,low-fidelity RED
2-Undecanethiol,SCCCCCCCCCCC,62155-02-6,5.517,0.739,0.7022285952594072,low-fidelity RED
1-Hexadecanethiol,SCCCCCCCCCCCCCCCC,2917-26-2,5.517,0.739,0.7433034373659254,low-fidelity RED
1-Heptadecanethiol,SCCCCCCCCCCCCCCCCC,m1285,5.517,0.739,0.7458216945088151,low-fidelity RED
1-Nonadecanethiol,SCCCCCCCCCCCCCCCCCCC,m1330,5.517,0.739,0.7022285952594065,low-fidelity RED
1-Eicosanethiol,SCCCCCCCCCCCCCCCCCCCC,13373-97-2,5.517,0.739,0.7504165509901812,low-fidelity RED
