Name,solvent_SMILES,CAS,G-score prediction,G-score prediction uncertainty,Relative Energy Difference (RED),Source
Methyl-t-Butyl Ether,CC(C)(C)OC,1634-04-4,5.173,0.7287,0,high-fidelity RED
Bis[3-(Trimethoxysilyl)Propyl]Disulfide,[Si](OC)(OC)(OC)CCCSSCCC[Si](OC)(OC)(OC),35112-74-4,5.488,0.9848,0.3544361719689456,low-fidelity RED
[3-(Mercapto)Propyl]Triethoxysilane,[Si](OCC)(OCC)(OCC)CCCS,14814-09-6,5.657,0.9443,0.3881043674065007,low-fidelity RED
"1-Bromo-2,2-Difluoroethylene (F-1122B1)",Br\C=C(F)/F,359-08-0,5.272,0.8189,0.8774964387392113,low-fidelity RED
2-Bromo-3-Methyl-1-Butene,BrC(=C)C(C)C,31844-96-9,6.009,0.9299,0.9552486587271395,low-fidelity RED
2-Bromo Propene,BrC(C)=C,557-93-7,5.585,0.8671,0.777013513396003,high-fidelity RED
"2-Bromo-3,3-Dimethylbutane",BrC(C)C(C)(C)C,26356-06-9,5.335,0.8043,0.8989577298182598,low-fidelity RED
2-Bromo-3-Methylbutane,BrC(C)C(C)C,18295-25-5,5.253,0.8113,0.8796306042879593,low-fidelity RED
3-Bromo-1-Butene,BrC(C)C=C,22037-73-6,5.354,0.9066,0.9182183836103482,low-fidelity RED
4-Bromo-1-Pentene,BrC(C)CC=C,31950-56-8,5.697,0.9241,0.9253377761660877,low-fidelity RED
2-Bromohexane,BrC(C)CCCC,3377-86-4,5.68,0.8885,0.995615387586993,low-fidelity RED
3-Bromo-1-Pentene,BrC(C=C)CC,53045-71-9,5.776,1.1,0.8989577298182598,low-fidelity RED
3-Bromopentane,BrC(CC)CC,1809-10-5,5.505,0.8653,0.8192984804086964,low-fidelity RED
3-Bromo-2-Ethyl-1-Propene,BrCC(=C)CC,E13555,5.321,0.9727,0.9397473064606248,low-fidelity RED
"4-Bromo-1,1,2-Trifluorobutene",BrCC\C(F)=C(F)/F,10493-44-4,5.522,0.9838,0.6955213871621776,low-fidelity RED
1-Bromo-4-Methylpentane,BrCCCC(C)C,626-88-0,5.429,0.8656,0.9852030247619016,low-fidelity RED
Ethyl Tiglate.,C(/C)=C(/C)C(OCC)=O,5837-78-5,6.674,1.004,0.770551750371122,low-fidelity RED
Brassidic Acid,C(/CCCCCCCC)=C/CCCCCCCCCCCC(=O)O,506-33-2,6.622,0.9284,0.8710625695092172,low-fidelity RED
3-Tridecyne,C(#CCCCCCCCCC)CC,60186-78-9,5.224,0.8467,0.997496867163,low-fidelity RED
2-Tridecyne,C(#CCCCCCCCCCC)C,28467-75-6,5.222,0.7689,0.9981232388838562,low-fidelity RED
2-Ethyl-2-Hexenal,C(=C(C=O)/CC)/CCC,645-62-5,5.949,0.9508,0.8792752697534488,low-fidelity RED
"4,4-Dimethylcyclopentene",C(=CC1)CC1(C)C,19037-72-0,5.227,0.9141,0.9965565713997372,low-fidelity RED
4-Ethylcyclopentene,C(=CC1)CC1CC,3742-38-9,5.449,0.9012,0.9617692030835672,low-fidelity RED
"1,Cis-4-Hexadiene",C(=CCC=C)C,7318-67-4,5.586,0.9673,0.7607562027351469,low-fidelity RED
Oxalylchloride,C(=O)(C(=O)Cl)Cl,79-37-8,5.496,0.7617,0.9103570728016566,high-fidelity RED
"1,2-Dimethylpropyl Acetate",C(=O)(C)OC(C)C(C)C,5343-96-4,6.66,0.8323,0.4279310692155917,low-fidelity RED
Neopentyl Acetate,C(=O)(C)OCC(C)(C)C,926-41-0,6.847,0.8801,0.3092329219213245,low-fidelity RED
1-Ethylpropyl Acetate,C(C)(=O)OC(CC)CC,620-11-1,7.169,0.9529,0.45552167895721424,low-fidelity RED
"2,4-Dimethyl-3-Ethyl-3-Pentanol",C(C)(C(CC)(C(C)C)O)C,3970-59-0,6.424,0.9278,0.6547900426854392,low-fidelity RED
Vinyl Pivalate,C(C)(C)(C)C(=O)OC=C,3377-92-2,6.117,0.8337,0.34369317712168795,low-fidelity RED
"3,3-Dimethylbutanenitrile",C(C)(C)(C)CC#N,3302-16-7,5.474,0.9392,0.9633924433998846,low-fidelity RED
2-Methyl-3-Ethyl-3-Pentanol,C(C)(C)C(CC)(CC)O,597-05-7,6.379,0.9317,0.6914658342969666,low-fidelity RED
"2,4-Dimethyl-3-Isopropyl-3-Pentanol",C(C)(C)C(O)(C(C)C)C(C)C,51200-83-0,6.072,0.8604,0.7524958471646203,low-fidelity RED
"2,6,8-Trimethyl-4-Nonanone",C(C)(C)CC(CC(CC(C)C)=O)C,123-18-2,6.368,0.8398,0.8891709621889367,low-fidelity RED
5-Methyl-2-Ethyl-1-Hexanol,C(C)(C)CCC(CC)CO,66794-07-8,7.238,0.9555,0.9516433155337138,low-fidelity RED
5-Methyl-2-Isopropyl-1-Hexanol,C(C)(C)CCC(CO)C(C)C,2051-33-4,6.674,0.9583,0.7150174823037542,low-fidelity RED
Isopropyl Acrylate,C(C)(C)OC(C=C)=O,689-12-3,6.994,1.047,0.4636809247747845,low-fidelity RED
Diisopentylamine,C(C)(CCNCCC(C)C)C,544-00-3,5.376,0.9226,0.8238628526642038,low-fidelity RED
"2,2-Dimethylpropyl Propanoate",C(C)C(=O)OCC(C)(C)C,3581-69-9,6.013,0.9677,0.34820970692960257,low-fidelity RED
"3,7-Dimethyl-3-Octanol",C(C)C(O)(C)CCCC(C)C,78-69-3,6.617,0.9308,0.7386643351347078,low-fidelity RED
6-Ethyl-3-Octanol,C(C)C(O)CCC(CC)CC,19781-27-2,6.213,0.9493,0.814708536840016,low-fidelity RED
Ethylisopropylamine,C(C)NC(C)C,19961-27-4,5.577,0.8463,0.2936835031117677,low-fidelity RED
Diethyl Nonanedioate ,C(C)OC(CCCCCCCC(OCC)=O)=O,624-17-9,7.465,0.8499,0.6509608283145772,low-fidelity RED
5-Methyl-3-Ethyl-3-Hexanol,C(CC(C)C)(CC)(O)CC,597-77-3,6.098,0.8754,0.7071067811865475,low-fidelity RED
3-Ethyl-3-Heptanol,C(CC)(CC)(O)CCCC,19780-41-7,6.262,0.912,0.8916277250063507,low-fidelity RED
2-Methyl-3-Hexyne,C(CC)#CC(C)C,36566-80-0,5.318,0.9109,0.7369701486491836,low-fidelity RED
4-Ethyl-4-Heptanol,C(CCC)(O)(CC)CCC,597-90-0,6.024,0.9632,0.8038967595406761,low-fidelity RED
4-Propyl-4-Heptanol,C(O)(CCC)(CCC)CCC,2198-72-3,5.643,0.8684,0.844097150806707,low-fidelity RED
Ethyl 2-Bromo-2-Methylpropanoate,C(OC(C(C)(Br)C)=O)C,600-00-0,6.551,0.8741,0.7794228634059948,low-fidelity RED
Isobutyl Methacrylate,C(OC(C(C)=C)=O)C(C)C,97-86-9,7.092,0.9783,0.5147815070493493,low-fidelity RED
Ethyl 2-Chloropropanoate,C(OC(C(Cl)C)=O)C,535-13-7,6.225,0.9008,0.9965565713997371,low-fidelity RED
Ethyl Trifluoroacetate,C(OC(C(F)(F)F)=O)C,383-63-1,5.222,0.8207,0.36055512754639896,low-fidelity RED
Dipropyl Oxalate,C(OC(C(OCCC)=O)=O)CC,615-98-5,6.662,0.9288,0.8975661535508122,low-fidelity RED
Decyl Propanoate,C(OCCCCCCCCCC)(CC)=O,5454-19-3,6.316,0.8877,0.7558108228915484,low-fidelity RED
"2,5-Dimethyl-2,5-Bis(Tert-Butylperoxy)Hexane",C(OOC(C)(C)CCC(OOC(C)(C)C)(C)C)(C)(C)C,78-63-7,5.768,0.9717,0.34369317712168806,low-fidelity RED
(S)-(-)-Citronellal,C[C@@H](CCC=C(C)C)CC=O,5/3/49 0:00,6.979,1.091,0.8947765084086637,low-fidelity RED
(S)-Rhodinol,C[C@@H](CCCC(=C)C)CCO,6812-78-8,7.848,1.024,0.937416662962634,low-fidelity RED
"(Z,Z)-Photocitral A",C[C@@H]1CC[C@@H]([C@@H]1C=O)C(=C)C,55253-28-6,6.049,1.171,0.9447221813845583,low-fidelity RED
Laevo-Menthyl Formate,C[C@@H]1CC[C@H]([C@@H](C1)OC=O)C(C)C,61949-23-3,5.669,1.262,0.85146931829632,low-fidelity RED
Dextro-Neomenthol,C[C@@H]1CC[C@H]([C@H](C1)O)C(C)C,2216-52-6,6.316,1.162,0.9940447676035519,low-fidelity RED
Trimethylethoxysilane ,C[Si](C)(C)OCC,1825-62-3,5.508,0.8479,0.9463746615373854,low-fidelity RED
Diethoxydimethylsilane,C[Si](OCC)(C)OCC,78-62-6,5.382,0.9599,0.8173891362135908,low-fidelity RED
Methyl Chlorosilane,C[Si]Cl,993-00-0,5.208,0.9044,0.9280355596635295,low-fidelity RED
Ocimenol,C/C(=C\CCC(C)(C)O)/C=C,5986-38-9,6.244,1.143,0.9394147114027959,low-fidelity RED
Ocimen-1-Yl Acetate,C/C(=C\CCC(C)(C)OC(=O)C)/C=C,72214-23-4,6.538,1.196,0.9103570728016566,low-fidelity RED
"2,3-Dimethyl-2-Butene",C/C(C)=C(C)/C,563-79-1,5.729,0.7421,0.8696263565463043,low-fidelity RED
2-Methyl-2-Hexene,C/C(C)=C/CCC,2738-19-4,6.029,0.9387,0.9701803955966125,low-fidelity RED
2-Methyl-2-Butene,C/C(C)=C\C,513-35-9,5.87,0.8008,0.7802243267163618,high-fidelity RED
2-Methyl-2-Pentene,C/C(C)=C\CC,625-27-4,5.895,0.927,0.8208227579691,low-fidelity RED
Melon Heptenal Propylene Glycol Acetal,C/C(C)=C\CCC(C)C1OC(C)CO1,74094-63-6,7.01,1.38,0.9788385975225943,low-fidelity RED
3-Methyl-Cis-3-Hexene,C/C(CC)=C/CC,4914-89-0,5.815,0.9028,0.9185586535436916,low-fidelity RED
3-Methyl-Trans-3-Hexene,C/C(CC)=C\CC,3899-36-3,5.815,0.9028,0.9185586535436916,low-fidelity RED
"2-Methyl-1,Trans-3-Pentadiene",C/C=C/C(C)=C,926-54-5,5.477,0.9906,0.7826237921249259,low-fidelity RED
Trans-2-Pentene,C/C=C/CC,646-04-8,5.318,0.9991,0.6442049363362562,low-fidelity RED
Cis-2-Pentene,C/C=C\CC,627-20-3,5.318,0.9991,0.6442049363362562,low-fidelity RED
5-Methyl-Cis-2-Hexene,C/C=C\CC(C)C,13151-17-2,5.733,1.03,0.9532837982468807,low-fidelity RED
Cis-2-Hexene,C/C=C\CCC,7688-21-3,5.49,0.9269,0.8325412902673354,low-fidelity RED
Cis-2-Heptene,C/C=C\CCCC,6443-92-1,5.683,1.002,0.95524865872714,low-fidelity RED
2-Butenyl Methyl Ether (Cis),C/C=C\COC,25125-85-3,5.23,1.03,0.3010398644698069,high-fidelity RED
"2,3-Dimethyl-2-Pentene",C\C(C)=C(C)/CC,10574-37-5,5.969,0.7886,0.9711462299777514,low-fidelity RED
"(±)-2,4,8-Trimethyl-7-Nonen-2-ol",C\C(C)=C\CCC(C)CC(C)(C)O,437770-28-0,6.768,1.158,0.8576858399204221,low-fidelity RED
3-Methyl-Trans-2-Pentene,C\C(CC)=C/C,616-12-6,6.27,0.8906,0.8208227579691,low-fidelity RED
3-Methyl-Cis-2-Pentene,C\C(CC)=C\C,922-62-3,6.27,0.8906,0.8208227579691,low-fidelity RED
3-Methyl-Trans-2-Hexene,C\C(CCC)=C/C,20710-38-7,5.926,0.9639,0.9701803955966125,low-fidelity RED
3-Methyl-Cis-2-Hexene,C\C(CCC)=C\C,10574-36-4,5.926,0.9639,0.9701803955966125,low-fidelity RED
Methyl Tiglate,C\C=C(/C)\C(=O)OC,6622-76-0,5.951,0.9769,0.9276987657639734,low-fidelity RED
Isobutyl Tiglate,C\C=C(/C)\C(=O)OCC(C)C,61692-84-0,7.332,1.02,0.7040063920164364,low-fidelity RED
Allyl Tiglate,C\C=C(/C)\C(=O)OCC=C,7493-71-2,6.619,1.018,0.9086390922693127,low-fidelity RED
Isoamyl Tiglate,C\C=C(/C)\C(=O)OCCC(C)C,41519-18-0,7.021,1.088,0.7271519786124497,low-fidelity RED
Isoamyl Angelate,C\C=C(\C)/C(=O)OCCC(C)C,10482-55-0,7.021,1.088,0.7271519786124497,low-fidelity RED
Cis-2-Octene,C\C=C/CCCCC,4/8/42 0:00,5.874,0.959,0.9842509842514763,low-fidelity RED
(Z)-4-Hexen-1-Yl Acetate,C\C=C/CCCOC(=O)C,42125-34-8,7.713,1.043,0.8645808232895288,low-fidelity RED
Isopropyl (E)-Crotonate,C\C=C\C(=O)OC(C)C,6284-46-4,6.863,1.04,0.7044501401802679,low-fidelity RED
Apple Crotonate,C\C=C\C(=O)OC(C)CC(C)C,35206-51-0,6.891,0.9796,0.771767452021657,low-fidelity RED
Allyl Crotonate,C\C=C\C(=O)OCC=C,20474-93-5,6.59,1.075,0.9836157786452995,low-fidelity RED
Isoamyl Crotonate,C\C=C\C(=O)OCCC(C)C,25415-77-4,6.975,1.03,0.7318640584152216,low-fidelity RED
4-Ethyl-Trans-2-Hexene,C\C=C\C(CC)CC,19781-63-6,6.039,1.015,0.9943590900675666,low-fidelity RED
Trans-2-Hexene,C\C=C\CCC,4050-45-7,5.49,0.9269,0.8325412902673354,low-fidelity RED
6-Methyl-Trans-2-Heptene,C\C=C\CCC(C)C,51065-65-7,5.605,0.9933,0.9902651160169177,low-fidelity RED
(E)-6-Octen-1-Al,C\C=C\CCCCC=O,63826-25-5,6.514,1.051,0.9899494936611669,low-fidelity RED
Methyl Undecylenate,C\C=C\CCCCCCCC(=O)OC,5760-50-9,7.338,0.9064,0.8547660498639369,low-fidelity RED
Undecen-1-Al Mixture (Aldehyde C-11 Mixed),C\C=C\CCCCCCCC=O,1337-83-3,6.459,1.061,0.929045208803102,low-fidelity RED
16-Octadecen-1-Al,C\C=C\CCCCCCCCCCCCCCC=O,56554-87-1,6.459,1.061,0.9762812094883317,low-fidelity RED
(E)-4-Hexen-1-Yl Acetate,C\C=C\CCCOC(=O)C,42125-17-7,7.713,1.043,0.8645808232895288,low-fidelity RED
"3,3-Dimethyl-1-Pentyne",C#CC(C)(C)CC,918-82-1,5.3,1.029,0.9374166629626337,low-fidelity RED
3-Methyl-1-Pentyne,C#CC(C)CC,922-59-8,5.265,0.9198,0.876427407147905,low-fidelity RED
4-Methyl-1-Pentyne,C#CCC(C)C,7154-75-8,5.268,0.8771,0.7352720584926369,low-fidelity RED
4-Methyl-1-Hexyne,C#CCC(C)CC,52713-81-2,5.331,0.9185,0.9303897032964197,low-fidelity RED
5-Methyl-1-Hexyne,C#CCCC(C)C,2203-80-7,5.18,0.9929,0.7766112283504533,low-fidelity RED
Ethynyl Propyl Ether,C#COCCC,42842-08-0,5.384,1.055,0.34003676271838595,high-fidelity RED
"1,1-Dibromoethylene",C=C(Br)Br,593-92-0,5.653,0.8558,0.8692669325356849,high-fidelity RED
2-Bromo-1-Butene,C=C(Br)CC,23074-36-4,5.921,0.94,0.9555757426808194,low-fidelity RED
Methyl-α-Isobutylacrylate,C=C(C(OC)=O)CC(C)C,,5.86,1.138,0.5147815070493493,low-fidelity RED
Methyl-α-n-Propylacrylate,C=C(C(OC)=O)CCC,,6.117,1.158,0.5556527692723215,low-fidelity RED
Methyl-α-n-Butylacrylate,C=C(C(OC)=O)CCCC,3070-68-6,6.279,1.149,0.618970920156997,low-fidelity RED
Methyl-α-Methoxyacrylate,C=C(C(OC)=O)OC,,5.913,1.092,0.9460443964212245,low-fidelity RED
"2-Methyl-1,Cis-3-Pentadiene",C=C(C)\C=C/C,1501-60-6,5.477,0.9906,0.7826237921249259,low-fidelity RED
Diethylaminoethyl Methacrylate,C=C(C)C(=O)OC(C)N(CC)CC,,6.333,1.082,0.5733672470589851,low-fidelity RED
"2,3-Dimethyl-1,3-Butadiene",C=C(C)C(C)=C,513-81-5,5.473,0.8528,0.8533024082938006,low-fidelity RED
Methyl Methacrylate,C=C(C)C(OC)=O,80-62-6,5.801,0.9898,0.75,high-fidelity RED
n-Butyl Methacrylate,C=C(C)C(OCCCC)=O,97-88-1,6.765,1.013,0.5024937810560445,high-fidelity RED
"2-Methyl-1,4-Pentadiene",C=C(C)CC=C,763-30-4,5.744,0.9289,0.7017834423809097,low-fidelity RED
"1,5-Hexadiene, 2,5-Dimethyl-",C=C(C)CCC(C)=C,627-58-7,6.232,0.9241,0.9394147114027968,low-fidelity RED
Carbonyl Cyanide,C=C(C#N)C#N,922-64-5,5.781,0.9303,0.9069178573608527,high-fidelity RED
2-Ethyl-1-Butene,C=C(CC)CC,760-21-4,5.733,0.8166,0.7520804478245661,high-fidelity RED
"1,1-Difluoroethylene",C=C(F)F,75-38-7,5.2,0.9473,0.5049752469181039,high-fidelity RED
1-Methyl Vinyl Methyl Ether,C=C(OC)C,116-11-0,5.516,0.9766,0.1520690632574554,high-fidelity RED
Vinyl Silane,C=C[Si],7291-09-0,5.261,0.8086,0.604669331122391,high-fidelity RED
"3-Methyl-1,3-Pentadiene",C=C\C(=C\C)C,4549-74-0,5.468,0.9507,0.7826237921249259,low-fidelity RED
"3-Methyl-1,Cis-3-Pentadiene",C=C\C(C)=C/C,2787-45-3,5.468,0.9507,0.7826237921249259,low-fidelity RED
"3-Methyl-1,Trans-3-Pentadiene",C=C\C(C)=C\C,2787-43-1,5.468,0.9507,0.7826237921249259,low-fidelity RED
"1,4-Hexadiene",C=C\C/C=C/C,592-45-0,5.586,0.9673,0.7607562027351469,low-fidelity RED
"4-Methyl-1,3-Pentadiene",C=C\C=C(C)\C,926-56-7,5.895,1.028,0.7826237921249259,low-fidelity RED
"7-Methyl-1,6-Octadiene",C=C\CCC\C=C(/C)C,42152-47-6,6.476,1.039,0.9273618495495702,low-fidelity RED
"3-Methyl-1,2-Pentadiene",C=C=C(C)CC,7417-48-3,5.383,0.892,0.8455767262643881,low-fidelity RED
"1,2-Pentadiene",C=C=CCC,591-95-7,5.294,0.9388,0.6547900426854397,low-fidelity RED
Ketene,C=C=O,463-51-4,5.179,0.8432,0.8321658488546618,high-fidelity RED
3-Methyl-1-Butene,C=CC(C)C,563-45-1,5.368,0.9017,0.880695747690427,high-fidelity RED
"3-Methyl-1,4-Pentadiene",C=CC(C)C=C,1115-08-8,5.417,0.8372,0.7537406715840665,low-fidelity RED
4-Bromo-3-Methyl-1-Butene,C=CC(C)CBr,31950-55-7,5.27,0.9552,0.9253377761660877,low-fidelity RED
3-Ethyl-1-Pentene,C=CC(CC)CC,4/4/38 0:00,5.714,1.009,0.9320675941153623,low-fidelity RED
sec-Butyl Acrylate,C=CC(OC(CC)C)=O,8/5/98 0:00,6.644,1.063,0.5226136240091718,low-fidelity RED
"2,2,3,3-Tetrafluoropropyl Acrylate",C=CC(OCC(F)(C(F)F)F)=O,7383-71-3,5.67,1.026,0.4301162633521311,low-fidelity RED
Acrolein Diethyl Acetal,C=CC(OCC)OCC,3054-95-3,5.394,0.9839,0.4272001872658765,low-fidelity RED
"1,Trans-4-Hexadiene",C=CC/C=C/C,7319-00-8,5.586,0.9673,0.7607562027351469,low-fidelity RED
4-Ethyl-1-Hexene,C=CCC(CC)CC,16746-85-3,6.118,1.02,0.9526279441628825,low-fidelity RED
4-Bromo-1-Butene,C=CCCBr,5162-44-7,5.233,0.9164,0.9585144756340404,high-fidelity RED
1-Pentene,C=CCCC,109-67-1,5.194,0.8803,0.9045026257562773,high-fidelity RED
5-Methyl-1-Hexene,C=CCCC(C)C,3524-73-0,5.234,0.9246,0.9313968005098577,low-fidelity RED
"1,5-Hexadiene",C=CCCC=C,592-42-7,5.354,0.8241,0.6412877669190329,low-fidelity RED
1-Hexene ,C=CCCCC,592-41-6,5.282,0.915,0.9447221813845592,high-fidelity RED
6-Methyl-1-Heptene,C=CCCCC(C)C,5026-76-6,5.607,1.023,0.9759610647971565,low-fidelity RED
"1,6-Heptadiene",C=CCCCC=C,3070-53-9,5.605,0.8911,0.6805328794408098,low-fidelity RED
7-Methyl-1-Octene,C=CCCCCC(C)C,13151-06-9,5.679,1.019,0.9877373132569205,low-fidelity RED
Tangerine Nitrile,C=CCCCCCCC\C=C\CC#N,134769-33-8,6.002,1.124,0.9669539802906855,low-fidelity RED
9-Decen-1-Al,C=CCCCCCCCC=O,39770-05-3,6.043,1.004,0.847422562833914,low-fidelity RED
Allyl 10-Undecenoate,C=CCCCCCCCCC(=O)OCC=C,7493-76-7,7.589,1.13,0.8975661535508124,low-fidelity RED
Undecylenic Aldehyde,C=CCCCCCCCCC=O,112-45-8,6.043,1.004,0.7960841664045332,low-fidelity RED
11-Dodecenoic Acid,C=CCCCCCCCCCC(=O)O,65423-25-8,6.657,1.04,0.9137833441248533,low-fidelity RED
10-Undecen-1-ol,C=CCCCCCCCCCO,112-43-6,7.577,0.9562,0.9804335775563784,low-fidelity RED
Diallyl Amine,C=CCNCC=C,124-02-7,5.258,0.8731,0.5857687256929988,high-fidelity RED
Allyl Trifluoroacetate,C=CCOC(C(F)(F)F)=O,383-67-5,5.312,1.015,0.30822070014844893,low-fidelity RED
"1,1-Diallyloxyethane",C=CCOC(OCC=C)C,20682-69-3,5.924,0.9482,0.36400549446402575,high-fidelity RED
Diallyl Ether,C=CCOCC=C,557-40-4,5.394,0.8216,0.26220221204253785,high-fidelity RED
Vinyl Butyl Sulfide,C=CSCCCC,4789-70-2,5.184,0.9057,0.6329494450586078,high-fidelity RED
Vinyl S-Butyl Mercapto Ethyl Ether,C=CSCCCCOCC,,5.176,1.068,0.8905756565278434,high-fidelity RED
Tetrahydropyran,C1CCOCC1,142-68-7,5.181,0.7656,0.9759610647971559,high-fidelity RED
Koavone,CC(/C(=C(\C)/C(=O)C)/C)C(C)(C)C,81786-73-4,6.411,0.9024,0.9698582370635411,low-fidelity RED
"1,3-Pentadiene, 2-Methyl-",CC(/C=C/C)=C,1118-58-7,5.477,0.9906,0.7826237921249259,low-fidelity RED
4-Methyl-Cis-2-Pentene,CC(/C=C\C)C,691-38-3,5.466,1.024,0.8849435010213929,low-fidelity RED
Cherry Pentenoate,CC(\C=C\C)C(=O)OCC,1617-23-8,6.997,0.9697,0.7619875327064085,low-fidelity RED
α-Elemol,CC(=C)[C@@H]1C[C@@H](CC[C]1(C)C=C)C(C)(C)O,639-99-6,5.593,1.26,0.9775607398008572,low-fidelity RED
Allyl Methacrylate,CC(=C)C(=O)OCC=C,96-05-9,6.406,0.97,0.6581223290544089,high-fidelity RED
3-Bromo-2-Methyl-1-Butene,CC(=C)C(Br)C,51872-48-1,5.633,1.079,0.884943501021392,low-fidelity RED
"Isoprene (2-Methyl-1,3-Butadiene)",CC(=C)C=C,78-79-5,5.557,0.8536,0.760756202735147,high-fidelity RED
β-Elemol,CC(=C)C1C[C@@H](CC[C]1(C)C=C)C(C)(C)O,32142-08-8,5.593,1.26,0.9775607398008572,low-fidelity RED
Elemol,CC(=C)C1CC(CCC1(C)C=C)C(C)(C)O,8024-27-9,5.593,1.26,0.9775607398008572,low-fidelity RED
4-Methyl-4-Penten-2-One,CC(=C)CC(C)=O,2/3/44 0:00,6.192,0.8629,0.8147085368400165,low-fidelity RED
5-Methyl-5-Hexen-2-One,CC(=C)CCC(=O)C,9/3/40 0:00,6.517,0.9542,0.7909646009778191,low-fidelity RED
Isoprenyl Acetate,CC(=C)CCOC(=O)C,7/2/05 0:00,7.118,0.9341,0.6623820649745888,low-fidelity RED
3-Fluoro-2-Methyl-1-Propene,CC(=C)CF,920-35-4,5.462,0.8628,0.6932712311931023,low-fidelity RED
N-Ethyl-2-Methylallylamine,CC(=C)CNCC,18328-90-0,5.828,1.079,0.436606229914324,low-fidelity RED
Dimethyl Ketene,CC(=C=O)C,598-26-5,6.194,0.8404,0.801950746617272,high-fidelity RED
Artemisyl Ketone,CC(=CC(=O)C(C)(C)C=C)C,546-49-6,6.237,1.068,0.8902246907382431,low-fidelity RED
Methyl Dimethyl Acrylate,CC(=CC(=O)OC)C,924-50-5,6.354,1.001,0.9276987657639734,low-fidelity RED
Artemisyl Acetate,CC(=CC(C(C)(C)C=C)OC(=O)C)C,3465-88-1,6.758,1.034,0.9572094859538322,low-fidelity RED
Santolina Alcohol,CC(=CC(C=C)C(C)(C)O)C,35671-15-9,6.364,0.9887,0.9433981132056595,low-fidelity RED
Grapefruit Acetal,CC(=CCC(C)(C)C(OC)OC)C,67674-46-8,6.155,1.187,0.7846177413237607,low-fidelity RED
Neroli Aldehyde,CC(=CCC(C)(C=C)C=O)C,56134-05-5,6.635,1.141,0.9450529085717891,low-fidelity RED
Lavandulyl Acetate,CC(=CCC(COC(=O)C)C(=C)C)C,25905-14-0,7.006,1.082,0.9467048114380735,low-fidelity RED
Geranyl Methyl Ether,CC(=CCC/C(=C/COC)/C)C,2565-82-4,6.11,1.009,0.9842509842514761,low-fidelity RED
Geranyl Formate,CC(=CCC/C(=C/COC=O)/C)C,105-86-2,7.205,1.048,0.9532837982468803,low-fidelity RED
Neryl Methyl Ether,CC(=CCC/C(=C\COC)/C)C,2565-83-5,6.11,1.009,0.9842509842514761,low-fidelity RED
Neryl Formate,CC(=CCC/C(=C\COC=O)/C)C,2142-94-1,7.205,1.048,0.9532837982468803,low-fidelity RED
Ocimene Oxirane,CC(=CCC1C(O1)(C)C)C=C,69103-20-4,6.464,1.314,0.9334077351297229,low-fidelity RED
Citral Dimethyl Acetal,CC(=CCCC(=CC(OC)OC)C)C,7549-37-3,7.217,1.162,0.9407443861113386,low-fidelity RED
Methyl Heptenone,CC(=CCCC(=O)C)C,110-93-0,6.878,0.9902,0.9676001240181817,low-fidelity RED
Linalyl Formate,CC(=CCCC(C)(C=C)OC=O)C,115-99-1,6.786,1.086,0.9013878188659973,low-fidelity RED
Prenyl Acetate,CC(=CCOC(=O)C)C,1191-16-8,7.082,0.9495,0.8863548950617914,low-fidelity RED
Acetonemethyloxime,CC(=NOC)C,3376-35-0,5.649,0.7078,0.1346291201783629,high-fidelity RED
Methoxyhexanone (Pentoxone),CC(=O)CC(C)(C)OC,107-70-0,6.324,0.9291,0.5419870847169701,high-fidelity RED
8-Nonen-2-One,CC(=O)CCCCCC=C,5009-32-5,6.972,1.062,0.7968688725254608,low-fidelity RED
10-Undecen-2-One,CC(=O)CCCCCCCC=C,36219-73-5,6.972,1.062,0.8518362518700404,low-fidelity RED
Ortholate (Verdox),CC(=O)O[C@@H]1CCCC[C@@H]1C(C)(C)C,20298-69-5,6.527,1.103,0.9685685313905258,low-fidelity RED
Linalool Oxide Acetates,CC(=O)OC(C)(C)C1CCC(O1)(C)C=C,67689-50-3,6.354,1.245,0.8933784192602818,low-fidelity RED
Bergamot Acetoacetate,CC(=O)OC(C)(C)CCCC(=C)C=C,69103-01-1,7.107,1.237,0.8249999999999996,low-fidelity RED
Ptbcha (Vertenex),CC(=O)OC1CCC(CC1)C(C)(C)C,32210-23-4,6.357,1.107,0.9006941767325904,low-fidelity RED
Verdox (Ortholate),CC(=O)OC1CCCCC1C(C)(C)C,88-41-5,6.527,1.103,0.9685685313905258,low-fidelity RED
Acetomethoxane_2001Review,CC(=O)OC1OC(C)OC(C)C1,828-00-2,6.961,1.172,0.9810708435174295,low-fidelity RED
(Z)-3-Hepten-1-Yl Acetate,CC(=O)OCC/C=C\CCC,1576-78-9,6.836,0.8899,0.8097067370350813,low-fidelity RED
(Z)-3-Nonen-1-Yl Acetate,CC(=O)OCC/C=C\CCCCC,13049-88-2,7.212,0.9022,0.8824681297361392,low-fidelity RED
3-Methyl-3-Methoxy Butyl Acetate,CC(=O)OCCC(C)(C)OC,103429-90-9,7.038,0.8847,0.730581959810123,high-fidelity RED
3-Mercapto-3-Methyl-1-Butyl Acetate,CC(=O)OCCC(C)(C)S,50746-09-3,6.955,0.8891,0.9581883948368396,low-fidelity RED
"1,4-Nonane Diol Diacetate",CC(=O)OCCCC(OC(C)=O)CCCCC,67715-81-5,7.839,0.9951,0.7668930825088984,low-fidelity RED
4-Penten-1-Yl Acetate,CC(=O)OCCCC=C,1576-85-8,7.315,0.9708,0.6745368781616025,low-fidelity RED
Rose Petal Acetate,CC(=O)OCCCCCCCCC=C,50816-18-7,7.329,1.008,0.8066132902450842,low-fidelity RED
10-Undecen-1-Yl Acetate,CC(=O)OCCCCCCCCCC=C,112-19-6,7.329,1.008,0.82802475808396,low-fidelity RED
2-Bromo-2-Methylbutane,CC(Br)(C)CC,507-36-8,5.495,0.9064,0.903119593409422,low-fidelity RED
2-Bromo-4-Methylpentane,CC(Br)CC(C)C,30310-22-6,5.207,0.8576,0.9205976319760988,low-fidelity RED
Butyl Tiglate,CC(C(=O)OCCCC)=[C@H]C,7785-66-2,7.006,1.061,0.818916967707959,low-fidelity RED
"3,3-Dimethyl-2-Pentanone",CC(C(C)(C)CC)=O,20669-04-9,6.337,0.7691,0.6020797289396147,low-fidelity RED
Butadione,CC(C(C)=O)=O,431-03-8,5.973,0.7099,0.6670832032063162,high-fidelity RED
3-Methyl-2-Hexanone,CC(C(C)CCC)=O,2550-21-2,6.164,0.8308,0.7520804478245661,low-fidelity RED
Menthol,CC(C(CCC(C)C1)C1O)C,89-78-1,6.316,1.162,0.9940447676035519,low-fidelity RED
"3,3,4,4-Tetrafluoro-Butanone-(2)(S)",CC(C(F)(C(F)F)F)=O,679-97-0,5.228,0.8533,0.7766112283504532,low-fidelity RED
"2,2-Bis(Trifluoromethyl)Propanol",CC(C(F)(F)F)(CO)C(F)(F)F,2927-17-5,5.256,0.9167,0.7941190087134296,low-fidelity RED
"Ethyl 3-Methyl -4,4,4-Trifluorobutyrate",CC(C(F)(F)F)CC(OCC)=O,95853-67-1,5.81,1.04,0.23452078799117107,low-fidelity RED
"2,3,4,5,6-Pentafluorotoluene",CC(C(F)=C1F)=C(C(F)=C1F)F,771-56-2,5.341,0.8895,0.9737171047075223,low-fidelity RED
"Propanedioic Acid, Methyl-, Diethyl Ester",CC(C(OCC)=O)C(OCC)=O,609-08-5,7.294,0.8512,0.8689073598491378,low-fidelity RED
Tert-Butyl Vinyl Ketone,CC(C)(C)C(=O)C=C,2177-30-2,5.819,0.8556,0.5511351921262151,low-fidelity RED
Methyl Pivalate,CC(C)(C)C(=O)OC,598-98-1,6.198,0.7985,0.1695582495781312,low-fidelity RED
"3,3-Dimethyl-2-Butanone",CC(C)(C)C(C)=O,75-97-8,5.998,0.7172,0.48283019789569903,low-fidelity RED
"3,3-Dimethyl-2-Butanol",CC(C)(C)C(O)C,464-07-3,6.524,0.8495,0.22912878474779141,low-fidelity RED
"2,2,4-Trimethyl-3-Pentanol",CC(C)(C)C(O)C(C)C,5162-48-1,6.168,0.8025,0.561248608016091,low-fidelity RED
"2,2-Dimethyl-3-Hexanol",CC(C)(C)C(O)CCC,4209-90-9,6.145,0.8237,0.4937104414532874,low-fidelity RED
"2,2-Dimethylpropanal",CC(C)(C)C=O,630-19-3,5.606,0.8816,0.620987117418711,low-fidelity RED
4-Tert-Butyl Cyclohexane Carboxaldehyde,CC(C)(C)C1CCC(CC1)C=O,20691-52-5,5.77,0.9348,0.8782084035125142,low-fidelity RED
Patchouli Hexanol,CC(C)(C)C1CCC(CC1)O,98-52-2,6.492,0.9932,0.8909264840602731,low-fidelity RED
Pine Hexanol,CC(C)(C)C1CCCCC1O,13491-79-7,6.326,0.9444,0.9182183836103477,low-fidelity RED
"2,4,4-Trimethyl-1-Pentanol",CC(C)(C)CC(C)CO,16325-63-6,7.079,0.8846,0.9646890690787367,low-fidelity RED
"7,7-Dimethyl-1-Octanol",CC(C)(C)CCCCCCO,66719-35-5,7.7,0.8442,0.7553972464869062,low-fidelity RED
"6,6-Dimethyl-1-Heptanol",CC(C)(C)CCCCCO,65769-10-0,7.7,0.8442,0.8518362518700409,low-fidelity RED
"2,2-Dimethyl-1-Propanethiol",CC(C)(C)CS,1679-08-9,5.406,0.7836,0.5159941860137569,low-fidelity RED
Tert-Butyl Acrylate,CC(C)(C)OC(=O)C=C,1663-39-4,6.443,1.009,0.34369317712168795,low-fidelity RED
t-Butyl Acetate,CC(C)(C)OC(C)=O,540-88-5,6.183,0.7618,0.30822070014844866,high-fidelity RED
Isopropyl-Tert-Butyl-Ether,CC(C)(C)OC(C)C,17348-59-3,5.543,0.9639,0.81891696770796,low-fidelity RED
Ethyl Tert-Butyl Ether,CC(C)(C)OCC,637-92-3,5.262,0.7596,0.6363961030678928,low-fidelity RED
1-Tert-Butoxy-2-[2-(Tert-Butoxy)Propoxy]Propane,CC(C)(C)OCC(C)OCC(C)OC(C)(C)C,NA7458,6.132,1.078,0.6937218462755804,low-fidelity RED
Ethylene Glycol Di-t-Butyl Ether,CC(C)(C)OCCOC(C)(C)C,26547-47-7,5.567,0.8259,0.8031189202104504,high-fidelity RED
Di-t-Butyl Peroxide,CC(C)(C)OOC(C)(C)C,110-05-4,5.266,0.7844,0.2883140648667701,low-fidelity RED
Allyl-Tert-Butylperoxide,CC(C)(C)OOCC=C,39972-78-6,5.548,0.9522,0.4769696007084726,low-fidelity RED
Di-Tert-Butyl Disulfide,CC(C)(C)SSC(C)(C)C,110-06-5,5.426,0.8686,0.8863548950617919,low-fidelity RED
Yomogi Alcohol,CC(C)(C=C)\C=C\C(C)(C)O,30458-12-9,6.12,0.95,0.7685213074469697,low-fidelity RED
"4,4-Dimethyl-2-Hexanol",CC(C)(CC)CC(C)O,E14187,6.864,0.7954,0.8905756565278434,low-fidelity RED
"3,3-Dimethyl-1-Hexanol",CC(C)(CCC)CCO,10524-70-6,6.655,0.8509,0.9253377761660873,low-fidelity RED
Myrcenol,CC(C)(CCCC(=C)C=C)O,543-39-5,6.803,1.081,0.7533259586659685,low-fidelity RED
"2,3-Dimethyl-2-Butanol",CC(C)(O)C(C)C,594-60-5,6.309,0.8118,0.7830229881682911,low-fidelity RED
"2,4-Dimethyl-2-Pentanol",CC(C)(O)CC(C)C,625-06-9,6.472,0.8054,0.7271519786124492,low-fidelity RED
"2,4-Dimethyl-2-Octanol",CC(C)(O)CC(C)CCCC,18675-20-2,6.834,1.048,0.7673004626611403,low-fidelity RED
"2,5-Dimethyl-2-Hexanol",CC(C)(O)CCC(C)C,3730-60-7,6.378,0.8199,0.6708203932499366,low-fidelity RED
2-Methyl-2-Hexanol,CC(C)(O)CCCC,625-23-0,6.305,0.7894,0.9890020222426242,low-fidelity RED
"2,7-Dimethyl-2-Octanol",CC(C)(O)CCCCC(C)C,42007-73-8,6.69,0.9548,0.5511351921262145,low-fidelity RED
2-Methyl-2-Octanol,CC(C)(O)CCCCCC,628-44-4,6.434,0.8615,0.8325412902673354,low-fidelity RED
2-Methyl-2-Butanethiol,CC(C)(S)CC,1679-09-0,5.627,0.8659,0.5749999999999994,low-fidelity RED
Green Heptenal,CC(C)/C(=C/CC(C)C=O)/C,82784-84-7,6.776,1.103,0.845946215784431,low-fidelity RED
4-Methyl-Trans-2-Pentene,CC(C)\C=C\C,674-76-0,5.466,1.024,0.8849435010213929,low-fidelity RED
"3-Methyl-1,2-Butadiene",CC(C)=C=C,598-25-4,5.319,0.8518,0.4905354217587144,high-fidelity RED
Clary Octenone,CC(C)C(=O)C(C)(C)CC=C(C)C,74338-72-0,6.059,1.054,0.963068014212911,low-fidelity RED
Isopropyl Vinyl Ketone,CC(C)C(=O)C=C,1606-47-9,6.437,0.9692,0.6581223290544087,low-fidelity RED
Chamomile Isobutyrate,CC(C)C(=O)OC(C)CC(=C)C,80118-06-5,7.036,1.151,0.7044501401802685,low-fidelity RED
Cyclohexyl Isobutyrate,CC(C)C(=O)OC1CCCCC1,1129-47-1,7.362,1.17,0.9750000000000003,low-fidelity RED
"2,2,4-Trimethyl-1,3-Pentanediol Diisobutyrate",CC(C)C(=O)OCC(C)(C)C(C(C)(C))OC(=O)C(C)(C),6846-50-0,7.098,1.158,0.8215838362577491,low-fidelity RED
"2,2,4-Trimethyl-1,3-Pentanediol Monoisobutyrate",CC(C)C(=O)OCC(C)(C)C(O)C(C)C,77-68-9,6.854,1.238,0.548292804986532,low-fidelity RED
Prenyl Isobutyrate,CC(C)C(=O)OCC=C(C)C,76649-23-5,7.129,1.029,0.7386643351347071,low-fidelity RED
Citronellyl Isobutyrate,CC(C)C(=O)OCCC(C)CCC=C(C)C,97-89-2,7.39,1.198,0.9467048114380738,low-fidelity RED
Rhodinyl Isobutyrate,CC(C)C(=O)OCCC(C)CCCC(=C)C,138-23-8,7.739,1.194,0.7449832212875669,low-fidelity RED
"2,3,4-Trimethyl-3-Pentanol",CC(C)C(C)(O)C(C)C,3054-92-0,6.451,0.9174,0.6368869601428493,low-fidelity RED
Methyl Isopropyl Ketone,CC(C)C(C)=O,563-80-4,6.256,0.8287,0.6547900426854396,low-fidelity RED
"2,3,4-Trimethyl-2-Pentanol",CC(C)C(C)C(C)(C)O,66576-26-9,6.569,0.761,0.5841660722773957,low-fidelity RED
2-Isopropyl-1-Pentanol,CC(C)C(CCC)CO,E15225,6.147,0.9039,0.9048480535426925,low-fidelity RED
3-Amino-2-Methylpentane,CC(C)C(N)CC,54287-41-1,5.891,0.825,0.45138675213169444,low-fidelity RED
"2,3-Dimethyl-3-Pentanol",CC(C)C(O)(C)CC,595-41-5,6.897,0.9665,0.775403120963541,low-fidelity RED
"2,3-Dimethyl-3-Hexanol",CC(C)C(O)(C)CCC,4166-46-5,6.49,1.007,0.7537406715840667,low-fidelity RED
"2,4-Dimethyl-3-Pentanol",CC(C)C(O)C(C)C,600-36-2,6.346,0.8179,0.7889866919029748,low-fidelity RED
"2,4-Dimethyl-3-Hexanol",CC(C)C(O)C(C)CC,13432-25-2,6.66,0.8838,0.7437237390321755,low-fidelity RED
"2,5-Dimethyl-3-Hexanol",CC(C)C(O)CC(C)C,19550-07-3,6.755,0.8246,0.7437237390321757,low-fidelity RED
2-Methyl-3-Hexanol,CC(C)C(O)CCC,617-29-8,6.38,0.8671,0.9427353817482399,low-fidelity RED
2-Methyl-3-Heptanol,CC(C)C(O)CCCC,18720-62-2,6.708,0.8622,0.9307255234493141,low-fidelity RED
3-Methyl-2-Butanethiol,CC(C)C(S)C,2084-18-6,5.294,0.7254,0.6509608283145767,low-fidelity RED
Isodihydrolavandulyl Acetate,CC(C)C\C=C(/COC(=O)C)\C(C)C,40853-56-3,6.892,1.082,0.8147085368400161,low-fidelity RED
Isodihydrolavandulol,CC(C)C\C=C(\CO)/C(C)C,40853-53-0,6.425,0.9984,0.7553972464869061,low-fidelity RED
5-Methyl-Trans-2-Hexene,CC(C)C\C=C\C,7385-82-2,5.733,1.03,0.9532837982468807,low-fidelity RED
(E)-6-Methyl-3-Hepten-2-One,CC(C)C\C=C\C(=O)C,20859-10-3,5.883,1.043,0.8411301920630361,low-fidelity RED
Filbert Hexenone,CC(C)C=CC(=O)C,5166-53-0,5.843,1.026,0.8448372624357902,low-fidelity RED
4-Methyl-2-Penten-1-Al,CC(C)C=CC=O,5362-56-1,5.779,0.9935,0.9953014618697192,low-fidelity RED
Timber Dioxolane,CC(C)C1C(COC(O1)(C)C)(C)C,61920-45-4,5.893,1.137,0.9775607398008576,low-fidelity RED
1-Bromo-2-Methylpropane,CC(C)CBr,78-77-3,5.266,0.739,0.9100137361600642,low-fidelity RED
(E)-Tagetone,CC(C)CC(=O)\C=C(/C)\C=C,6752-80-3,6.155,1.071,0.9017344398435717,low-fidelity RED
(Z)-Tagetone,CC(C)CC(=O)\C=C(\C)/C=C,3588-18-9,6.155,1.071,0.9017344398435717,low-fidelity RED
Chamomile Octenone,CC(C)CC(=O)C=CC(C)C,68419-46-5,6.568,1.118,0.8877640452282354,low-fidelity RED
Dihydrotagetone,CC(C)CC(=O)CC(C)C=C,1879-00-1,6.033,1.111,0.7814249804043891,low-fidelity RED
Isopropyl Isovalerate,CC(C)CC(=O)OC(C)C,32665-23-9,6.426,0.9871,0.43732139211339743,low-fidelity RED
Cyclohexyl Isovalerate,CC(C)CC(=O)OC1CCCCC1,7774-44-9,6.776,1.201,0.959492053119774,low-fidelity RED
Allyl Isovalerate,CC(C)CC(=O)OCC=C,2835-39-4,6.516,1.082,0.5273755777432246,low-fidelity RED
Furfuryl Isovalerate,CC(C)CC(=O)OCC1=CC=CO1,13678-60-9,7.788,1.154,0.9698582370635405,low-fidelity RED
Citronellyl Isovalerate,CC(C)CC(=O)OCCC(C)CCC=C(C)C,68922-10-1,6.886,1.172,0.9708243919473795,low-fidelity RED
Rhodinyl Isovalerate,CC(C)CC(=O)OCCC(C)CCCC(=C)C,7778-96-3,7.236,1.167,0.9100137361600646,low-fidelity RED
3-Methyl Thiopropyl Isovalerate,CC(C)CC(=O)OCCCSC,84559-98-8,7.04,1.116,0.9013878188659977,low-fidelity RED
"2,2,4-Trimethyl-1-Pentanol",CC(C)CC(C)(C)CO,123-44-4,5.773,0.899,0.838525491562421,low-fidelity RED
"3,5-Dimethyl-2-Hexanol",CC(C)CC(C)C(C)O,66576-27-0,6.558,0.8562,0.9607939425287815,low-fidelity RED
"6,8-Dimethyl-2-Nonanol",CC(C)CC(C)CCCC(C)O,70214-77-6,7.248,0.9301,0.7335700375560603,low-fidelity RED
Methyl Amyl Acetate,CC(C)CC(C)OC(=O)C,108-84-9,6.977,0.7901,0.5766281297335395,high-fidelity RED
Di-Isobutyl Ketone,CC(C)CC(CC(C)C)=O,108-83-8,6.368,0.8398,0.6581223290544088,high-fidelity RED
Diisobutyl Carbinyl Acetate,CC(C)CC(CC(C)C)OC(=O)C,10250-45-0,7.191,0.8599,0.7420411039827913,low-fidelity RED
2-Amino-4-Methylpentane,CC(C)CC(N)C,108-09-8,5.863,0.7903,0.47434164902525644,low-fidelity RED
2-Methyl-4-Heptanol,CC(C)CC(O)CCC,21570-35-4,6.017,0.9399,0.8919781387455633,low-fidelity RED
Methyl Isopentanoate,CC(C)CC(OC)=O,556-24-1,6.298,0.916,0.4301162633521308,low-fidelity RED
Isobutyl Isopentanoate,CC(C)CC(OCC(C)C)=O,589-59-3,6.962,0.9932,0.505593710403917,low-fidelity RED
Ethyl Isovalerate,CC(C)CC(OCC)=O,108-64-5,6.436,0.936,0.3535533905932734,low-fidelity RED
Isopentyl Isovalerate,CC(C)CC(OCCC(C)C)=O,659-70-1,6.641,1.001,0.5921359641163503,low-fidelity RED
Propyl Isopentanoate ,CC(C)CC(OCCC)=O,557-00-6,6.51,1.025,0.4716990566028297,low-fidelity RED
(E)-7-Methyl-3-Octen-2-One,CC(C)CC\C=C\C(=O)C,33046-81-0,5.756,1.024,0.8418729120241368,low-fidelity RED
4-Methyl-1-Pentene,CC(C)CC=C,691-37-2,5.768,0.9579,0.9031195934094222,low-fidelity RED
Isodihydrolavandulal,CC(C)CC=C(C=O)C(C)C,35158-25-9,6.584,1.061,0.8019507466172718,low-fidelity RED
Sedanolide,CC(C)CC1C2CCCC=C2C(=O)O1,6415-59-4,7.491,1.173,0.9581883948368404,low-fidelity RED
1-Bromo-3-Methylbutane,CC(C)CCBr,107-82-4,5.336,0.8206,0.9031195934094216,low-fidelity RED
Methyl Iso-Amyl Ketone,CC(C)CCC(=O)C,110-12-3,6.436,0.8856,0.7301540933255115,low-fidelity RED
Methyl 4-Methyl Valerate,CC(C)CCC(=O)OC,2412-80-8,6.962,0.8562,0.45893899376714475,low-fidelity RED
"4,7-Dimethyl-1-Octanol",CC(C)CCC(C)CCCO,66719-34-4,7.664,0.9452,0.8895223437328599,low-fidelity RED
Phytol,CC(C)CCC[C@@H](C)CCC[C@@H](C)CCC/C(=C/CO)/C,150-86-7,6.996,0.9922,0.7905694150420951,low-fidelity RED
Amber Dioxepine,CC(C)CCC1(OCC=CCO1)C,53338-05-9,5.88,1.101,0.9737171047075226,low-fidelity RED
Aldehydic Nitrile,CC(C)CCCC(C)CC#N,40188-41-8,6.277,1.036,0.758287544405155,low-fidelity RED
Tetrahydrocitral,CC(C)CCCC(C)CC=O,5988-91-0,6.218,0.9855,0.6604922406811453,low-fidelity RED
Tetrahydrogeranyl Acetone,CC(C)CCCC(C)CCCC(=O)C,1604-34-8,7.082,0.9419,0.8605957239029252,low-fidelity RED
"(Z,E)-Phytol",CC(C)CCCC(C)CCCC(C)CCCC(=CCO)C,7541-49-3,6.996,0.9922,0.7905694150420951,low-fidelity RED
Hexahydrofarnesyl Acetone,CC(C)CCCC(C)CCCC(C)CCCC(=O)C,502-69-2,7.082,0.9419,0.999062060134404,low-fidelity RED
Dimethyl Octanyl Acetate,CC(C)CCCC(C)CCOC(=O)C,20780-49-8,7.592,0.8738,0.7163274390947201,low-fidelity RED
6-Methyl Heptanal,CC(C)CCCCC=O,63885-09-6,6.249,0.9777,0.7365459931328118,low-fidelity RED
Isodecanal,CC(C)CCCCCCC=O,1321-89-7,6.194,1.01,0.7318640584152222,low-fidelity RED
12-Methyl Tridecanal,CC(C)CCCCCCCCCCC=O,75853-49-5,6.194,1.01,0.8340413658806137,low-fidelity RED
13-Methyl Tetradecanal,CC(C)CCCCCCCCCCCC=O,75853-51-9,6.194,1.01,0.8547660498639378,low-fidelity RED
Isodecanol,CC(C)CCCCCCCO,25339-17-7,7.65,0.8631,0.89895772981826,low-fidelity RED
Isononyl Alcohol,CC(C)CCCCCCO,27458-94-2,7.65,0.8631,0.9965565713997374,low-fidelity RED
Isononyl Acetate,CC(C)CCCCCCOC(=O)C,40379-24-6,7.392,0.9158,0.6675514961409345,low-fidelity RED
1-Fluoro-3-Methylbutane,CC(C)CCF,407-06-7,5.175,0.7682,0.7956915231419774,low-fidelity RED
3-Methylbutylamine,CC(C)CCN,107-85-7,5.693,0.8797,0.5055937104039168,low-fidelity RED
3-Methylbutyl Nitrate,CC(C)CCO[N+](=O)[O-],543-87-3,6.076,1.066,0.8547660498639377,low-fidelity RED
Isoamyl Pyruvate,CC(C)CCOC(=O)C(=O)C,7779-72-8,6.86,0.982,0.9810708435174292,low-fidelity RED
Isoamyl Isobutyrate,CC(C)CCOC(=O)C(C)C,1/3/50 0:00,7.025,1.005,0.5232112384114085,low-fidelity RED
Isoamyl Acetoacetate,CC(C)CCOC(=O)CC(=O)C,2308-18-1,6.956,0.9865,0.9100137361600648,low-fidelity RED
Diisoamyl Thiomalate,CC(C)CCOC(=O)CC(C(=O)OCCC(C)C)S,68084-03-7,6.935,1.015,0.8131727983645286,low-fidelity RED
Isoamyl Levulinate,CC(C)CCOC(=O)CCC(=O)C,71172-75-3,7.531,0.9998,0.862409415533017,low-fidelity RED
Diisopentyl Succinate,CC(C)CCOC(=O)CCC(=O)OCCC(C)C,818-04-2,7.613,0.9128,0.5390964663211956,low-fidelity RED
Isoamyl 3-(2-Furan) Propionate,CC(C)CCOC(=O)CCC1=CC=CO1,7779-67-1,8.611,1.145,0.9006941767325914,low-fidelity RED
Acetaldehyde Isoamyl Isobutyl Acetal,CC(C)CCOC(C)OCC(C)C,75048-15-6,5.944,1.051,0.6637959023675877,low-fidelity RED
Acetaldehyde Diisoamyl Acetal,CC(C)CCOC(C)OCCC(C)C,13002-09-0,5.84,0.9193,0.6946221994724902,low-fidelity RED
Isopentyl Formate,CC(C)CCOC=O,110-45-2,6.105,0.9272,0.5350233639758171,low-fidelity RED
Allyl Amyl Glycolate,CC(C)CCOCC(=O)OCC=C,67634-01-9,6.48,1.16,0.5528336096873994,low-fidelity RED
Isopentylether,CC(C)CCOCCC(C)C,544-01-4,5.95,0.8102,0.7956915231419772,low-fidelity RED
3-Methyl-1-Butanethiol,CC(C)CCS,541-31-1,5.561,0.7357,0.6204836822995424,low-fidelity RED
Methyl Isopentyl Disulfide,CC(C)CCSSC,72437-56-0,5.427,0.8931,0.9801147891956332,low-fidelity RED
Diisoamyl Disulfide,CC(C)CCSSCCC(C)C,4/9/51 0:00,5.427,0.8931,0.890575656527844,low-fidelity RED
1-Fluoro-2-Methylpropane,CC(C)CF,359-00-2,5.326,0.8033,0.7271519786124494,low-fidelity RED
Diisobutylamine,CC(C)CNCC(C)C,110-96-3,5.708,0.8589,0.702228595259407,low-fidelity RED
Isobutyl Furyl Propionate,CC(C)COC(=O)CCC1=CC=CO1,105-01-1,8.933,1.144,0.9045026257562775,low-fidelity RED
Isobutyl Undecylenate,CC(C)COC(=O)CCCCCCCCC=C,5421-27-2,8.066,1.107,0.9113863066779092,low-fidelity RED
Isobutyl-Tert-Butyl Ether,CC(C)COC(C)(C)C,33021-02-2,6.002,0.9087,0.8591420138719792,low-fidelity RED
Isobutyl Acetate,CC(C)COC(C)=O,110-19-0,7.56,0.7478,0.38810436740650034,high-fidelity RED
Acetaldehyde Diisobutyl Acetal,CC(C)COC(C)OCC(C)C,5669-09-0,5.989,0.9693,0.6581223290544089,low-fidelity RED
Isobutyl Chloroformate,CC(C)COC(Cl)=O,543-27-1,6.794,0.8549,0.865303414993839,low-fidelity RED
Vinyl Isobutyl Ether,CC(C)COC=C,109-53-5,5.735,1.037,0.16007810593582072,high-fidelity RED
Isobutyl Vinyl Sulfide,CC(C)CSC=C,,5.618,0.9592,0.9823441352194242,low-fidelity RED
Isopropyl Amine (2-Propan Amine),CC(C)N,75-31-0,5.602,0.7163,0.40078048854703485,high-fidelity RED
Diisopropylamine,CC(C)NC(C)C,108-18-9,5.572,0.9436,0.7504165509901817,high-fidelity RED
Isopropyl Tiglate,CC(C)OC(=O)C=C(C)C,1733-25-1,6.941,1.048,0.7198090024443977,low-fidelity RED
Diisopropyl Adipate,CC(C)OC(=O)CCCCC(=O)OC(C)C,6938-94-9,7.589,0.7662,0.5678908345800272,low-fidelity RED
Isopropyl Ether,CC(C)OC(C)C,108-20-3,5.271,0.7513,0.5482928049865325,high-fidelity RED
Acetaldehyde Diisopropyl Acetal,CC(C)OC(C)OC(C)C,4285-59-0,5.238,0.9001,0.5662375826453061,low-fidelity RED
Vinyl Isopropyl Ether,CC(C)OC=C,926-65-8,5.586,0.9895,0.2121320343559644,high-fidelity RED
Isopropyl Isobutyl Ether,CC(C)OCC(C)C,78448-33-6,5.706,0.8833,0.6841966091702004,low-fidelity RED
Allyl Isopropyl Ether,CC(C)OCC=C,6140-80-3,5.574,0.899,0.536772763839597,high-fidelity RED
Fluoromethyl  1-Methylethyl  Ether,CC(C)OCF,372-12-3,5.394,0.8856,0.6368869601428497,low-fidelity RED
Methyl Isopropyl Sulfide,CC(C)SC,1551-21-9,5.39,0.7316,0.9829801625668741,low-fidelity RED
Isopropyl Disulfide,CC(C)SSC(C)C,4253-89-8,5.407,0.7421,0.7619875327064085,low-fidelity RED
"2,5,9-Trimethyl-4,9-Decadien-1-Al",CC(C\C=C(/C)\CCCC(=C)C)C=O,32803-39-7,7.176,1.057,0.9357483636106442,low-fidelity RED
2-Methyl-1-Butene-3-Yne,CC(C#C)=C,78-80-8,5.437,0.9316,0.5645794895318105,low-fidelity RED
(±)-Lilac Aldehyde,CC(C=O)C1CCC(O1)(C)C=C,67920-63-2,6.313,1.178,0.9581883948368397,low-fidelity RED
2-Methylbutanal,CC(C=O)CC,96-17-3,5.712,0.8996,0.7850159234053788,low-fidelity RED
Musk Acetate,CC(C1CCCC(C1)(C)C)OC(=O)C,25225-10-9,7.171,1.065,0.9503288904374106,low-fidelity RED
Marine Formate,CC(C1CCCC(C1)(C)C)OC=O,25225-08-5,6.301,1.09,0.8359126748650244,low-fidelity RED
"Allyl 3,5,5-Trimethyl Hexanoate",CC(CC(=O)OCC=C)CC(C)(C)C,71500-37-3,7.017,1.084,0.7717674520216563,low-fidelity RED
"4,4-Dimethyl-2-Pentanone",CC(CC(C)(C)C)=O,590-50-1,6.28,0.7642,0.5297405025104273,low-fidelity RED
Tmh Aldehyde,CC(CC(C)(C)C)C(C)C=O,68391-29-7,6.154,1.023,0.67175144212722,low-fidelity RED
Methyl Iso-Butyl Ketone (Mibk),CC(CC(C)C)=O,108-10-1,6.414,0.7615,0.5618051263561058,high-fidelity RED
4-Methyl-2-Hexanone,CC(CC(C)CC)=O,105-42-0,6.788,0.9154,0.6637959023675877,low-fidelity RED
"3,5-Dimethyl-3-Hexanol",CC(CC)(O)CC(C)C,4209-91-0,6.419,0.9124,0.773385414912901,low-fidelity RED
3-Methyl-2-Pentanone,CC(CC)C(C)=O,565-61-7,6.434,0.8272,0.6194755846681929,low-fidelity RED
"2,4-Dimethyl-2-Hexanol",CC(CC)CC(C)(C)O,42328-76-7,6.551,0.958,0.6837397165588667,low-fidelity RED
1-Fluoro-2-Methylbutane,CC(CC)CF,10086-64-3,5.213,0.7843,0.914467057908594,low-fidelity RED
Sec-Butyl Acetate,CC(CC)OC(C)=O,105-46-4,6.596,0.8881,0.6745368781616019,high-fidelity RED
Magnolia Decadienal,CC(CC\C=C(/C)\CCC=O)C=C,71077-31-1,7.255,1.162,0.9290452088031019,low-fidelity RED
Green Hexanal,CC(CC=O)CC(C)(C)C,5435-64-3,6.019,0.8738,0.5414101956926928,low-fidelity RED
Methyl Isoamyl Ketone,CC(CCC(C)C)=O,110-12-3,6.436,0.8856,0.7301540933255115,high-fidelity RED
"5,6-Dimethyl-2-Heptanol",CC(CCC(C)O)C(C)C,58795-24-7,6.68,0.9486,0.7877975628294365,low-fidelity RED
2-Methyl-1-Pentene,CC(CCC)=C,763-29-1,5.936,0.9037,0.9113863066779091,low-fidelity RED
α-Methylene Citronellal,CC(CCC=C(C)C)C(=C)C=O,22418-66-2,6.752,1.08,0.895823643358445,low-fidelity RED
"2,6-Dimethyl-5-Heptenal",CC(CCC=C(C)C)C=O,106-72-9,7.001,1.063,0.8849435010213925,low-fidelity RED
Methyl Citronellate,CC(CCC=C(C)C)CC(=O)OC,2270-60-2,6.903,1.076,0.8674675786448727,low-fidelity RED
Citronellal Dimethyl Acetal,CC(CCC=C(C)C)CC(OC)OC,923-69-3,6.638,1.117,0.7909646009778191,low-fidelity RED
Citronellyl Nitrile,CC(CCC=C(C)C)CC#N,51566-62-2,7.011,1.161,0.9581883948368392,low-fidelity RED
Citronellal,CC(CCC=C(C)C)CC=O,106-23-0,6.979,1.091,0.8947765084086637,low-fidelity RED
Laevo-Citronellyl Acetate,CC(CCC=C(C)C)CCOC(=O)C,67601-05-2,7.675,1.009,0.8863548950617909,low-fidelity RED
Acetaldehyde Citronellyl Methyl Acetal,CC(CCC=C(C)C)CCOC(C)OC,68039-24-7,6.686,1.231,0.8158584436040364,low-fidelity RED
Citronellyl Formate,CC(CCC=C(C)C)CCOC=O,105-85-1,7.228,1.098,0.7632168761236874,low-fidelity RED
Citronellyl Oxyacetaldehyde,CC(CCC=C(C)C)CCOCC=O,7492-67-3,7.07,1.152,0.9017344398435714,low-fidelity RED
6-Methyl-5-Hepten-2-Yl Acetate,CC(CCC=C(C)C)OC(=O)C,19162-00-6,7.307,1.13,0.8518362518700401,low-fidelity RED
Nanofin,CC(CCC1)NC1C,504-03-0,5.21,1.007,0.8306623862918066,low-fidelity RED
Rhodinyl Acetate,CC(CCCC(=C)C)CCOC(=O)C,141-11-7,8.024,1.01,0.7454025757937784,low-fidelity RED
Rhodinyl Formate,CC(CCCC(=C)C)CCOC=O,141-09-3,7.547,1.136,0.6403124237432846,low-fidelity RED
Citronellyl Acetone,CC(CCCC(=O)C)CCC=C(C)C,4433-36-7,7.616,1.107,0.9874208829065747,low-fidelity RED
Methyl 5-Acetoxyhexanoate,CC(CCCC(=O)OC)OC(=O)C,35234-22-1,7.776,1.059,0.9663074045043841,low-fidelity RED
Lime Octenol,CC(CCCC(C)(C)O)C=C,25279-09-8,6.74,1.101,0.7301540933255114,low-fidelity RED
Hydroxycitronellal Dimethyl Acetal,CC(CCCC(C)(C)O)CC(OC)OC,141-92-4,7.07,1.042,0.7145802963978224,low-fidelity RED
Dihydromyrcenyl Acetate,CC(CCCC(C)(C)OC(=O)C)C=C,53767-93-4,7.046,1.239,0.808548081439811,low-fidelity RED
Sandal Octanol,CC(CCCC(C)(C)OC)C(C)O,41890-92-0,7.133,1.132,0.6768493185340442,low-fidelity RED
Methoxymelonal,CC(CCCC(C)(C)OC)C=O,62439-41-2,7.179,1.095,0.6368869601428493,low-fidelity RED
Methoxycitronellal,CC(CCCC(C)(C)OC)CC=O,3613-30-7,7.395,1.148,0.6562202374203343,low-fidelity RED
Adoxal,CC(CCCC(C)C=O)CCC=C(C)C,141-13-9,7.388,1.131,0.9698582370635404,low-fidelity RED
Methyl Butyl Ketone,CC(CCCC)=O,591-78-6,6.641,0.7881,0.5618051263561058,high-fidelity RED
Methyl n-Amyl Ketone,CC(CCCCC)=O,110-43-0,6.891,0.8247,0.814324873745116,high-fidelity RED
2-Octanone,CC(CCCCCC)=O,111-13-7,6.836,0.8253,0.7504165509901821,low-fidelity RED
2-Octanethiol,CC(CCCCCC)S,3001-66-9,5.648,0.8959,0.8835298523536137,low-fidelity RED
2-Nonanone,CC(CCCCCCC)=O,821-55-6,6.836,0.8253,0.7766112283504536,low-fidelity RED
2-Decanone,CC(CCCCCCCC)=O,693-54-9,6.836,0.8253,0.8054501846793509,low-fidelity RED
2-Undecanone,CC(CCCCCCCCC)=O,112-12-9,6.836,0.8253,0.8605957239029247,low-fidelity RED
2-Dodecanone,CC(CCCCCCCCCC)=O,6175-49-1,6.836,0.8253,0.8764274071479047,low-fidelity RED
2-Tridecanone,CC(CCCCCCCCCCC)=O,593-08-8,6.836,0.8253,0.8692669325356858,low-fidelity RED
2-Tridecanol,CC(CCCCCCCCCCC)O,1653-31-2,7.003,0.9055,0.7487489565935972,low-fidelity RED
2-Tetradecanone,CC(CCCCCCCCCCCC)=O,2345-27-9,6.836,0.8253,0.9357483636106454,low-fidelity RED
"3,7-Dimethyl-1-Octanol",CC(CCO)CCCC(C)C,106-21-8,7.5,0.869,0.9266876496425319,low-fidelity RED
Nonisyl Acetate,CC(CCOC(=O)C)CC(C)(C)C,58430-94-7,7.439,0.9663,0.6689544080129824,low-fidelity RED
3-Methoxy Butyl Acetate,CC(CCOC(=O)C)OC,4435-53-4,7.288,0.9417,0.8158584436040359,high-fidelity RED
Nonisyl Formate,CC(CCOC=O)CC(C)(C)C,67355-38-8,6.322,1.063,0.45069390943299853,low-fidelity RED
"1,1,3-Trifluoro-2-Methylpropane",CC(CF)C(F)F,E16191,5.217,0.7716,0.7652613932506983,low-fidelity RED
Isobutylamine,CC(CN)C,78-81-9,5.765,0.7294,0.5905505905508857,low-fidelity RED
Tripropylene Glycol Dimethyl Ether,CC(COC(COC(COC)C)C)OC,42769-21-1,5.513,0.9984,0.577711000414567,low-fidelity RED
Tripropylene Glycol Butyl Methyl Ether,CC(COC(COC(COC)C)C)OCCCC,7382-30-1,5.418,1.025,0.5852349955359811,low-fidelity RED
Isobutyl Mercaptan,CC(CS)C,513-44-0,5.556,0.6814,0.5595757321399846,low-fidelity RED
"1,2,3-Trifluorobutane",CC(F)C(F)CF,E16195,5.398,0.8214,0.7123903424387502,low-fidelity RED
"2,4-Difluoropentane",CC(F)CC(C)F,66688-47-9,5.271,0.7306,0.722841614740048,low-fidelity RED
"1,1,3-Trifluorobutane",CC(F)CC(F)F,E16198,5.485,0.7799,0.54198708471697,low-fidelity RED
4-Fluoro-1-Pentene,CC(F)CC=C,66702-91-8,5.355,0.9055,0.5573374202401987,low-fidelity RED
"1,3-Difluorobutane",CC(F)CCF,691-42-9,5.352,0.7844,0.6446898479113814,low-fidelity RED
 (+-)-sec-Butylamine,CC(N)CC,33966-50-6,5.925,0.8439,0.6149186938124419,low-fidelity RED
1-Methylbutylamine,CC(N)CCC,625-30-9,5.502,0.9358,0.5550900827793623,low-fidelity RED
"2,3,3-Trimethyl-2-Pentanol",CC(O)(C)C(C)(C)CC,23171-85-9,6.243,0.8068,0.5279678020485719,low-fidelity RED
"2,3-Dimethyl-2-Pentanol",CC(O)(C)C(C)CC,4911-70-0,6.51,0.8071,0.7284401142166729,low-fidelity RED
2-Methyl-2-Heptanol,CC(O)(C)CCCCC,625-25-2,6.489,0.8555,0.9222933372848359,low-fidelity RED
2-Methyl-2-Nonanol,CC(O)(C)CCCCCCC,10297-57-1,6.434,0.8615,0.7558108228915484,low-fidelity RED
"3,3-Dimethyl-2-Hexanol",CC(O)C(C)(C)CCC,22025-20-3,6.758,1.104,0.864580823289529,low-fidelity RED
"3,4-Dimethyl-2-Hexanol",CC(O)C(C)C(C)CC,19550-05-1,7.265,0.9198,0.9555757426808196,low-fidelity RED
"4,4-Dimethyl-2-Pentanol",CC(O)CC(C)(C)C,6144-93-0,6.79,0.9043,0.33354160160315816,low-fidelity RED
5-Methyl-2-Heptanol,CC(O)CCC(C)CC,54630-50-1,6.561,0.9901,0.9620940702446927,low-fidelity RED
6-Methyl-2-Heptanol,CC(O)CCCC(C)C,4730-22-7,6.931,0.9365,0.9676001240181815,low-fidelity RED
2-Undecanol,CC(O)CCCCCCCCC,1653-30-1,7.003,0.9055,0.8653034149938392,low-fidelity RED
2-Dodecanol,CC(O)CCCCCCCCCC,10203-28-8,7.003,0.9055,0.8031189202104508,low-fidelity RED
2-Tetradecanol,CC(O)CCCCCCCCCCCC,4706-81-4,7.003,0.9055,0.7652613932506986,low-fidelity RED
2-Pentadecanol,CC(O)CCCCCCCCCCCCC,1653-34-5,7.003,0.9055,0.7697402159170329,low-fidelity RED
2-Hexadecanol,CC(O)CCCCCCCCCCCCCC,14852-31-4,7.003,0.9055,0.777013513396003,low-fidelity RED
2-Heptadecanol,CC(O)CCCCCCCCCCCCCCC,16813-18-6,7.003,0.9055,0.7228416147400477,low-fidelity RED
2-Nonadecanol,CC(O)CCCCCCCCCCCCCCCCC,26533-36-8,7.003,0.9055,0.8536685539481939,low-fidelity RED
Isopropyl Trifluoroacetate,CC(OC(C(F)(F)F)=O)C,400-38-4,5.278,0.8807,0.11726039399558598,low-fidelity RED
Iso-Propyl Acetate,CC(OC(C)C)=O,108-21-4,6.802,0.7483,0.8031189202104503,high-fidelity RED
"1,2-Dimethoxypropane",CC(OC)COC,7778-85-0,5.475,0.8753,0.3905124837953326,low-fidelity RED
"1,1-Dimethoxy Ethane",CC(OC)OC,534-15-6,5.371,0.8956,0.21360009363293797,high-fidelity RED
Ethyl Acetate,CC(OCC)=O,141-78-6,6.975,0.709,0.7842193570679061,high-fidelity RED
"1,1-Diethoxy Ethane",CC(OCC)OCC,105-57-7,5.874,0.8602,0.35089172119045486,high-fidelity RED
Allyl Acetate,CC(OCC=C)=O,591-87-7,6.751,0.9362,0.8760707733967612,high-fidelity RED
Iso-Pentyl Acetate,CC(OCCC(C)C)=O,123-92-2,7.228,0.7453,0.634428877022476,high-fidelity RED
n-Propyl Acetate,CC(OCCC)=O,109-60-4,6.895,0.7371,0.6964194138592059,high-fidelity RED
n-Butyl Acetate,CC(OCCCC)=O,123-86-4,7.213,0.7044,0.6149186938124421,high-fidelity RED
Hexyl Acetate,CC(OCCCCCC)=O,142-92-7,7.192,0.6925,0.6504805915628844,high-fidelity RED
n-Heptyl Acetate,CC(OCCCCCCC)=O,112-06-1,7.192,0.6925,0.6229967897188556,high-fidelity RED
Octyl Acetate,CC(OCCCCCCCC)=O,112-14-1,7.192,0.6925,0.6108395861435308,high-fidelity RED
Decyl Acetate,CC(OCCCCCCCCCC)=O,112-17-4,7.192,0.6925,0.7582875444051553,low-fidelity RED
Octadecyl Acetate,CC(OCCCCCCCCCCCCCCCCCC)=O,822-23-1,7.192,0.6925,0.9965565713997372,low-fidelity RED
Tert-Octyl Mercaptan,CC(S)(CC(C)(C)C)C,141-59-3,5.622,0.8386,0.873212459828649,low-fidelity RED
sec-Butyl Mercaptan,CC(S)CC,513-53-1,5.507,0.8079,0.6344288770224756,low-fidelity RED
3-Ethyl-2-Pentene,CC/C(CC)=C\C,816-79-5,5.762,0.8152,0.9185586535436916,low-fidelity RED
Trans-3-Hexene,CC/C=C/CC,13269-52-8,5.213,0.8358,0.7749999999999997,low-fidelity RED
Cis-3-Heptene,CC/C=C\CCC,10/6/42 0:00,5.178,0.9165,0.9089829481348919,low-fidelity RED
Ethyl 2-Methyl-2-Pentenoate,CC\C=C(/C)\C(=O)OCC,58625-96-0,6.649,1.032,0.7022285952594063,low-fidelity RED
Cis-3-Hexene,CC\C=C/CC,9/3/42 0:00,5.213,0.8358,0.7749999999999997,low-fidelity RED
Methyl (Z)-3-Hexenoate,CC\C=C/CC(=O)OC,13894-62-7,6.025,0.9681,0.8415016339853407,low-fidelity RED
Ethyl (Z)-3-Hexenoate,CC\C=C/CC(=O)OCC,64187-83-3,6.575,0.9404,0.7566372975210778,low-fidelity RED
(Z)-4-Hepten-2-Yl Acetate,CC\C=C/CC(C)OC(=O)C,94088-33-2,6.957,0.953,0.7701460900374681,low-fidelity RED
(Z)-3-Hexen-1-Al Dimethyl Acetal,CC\C=C/CC(OC)OC,55444-65-0,5.796,0.9871,0.6254998001598399,low-fidelity RED
(Z)-3-Hexen-1-Al Diethyl Acetal,CC\C=C/CC(OCC)OCC,73545-18-3,6.084,1.001,0.6538348415311009,low-fidelity RED
"(E,Z)-2,6-Nonadien-1-Al Diethyl Acetal",CC\C=C/CC\C=C\C(OCC)OCC,67674-36-6,6.003,1.051,0.875,low-fidelity RED
(Z)-4-Hepten-1-Al Diethyl Acetal,CC\C=C/CCC(OCC)OCC,18492-65-4,5.433,1.072,0.6841966091702003,low-fidelity RED
Methyl (Z)-5-Octenoate,CC\C=C/CCCC(=O)OC,41654-15-3,7.116,0.9469,0.8007808689023473,low-fidelity RED
(Z)-6-Nonen-1-Al Dimethyl Acetal,CC\C=C/CCCCC(OC)OC,68555-53-3,5.869,1.163,0.7232738070744713,low-fidelity RED
(Z)-6-Nonen-1-Al,CC\C=C/CCCCC=O,2277-19-2,6.09,1.031,0.9117291264405225,low-fidelity RED
(Z)-7-Decen-1-Al,CC\C=C/CCCCCC=O,21661-97-2,6.036,1.04,0.8902246907382418,low-fidelity RED
(Z)-8-Undecen-1-Al,CC\C=C/CCCCCCC=O,147159-49-7,6.036,1.04,0.8923284148787364,low-fidelity RED
(Z)-6-Nonen-1-Yl Acetate,CC\C=C/CCCCCOC(=O)C,76238-22-7,7.304,1.032,0.7972609359550987,low-fidelity RED
(Z)-5-Octen-1-Yl Propionate,CC\C=C/CCCCOC(=O)CC,196109-18-9,6.489,1.136,0.7689278249614843,low-fidelity RED
(Z)-3-Hexen-1-Yl Tiglate,CC\C=C/CCOC(=O)/C(=C\C)/C,67883-79-8,6.798,1.172,0.9813893213195254,low-fidelity RED
Cis-3-Hexenyl Acetate,CC\C=C/CCOC(=O)C,3681-71-8,6.975,0.95,0.8097067370350813,low-fidelity RED
Hexenyl Isobutyrate,CC\C=C/CCOC(=O)C(C)C,41519-23-7,7.099,1.148,0.761987532706408,low-fidelity RED
(Z)-3-Hexen-1-Yl 2-Methyl Butyrate,CC\C=C/CCOC(=O)C(C)CC,53398-85-9,7.135,1.072,0.8280247580839591,low-fidelity RED
(Z)-3-Hexen-1-Yl 2-Ethyl Butyrate,CC\C=C/CCOC(=O)C(CC)CC,94071-12-2,7.029,1.163,0.8185352771872444,low-fidelity RED
(Z)-3-Hexen-1-Yl (Z)-3-Hexenoate,CC\C=C/CCOC(=O)C\C=C/CC,61444-38-0,6.759,1.013,0.9397473064606254,low-fidelity RED
(Z)-3-Hexen-1-Yl Isovalerate,CC\C=C/CCOC(=O)CC(C)C,35154-45-1,6.595,1.137,0.7487489565935971,low-fidelity RED
(Z)-3-Hexen-1-Yl Methyl Carbonate,CC\C=C/CCOC(=O)OC,67633-96-9,6.999,1.023,0.8474225628339142,low-fidelity RED
Acetaldehyde Di-(Z)-3-Hexen-1-Yl Acetal,CC\C=C/CCOC(C)OCC\C=C/CC,63449-64-9,6.017,1.089,0.8678277478854891,low-fidelity RED
(Z)-3-Hexen-1-Yl Formate,CC\C=C/CCOC=O,33467-73-1,5.985,1.037,0.9141252649391102,low-fidelity RED
"1,5-Octadien-3-One",CC\C=C\CC(=O)C=C,65213-86-7,6.174,0.9074,0.9572094859538327,low-fidelity RED
Ethyl (Z)-4-Heptenoate,CC\C=C\CCC(=O)OCC,39924-27-1,7.099,0.9827,0.7537406715840668,low-fidelity RED
(Z)-3-Hexen-1-Yl 2-Methyl-2-Pentenoate,CC\C=C\CCOC(=O)/C(=C\CC)/C,76649-17-7,6.773,1.204,0.9552486587271403,low-fidelity RED
(E)-3-Hexen-1-Yl Acetate,CC\C=C\CCOC(=O)C,3681-82-1,6.975,0.95,0.8097067370350813,low-fidelity RED
(Z)-3-Hexen-1-Yl Senecioate,CC\C=C\CCOC(=O)C=C(C)C,65416-28-6,6.847,1.18,0.9813893213195254,low-fidelity RED
Leaf Acetal,CC\C=C\CCOC(C)OCC,28069-74-1,6.0,1.106,0.6841966091702001,low-fidelity RED
Bean Hexene,CC\C=C\CCOC(CC)OC,97358-54-8,5.518,1.151,0.6841966091702001,low-fidelity RED
5-Methyl-2-Hexyne,CC#CCC(C)C,53566-37-3,5.561,0.8271,0.6982120021884469,low-fidelity RED
2-Hexyne,CC#CCCC,764-35-2,5.191,0.8291,0.6314665470157539,low-fidelity RED
2-Octyne,CC#CCCCCC,2809-67-8,5.276,0.7638,0.7929375763576851,low-fidelity RED
2-Nonyne,CC#CCCCCCC,19447-29-1,5.222,0.7689,0.8170067319184096,low-fidelity RED
2-Decyne,CC#CCCCCCCC,2384-70-5,5.222,0.7689,0.8444672877027267,low-fidelity RED
2-Dodecyne,CC#CCCCCCCCCC,629-49-2,5.222,0.7689,0.9708243919473798,low-fidelity RED
"2-Methyl-2,3-Pentadiene",CC=C=C(C)C,3043-33-2,5.435,0.8518,0.9006941767325909,low-fidelity RED
Isobutyl 2-Butenoate,CC=CC(=O)OCC(C)C,589-66-2,7.301,1.073,0.7115124735378846,low-fidelity RED
Sorbyl Isobutyrate,CC=CC=CCOC(=O)C(C)C,16491-24-0,6.767,1.166,0.9813893213195254,low-fidelity RED
Mandarine Undecenal,CC=CCCCCCCCC=O,143-14-6,6.459,1.061,0.929045208803102,low-fidelity RED
Fir Carboxylate,CC1(CC2CC(C1C2)C(=O)OC)C,52557-97-8,6.307,1.25,0.9940447676035519,low-fidelity RED
Damascone Carboxylate,CC1(CCCC(=C)C1C(=O)OC)C,81752-87-6,6.881,1.251,0.841872912024137,low-fidelity RED
"1-Allyl-2,2,7,7-Tetramethyl Cycloheptanol",CC1(CCCCC(C1(CC=C)O)(C)C)C,105463-44-3,6.017,1.052,0.9611191393370543,low-fidelity RED
Isobutyleneoxide,CC1(CO1)C,558-30-5,5.259,0.8446,0.6914658342969668,high-fidelity RED
β-Cyclocitral,CC1=C(C(CCC1)(C)C)C=O,432-25-7,5.547,1.322,0.9791578013783062,low-fidelity RED
β-Homocyclocitral,CC1=C(C(CCC1)(C)C)CC=O,472-66-2,6.29,1.304,0.9344115795515382,low-fidelity RED
"2-Isobutyl-4,5-Dimethyl Oxazole",CC1=C(OC(=N1)CC(C)C)C,26131-91-9,6.623,1.2,0.8085480814398118,low-fidelity RED
Pseudo-Cyclocitral,CC1=CC(C(CC1)C=O)(C)C,1726-47-2,6.507,1.149,0.9500000000000004,low-fidelity RED
Trimethyl-3-Cyclopentenyl Acetonitrile,CC1=CCC(C1(C)C)CC#N,15373-31-6,6.717,1.342,0.9749999999999996,low-fidelity RED
Terpinyl Formate,CC1=CCC(CC1)C(C)(C)OC=O,2153-26-6,5.522,1.266,0.9250000000000003,low-fidelity RED
Peanut Oxazole,CC1C(=NC(O1)C)C,22694-96-8,6.42,1.247,0.975,low-fidelity RED
Butyl-6-Methyl-3-Cyclohexene Carboxylate,CC1C(C(OCCCC)=O)CC=CC1,,7.348,1.202,0.8097067370350827,high-fidelity RED
Sandal Hexanol,CC1C2CC(C1(C)C)CC2C3CCCC(C3)O,66072-32-0,6.711,1.162,0.9397473064606247,low-fidelity RED
Cyclocitral,CC1CC(=CC(C1C=O)C)C,1423-46-7,6.523,1.28,0.9598176910226236,low-fidelity RED
Homomenthol,CC1CC(CC(C1)(C)C)O,116-02-9,6.275,1.044,0.9804335775563784,low-fidelity RED
Homomenthyl Acetate,CC1CC(CC(C1)(C)C)OC(=O)C,67859-96-5,5.996,1.159,0.8678277478854884,low-fidelity RED
Menthyl Acetate,CC1CCC(C(C)(OC(C)=O)C)CC1,89-48-5,6.047,1.1,0.9698582370635402,low-fidelity RED
Patchouli Cyclohexanol,CC1CCC(C(C1)C(C)(C)C)O,67634-11-1,5.985,1.107,0.9685685313905257,low-fidelity RED
"2,4-Dimethyl Cyclohexyl Methyl Acetate",CC1CCC(C(C1)C)COC(=O)C,67634-22-4,6.662,1.093,0.9212762886344136,low-fidelity RED
Menthol,CC1CCC(C(C1)O)C(C)C,1490-04-6,6.316,1.162,0.9940447676035519,low-fidelity RED
Isopulegyl Formate,CC1CCC(C(C1)OC=O)C(=C)C,10588-15-5,5.949,1.339,0.9103570728016559,low-fidelity RED
Menthyl Formate,CC1CCC(C(C1)OC=O)C(C)C,2230-90-2,5.669,1.262,0.85146931829632,low-fidelity RED
Dihydroterpinyl Acetate,CC1CCC(CC1)C(C)(C)OC(=O)C,58985-18-5,6.047,1.1,0.9698582370635402,low-fidelity RED
Carvomenthol,CC1CCC(CC1O)C(C)C,499-69-4,7.003,1.091,0.9940447676035519,low-fidelity RED
Violet Propanol,CC1CCCC(C1CC(C)C(C)O)(C)C,60241-53-4,6.974,1.24,0.866025403784438,low-fidelity RED
Tetrahydroionol,CC1CCCC(C1CCC(C)O)(C)C,4361-23-3,7.028,1.272,0.813172798364529,low-fidelity RED
2-Methylpiperidine,CC1CCCCN1,109-05-7,5.24,1.084,0.9620940702446922,low-fidelity RED
Dihydrorose Oxide,CC1CCOC(C1)CC(C)C,13477-62-8,5.358,1.083,0.9222933372848356,low-fidelity RED
Propylene Glycol Acetone Ketal,CC1COC(O1)(C)C,1193-11-9,5.822,0.9842,0.577711000414567,low-fidelity RED
Propylene Acetal,CC1COC(O1)C,12/3/90 0:00,5.822,0.9958,0.813172798364529,low-fidelity RED
Isobutyraldehyde Propylene Glycol Acetal,CC1COC(O1)C(C)C,67879-60-1,5.784,1.109,0.6062177826491069,low-fidelity RED
Isovaleraldehyde Propylene Glycol Acetal,CC1COC(O1)CC(C)C,18433-93-7,6.059,1.148,0.6284902544988267,low-fidelity RED
Hydroxycitronellal Propylene Glycol Acetal,CC1COC(O1)CC(C)CCCC(C)(C)O,93804-64-9,7.583,1.345,0.8746427842267942,low-fidelity RED
"2,5-Dimethyltetrahydrofuran",CC1OC(C)CC1,1003-38-9,5.691,0.9126,0.6446898479113811,low-fidelity RED
Paraldehyde,CC1OC(C)OC(C)O1,123-63-7,5.447,0.8874,0.6731456008918127,high-fidelity RED
"2,3-Dimethyltetrahydrofuran",CC1OCCC1C,E14558,5.298,0.9847,0.6446898479113811,low-fidelity RED
"2-Ethyl-1,3-Butadiene",CCC(=C)C=C,3404-63-5,5.767,0.9848,0.7798236980241111,high-fidelity RED
2-Fluoro-1-Butene,CCC(=C)F,430-44-4,5.876,1.006,0.8070006195784489,low-fidelity RED
Methyl Ethyl Ketoxime,CCC(=NO)C,96-29-7,5.673,0.908,0.7176350047203662,high-fidelity RED
Grapefruit Octenone,CCC(=O)C(C)CC=C(C)C,2550-11-0,6.243,0.9126,0.906228448019592,low-fidelity RED
Ethyl Vinyl Ketone,CCC(=O)C=C,1629-58-9,5.784,0.8579,0.8710625695092172,low-fidelity RED
Geranyl Propionate,CCC(=O)OC\C=C(/C)\CCC=C(C)C,105-90-8,6.565,1.096,0.9829801625668753,low-fidelity RED
Neryl Propionate,CCC(=O)OC\C=C(\C)/CCC=C(C)C,105-91-9,6.565,1.096,0.9829801625668753,low-fidelity RED
Propylene Glycol Dipropionate,CCC(=O)OCC(C)OC(=O)CC,10108-80-2,6.73,0.9365,0.813172798364529,low-fidelity RED
Glyceryl Tripropanoate,CCC(=O)OCC(COC(=O)CC)OC(=O)CC,139-45-7,7.052,0.9529,0.9222933372848359,low-fidelity RED
(Z)-3-Octen-1-Yl Propionate,CCC(=O)OCC/C=C\CCCC,94134-03-9,6.147,1.068,0.7929375763576854,low-fidelity RED
Allyl Propionate,CCC(=O)OCC=C,2408-20-0,5.903,0.9918,0.6768493185340438,low-fidelity RED
Citronellyl Propionate,CCC(=O)OCCC(C)CCC=C(C)C,141-14-0,6.6,1.136,0.8905756565278439,low-fidelity RED
Rhodinyl Propionate,CCC(=O)OCCC(C)CCCC(=C)C,105-89-5,6.95,1.138,0.7520804478245661,low-fidelity RED
Nonisyl Propionate,CCC(=O)OCCCCCCC(C)C,65155-45-5,6.403,1.063,0.6823672031978085,low-fidelity RED
Dewy Propionate,CCC(=O)OCCCCCCCCC=C,68480-06-8,6.345,1.13,0.8127884103504427,low-fidelity RED
Ethyl 2-Ethyl Acetoacetate,CCC(C(=O)C)C(=O)OCC,607-97-6,6.8,0.8828,0.9762812094883319,low-fidelity RED
4-Methyl-3-Hexanone,CCC(C(C)CC)=O,17042-16-9,6.529,0.769,0.6451743950281966,low-fidelity RED
n-C3f7coch2ch3,CCC(C(F)(C(C(F)(F)F)(F)F)F)=O,f2336,5.174,0.9088,0.8215838362577492,low-fidelity RED
"3,4,4-Trimethyl-1-Hexanol",CCC(C)(C)C(C)CCO,66793-73-5,7.17,1.052,0.8306623862918072,low-fidelity RED
Allyl Isononylate,CCC(C)(C)CCCC(=O)OCC=C,68132-80-9,7.631,1.167,0.723705741306506,low-fidelity RED
Tetrahydrolinalyl Acetate,CCC(C)(CCCC(C)C)OC(=O)C,20780-48-7,6.857,1.082,0.9320675941153621,low-fidelity RED
3-Methyl-3-Hexanol,CCC(C)(O)CCC,597-96-6,6.14,0.873,0.9552486587271397,low-fidelity RED
3-Methyl-3-Heptanol,CCC(C)(O)CCCC,5582-82-1,6.471,0.8309,0.9839334327077216,low-fidelity RED
3-Methyl-3-Nonanol,CCC(C)(O)CCCCCC,21078-72-8,6.599,0.895,0.9127568131764336,low-fidelity RED
Filbert Heptenone,CCC(C)C(=O)C=CC,81925-81-7,6.505,0.9997,0.865303414993839,low-fidelity RED
Methyl 2-Methyl Butyrate,CCC(C)C(=O)OC,868-57-5,6.862,0.8558,0.47499999999999926,low-fidelity RED
Isopropyl 2-Methyl Butyrate,CCC(C)C(=O)OC(C)C,66576-71-4,7.032,0.9702,0.5105144464165532,low-fidelity RED
Ethyl-2-Methyl Butyrate,CCC(C)C(=O)OCC,7452-79-1,6.828,0.8099,0.41982139059366613,low-fidelity RED
Isobutyl 2-Methyl Butyrate,CCC(C)C(=O)OCC(C)C,2445-67-2,7.217,0.8802,0.5921359641163503,low-fidelity RED
Isoamyl 2-Methyl Butyrate,CCC(C)C(=O)OCCC(C)C,27625-35-0,6.946,0.9357,0.678693598024911,low-fidelity RED
2-Amino-3-Methylpentane,CCC(C)C(C)N,35399-81-6,6.442,0.8298,0.5159941860137569,low-fidelity RED
3-Methyl-4-Heptanol,CCC(C)C(O)CCC,1838-73-9,6.55,0.9307,0.889170962188937,low-fidelity RED
Leafy Oxime,CCC(C)CC(=NO)CC,22457-23-4,6.271,0.899,0.9902651160169174,low-fidelity RED
5-Methyl-3-Heptanone,CCC(C)CC(=O)CC,541-85-5,6.662,1.004,0.714142842854285,low-fidelity RED
"4,6-Dimethyl-1-Octanol",CCC(C)CC(C)CCCO,66719-33-3,7.87,0.8679,0.8562271894771853,low-fidelity RED
"3,6-Dimethyl-3-Octanol",CCC(C)CCC(C)(O)CC,151-19-9,6.509,1.023,0.7850159234053788,low-fidelity RED
"2,6-Dimethyl Octanal",CCC(C)CCCC(C)C=O,7/9/79 0:00,6.302,1.062,0.7814249804043891,low-fidelity RED
"2,6-Dimethyl-1-Octanol",CCC(C)CCCC(C)CO,62417-08-7,7.214,0.9422,0.8562271894771853,low-fidelity RED
6-Methyl Octanal,CCC(C)CCCCC=O,30689-75-9,6.374,1.089,0.7636262174650631,low-fidelity RED
12-Methyl Tetradecanal,CCC(C)CCCCCCCCCCC=O,75853-50-8,6.319,1.112,0.9685685313905257,low-fidelity RED
6-Methyl-1-Octanol,CCC(C)CCCCCO,38514-05-5,7.951,1.011,0.9721111047611788,low-fidelity RED
2-Methylbutylamine,CCC(C)CN,96-15-1,5.824,0.8267,0.5612486080160907,low-fidelity RED
2-Methyl Butyl Isobutyrate,CCC(C)COC(=O)C(C)C,2445-69-4,7.188,1.011,0.5963430220938278,low-fidelity RED
2-Methyl Butyl 2-Methyl Butyrate,CCC(C)COC(=O)C(C)CC,2445-78-5,7.171,0.8888,0.765261393250698,low-fidelity RED
2-Methyl Butyl 3-Methyl Butenoate,CCC(C)COC(=O)C=C(C)C,97890-13-6,7.285,1.151,0.8143248737451159,low-fidelity RED
2-Methyl Butyl Isovalerate,CCC(C)COC(=O)CC(C)C,2445-77-4,6.734,1.061,0.678693598024911,low-fidelity RED
sec-Butyl-Tert-Butyl Ether,CCC(C)OC(C)(C)C,32970-45-9,5.244,0.9207,0.9486832980505139,low-fidelity RED
2-Ethylbutanal,CCC(C=O)CC,97-96-1,5.821,0.9412,0.7280109889280516,low-fidelity RED
Ethyl 2-Ethyl Butyrate,CCC(CC)C(=O)OCC,2983-38-2,6.723,0.9283,0.43084219849035166,low-fidelity RED
Allyl 2-Ethyl Butyrate,CCC(CC)C(=O)OCC=C,7493-69-8,6.699,1.034,0.5590169943749473,low-fidelity RED
1-Bromo-2-Ethylbutane,CCC(CC)CBr,3814-34-4,5.669,0.8523,0.8975661535508122,low-fidelity RED
1-Fluoro-2-Ethylbutane,CCC(CC)CF,E14899,5.643,0.9565,0.8280247580839597,low-fidelity RED
2-Ethyl Butyl Acetate,CCC(CC)COC(=O)C,10031-87-5,7.685,0.8566,0.5159941860137573,low-fidelity RED
3-Hexanone,CCC(CCC)=O,589-38-8,6.535,0.8632,0.783022988168291,low-fidelity RED
2-Ethyl Hexyl Acrylate,CCC(CCCC)COC(C=C)=O,103-11-7,7.513,1.004,0.5590169943749475,high-fidelity RED
Ethyl Amyl Ketone,CCC(CCCCC)=O,106-68-3,7.071,0.8603,0.7369701486491831,high-fidelity RED
3-Nonanone,CCC(CCCCCC)=O,925-78-0,7.015,0.8584,0.7365459931328115,low-fidelity RED
2-Nitrobutyl Acrylate,CCC(COC(=O)C=C)N(=O)=O,5390-54-5,6.574,1.163,0.9293815147720552,low-fidelity RED
Amber Butanol,CCC(COC1CCCCC1C(C)(C)C)O,139504-68-0,6.647,1.277,0.639335592627221,low-fidelity RED
"1,1,2-Trifluorobutane",CCC(F)C(F)F,E16199,5.287,0.9535,0.6446898479113814,low-fidelity RED
3-Fluoropentane,CCC(F)CC,41909-29-9,5.242,0.8494,0.8038967595406764,low-fidelity RED
"3,4-Dimethyl-3-Hexanol",CCC(O)(C)C(C)CC,19550-08-4,6.545,0.9407,0.8019507466172718,low-fidelity RED
3-Ethyl-3-Pentanol,CCC(O)(CC)CC,597-49-9,5.893,0.8216,0.9072623655812025,low-fidelity RED
3-Ethyl-3-Hexanol,CCC(O)(CC)CCC,597-76-2,5.808,0.9027,0.8366600265340752,low-fidelity RED
4-Methyl-3-Heptanol,CCC(O)C(C)CCC,14979-39-6,6.176,0.9689,0.9762812094883319,low-fidelity RED
5-Methyl-3-Heptanol,CCC(O)CC(C)CC,18720-65-5,6.412,0.9097,0.9137833441248533,low-fidelity RED
3-Decanol,CCC(O)CCCCCCC,1565-81-7,6.498,1.001,0.8902246907382425,low-fidelity RED
Isobutyl Propanoate,CCC(OCC(C)C)=O,540-42-1,6.553,0.916,0.3535533905932734,low-fidelity RED
Isoamyl Propionate,CCC(OCCC(C)C)=O,105-68-0,6.232,0.9193,0.5249999999999994,high-fidelity RED
3-Pentanethiol,CCC(S)CC,616-31-9,5.942,0.7959,0.6736096792653743,low-fidelity RED
Trans-3-Heptene,CCC/C=C/CC,14686-14-7,5.178,0.9165,0.9089829481348919,low-fidelity RED
Methyl (Z)-4-Octenoate,CCC\C=C/CCC(=O)OC,21063-71-8,6.64,0.8877,0.8097067370350813,low-fidelity RED
Ethyl (Z)-4-Octenoate,CCC\C=C/CCC(=O)OCC,34495-71-1,6.959,0.9461,0.7802243267163618,low-fidelity RED
3-Hepten-2-One,CCC\C=C\C(=O)C,1119-44-4,5.518,0.9665,0.9893179468704687,low-fidelity RED
(Z)-3-Hexen-1-Yl (E)-2-Hexenoate,CCC\C=C\C(=O)OCC\C=C/CC,53398-87-1,6.612,1.122,0.9620940702446932,low-fidelity RED
(E)-2-Hexen-1-Al Dimethyl Acetal,CCC\C=C\C(OC)OC,18318-83-7,5.616,0.9675,0.6504805915628841,low-fidelity RED
(E)-2-Hexen-1-Al Propylene Glycol Acetal,CCC\C=C\C1OCC(O1)C,94089-21-1,5.174,1.241,0.937083240699566,low-fidelity RED
(E)-5-Nonen-2-One,CCC\C=C\CCC(=O)C,27039-84-5,6.425,0.9365,0.9499999999999997,low-fidelity RED
Ethyl (E)-4-Octenoate,CCC\C=C\CCC(=O)OCC,1732-00-9,6.959,0.9461,0.7802243267163618,low-fidelity RED
(E)-3-Hepten-1-Yl Acetate,CCC\C=C\CCOC(=O)C,1576-77-8,6.836,0.8899,0.8097067370350813,low-fidelity RED
(E)-2-Hexen-1-Yl 2-Methyl Butyrate,CCC\C=C\COC(=O)C(C)CC,94089-01-7,6.988,1.009,0.8692669325356849,low-fidelity RED
(E)-2-Hexen-1-Yl Isovalerate,CCC\C=C\COC(=O)CC(C)C,68698-59-9,6.586,1.163,0.7877975628294369,low-fidelity RED
(E)-2-Hexen-1-Yl Butyrate,CCC\C=C\COC(=O)CCC,53398-83-7,7.177,1.104,0.8046738469715541,low-fidelity RED
(E)-2-Hexen-1-Yl Formate,CCC\C=C\COC=O,53398-78-0,5.891,1.02,0.8753570700005788,low-fidelity RED
3-Heptyne,CCC#CCCC,2586-89-2,5.193,0.9049,0.7198090024443979,low-fidelity RED
3-Nonyne,CCC#CCCCCC,20184-89-8,5.277,0.8425,0.81891696770796,low-fidelity RED
Ethyl 2-Pentenoate,CCC=CC(=O)OCC,2445-93-4,6.941,1.131,0.773789377027108,low-fidelity RED
Ethyl 3-Hexenoate,CCC=CCC(=O)OCC,2396-83-0,6.575,0.9404,0.7566372975210778,low-fidelity RED
8-Undecen-1-Al,CCC=CCCCCCCC=O,58296-81-4,6.036,1.04,0.8923284148787364,low-fidelity RED
3-Hexen-1-Yl 2-Methyl Butyrate,CCC=CCCOC(=O)C(C)CC,10094-41-4,7.135,1.072,0.8280247580839591,low-fidelity RED
3-Hexen-1-Yl Isovalerate,CCC=CCCOC(=O)CC(C)C,10032-11-8,6.595,1.137,0.7487489565935971,low-fidelity RED
3-Hexen-1-Yl Formate,CCC=CCCOC=O,9/5/15 0:00,5.985,1.037,0.9141252649391102,low-fidelity RED
"2,5-Dimethyl-4-Ethyl Oxazole",CCC1=C(OC(=N1)C)C,30408-61-8,6.603,1.038,0.9503288904374102,low-fidelity RED
2-Ethyl-5-Methyl Furan,CCC1=CC=C(O1)C,1703-52-2,6.454,1.023,0.9721111047611783,low-fidelity RED
Rose Carboxylate,CCC1=CCCC(C1C(=O)OCC)(C)C,77851-07-1,7.171,1.358,0.9287087810503349,low-fidelity RED
"2-Ethyl-4,5-Dimethyl Oxazole",CCC1=NC(=C(O1)C)C,53833-30-0,6.088,1.22,0.9503288904374102,low-fidelity RED
"2,5-Diethyl Tetrahydrofuran",CCC1CCC(O1)CC,41239-48-9,5.24,0.9286,0.7386643351347078,low-fidelity RED
Butyleneoxide,CCC1CO1,106-88-7,5.792,0.911,0.9158329542007102,high-fidelity RED
2-Hepten-4-One,CCCC(=O)C=CC,4643-25-8,6.385,0.9266,0.9893179468704687,low-fidelity RED
4-Nonanone,CCCC(=O)CCCCC,4485-09-0,7.085,0.8622,0.7689278249614847,low-fidelity RED
Ethyl Butyryl Lactate,CCCC(=O)OC(C)C(=O)OCC,71662-27-6,7.252,1.063,0.7782191208136684,low-fidelity RED
(Z)-4-Hepten-2-Yl Butyrate,CCCC(=O)OC(C)C\C=C/CC,94088-12-7,6.937,1.048,0.8143248737451159,low-fidelity RED
2-Methyl Allyl Butyrate,CCCC(=O)OCC(=C)C,7149-29-3,6.709,0.9848,0.5722761571129796,low-fidelity RED
Propylene Glycol Dibutyrate,CCCC(=O)OCC(C)OC(=O)CCC,50980-84-2,7.608,1.034,0.7150174823037538,low-fidelity RED
Allyl Butyrate,CCCC(=O)OCC=C,2051-78-7,6.853,1.051,0.6087897830942957,low-fidelity RED
Prenyl Butyrate,CCCC(=O)OCC=C(C)C,71820-56-9,7.099,1.061,0.8192984804086959,low-fidelity RED
Tetrahydrofurfuryl Butyrate,CCCC(=O)OCC1CCCO1,2217-33-6,6.041,1.121,0.9397473064606254,low-fidelity RED
Citronellyl Butyrate,CCCC(=O)OCCC(C)CCC=C(C)C,141-16-2,7.542,1.171,0.9420721840708385,low-fidelity RED
Rhodinyl Butyrate,CCCC(=O)OCCC(C)CCCC(=C)C,141-15-1,7.584,1.138,0.8620469824783331,low-fidelity RED
Amyl Acetoacetate,CCCC(C(=O)C)C(=O)OCC,1540-28-9,6.556,0.8671,0.9617692030835673,low-fidelity RED
4-Methyl-4-Octanol,CCCC(C)(O)CCCC,23418-37-3,6.242,0.8169,0.9486832980505132,low-fidelity RED
Methyl 2-Methyl Valerate,CCCC(C)C(=O)OC,2177-77-7,6.455,0.8707,0.51234753829798,low-fidelity RED
Ethyl-2-Methyl Pentanoate,CCCC(C)C(=O)OCC,39255-32-8,6.563,0.809,0.4886205071423009,low-fidelity RED
"4,5-Dimethyl-1-Octanol",CCCC(C)C(C)CCCO,66719-32-2,7.397,0.9341,0.9384162189561728,low-fidelity RED
2-Methylpentanal,CCCC(C)C=O,123-15-9,5.484,0.9144,0.6968679932383177,low-fidelity RED
Privet Dioxane,CCCC(C)C1OCC(CO1)(C)CCC,80480-24-6,5.506,1.159,0.9253377761660871,low-fidelity RED
Pear Valerate,CCCC(C)COC(=O)C(C)CCC,90397-38-9,6.763,0.9058,0.8440971508067064,low-fidelity RED
1-Methylbutyl Butanoate,CCCC(C)OC(=O)CCC,60415-61-4,6.793,1.008,0.6164414002968976,low-fidelity RED
Methyl R-3-Acetoxyhexanoate,CCCC(CC(=O)OC)OC(=O)C,77118-93-5,6.744,1.042,0.8444672877027268,low-fidelity RED
Ethyl 3-Acetoxyhexanoate,CCCC(CC(=O)OCC)OC(=O)C,21188-61-4,6.993,1.046,0.7449832212875663,low-fidelity RED
7-Methyl-4-Octanol,CCCC(CCC(C)C)O,33933-77-6,5.761,0.9077,0.8314144574157945,low-fidelity RED
Dipropyl Ketone ,CCCC(CCC)=O,123-19-3,6.54,0.8186,0.9650129532809391,high-fidelity RED
Norlimbanol,CCCC(CCC1C(CCCC1(C)C)C)O,70788-30-6,6.363,1.312,0.8054501846793509,low-fidelity RED
Ethyl 5-Acetoxyoctanoate,CCCC(CCCC(=O)OCC)OC(=O)C,35234-25-4,7.777,1.074,0.65479004268544,low-fidelity RED
3-Mercaptohexyl Butyrate,CCCC(CCOC(=O)CCC)S,136954-21-7,6.847,1.058,0.9062284480195932,low-fidelity RED
4-Methyl-4-Heptanol,CCCC(O)(C)CCC,598-01-6,5.948,0.8057,0.9017344398435719,low-fidelity RED
4-Methyl-4-Nonanol,CCCC(O)(C)CCCCC,23418-38-4,6.426,0.8798,0.9344115795515374,low-fidelity RED
4-Nonanol,CCCC(O)CCCCC,5932-79-6,6.732,0.9493,0.9956153875869935,low-fidelity RED
4-Decanol,CCCC(O)CCCCCC,2051-31-2,6.677,0.9566,0.8891709621889368,low-fidelity RED
Isopropyl Butanoate,CCCC(OC(C)C)=O,638-11-9,6.85,0.904,0.4153311931459033,low-fidelity RED
Ethyl Butyrate,CCCC(OCC)=O,105-54-4,6.891,0.8382,0.4776243293635697,high-fidelity RED
3-Methylbutyl Butanoate,CCCC(OCCC(C)C)=O,106-27-4,7.175,0.9807,0.5437140792732881,low-fidelity RED
Propyl Butanoate,CCCC(OCCC)=O,105-66-8,7.103,0.9459,0.5031152949374527,low-fidelity RED
2-Ethyl-2-Heptenal,CCCC\C=C(\CC)C=O,10031-88-6,6.138,0.9968,0.8385254915624212,low-fidelity RED
Ethyl (Z)-3-Octenoate,CCCC\C=C/CC(=O)OCC,69668-87-7,6.727,1.019,0.7778174593052023,low-fidelity RED
Trans-2-Heptene,CCCC\C=C\C,14686-13-6,5.683,1.002,0.95524865872714,low-fidelity RED
Ethyl (E)-3-Octenoate,CCCC\C=C\CC(=O)OCC,26553-47-9,6.727,1.019,0.7778174593052023,low-fidelity RED
(E)-4-Nonen-1-Al,CCCC\C=C\CCC=O,2277-16-9,5.861,0.9752,0.9374166629626334,low-fidelity RED
Isoamyl Undecylenate,CCCC\C=C\CCCCC(=O)OCCC(C)C,12262-03-2,7.645,1.126,0.9490126448051155,low-fidelity RED
(E)-2-Hepten-1-Yl Acetate,CCCC\C=C\COC(=O)C,16939-73-4,7.012,1.073,0.8663861725581724,low-fidelity RED
(E)-2-Hepten-1-Yl Isovalerate,CCCC\C=C\COC(=O)CC(C)C,94109-97-4,6.773,1.22,0.84038681569858,low-fidelity RED
4-Octyne,CCCC#CCCC,1942-45-6,5.241,0.8539,0.7992183681572885,low-fidelity RED
4-Octen-3-One,CCCC=CC(=O)CC,14129-48-7,5.778,0.955,0.9330728803260753,low-fidelity RED
Methyl 3-Hexenoate,CCCC=CC(=O)OC,2396-78-3,6.235,0.9743,0.818916967707959,low-fidelity RED
Ethyl (E)-2-Hexenoate,CCCC=CC(=O)OCC,1552-67-6,6.875,1.077,0.7541551564499178,low-fidelity RED
(E)-2-Hexen-1-Al Diethyl Acetal,CCCC=CC(OCC)OCC,54306-00-2,5.857,0.996,0.6914658342969664,low-fidelity RED
2-Hexen-1-Yl Acetate,CCCC=CCOC(=O)C,10094-40-3,6.825,1.004,0.8097067370350813,low-fidelity RED
"4,5-Dimethyl-2-Propyl Oxazole",CCCC1=NC(=C(O1)C)C,53833-32-2,6.014,1.082,0.8923284148787364,low-fidelity RED
2-Octen-4-One,CCCCC(=O)\C=C\C,4643-27-0,6.844,0.9613,0.9545941546018395,low-fidelity RED
2-Methyl-3-Heptanone,CCCCC(=O)C(C)C,13019-20-0,7.053,0.8319,0.6968679932383177,low-fidelity RED
Isopropyl Valerate,CCCCC(=O)OC(C)C,18362-97-5,7.191,0.8531,0.4886205071423009,low-fidelity RED
Allyl Valerate,CCCCC(=O)OCC=C,6321-45-5,7.197,1.036,0.6595452979136464,low-fidelity RED
Citronellyl Valerate,CCCCC(=O)OCCC(C)CCC=C(C)C,7540-53-6,7.881,1.164,0.9940447676035513,low-fidelity RED
Ethyl 2-Acetyl Hexanoate,CCCCC(C(=O)C)C(=O)OCC,1540-29-0,6.958,0.8645,0.8746427842267942,low-fidelity RED
5-Methyl-5-Nonanol,CCCCC(C)(O)CCCC,33933-78-7,6.28,0.7524,0.9344115795515374,low-fidelity RED
2-Hexyl Acetate,CCCCC(C)OC(=O)C,5953-49-1,7.207,1.022,0.5777110004145669,low-fidelity RED
2-Hexyl Butyrate,CCCCC(C)OC(=O)CCC,6963-52-6,7.33,1.104,0.6819090848492927,low-fidelity RED
Orris Capronate,CCCCC(CC)C(=O)OCC,2983-37-1,6.806,1.042,0.6046693311223912,low-fidelity RED
3-Ethyl-2-Heptanol,CCCCC(CC)C(C)O,19780-39-3,6.704,0.8856,0.9711462299777515,low-fidelity RED
2-Ethylhexanal,CCCCC(CC)C=O,123-05-7,6.052,1.02,0.6466258578188782,low-fidelity RED
Green Dioxolane,CCCCC(CC)C1OCCO1,4359-47-1,5.633,1.115,0.7420411039827909,low-fidelity RED
3-Ethyl Heptanal,CCCCC(CC)CC=O,2570-97-0,6.419,0.8451,0.6637959023675876,low-fidelity RED
(±)-4-Ethyl Octanal,CCCCC(CC)CCC=O,58475-04-0,6.802,1.019,0.6819090848492927,low-fidelity RED
2-Ethyl Hexyl 3-Mercaptopropionate,CCCCC(CC)COC(=O)CCS,50448-95-8,8.071,0.9917,0.9688911187538044,low-fidelity RED
Vinyl 2-Ethylhexyl Ether,CCCCC(CC)COC=C,103-44-6,6.012,1.126,0.5006246098625192,high-fidelity RED
Di-2-Ethylhexyl Ether,CCCCC(CC)COCC(CC)CCCC,10143-60-9,6.341,0.9401,0.9347459547919957,high-fidelity RED
Ektasolve Eeh,CCCCC(CC)COCCO,1559-35-9,8.049,0.9276,0.40697051490249214,low-fidelity RED
2-Ethyl Hexyl Mercaptan,CCCCC(CC)CS,7341-17-5,5.777,0.8561,0.8547660498639379,low-fidelity RED
3-Heptyl Acetate,CCCCC(CC)OC(=O)C,5921-83-5,7.462,1.033,0.6123724356957944,low-fidelity RED
Di(2-Ethylhexyl)Adipate,CCCCC(COC(CCCCC(OCC(CCCC)CC)=O)=O)CC,103-23-1,8.198,0.9771,0.9357483636106445,low-fidelity RED
"2,2-Dimethyl-3-Heptanol",CCCCC(O)C(C)(C)C,19549-70-3,6.66,0.8713,0.5921359641163503,low-fidelity RED
5-Nonanol,CCCCC(O)CCCC,623-93-8,6.846,0.9228,0.9956153875869935,low-fidelity RED
5-Decanol,CCCCC(O)CCCCC,5205-34-5,6.953,0.9613,0.9407443861113391,low-fidelity RED
Methyl Pentanoate,CCCCC(OC)=O,624-24-8,6.92,0.7777,0.6344288770224759,low-fidelity RED
"Pentanoic Acid, Ethyl Ester",CCCCC(OCC)=O,539-82-2,7.235,0.8443,0.5220153254455274,low-fidelity RED
Valeraldehyde Diethyl Acetal,CCCCC(OCC)OCC,3658-79-5,5.727,0.9228,0.4834769901453426,low-fidelity RED
(E)-2-Methyl-2-Octen-1-Al,CCCCC\C=C(/C)\C=O,49576-57-0,6.779,1.026,0.9031195934094218,low-fidelity RED
"2-Octene, (Z)-",CCCCC\C=C/C,4/8/42 0:00,5.874,0.959,0.9842509842514763,low-fidelity RED
Butyl Heptine Carbonate,CCCCC\C=C/C(=O)OCCCC,57403-32-4,7.147,1.125,0.8863548950617909,low-fidelity RED
(Z)-2-Octen-1-Al,CCCCC\C=C/C=O,20664-46-4,5.806,1.001,0.9620940702446925,low-fidelity RED
Methyl (Z)-4-Decenoate,CCCCC\C=C/CCC(=O)OC,7367-83-1,7.02,0.8684,0.8824681297361392,low-fidelity RED
(Z)-4-Decen-1-Al Diethyl Acetal,CCCCC\C=C/CCC(OCC)OCC,73545-19-4,5.672,1.051,0.7689278249614847,low-fidelity RED
(Z)-8-Tetradecen-1-Al,CCCCC\C=C/CCCCCCC=O,169054-69-7,5.997,0.9232,0.8838834764831834,low-fidelity RED
(Z)-4-Decen-1-Yl Acetate,CCCCC\C=C/CCCOC(=O)C,67452-27-1,7.256,0.9401,0.8444672877027258,low-fidelity RED
Trans-2-Octene,CCCCC\C=C\C,13389-42-9,5.874,0.959,0.9842509842514763,low-fidelity RED
(E)-3-Nonen-2-One,CCCCC\C=C\C(=O)C,18402-83-0,5.903,1.012,0.9460443964212254,low-fidelity RED
Ethyl (E)-2-Octenoate,CCCCC\C=C\C(=O)OCC,7367-82-0,7.25,1.124,0.7778174593052023,low-fidelity RED
Methyl (E)-3-Nonenoate,CCCCC\C=C\CC(=O)OC,36781-67-6,6.372,0.9499,0.873570260482807,low-fidelity RED
Ethyl (E)-4-Decenoate,CCCCC\C=C\CCC(=O)OCC,76649-16-6,7.335,0.9662,0.8127884103504429,low-fidelity RED
(E)-2-Octen-1-Yl Acetate,CCCCC\C=C\COC(=O)C,2371-13-3,7.201,1.017,0.873570260482807,low-fidelity RED
(E)-2-Octen-1-Yl Butyrate,CCCCC\C=C\COC(=O)CCC,84642-60-4,7.551,1.118,0.8810505093353038,low-fidelity RED
3-Octen-2-One,CCCCC=CC(=O)C,1669-44-9,5.712,1.051,0.9545941546018395,low-fidelity RED
Ethyl 2-Heptenoate,CCCCC=CC(=O)OCC,54340-72-6,7.062,1.154,0.7648529270389177,low-fidelity RED
Geranium Dihydropyran,CCCCC1C=C(CC(O1)C)C,24237-00-1,7.014,1.35,0.9965565713997374,low-fidelity RED
Jasmin Pyranol,CCCCC1COCC(C1OC(=O)C)C,38285-49-3 ,7.49,1.316,0.8806957476904265,low-fidelity RED
Herbal Acetal,CCCCC1OC(CC(O1)(C)C)C,54546-26-8,5.788,1.299,0.8215838362577492,low-fidelity RED
Valeraldehyde Propylene Glycol Acetal,CCCCC1OCC(O1)C,74094-60-3,5.95,1.144,0.667083203206317,low-fidelity RED
2-Pentyl-1-Buten-3-One,CCCCCC(=C)C(=O)C,63759-55-7,6.617,1.005,0.7830229881682916,low-fidelity RED
(E)-2-Nonen-4-One,CCCCCC(=O)\C=C\C,27743-70-0,7.093,0.9765,0.9460443964212254,low-fidelity RED
1-Octen-3-One,CCCCCC(=O)C=C,4312-99-6,7.06,0.9245,0.794119008713429,low-fidelity RED
Ethyl 5-Oxodecanoate,CCCCCC(=O)CCCC(=O)OCC,93919-00-7,7.586,0.9135,0.8388980867781258,low-fidelity RED
Isopropyl Hexanoate,CCCCCC(=O)OC(C)C,2311-46-8,7.437,0.8267,0.5623610939600996,low-fidelity RED
(Z)-2-Penten-1-Yl Hexanoate,CCCCCC(=O)OC\C=C/CC,74298-89-8,7.665,1.088,0.7941190087134296,low-fidelity RED
Cyclohexyl Hexanoate,CCCCCC(=O)OC1CCCCC1,10/3/43 0:00,7.533,1.103,0.9685685313905261,low-fidelity RED
Isobutyl Isohexanoate,CCCCCC(=O)OCC(C)C,105-79-3,8.083,0.9724,0.6164414002968976,low-fidelity RED
2-Methyl Butyl Hexanoate,CCCCCC(=O)OCC(C)CC,2601-13-0,8.093,1.022,0.7335700375560603,low-fidelity RED
Propylene Glycol Dihexanoate,CCCCCC(=O)OCC(C)OC(=O)CCCCC,50343-36-7,8.192,1.012,0.7830229881682913,low-fidelity RED
(Z)-3-Hexen-1-Yl Hexanoate,CCCCCC(=O)OCC\C=C/CC,31501-11-8,7.633,1.045,0.8127884103504429,low-fidelity RED
(E)-3-Hexen-1-Yl Hexanoate,CCCCCC(=O)OCC\C=C\CC,56922-82-8,7.633,1.045,0.8127884103504429,low-fidelity RED
Allyl Caproate,CCCCCC(=O)OCC=C,123-68-2,7.444,1.034,0.6731456008918133,low-fidelity RED
Prenyl Hexanoate,CCCCCC(=O)OCC=C(C)C,76649-22-4,7.688,1.063,0.8518362518700401,low-fidelity RED
Isoamyl Hexanoate,CCCCCC(=O)OCCC(C)C,2198-61-0,7.76,0.9844,0.6373774391990981,low-fidelity RED
Citronellyl Hexanoate,CCCCCC(=O)OCCC(C)CCC=C(C)C,10580-25-3,8.124,1.168,0.9669539802906858,low-fidelity RED
3-Mercaptohexyl Hexanoate,CCCCCC(=O)OCCC(CCC)S,136954-22-8,7.437,1.071,0.9532837982468803,low-fidelity RED
Butyl Hexanoate,CCCCCC(=O)OCCCC,626-82-4,7.72,0.9339,0.661910114743686,low-fidelity RED
Amyl Hexanoate,CCCCCC(=O)OCCCCC,540-07-8,7.678,0.9145,0.7271519786124497,low-fidelity RED
2-Methyl-3-Octanol,CCCCCC(C(C)C)O,26533-34-6,6.764,0.8466,0.8440971508067066,low-fidelity RED
"2,4-Dimethyl-4-Nonanol",CCCCCC(C)(CC(C)C)O,74356-31-3,6.552,0.9906,0.8355387483534198,low-fidelity RED
3-Methyl-3-Octanol,CCCCCC(C)(CC)O,5340-36-3,6.654,0.8888,0.971146229977751,low-fidelity RED
2-Chloroheptane,CCCCCC(C)Cl,1001-89-4,5.234,0.9709,0.9178779875342907,low-fidelity RED
sec-Heptyl Acetate,CCCCCC(C)OC(=O)C,5921-82-4,7.263,1.009,0.6519202405202645,low-fidelity RED
2-Heptyl Butyrate,CCCCCC(C)OC(=O)CCC,39026-94-3,7.386,1.1,0.7110731326663944,low-fidelity RED
sec-Heptyl Hexanoate,CCCCCC(C)OC(=O)CCCCC,6624-58-4,7.6,1.054,0.8455767262643884,low-fidelity RED
2-Heptane Thiol,CCCCCC(C)S,628-00-2,5.702,0.8815,0.8616843969807033,low-fidelity RED
1-Octen-3-Yl Acetate,CCCCCC(C=C)OC(=O)C,10/6/42 0:00,7.338,1.082,0.6986594306241056,low-fidelity RED
1-Octen-3-Yl Butyrate,CCCCCC(C=C)OC(=O)CCC,16491-54-6,7.442,1.175,0.8173891362135904,low-fidelity RED
Methyl 3-Acetoxyoctanoate,CCCCCC(CC(=O)OC)OC(=O)C,35234-21-0,7.308,1.073,0.8463155439905369,low-fidelity RED
Ethyl 3-Acetoxyoctanoate,CCCCCC(CC(=O)OCC)OC(=O)C,85554-66-1,7.555,1.081,0.7254309064273448,low-fidelity RED
3-Octyl Acetate,CCCCCC(CC)OC(=O)C,4864-61-3,7.518,1.038,0.632949445058608,low-fidelity RED
3-Octyl Tiglate,CCCCCC(CC)OC(=O)C(=CC)C,94133-92-3,7.357,1.224,0.9127568131764341,low-fidelity RED
3-Octyl Butyrate,CCCCCC(CC)OC(=O)CCC,20286-45-7,7.565,1.121,0.7673004626611402,low-fidelity RED
6-Undecanone,CCCCCC(CCCCC)=O,927-49-1,7.077,0.8089,0.8204419540710972,low-fidelity RED
"2,2-Dimethyl-3-Octanol",CCCCCC(O)C(C)(C)C,19841-72-6,6.716,0.8659,0.6689544080129823,low-fidelity RED
"Hexanoic Acid, Methyl Ester",CCCCCC(OC)=O,106-70-7,7.17,0.7595,0.6324555320336755,low-fidelity RED
Hexanal Dimethyl Acetal,CCCCCC(OC)OC,1599-47-9,5.744,0.9215,0.43732139211339704,low-fidelity RED
Ethyl Capronate,CCCCCC(OCC)=O,123-66-0,7.483,0.8477,0.49874843358149984,high-fidelity RED
Hexanal Diethyl Acetal,CCCCCC(OCC)OCC,3658-93-3,5.784,0.9265,0.5049752469181036,low-fidelity RED
Hexanal Diisoamyl Acetal,CCCCCC(OCCC(C)C)OCCC(C)C,93892-09-2,5.685,0.9478,0.8143248737451164,low-fidelity RED
"Hexanoic Acid, Propyl Ester",CCCCCC(OCCC)=O,626-77-7,7.694,0.9572,0.5873670062235363,low-fidelity RED
Hexanal Dibutyl Acetal,CCCCCC(OCCCC)OCCCC,93892-07-0,5.932,1.009,0.8112490369793977,low-fidelity RED
(Z)-2-Nonen-1-Al,CCCCCC\C=C/C=O,60784-31-8,5.752,0.9871,0.9374166629626334,low-fidelity RED
(Z)-3-Decen-1-Yl Acetate,CCCCCC\C=C/CCOC(=O)C,81634-99-3,7.153,0.8879,0.8514693182963191,low-fidelity RED
(E)-2-Nonen-1-Yl Acetate,CCCCCC\C=C\COC(=O)C,30418-89-4,7.143,1.003,0.8824681297361392,low-fidelity RED
Allyl Heptine Carbonate,CCCCCC#CC(=O)OCC=C,73157-43-4,6.474,1.1,0.7553972464869064,low-fidelity RED
2-Methyl-2-Octen-1-Al,CCCCCC=C(C)C=O,73757-27-4,6.779,1.026,0.9031195934094218,low-fidelity RED
3-Nonen-2-One,CCCCCC=CC(=O)C,14309-57-0,5.903,1.012,0.9460443964212254,low-fidelity RED
Methyl Octenoate,CCCCCC=CC(=O)OC,2396-85-2,6.616,1.008,0.8663861725581724,low-fidelity RED
Ethyl 2-Octenoate,CCCCCC=CC(=O)OCC,2351-90-8,7.25,1.124,0.7778174593052023,low-fidelity RED
2-Octen-1-Al,CCCCCC=CC=O,2363-89-5,5.806,1.001,0.9620940702446925,low-fidelity RED
Methyl 3-Nonenoate,CCCCCC=CCC(=O)OC,13481-87-3,6.372,0.9499,0.873570260482807,low-fidelity RED
4-Decen-1-Al,CCCCCC=CCCC=O,30390-50-2,6.052,0.941,0.9137833441248528,low-fidelity RED
2-Pentyl Furan,CCCCCC1=CC=CO1,3777-69-3,6.619,1.001,0.9918417212438679,low-fidelity RED
"Hexanal Octane-1,3-Diol Acetal",CCCCCC1CCOC(CCCCC)O1,202188-46-3,6.006,1.045,0.8721381771256198,low-fidelity RED
"Acetaldehyde 1,3-Octane Diol Acetal",CCCCCC1CCOC(O1)C,202188-43-0,5.688,1.114,0.7420411039827909,low-fidelity RED
Herbal Pyran,CCCCCC1COCCC1OC(=O)C,18871-14-2,7.157,1.221,0.9513148795220218,low-fidelity RED
"Hexanal Butane-2,3-Diol Acetal",CCCCCC1OC(C(O1)C)C,155639-75-1,5.92,0.9769,0.673145600891813,low-fidelity RED
Hexanal Propylene Glycol Acetal,CCCCCC1OCC(O1)C,1599-49-1,5.967,1.092,0.7297259759663205,low-fidelity RED
Isobutyl Heptanoate,CCCCCCC(=O)OCC(C)C,7779-80-8,8.026,0.9725,0.6566962768281849,low-fidelity RED
(Z)-3-Hexen-1-Yl Heptanoate,CCCCCCC(=O)OCC\C=C/CC,61444-39-1,7.576,1.033,0.8385254915624212,low-fidelity RED
Allyl Heptanoate,CCCCCCC(=O)OCC=C,142-19-8,7.388,1.03,0.6841966091702008,low-fidelity RED
Propyl Heptanoate,CCCCCCC(=O)OCCC,7778-87-2,7.637,0.9587,0.6581223290544088,low-fidelity RED
Isoamyl Heptanoate,CCCCCCC(=O)OCCC(C)C,109-25-1,7.702,0.9854,0.6800735254367721,low-fidelity RED
Butyl Heptanoate,CCCCCCC(=O)OCCCC,5454-28-4,7.662,0.9379,0.7335700375560608,low-fidelity RED
Amyl Heptanoate,CCCCCCC(=O)OCCCCC,7493-82-5,7.62,0.9126,0.750416550990182,low-fidelity RED
Hexyl Heptanoate,CCCCCCC(=O)OCCCCCC,1119-06-8,7.62,0.9126,0.7862092596758197,low-fidelity RED
Jasmin Acetoacetate,CCCCCCC(C(=O)C)C(=O)OCC,29214-60-6,6.958,0.8895,0.7941190087134296,low-fidelity RED
Tert-Nonyl Mercaptan,CCCCCCC(C)(C)S,25360-10-5,5.471,0.9199,0.9017344398435719,low-fidelity RED
2-Methyl Octanal,CCCCCCC(C)C=O,7786-29-0,6.071,0.9568,0.6896557112066858,low-fidelity RED
2-Octyl Acetate,CCCCCCC(C)OC(=O)C,2051-50-5,7.206,1.02,0.6717514421272198,low-fidelity RED
Nonan-3-Yl Acetate,CCCCCCC(CC)OC(=O)C,60826-15-5,7.461,1.049,0.6773108592072032,low-fidelity RED
"1,3-Nonane Diyl Diacetate",CCCCCCC(CCOC(=O)C)OC(=O)C,63270-14-4,7.894,0.9797,0.7668930825088984,low-fidelity RED
"Heptanoic Acid, Methyl Ester",CCCCCCC(OC)=O,106-73-0,7.114,0.7566,0.6103277807866848,low-fidelity RED
Heptanal Dimethyl Acetal,CCCCCCC(OC)OC,10032-05-0,5.689,0.9326,0.5172040216394294,low-fidelity RED
"Heptanoic Acid, Ethyl Ester",CCCCCCC(OCC)=O,106-30-9,7.427,0.8468,0.5645794895318106,low-fidelity RED
Heptanal Diethyl Acetal,CCCCCCC(OCC)OCC,688-82-4,5.729,0.9367,0.579331511312823,low-fidelity RED
(Z)-4-Dodecen-1-Al,CCCCCCC\C=C/CCC=O,21944-98-9,5.997,0.9232,0.9212762886344137,low-fidelity RED
Methyl 2-Decenoate,CCCCCCC\C=C\C(=O)OC,2482-39-5,6.561,0.9941,0.8306623862918066,low-fidelity RED
Ethyl (E)-2-Decenoate,CCCCCCC\C=C\C(=O)OCC,37486-72-9,7.194,1.114,0.8081614937622307,low-fidelity RED
Butyl Decylenate,CCCCCCC\C=C\C(=O)OCCCC,7492-45-7,7.09,1.119,0.9317322576792103,low-fidelity RED
Methyl Octine Carbonate,CCCCCCC#CC(=O)OC,111-80-8,6.373,0.9948,0.7802243267163618,low-fidelity RED
2-Ethyl Octine Carbonate,CCCCCCC#CC(=O)OCC,10031-92-2,6.62,0.9414,0.6623820649745888,low-fidelity RED
2-Nonyn-1-Al Dimethyl Acetal,CCCCCCC#CC(OC)OC,13257-44-8,5.36,0.9167,0.6041522986797284,low-fidelity RED
3-Decyne,CCCCCCC#CCC,2384-85-2,5.224,0.8467,0.8547660498639379,low-fidelity RED
3-Decen-2-One,CCCCCCC=CC(=O)C,10519-33-2,5.848,1.003,0.9620940702446932,low-fidelity RED
Melon Nonenoate,CCCCCCC=CC(=O)OC,111-79-5,6.561,0.9941,0.8681877677092665,low-fidelity RED
(E)-2-Nonen-1-Al,CCCCCCC=CC=O,2463-53-8,5.752,0.9871,0.9374166629626334,low-fidelity RED
1-Heptanal,CCCCCCC=O,111-71-7,5.99,0.8705,0.8154753215150043,low-fidelity RED
2-Hexyl-4-Acetoxytetrahydrofuran,CCCCCCC1CC(CO1)OC(=O)C,10039-39-1,7.184,1.176,0.9027735042633899,low-fidelity RED
"Heptanal 2,3-Butane Diol Acetal",CCCCCCC1OC(C(O1)C)C,6454-22-4,5.866,0.9769,0.7267220926874316,low-fidelity RED
Heptanal Cyclic Propylene Acetal,CCCCCCC1OCC(O1)C,10/4/51 0:00,5.913,1.096,0.7586995452746753,low-fidelity RED
"Heptanal Butene-1,4-Glycol Acetal",CCCCCCC1OCC=CCO1,61732-96-5,5.924,1.007,0.915491671180028,low-fidelity RED
Heptanal Cyclic Ethylene Acetal,CCCCCCC1OCCO1,1708-34-5,6.282,0.9121,0.8050621094052299,low-fidelity RED
3-Decanone,CCCCCCCC(=O)CC,928-80-3,7.015,0.8584,0.7603453162872772,low-fidelity RED
4-Undecanone,CCCCCCCC(=O)CCC,14476-37-0,7.029,0.8608,0.8536685539481939,low-fidelity RED
Isopropyl Octanoate,CCCCCCCC(=O)OC(C)C,5458-59-3,7.381,0.8305,0.6334429729659964,low-fidelity RED
(E)-2-Hexen-1-Yl Octanoate,CCCCCCCC(=O)OC\C=C\CCC,85554-72-9,7.709,1.052,0.8803408430829504,low-fidelity RED
Isobutyl Octanoate,CCCCCCCC(=O)OCC(C)C,6/3/61 0:00,8.026,0.9725,0.6791538853603062,low-fidelity RED
2-Methyl Butyl Octanoate,CCCCCCCC(=O)OCC(C)CC,67121-39-5,8.036,1.025,0.7889866919029749,low-fidelity RED
Propylene Di(Octanoate),CCCCCCCC(=O)OCC(C)OC(=O)CCCCCCC,7384-98-7,8.134,1.014,0.7782191208136684,low-fidelity RED
(Z)-3-Hexen-1-Yl Octanoate,CCCCCCCC(=O)OCC\C=C/CC,61444-41-5,7.576,1.033,0.8533024082938007,low-fidelity RED
Allyl Octanoate,CCCCCCCC(=O)OCC=C,4230-97-1,7.388,1.03,0.7097534783289199,low-fidelity RED
Isoamyl Octanoate,CCCCCCCC(=O)OCCC(C)C,2035-99-6,7.702,0.9854,0.7035623639735145,low-fidelity RED
Citronellyl Octanoate,CCCCCCCC(=O)OCCC(C)CCC=C(C)C,72934-05-5,8.066,1.163,0.9842509842514764,low-fidelity RED
Butyl Octanoate,CCCCCCCC(=O)OCCCC,589-75-3,7.662,0.9379,0.7150174823037543,low-fidelity RED
Amyl Octanoate,CCCCCCCC(=O)OCCCCC,638-25-5,7.62,0.9126,0.7668930825088986,low-fidelity RED
Hexyl Octanoate,CCCCCCCC(=O)OCCCCCC,1117-55-1,7.62,0.9126,0.8066132902450841,low-fidelity RED
Heptyl Octanoate,CCCCCCCC(=O)OCCCCCCC,4265-97-8,7.62,0.9126,0.7786205751198715,low-fidelity RED
Ethyloctylamine,CCCCCCCC(CC)N,4088-36-2,5.987,0.9356,0.6595452979136458,low-fidelity RED
8-Pentadecanone,CCCCCCCC(CCCCCCC)=O,818-23-5,7.021,0.8065,0.9222933372848361,low-fidelity RED
Octanoyl Chloride,CCCCCCCC(Cl)=O,111-64-8,6.258,0.9222,0.9226321043622958,low-fidelity RED
Jasimia,CCCCCCCC(COC(=O)C)OC(=O)C,68683-25-0,8.169,0.9585,0.7668930825088984,low-fidelity RED
"1,1-Difluorooctane",CCCCCCCC(F)F,61350-03-6,5.292,0.8284,0.9293815147720552,low-fidelity RED
Octanoic Acid,CCCCCCCC(O)=O,124-07-2,6.542,0.7999,0.9513148795220219,high-fidelity RED
"Octanoic Acid, Methyl Ester",CCCCCCCC(OC)=O,111-11-5,7.114,0.7566,0.6046693311223909,low-fidelity RED
Octanal Dimethyl Acetal,CCCCCCCC(OC)OC,10022-28-3,5.689,0.9326,0.5431390245600102,low-fidelity RED
Octanal Diethyl Acetal,CCCCCCCC(OCC)OCC,54889-48-4,5.729,0.9367,0.5968668193156658,low-fidelity RED
Propyl Octanoate,CCCCCCCC(OCCC)=O,624-13-5,7.637,0.9587,0.6878408246098799,low-fidelity RED
Diolein,CCCCCCCC/C=C\CCCCCCCC(=O)OCC(O)COC(=O)CCCCCCC/C=C\CCCCCCCC,25637-84-7,8.096,1.107,0.9503288904374106,low-fidelity RED
Glycerol Trioleate,CCCCCCCC/C=C\CCCCCCCC(OCC(OC(CCCCCCC\C=C/CCCCCCCC)=O)COC(CCCCCCC/C=C\CCCCCCCC)=O)=O,122-32-7,8.52,1.107,0.7603453162872772,high-fidelity RED
Methyl Oleate,CCCCCCCC\C=C/CCCCCCCC(OC)=O,112-62-9,7.19,0.777,0.7219764539096819,high-fidelity RED
Butyl Oleate,CCCCCCCC\C=C/CCCCCCCC(OCCCC)=O,142-77-8,7.734,1.018,0.7905694150420949,high-fidelity RED
9-Octadecen-1-Al,CCCCCCCC\C=C\CCCCCCCC=O,5090-41-5,5.997,0.9232,0.9354143466934853,low-fidelity RED
(E)-2-Undecen-1-Yl Acetate,CCCCCCCC\C=C\COC(=O)C,68480-27-3,7.143,1.003,0.9082951062292466,low-fidelity RED
3-Undecyne,CCCCCCCC#CCC,60212-30-8,5.224,0.8467,0.894776508408664,low-fidelity RED
2-Decen-1-Al,CCCCCCCC=CC=O,3913-71-1,5.752,0.9871,0.9407443861113386,low-fidelity RED
(E)-2-Decen-1-Yl Acetate,CCCCCCCC=CCOC(=O)C,19487-61-7,7.143,1.003,0.8444672877027258,low-fidelity RED
1-Octanal,CCCCCCCC=O,124-13-0,5.99,0.8705,0.7952986860293431,low-fidelity RED
2-Heptyl Furan,CCCCCCCC1=CC=CO1,3777-71-7,6.564,1.008,0.9526279441628821,low-fidelity RED
Octanal Propylene Glycol Acetal,CCCCCCCC1OCC(O1)C,74094-61-4,5.913,1.096,0.7335700375560608,low-fidelity RED
Octanal Glycol Acetal,CCCCCCCC1OCCO1,4359-57-3,6.282,0.9121,0.7619875327064085,low-fidelity RED
Methyl Nonanoate,CCCCCCCCC(=O)OC,1731-84-6,7.114,0.7566,0.6581223290544088,low-fidelity RED
Isopropyl Nonanoate,CCCCCCCCC(=O)OC(C)C,28267-32-5,7.381,0.8305,0.7766112283504532,low-fidelity RED
Isobutyl Nonanoate,CCCCCCCCC(=O)OCC(C)C,30982-03-7,8.026,0.9725,0.7956915231419774,low-fidelity RED
Allyl Nonanoate,CCCCCCCCC(=O)OCC=C,7493-72-3,7.388,1.03,0.7877975628294369,low-fidelity RED
Propyl Nonanoate,CCCCCCCCC(=O)OCCC,3/7/13 0:00,7.637,0.9587,0.7786205751198716,low-fidelity RED
Isoamyl Nonanoate,CCCCCCCCC(=O)OCCC(C)C,7779-70-6,7.702,0.9854,0.8418729120241367,low-fidelity RED
Amyl Nonanoate,CCCCCCCCC(=O)OCCCCC,61531-45-1,7.62,0.9126,0.8624094155330173,low-fidelity RED
Peach Nitrile,CCCCCCCCC(C)C#N,69300-15-8,6.098,0.9206,0.8050621094052307,low-fidelity RED
Methyl Octyl Acetaldehyde,CCCCCCCCC(C)C=O,19009-56-4,6.071,0.9568,0.7356969484781077,low-fidelity RED
Nonanal Dimethyl Acetal,CCCCCCCCC(OC)OC,18824-63-0,5.689,0.9326,0.6637959023675877,low-fidelity RED
Nonanal Diethyl Acetal,CCCCCCCCC(OCC)OCC,54815-13-3,5.729,0.9367,0.678693598024911,low-fidelity RED
Ethyl 2-Dodecenoate,CCCCCCCCC\C=C\C(=O)OCC,28290-90-6,7.194,1.114,0.8905756565278439,low-fidelity RED
(E)-2-Dodecen-1-Al,CCCCCCCCC\C=C\C=O,20407-84-5,5.752,0.9871,0.8692669325356845,low-fidelity RED
(E)-2-Dodecen-1-Yl Acetate,CCCCCCCCC\C=C\COC(=O)C,38363-23-4,7.143,1.003,0.918218383610347,low-fidelity RED
2-Undecyne,CCCCCCCCC#CC,60212-29-5,5.222,0.7689,0.9581883948368399,low-fidelity RED
Methyl 2-Undecynoate,CCCCCCCCC#CC(=O)OC,10522-18-6,6.373,0.9948,0.7040063920164354,low-fidelity RED
3-Dodecyne,CCCCCCCCC#CCC,6790-27-8,5.224,0.8467,0.9864709828474428,low-fidelity RED
Nonanenitrile,CCCCCCCCC#N,2243-27-8,6.097,0.8284,0.8558621384311843,low-fidelity RED
(E)-2-Undecen-1-Al,CCCCCCCCC=CC=O,2463-77-6,5.752,0.9871,0.8721381771256195,low-fidelity RED
Oleic Acid,CCCCCCCCC=CCCCCCCCC(=O)O,112-80-1,6.622,0.9284,0.7685213074469697,high-fidelity RED
Ethyl Oleate,CCCCCCCCC=CCCCCCCCC(=O)OCC,111-62-6,7.501,0.9288,0.7925433742073672,high-fidelity RED
1-Nonanal,CCCCCCCCC=O,124-19-6,5.99,0.8705,0.7668930825088988,low-fidelity RED
Nonanal Propylene Glycol Acetal,CCCCCCCCC1OCC(O1)C,68391-39-9,5.913,1.096,0.8085480814398118,low-fidelity RED
Isopropyl Decanoate,CCCCCCCCCC(=O)OC(C)C,2311-59-3,7.381,0.8305,0.801950746617272,low-fidelity RED
Isobutyl Decanoate,CCCCCCCCCC(=O)OCC(C)C,30673-38-2,8.026,0.9725,0.8418729120241367,low-fidelity RED
2-Methyl Butyl Decanoate,CCCCCCCCCC(=O)OCC(C)CC,55195-23-8,8.036,1.025,0.9410765112359353,low-fidelity RED
(Z)-3-Hexen-1-Yl Decanoate,CCCCCCCCCC(=O)OCC\C=C/CC,85554-69-4,7.576,1.033,0.9006941767325904,low-fidelity RED
Propyl Decanoate,CCCCCCCCCC(=O)OCCC,30673-60-0,7.637,0.9587,0.7909646009778184,low-fidelity RED
Isoamyl Decanoate,CCCCCCCCCC(=O)OCCC(C)C,2306-91-4,7.702,0.9854,0.8418729120241367,low-fidelity RED
Butyl Decanoate,CCCCCCCCCC(=O)OCCCC,30673-36-0,7.662,0.9379,0.8624094155330173,low-fidelity RED
Amyl Decanoate,CCCCCCCCCC(=O)OCCCCC,5933-87-9,7.62,0.9126,0.8750000000000002,low-fidelity RED
Hexyl Decanoate,CCCCCCCCCC(=O)OCCCCCC,10448-26-7,7.62,0.9126,0.8975661535508124,low-fidelity RED
2-Methyl Undecanal Dimethyl Acetal,CCCCCCCCCC(C)C(OC)OC,68141-17-3,5.878,1.053,0.788986691902975,low-fidelity RED
Methyl Nonyl Acetaldehyde,CCCCCCCCCC(C)C=O,110-41-8,6.071,0.9568,0.790964600977819,low-fidelity RED
Orange Nitrile,CCCCCCCCCC(C)CC#N,85351-07-1,6.346,1.051,0.8261355820929156,low-fidelity RED
2-Undecyl Acetate,CCCCCCCCCC(C)OC(=O)C,14936-67-5,7.206,1.02,0.841872912024137,low-fidelity RED
Capric Acid Methyl Ester,CCCCCCCCCC(OC)=O,110-42-9,7.114,0.7566,0.7271519786124497,low-fidelity RED
Decanal Dimethyl Acetal,CCCCCCCCCC(OC)OC,7779-41-1,5.689,0.9326,0.6708203932499369,low-fidelity RED
"Decanoic Acid, Ethyl Ester",CCCCCCCCCC(OCC)=O,110-38-3,7.427,0.8468,0.7158910531638173,low-fidelity RED
Decanal Diethyl Acetal,CCCCCCCCCC(OCC)OCC,34764-02-8,5.729,0.9367,0.7176350047203658,low-fidelity RED
(E)-2-Tridecen-1-Al,CCCCCCCCCC\C=C\C=O,7069-41-2,5.752,0.9871,0.886707392548409,low-fidelity RED
(E)-2-Tridecen-1-Yl Acetate,CCCCCCCCCC\C=C\COC(=O)C,68480-26-2,7.143,1.003,0.9433981132056595,low-fidelity RED
Decanenitrile,CCCCCCCCCC#N,1975-78-6,6.097,0.8284,0.8015609770940696,low-fidelity RED
2-Dodecen-1-Al,CCCCCCCCCC=CC=O,4826-62-4,5.752,0.9871,0.8692669325356845,low-fidelity RED
Decanal,CCCCCCCCCC=O,112-31-2,5.99,0.8705,0.7504165509901821,low-fidelity RED
Decanal Propylene Glycol Acetal,CCCCCCCCCC1OCC(O1)C,12/5/21 0:00,5.913,1.096,0.8238628526642043,low-fidelity RED
Methyl Undecanoate,CCCCCCCCCCC(=O)OC,1731-86-8,7.114,0.7566,0.7582875444051553,low-fidelity RED
Ethyl Undecanoate,CCCCCCCCCCC(=O)OCC,627-90-7,7.427,0.8468,0.7558108228915484,low-fidelity RED
Undecanal Dimethyl Acetal,CCCCCCCCCCC(OC)OC,52517-67-6,5.689,0.9326,0.6937218462755804,low-fidelity RED
Undecanal Diethyl Acetal,CCCCCCCCCCC(OCC)OCC,53405-97-3,5.729,0.9367,0.7441438033068604,low-fidelity RED
(E)-2-Tetradecen-1-Al,CCCCCCCCCCC\C=C\C=O,64461-99-0,5.752,0.9871,0.9089829481348912,low-fidelity RED
3-Tetradecyne,CCCCCCCCCCC#CCC,60212-32-0,5.224,0.8467,0.997496867163,low-fidelity RED
Undecanenitrile,CCCCCCCCCCC#N,7/7/44 0:00,6.097,0.8284,0.841872912024137,low-fidelity RED
Waxy Nitrile,CCCCCCCCCCC=CC#N,22629-49-8,5.8,1.071,0.9113863066779083,low-fidelity RED
2-Tridecen-1-Al,CCCCCCCCCCC=CC=O,7774-82-5,5.752,0.9871,0.886707392548409,low-fidelity RED
Undecanal,CCCCCCCCCCC=O,112-44-7,5.99,0.8705,0.7705517503711223,low-fidelity RED
Undecanal Propylene Glycol Acetal,CCCCCCCCCCC1OCC(O1)C,74094-62-5,5.913,1.096,0.850734976358678,low-fidelity RED
Isobutyl Laurate,CCCCCCCCCCCC(=O)OCC(C)C,37811-72-6,8.026,0.9725,0.8821139382188674,low-fidelity RED
2-Methyl Butyl Laurate,CCCCCCCCCCCC(=O)OCC(C)CC,55195-19-2,8.036,1.025,0.997810102173755,low-fidelity RED
Isoamyl Laurate,CCCCCCCCCCCC(=O)OCCC(C)C,6309-51-9,7.702,0.9854,0.8821139382188674,low-fidelity RED
Butyl Laurate,CCCCCCCCCCCC(=O)OCCCC,106-18-3,7.662,0.9379,0.8975661535508124,low-fidelity RED
Amyl Laurate,CCCCCCCCCCCC(=O)OCCCCC,3/8/50 0:00,7.62,0.9126,0.9096702699330128,low-fidelity RED
Hexyl Laurate,CCCCCCCCCCCC(=O)OCCCCCC,34316-64-8,7.62,0.9126,0.9354143466934856,low-fidelity RED
Dodecanoic Acid,CCCCCCCCCCCC(O)=O,143-07-7,6.542,0.7999,0.979157801378307,low-fidelity RED
Isopropyl Laurate,CCCCCCCCCCCC(OC(C)C)=O,10233-13-3,7.381,0.8305,0.7284401142166731,low-fidelity RED
Methyl Dodecanoate,CCCCCCCCCCCC(OC)=O,111-82-0,7.114,0.7566,0.7348469228349531,low-fidelity RED
Dodecanal Dimethyl Acetal,CCCCCCCCCCCC(OC)OC,14620-52-1,5.689,0.9326,0.7254309064273454,low-fidelity RED
Propyl Laurate,CCCCCCCCCCCC(OCCC)=O,3681-78-5,7.637,0.9587,0.8370334521391601,low-fidelity RED
(E)-2-Pentadecen-1-Al,CCCCCCCCCCCC\C=C\C=O,64462-00-6,5.752,0.9871,0.9027735042633894,low-fidelity RED
Dodecanenitrile,CCCCCCCCCCCC#N,2437-25-4,6.097,0.8284,0.8131727983645295,low-fidelity RED
Dodecanal,CCCCCCCCCCCC=O,112-54-9,5.99,0.8705,0.7960841664045332,low-fidelity RED
Delta-Juniper Lactone,CCCCCCCCCCCC1CCCC(=O)O1,7370-44-7,7.352,1.186,0.9253377761660868,low-fidelity RED
1-Tridecanal,CCCCCCCCCCCCC=O,10486-19-8,5.99,0.8705,0.8204419540710972,low-fidelity RED
γ-Palmitolactone,CCCCCCCCCCCCC1CCC(=O)O1,730-46-1,7.204,1.074,0.882113938218867,low-fidelity RED
Ethyl Myristate,CCCCCCCCCCCCCC(=O)OCC,124-06-1,7.427,0.8468,0.8746427842267948,low-fidelity RED
Isobutyl Myristate,CCCCCCCCCCCCCC(=O)OCC(C)C,25263-97-2,8.026,0.9725,0.9817076958035929,low-fidelity RED
Isoamyl Myristate,CCCCCCCCCCCCCC(=O)OCCC(C)C,62488-24-8,7.702,0.9854,0.9965565713997373,low-fidelity RED
"Tetradecanoic Acid, Methyl Ester",CCCCCCCCCCCCCC(OC)=O,124-10-7,7.114,0.7566,0.8860022573334678,low-fidelity RED
Tetradecanal,CCCCCCCCCCCCCC=O,124-25-4,5.99,0.8705,0.8200609733428366,low-fidelity RED
2-Hexadecanone,CCCCCCCCCCCCCCC(=O)C,18787-63-8,6.836,0.8253,0.9463746615373853,low-fidelity RED
Ethyl Pentadecanoate,CCCCCCCCCCCCCCC(=O)OCC,41114-00-5,7.427,0.8468,0.9006941767325909,low-fidelity RED
Pentadecanal,CCCCCCCCCCCCCCC=O,11/9/65 0:00,5.99,0.8705,0.8518362518700413,low-fidelity RED
γ-Octadecalactone,CCCCCCCCCCCCCCC1CCC(=O)O1,502-26-1,7.204,1.074,0.8605957239029247,low-fidelity RED
Propyl Palmitate,CCCCCCCCCCCCCCCC(=O)OCCC,2239-78-3,7.637,0.9587,0.9829801625668747,low-fidelity RED
Butyl Palmitate,CCCCCCCCCCCCCCCC(=O)OCCCC,111-06-8,7.662,0.9379,0.9829801625668747,low-fidelity RED
Hexadecanoic Acid,CCCCCCCCCCCCCCCC(O)=O,57-10-3,6.542,0.7999,0.7697402159170319,low-fidelity RED
Isopropyl Palmitate,CCCCCCCCCCCCCCCC(OC(C)C)=O,142-91-6,7.381,0.8305,0.7782191208136684,high-fidelity RED
Methyl Palmitate,CCCCCCCCCCCCCCCC(OC)=O,112-39-0,7.114,0.7566,0.8877640452282349,low-fidelity RED
Propylene Glycol Stearate,CCCCCCCCCCCCCCCCCC(=O)OCC(C)O,1323-39-3,8.341,0.9693,0.7619875327064078,low-fidelity RED
Stearic Acid,CCCCCCCCCCCCCCCCCC(O)=O,57-11-4,6.542,0.7999,0.8003905296791061,high-fidelity RED
"Octadecanoic Acid, Methyl Ester",CCCCCCCCCCCCCCCCCC(OC)=O,112-61-8,7.114,0.7566,0.9685685313905256,low-fidelity RED
1-Eicosanol,CCCCCCCCCCCCCCCCCCCCO,629-96-9,7.453,0.6459,0.8891709621889368,low-fidelity RED
Octadecylamine,CCCCCCCCCCCCCCCCCCN,124-30-1,5.568,0.9102,0.9542667341996155,low-fidelity RED
1-Octadecanol,CCCCCCCCCCCCCCCCCCO,112-92-5,7.453,0.6459,0.9490126448051152,low-fidelity RED
Cetyl Lactate,CCCCCCCCCCCCCCCCOC(=O)C(C)O,35274-05-6,7.164,0.9394,0.706222344591277,low-fidelity RED
Hexadecyl Acetate,CCCCCCCCCCCCCCCCOC(C)=O,629-70-9,7.192,0.6925,0.9545941546018388,low-fidelity RED
Hexadecyl Propanoate,CCCCCCCCCCCCCCCCOC(CC)=O,6221-96-1,6.316,0.8877,0.967277106107655,low-fidelity RED
Pentadecylamine,CCCCCCCCCCCCCCCN,2570-26-5,5.568,0.9102,0.9124143795447333,low-fidelity RED
Tetradecylamine,CCCCCCCCCCCCCCN,2016-42-4,5.568,0.9102,0.8503675675847477,low-fidelity RED
Methyldodecylamine,CCCCCCCCCCCCNC,7311-30-0,5.279,0.92,0.9450529085717897,low-fidelity RED
Dodecyl Acetate,CCCCCCCCCCCCOC(=O)C,112-66-3,7.192,0.6925,0.8624094155330173,low-fidelity RED
Lauryl Methacrylate,CCCCCCCCCCCCOC(=O)C(=C)C,142-90-5,6.748,1.018,0.5623610939600996,high-fidelity RED
Lauryl Isobutyrate,CCCCCCCCCCCCOC(=O)C(C)C,6624-71-1,7.314,1.008,0.9384162189561729,low-fidelity RED
Lauryl Lactate,CCCCCCCCCCCCOC(=O)C(C)O,6283-92-7,7.164,0.9394,0.8477912478906585,low-fidelity RED
Dodecyl Propanoate,CCCCCCCCCCCCOC(CC)=O,6221-93-8,6.316,0.8877,0.8746427842267948,low-fidelity RED
Dodecyl Butanoate,CCCCCCCCCCCCOC(CCC)=O,3724-61-6,7.403,0.9313,0.9273618495495702,low-fidelity RED
Undecylamine,CCCCCCCCCCCN,7307-55-3,5.568,0.9102,0.7533259586659685,low-fidelity RED
Undecyl Acetate,CCCCCCCCCCCOC(C)=O,1731-81-3,7.192,0.6925,0.7348469228349531,low-fidelity RED
Undecyl Propanoate,CCCCCCCCCCCOC(CC)=O,5458-33-3,6.316,0.8877,0.7786205751198715,low-fidelity RED
Undecyl Mercaptan  (1-Undecanethiol),CCCCCCCCCCCS,5332-52-5,5.517,0.739,0.9766012492312303,low-fidelity RED
Decyl Isovalerate,CCCCCCCCCCOC(=O)CC(C)C,72928-48-4,6.81,1.013,0.8681877677092668,low-fidelity RED
Decyl Butyrate,CCCCCCCCCCOC(=O)CCC,9/1/54 0:00,7.403,0.9313,0.8253787009609587,low-fidelity RED
Decyl Vinyl Ether,CCCCCCCCCCOC=C,765-05-9,5.239,0.9412,0.8440971508067066,low-fidelity RED
Decyl Mercaptan,CCCCCCCCCCS,143-10-2,5.517,0.739,0.9620940702446925,low-fidelity RED
Nonylamine,CCCCCCCCCN,112-20-9,5.568,0.9102,0.7271519786124496,low-fidelity RED
Nonyl Acetate,CCCCCCCCCOC(=O)C,143-13-5,7.192,0.6925,0.7271519786124497,low-fidelity RED
Nonyl Isovalerate,CCCCCCCCCOC(=O)CC(C)C,7786-47-2,6.81,1.013,0.8418729120241367,low-fidelity RED
Nonyl Octanoate,CCCCCCCCCOC(=O)CCCCCCC,7786-48-3,7.62,0.9126,0.9096702699330128,low-fidelity RED
Nonyl Mercaptan,CCCCCCCCCS,1455-21-6,5.517,0.739,0.9374166629626334,low-fidelity RED
Octylamine,CCCCCCCCN,111-86-4,5.568,0.9102,0.6675514961409341,low-fidelity RED
Methyloctylamine,CCCCCCCCNC,2439-54-5,5.279,0.92,0.7305819598101227,low-fidelity RED
Octyl Isobutyrate,CCCCCCCCOC(=O)C(C)C,109-15-9,7.314,1.008,0.7766112283504532,low-fidelity RED
Octyl 2-Methyl Butyrate,CCCCCCCCOC(=O)C(C)CC,29811-50-5,7.351,0.9253,0.8821139382188674,low-fidelity RED
Octyl Propanoate,CCCCCCCCOC(=O)CC,142-60-9,6.316,0.8877,0.6547900426854396,low-fidelity RED
Dioctyl Malonate,CCCCCCCCOC(=O)CC(=O)OCCCCCCCC,16958-88-6,7.012,0.9172,0.811249036979397,low-fidelity RED
Octyl Isovalerate,CCCCCCCCOC(=O)CC(C)C,7786-58-5,6.81,1.013,0.7956915231419774,low-fidelity RED
Octyl Valerate,CCCCCCCCOC(=O)CCCC,5451-85-4,7.456,0.9106,0.8396427811873335,low-fidelity RED
Octyl Hexanoate,CCCCCCCCOC(=O)CCCCC,4887-30-3,7.62,0.9126,0.8624094155330173,low-fidelity RED
Octyl Heptanoate,CCCCCCCCOC(=O)CCCCCC,5132-75-2,7.62,0.9126,0.8975661535508124,low-fidelity RED
Octyl Octanoate,CCCCCCCCOC(=O)CCCCCCC,2306-88-9,7.62,0.9126,0.8975661535508124,low-fidelity RED
Octyl Butanoate,CCCCCCCCOC(CCC)=O,110-39-4,7.403,0.9313,0.7786205751198716,low-fidelity RED
Octyl Formate,CCCCCCCCOC=O,112-32-3,6.115,0.8977,0.5505678886386308,low-fidelity RED
Octyl Oxyacetaldehyde,CCCCCCCCOCC=O,53488-14-5,5.854,0.9927,0.8415016339853421,low-fidelity RED
Trioctyl Phosphate,CCCCCCCCOP(=O)(OCCCCCCCC)OCCCCCCCC,1806-54-8,5.376,0.9939,0.8306623862918069,high-fidelity RED
Octyl Mercaptan,CCCCCCCCS,111-88-6,5.517,0.739,0.9317322576792108,low-fidelity RED
Heptylamine,CCCCCCCN,111-68-2,5.568,0.9102,0.6675514961409341,low-fidelity RED
Ethylheptylamine,CCCCCCCNCC,66793-76-8,5.223,0.8871,0.6289872812704562,low-fidelity RED
Diheptylamine,CCCCCCCNCCCCCCC,2470-68-0,5.332,0.9475,0.8877640452282349,low-fidelity RED
Heptyl Isobutyrate,CCCCCCCOC(=O)C(C)C,2349-13-5,7.314,1.008,0.6334429729659964,low-fidelity RED
Heptyl 2-Methyl Butyrate,CCCCCCCOC(=O)C(C)CC,50862-12-9,7.351,0.9253,0.7766112283504533,low-fidelity RED
Heptyl Isovalerate,CCCCCCCOC(=O)CC(C)C,56423-43-9,6.81,1.013,0.6791538853603062,low-fidelity RED
Heptyl Valerate,CCCCCCCOC(=O)CCCC,5451-80-9,7.456,0.9106,0.7150174823037543,low-fidelity RED
Heptyl Hexanoate,CCCCCCCOC(=O)CCCCC,6976-72-3,7.62,0.9126,0.7668930825088986,low-fidelity RED
Heptyl Heptanoate,CCCCCCCOC(=O)CCCCCC,624-09-9,7.62,0.9126,0.8066132902450841,low-fidelity RED
Diheptyl Ether,CCCCCCCOCCCCCCC,629-64-1,5.855,0.7897,0.8916277250063505,low-fidelity RED
Heptyl Mercaptan,CCCCCCCS,1639-09-4,5.517,0.739,0.8796306042879587,low-fidelity RED
Hexylamine,CCCCCCN,111-26-2,5.568,0.9102,0.8721381771256201,low-fidelity RED
Dihexylamine,CCCCCCNCCCCCC,143-16-8,5.332,0.9475,0.8558621384311843,low-fidelity RED
Hexyl Tiglate,CCCCCCOC(=O)/C(=C/C)/C,16930-96-4,6.988,1.064,0.8551315688243525,low-fidelity RED
Hexyl 2-Butenoate,CCCCCCOC(=O)\C=C\C,19089-92-0,6.947,1.064,0.8681877677092665,low-fidelity RED
Dihexyl Fumarate,CCCCCCOC(=O)\C=C\C(=O)OCCCCCC,19139-31-2,7.075,1.034,0.9124143795447333,low-fidelity RED
Hexyl (E)-2-Hexenoate,CCCCCCOC(=O)\C=C\CCC,33855-57-1,7.045,1.077,0.8477912478906585,low-fidelity RED
n-Hexyl Methacrylate,CCCCCCOC(=O)C(=C)C,142-09-6,6.748,1.018,0.6670832032063163,low-fidelity RED
Hexyl Neopentanoate,CCCCCCOC(=O)C(C)(C)C,5434-57-1,6.925,0.8503,0.6523994175349942,low-fidelity RED
Hexyl (E)-2-Methyl-3-Pentenoate,CCCCCCOC(=O)C(C)\C=C\C,58625-95-9,7.516,1.08,0.9058835465996711,low-fidelity RED
Hexyl Isobutyrate,CCCCCCOC(=O)C(C)C,7/7/49 0:00,7.314,1.008,0.6025985396596976,low-fidelity RED
Hexyl 2-Methyl Butyrate,CCCCCCOC(=O)C(C)CC,10032-15-2,7.351,0.9253,0.7407766195014526,low-fidelity RED
Hexyl Valerate,CCCCCCOC(=O)CCCC,1117-59-5,7.456,0.9106,0.7335700375560608,low-fidelity RED
Hexyl Hexanoate,CCCCCCOC(=O)CCCCC,6378-65-0,7.62,0.9126,0.750416550990182,low-fidelity RED
Acetaldehyde Methyl Hexyl Acetal,CCCCCCOC(C)OC,54340-90-8,5.918,1.04,0.5172040216394294,low-fidelity RED
Earthy Acetal,CCCCCCOC(C)OCC,54484-73-0,6.154,0.9521,0.5249999999999996,low-fidelity RED
Acetaldehyde Dihexyl Acetal,CCCCCCOC(C)OCCCCCC,5405-58-3,6.17,0.9227,0.7176350047203661,low-fidelity RED
Acetaldehyde Hexyl Isoamyl Acetal,CCCCCCOC(CC)OCCC(C)C,233665-90-2,5.791,0.9656,0.6986594306241058,low-fidelity RED
Hexanal Hexyl Isoamyl Acetal,CCCCCCOC(CCCCC)OCCC(C)C,896447-13-5,5.687,0.9944,0.8325412902673351,low-fidelity RED
Hexanal Dihexyl Acetal,CCCCCCOC(CCCCC)OCCCCCC,33673-65-3,5.835,1.014,0.896172416446746,low-fidelity RED
Hexoxyacetaldehyde Dimethyl Acetal,CCCCCCOCC(OC)OC,17597-95-4,5.899,0.936,0.5303300858899106,low-fidelity RED
Dihexyl Ether,CCCCCCOCCCCCC,112-58-3,5.855,0.7897,0.876427407147905,high-fidelity RED
Pentylamine,CCCCCN,110-58-7,5.622,0.9025,0.8518362518700409,low-fidelity RED
Dipentylamine,CCCCCNCCCCC,2050-92-2,5.385,0.9444,0.7607562027351469,low-fidelity RED
Amyl Tiglate,CCCCCOC(=O)/C(=C/C)/C,7785-65-1,7.046,1.063,0.8325412902673347,low-fidelity RED
Amyl Angelate,CCCCCOC(=O)/C(=C\C)/C,7785-63-9,7.046,1.063,0.8325412902673347,low-fidelity RED
Amyl Isobutyrate,CCCCCOC(=O)C(C)C,2445-72-9,7.373,1.003,0.5623610939600996,low-fidelity RED
Amyl 2-Methyl Butyrate,CCCCCOC(=O)C(C)CC,68039-26-9,7.41,0.9192,0.6595452979136459,low-fidelity RED
n-Pentyl Propionate,CCCCCOC(=O)CC,624-54-4,6.373,0.883,0.575543221661067,high-fidelity RED
Amyl Isovalerate,CCCCCOC(=O)CC(C)C,25415-62-7,6.867,1.009,0.6164414002968976,low-fidelity RED
Amyl Valerate,CCCCCOC(=O)CCCC,2173-56-0,7.514,0.9084,0.661910114743686,low-fidelity RED
Amyl Undecylenate,CCCCCOC(=O)CCCCCCCCC=C,18451-96-2,7.606,1.083,0.9476945710512436,low-fidelity RED
Pentyl Formate,CCCCCOC=O,638-49-3,6.171,0.8964,0.7648529270389176,low-fidelity RED
Di-n-Pentyl Ether,CCCCCOCCCCC,693-65-2,5.911,0.7838,0.7071067811865472,high-fidelity RED
Pentyl Mercaptan,CCCCCS,110-66-7,5.571,0.7353,0.801950746617271,low-fidelity RED
Butyl Isocyanate,CCCCN=C=O,111-36-4,5.297,0.9281,0.9581883948368403,low-fidelity RED
Ethylbutylamine,CCCCNCC,13360-63-9,5.194,0.8346,0.42278836313219376,low-fidelity RED
Dibutyl Amine,CCCCNCCCC,111-92-2,5.303,0.8951,0.38242646351945875,high-fidelity RED
Butyl (E)-2-Crotonate,CCCCOC(=O)\C=C\C,591-63-9,6.964,1.063,0.8624094155330166,low-fidelity RED
Iso-Butyl Isobutyrate,CCCCOC(=O)C(C)C,97-87-0,7.332,1.004,0.4506939094329985,low-fidelity RED
Butyl 2-Methyl Butyrate,CCCCOC(=O)C(C)CC,15706-73-7,7.369,0.9204,0.6164414002968976,low-fidelity RED
Chamomile Valerate,CCCCOC(=O)C(C)CCC,6297-41-2,7.105,0.9469,0.6819090848492927,low-fidelity RED
Butyl Butyryl Lactate,CCCCOC(=O)C(C)OC(=O)CCC,7492-70-8,7.784,1.177,0.773789377027108,low-fidelity RED
Butyl Ethyl Malonate,CCCCOC(=O)CC(=O)OCC,17373-84-1,6.991,0.961,0.9158329542007102,low-fidelity RED
Butyl Isovalerate,CCCCOC(=O)CC(C)C,109-19-3,6.826,1.008,0.5361902647381798,low-fidelity RED
Dibutyl Succinate,CCCCOC(=O)CCC(=O)OCCCC,141-03-7,7.602,0.8817,0.8139410298049843,low-fidelity RED
Di-Butyl Glutarate,CCCCOC(=O)CCCC(=O)OCCCC,6624-57-3,7.473,0.9118,0.7541551564499178,low-fidelity RED
Dibutyl Decanedioate,CCCCOC(=O)CCCCCCCCC(=O)OCCCC,98781-27-2,7.579,0.9398,0.7619875327064078,low-fidelity RED
Butyl Undecylenate,CCCCOC(=O)CCCCCCCCC=C,109-42-2,7.566,1.107,0.8877640452282349,low-fidelity RED
Butyl Butyryl Glycollate,CCCCOC(=O)COC(=O)CCC,94022-04-5,7.385,0.9883,0.8234834546000301,low-fidelity RED
"Ethanedioic Acid, Dibutyl Ester",CCCCOC(C(OCCCC)=O)=O,2050-60-4,6.98,0.9086,0.8576858399204212,low-fidelity RED
Butyl Isopropenyl Ether,CCCCOC(C)=C,22022-33-9,6.453,1.044,0.25,high-fidelity RED
Isopropyl Butyl Ether,CCCCOC(C)C,1860-27-1,5.902,0.799,0.5900211860602972,low-fidelity RED
Butyl Valerate,CCCCOC(CCCC)=O,591-68-4,7.473,0.9118,0.6403124237432846,low-fidelity RED
Valeraldehyde Dibutyl Acetal,CCCCOC(CCCC)OCCCC,13112-65-7,5.875,0.9918,0.7893826701923468,low-fidelity RED
"Butane, 1-(Difluoromethoxy)-",CCCCOC(F)F,1481-51-2,5.679,0.8679,0.41003048667141817,low-fidelity RED
Vinyl Butyl Ether,CCCCOC=C,111-34-2,5.251,0.9283,0.20766559657295117,high-fidelity RED
Di-n-Butyl Ether,CCCCOCCCC,142-96-1,5.869,0.7156,0.5414101956926926,high-fidelity RED
Butyl Glycol Acetate,CCCCOCCOC(=O)C,112-07-2,7.348,0.7917,0.9513148795220224,high-fidelity RED
2-Butoxyethyl Acrylate,CCCCOCCOC(=O)C=C,7251-90-3,7.081,0.954,0.7215434844830899,low-fidelity RED
Ethylene Glycol Butyl Ethyl Ether,CCCCOCCOCC,4413-13-2,5.564,0.8134,0.30822070014844893,high-fidelity RED
Ethylene Glycol Dibutyl Ether,CCCCOCCOCCCC,112-48-1,5.858,0.7329,0.49497474683058257,high-fidelity RED
Vinyl Butyl Carbitol,CCCCOCCOCCOC=C,,5.457,0.9398,0.6731456008918127,high-fidelity RED
Diethylene Glycol Dibutyl Ether,CCCCOCCOCCOCCCC,112-73-2,5.858,0.7329,0.5315072906367324,high-fidelity RED
Tributyl Phosphate,CCCCOP(=O)(OCCCC)OCCCC,126-73-8,5.388,0.9779,0.9182183836103479,high-fidelity RED
1-Butanethiol,CCCCS,109-79-5,5.486,0.7379,0.8003905296791061,high-fidelity RED
Tripropyl Borate,CCCOB(OCCC)OCCC,688-71-1,5.324,0.7604,0.981070843517429,low-fidelity RED
Propyl Tiglate,CCCOC(=O)/C(=C/C)/C,61692-83-9,6.689,1.077,0.760756202735147,low-fidelity RED
Propyl Crotonate,CCCOC(=O)\C=C\C,10352-87-1,6.647,1.076,0.818916967707959,low-fidelity RED
Propyl 2-Methyl Butyrate,CCCOC(=O)C(C)CC,37064-20-3,7.052,0.9365,0.5437140792732881,low-fidelity RED
n-Propyl Propanoate,CCCOC(=O)CC,106-36-5,6.011,0.9009,0.5086747487343949,high-fidelity RED
Dipropyl Glutarate,CCCOC(=O)CCCC(=O)OCCC,1724-48-7,7.428,0.9423,0.7198090024443977,low-fidelity RED
Dipropyl Adipate,CCCOC(=O)CCCCC(=O)OCCC,106-19-4,7.592,0.9401,0.6523994175349948,low-fidelity RED
Propyl Isopropyl Ether,CCCOC(C)C,627-08-7,5.577,0.828,0.5279678020485719,low-fidelity RED
Acetaldehyde Ethyl Propyl Acetal,CCCOC(C)OCC,20680-10-8,5.844,0.9539,0.3724916106437835,low-fidelity RED
Acetaldehyde Dipropyl Acetal,CCCOC(C)OCCC,105-82-8,5.86,0.9284,0.5049752469181036,low-fidelity RED
Di-n-Propyl Ether,CCCOCCC,111-43-3,5.646,0.7831,0.5482928049865325,high-fidelity RED
Diethylisopropylamine,CCN(CC)C(C)C,6006-15-1,5.565,1.008,0.9013878188659973,low-fidelity RED
Diethyl Amine,CCNCC,109-89-7,5.244,0.7508,0.57282196186948,high-fidelity RED
2-Ethylhexyl Amine,CCNCCCCCC,20352-67-4,5.223,0.8871,0.5279678020485712,high-fidelity RED
Triethyl Borate,CCOB(OCC)OCC,150-46-9,5.36,0.6944,0.5573374202401987,low-fidelity RED
Ethyl Isopropenyl Ether,CCOC(=C)C,926-66-9,6.076,0.9313,0.20155644370746367,high-fidelity RED
(E)-Ethyl Tiglate,CCOC(=O)/C(=C/C)/C,55514-48-2,6.674,1.004,0.770551750371122,low-fidelity RED
(E)-Ethyl Geranate,CCOC(=O)\C=C(/C)\CCC=C(C)C,32659-21-5,7.449,1.211,0.9695359714832661,low-fidelity RED
Citronellyl Ethoxalate,CCOC(=O)C(=O)OCCC(C)CCC=C(C)C,60788-25-2,7.279,1.221,0.8645808232895288,low-fidelity RED
(±)-Ethyl 3-Acetoxy-2-Methyl Butyrate,CCOC(=O)C(C)C(C)OC(=O)C,139564-43-5,6.718,0.9582,0.8177713616898062,low-fidelity RED
Berry Pentadienoate,CCOC(=O)C(C)C=C=C,60523-21-9,6.497,1.015,0.7115124735378846,low-fidelity RED
Ethyl 2-Cyclohexyl Propionate,CCOC(=O)C(C)C1CCCCC1,2511-00-4,7.269,0.9834,0.9915266007525974,low-fidelity RED
Pineapple Pentenoate,CCOC(=O)C(C)CC=C,53399-81-8,6.927,0.963,0.5706356105256661,low-fidelity RED
Ethyl α-Fluoroacrylate,CCOC(=O)C(F)=C,760-80-5,6.14,1.078,0.35178118198675723,low-fidelity RED
Ethyl Senecioate,CCOC(=O)C=C(C)C,638-10-8,7.007,1.063,0.770551750371122,low-fidelity RED
Ethyl 3-(Trifluoromethyl)Crotonate,CCOC(=O)C=C(C)C(F)(F)F,24490-03-7,5.493,1.178,0.3172144385112379,low-fidelity RED
Ethyl Crotonate,CCOC(=O)C=CC,10544-63-5,6.917,1.037,0.8905756565278429,low-fidelity RED
Ethyl Safranate,CCOC(=O)C1C(=C)C=CCC1(C)C,35044-58-7,7.69,1.215,0.9424038412485376,low-fidelity RED
Ethyl Chrysanthemate,CCOC(=O)C1C(C1(C)C)C=C(C)C,97-41-6,7.074,1.162,0.9867877177995277,low-fidelity RED
"Ethyl 3,5,5-Trimethyl Hexanoate",CCOC(=O)CC(C)CC(C)(C)C,67707-75-9,6.938,0.9564,0.6754628043053147,low-fidelity RED
"Ethyl (Z)-4,7-Octadienoate",CCOC(=O)CC/C=C\CC=C,69925-33-3,7.041,1.013,0.8154753215150036,low-fidelity RED
Ethyl 4-Methyl-3-Pentenoate,CCOC(=O)CC=C(C)C,6849-18-9,6.608,0.876,0.8077747210701747,low-fidelity RED
Ethyl Cyclohexyl Acetate,CCOC(=O)CC1CCCCC1,5452-75-5,7.08,0.9581,0.9737171047075216,low-fidelity RED
Ethyl 4-Methyl Valerate,CCOC(=O)CCC(C)C,25415-67-2,7.165,0.8919,0.42573465914815956,low-fidelity RED
"Ethyl 4,4,4-Trifluorobutyrate",CCOC(=O)CCC(F)(F)F,371-26-6,6.069,0.9919,0.14361406616345052,low-fidelity RED
Ethyl 4-Pentenoate,CCOC(=O)CCC=C,1968-40-7,7.04,0.9099,0.6174544517614231,low-fidelity RED
Ethyl Cyclohexane Propionate,CCOC(=O)CCC1CCCCC1,10094-36-7,7.106,0.975,0.9877373132569198,low-fidelity RED
Ethyl 5-Hexenoate,CCOC(=O)CCCC=C,54653-25-7,7.345,0.9948,0.6005206074732153,low-fidelity RED
Ethyl 9-Decenoate,CCOC(=O)CCCCCCCC=C,67233-91-4,7.452,1.033,0.7267220926874313,low-fidelity RED
Berry Hexanoate,CCOC(=O)CCCCCOC(=O)C,104986-28-9,7.882,0.9642,0.8215838362577492,low-fidelity RED
Rose Carbonate,CCOC(=O)OC1C(CCC(C1C)C)C,93981-50-1,7.225,0.9776,0.7449832212875669,low-fidelity RED
"Propanoic Acid,Pentafluoro-,Ethyl Ester",CCOC(C(C(F)(F)F)(F)F)=O,426-65-3,5.475,0.8932,0.484767985741633,low-fidelity RED
Ethyl 7H-Dodecafluoroheptanoate,CCOC(C(F)(C(F)(C(F)(C(F)(C(F)(C(F)F)F)F)F)F)F)=O,42287-85-4,5.58,1.022,0.5873670062235368,low-fidelity RED
Ethyl Difluoroacetate,CCOC(C(F)F)=O,454-31-9,6.333,0.8034,0.8562271894771855,low-fidelity RED
Ethyl Isopropyl Ether,CCOC(C)C,625-54-7,5.591,0.8207,0.4100304866714183,low-fidelity RED
Ethyl sec-Butyl Ether,CCOC(C)CC,2679-87-0,5.256,0.868,0.5390964663211956,low-fidelity RED
Acetaldehyde Ethyl Methyl Acetal,CCOC(C)OC,10471-14-4,5.623,0.9925,0.310241841149771,low-fidelity RED
1-Ethoxyethyl Acetate,CCOC(C)OC(=O)C,1608-72-6,6.993,0.8763,0.7167635593415723,low-fidelity RED
Acetaldehyde Ethyl Isopropyl Acetal,CCOC(C)OC(C)C,25334-93-4,5.508,0.8772,0.42499999999999966,low-fidelity RED
Acetaldehyde Ethyl Isobutyl Acetal,CCOC(C)OCC(C)C,6986-51-2,5.856,0.995,0.45345892868042603,low-fidelity RED
"1,2-Di((1-Ethoxy)Ethoxy) Propane",CCOC(C)OCC(C)OC(C)OCC,67715-79-1,6.089,1.011,0.5249999999999995,low-fidelity RED
Acetaldehyde Ethyl Glyceryl Mixed Acetal,CCOC(C)OCC(COC(C)OCC)OC(C)OCC,67715-82-6,5.837,1.029,0.6046693311223913,low-fidelity RED
Citral Diethyl Acetal,CCOC(C=C(C)CCC=C(C)C)OCC,7492-66-2,7.135,1.093,0.9222933372848359,low-fidelity RED
Furfural Diethyl Acetal,CCOC(C1=CC=CO1)OCC,13529-27-6,6.902,1.172,0.9195787078874758,low-fidelity RED
Isovaleraldehyde Diethyl Acetal,CCOC(CC(C)C)OCC,3/3/42 0:00,5.732,0.8015,0.5303300858899104,low-fidelity RED
1-Ethyl Vinyl Ethyl Ether,CCOC(CC)=C,1528-20-7,6.102,1.049,0.2704163456597992,high-fidelity RED
"Ethane, 1,1-Diethoxy-2-Fluoro-",CCOC(CF)OCC,370-63-8,5.222,0.7608,0.7754031209635409,low-fidelity RED
Triethoxymethane,CCOC(OCC)OCC,108055-42-1,5.578,0.7717,0.4847679857416328,low-fidelity RED
Geranyl Ethyl Ether,CCOC\C=C(/C)\CCC=C(C)C,40267-72-9,6.414,1.074,0.9711462299777507,low-fidelity RED
Neryl Ethyl Ether,CCOC\C=C(\C)/CCC=C(C)C,22882-89-9,6.414,1.074,0.9711462299777507,low-fidelity RED
Ethyl Ethynylether,CCOC#C,927-80-0,5.448,0.982,0.9750000000000001,high-fidelity RED
Ethyl-1-Propynylether,CCOC#CC,14273-06-4,5.191,0.9037,0.7668930825088984,high-fidelity RED
Cyclohexanone Diethyl Acetal,CCOC1(CCCCC1)OCC,1670-47-9,5.424,1.022,0.9058835465996711,low-fidelity RED
Menglytate,CCOCC(=O)O[C@@H]1C[C@@H](CC[C@H]1C(C)C)C,579-94-2,6.877,1.42,0.9503288904374102,low-fidelity RED
Ethyl Isobutyl Ether,CCOCC(C)C,627-02-1,5.56,0.8561,0.46233105022267323,low-fidelity RED
Propylene Glycol Monoethyl Ether Acetate,CCOCC(C)OC(=O)C,54839-24-6,6.89,0.9595,0.9303897032964196,high-fidelity RED
Prenyl Ethyl Ether,CCOCC=C(C)C,22094-00-4,5.999,0.9906,0.57282196186948,low-fidelity RED
Citronellyl Ethyl Ether,CCOCCC(C)CCC=C(C)C,69929-16-4,6.348,1.082,0.877496438739212,low-fidelity RED
Dihydrocitronellyl Ethyl Ether,CCOCCC(C)CCCC(C)C,22810-10-2,5.61,0.9401,0.864580823289529,low-fidelity RED
Ethyl Butyl Ether,CCOCCCC,628-81-9,5.279,0.7978,0.19525624189766658,high-fidelity RED
Acetaldehyde Ethyl 3-Methyl Butyl Acetal,CCOCCOCCC(C)C,13442-90-5,5.528,0.8951,0.40311288741492735,low-fidelity RED
Diethylene Glycol Diethyl Ether,CCOCCOCCOCC,112-36-7,5.414,0.786,0.6576473218982953,high-fidelity RED
Ethanethiol (Ethyl Mercaptan),CCS,75-08-1,5.282,0.7215,0.8835298523536143,high-fidelity RED
Vinyl Ethyl Sulfide,CCSC=C,627-50-9,5.273,0.9874,0.9414085191881356,high-fidelity RED
Methyl Ethyl Disulfide,CCSSC,20333-39-5,5.181,0.7243,0.9890020222426238,low-fidelity RED
Ethyl α-Chloroacrylate,Cl/C(=C)C(=O)OCC,687-46-7,6.272,1.055,0.8411301920630361,low-fidelity RED
2-Chloroallyl Acetate,Cl/C(=C)COC(=O)C,692-72-8,6.016,1.019,0.9559027147152577,low-fidelity RED
2-Chloro-1-Butene,ClC(=C)CC,2211-70-3,5.249,0.8505,0.8077747210701753,low-fidelity RED
2-Chloro-1-Pentene,ClC(=C)CCC,42131-85-1,5.538,0.9165,0.9493418773023761,low-fidelity RED
Heptanoyl Chloride,ClC(=O)CCCCCC,2528-61-2,6.258,0.9222,0.918218383610347,low-fidelity RED
3-Chloro-2-Methyl-1-Butene,ClC(C)C(=C)C,5166-35-8,5.359,1.056,0.7818247885555943,low-fidelity RED
2-Chlorohexane,ClC(C)CCCC,638-28-8,5.176,0.9789,0.876427407147905,low-fidelity RED
1-Chloro-2-Ethylbutane,ClCC(CC)CC,4737-41-1,5.281,0.8645,0.8154753215150045,low-fidelity RED
4-Chloro-2-Methyl-1-Butene,ClCCC(=C)C,10523-96-3,5.641,0.9897,0.8249999999999994,low-fidelity RED
Dimethyl-sec-Butylamine,CN(C)C(C)CC,921-04-0,5.495,0.9458,0.831038506929733,low-fidelity RED
"Methanediamine, N,N,N',N'-Tetramethyl-",CN(C)CN(C)C,51-80-9,5.348,0.8414,0.505593710403917,low-fidelity RED
Methylisobutylamine,CNC(C)(C)C,14610-37-8,5.453,0.8819,0.34369317712168806,low-fidelity RED
Methylisopropylamine,CNC(C)C,4747-21-1,5.204,0.8275,0.17499999999999954,low-fidelity RED
Methylhexylamine,CNCCCCCC,35161-70-7,5.279,0.92,0.5711829829397931,low-fidelity RED
Methylheptylamine,CNCCCCCCC,36343-05-2,5.279,0.92,0.5755432216610669,low-fidelity RED
Methylundecylamine,CNCCCCCCCCCCC,66553-53-5,5.279,0.92,0.8385254915624208,low-fidelity RED
Methoxytrimethylsilane,CO[Si](C)(C)C,1825-61-2,5.278,0.7693,0.8810505093353052,low-fidelity RED
Decanal Methyl Enol Ether,CO\C=C\CCCCCCCC,79930-37-3,5.381,0.9509,0.8881159834165808,low-fidelity RED
Trimethyl Borate,COB(OC)OC,121-43-7,5.513,0.7552,0.24494897427831766,low-fidelity RED
Methyl 4-Pentenoate,COC(=O)CCC=C,818-57-5,6.832,0.8687,0.7369701486491841,low-fidelity RED
Herbal Carbonate,COC(=O)OC1CCCCCCC1,61699-38-5,6.937,1.01,0.950328890437411,low-fidelity RED
"2,3,3,3-Tetrafluoropropionic Acid Methyl Ester",COC(C(C(F)(F)F)F)=O,382-93-4,5.3,0.899,0.26220221204253813,low-fidelity RED
"Methyl 1,1-Dimethylpropyl Ether",COC(C)(C)CC,994-05-8,5.769,0.7675,0.6010407640085654,low-fidelity RED
Methyl Isopropyl Ether,COC(C)C,598-53-8,5.31,0.7931,0.2704163456597994,low-fidelity RED
"1,1,3,3-Tetramethoxypropane",COC(CC(OC)OC)OC,102-52-3,5.709,0.8292,0.8381527307120105,high-fidelity RED
Bean Hexene,COC(CC)OCC/C=C\CC,97358-55-9,5.518,1.151,0.6841966091702001,low-fidelity RED
Methyl Butanoate,COC(CCC)=O,623-42-7,6.571,0.8119,0.6642665127793211,low-fidelity RED
2-Butenyl Methyl Ether (Trans),COC/C=C/C,10034-14-7,5.23,1.03,0.3061862178478973,high-fidelity RED
Methyl Isobutyl Ether,COCC(C)C,625-44-5,5.5,0.9016,0.340036762718386,low-fidelity RED
Dipropylene Glycol Dimethyl Ether,COCC(C)OCC(C)OC,111109-77-4,5.513,0.9984,0.5273755777432246,low-fidelity RED
2-Thiabutane,CSCC,624-89-5,5.181,0.7243,0.8097067370350818,high-fidelity RED
4-Methyl-2-Thiapentane,CSCC(C)C,5008-69-5,5.681,0.8067,0.9714679613862723,low-fidelity RED
Methyl 2-Fluoroacrylate,F/C(=C)C(=O)OC,2343-89-7,5.382,1.104,0.6209871174187109,low-fidelity RED
Bromotrifluoroethylene,F\C(F)=C(Br)/F,598-73-2,5.3,0.838,0.6595452979136458,low-fidelity RED
Iodotrifluoroethylene,F\C(F)=C(I) F,359-37-5,5.203,0.8536,0.9604686356149273,low-fidelity RED
2-Fluorobutane,FC(C)CC,359-01-3,5.309,0.85,0.6800735254367721,low-fidelity RED
2-Fluorohexane,FC(C)CCCC,372-54-3,5.322,0.8295,0.981389321319526,low-fidelity RED
"2,2-Difluoroethyl  Difluoromethyl  Ether",FC(COC(F)F)F,32778-16-8,5.68,0.8994,0.6349212549600147,low-fidelity RED
"1,1,1,5,5,6,6,7,7,7-Decafluoro-2,4-Heptanedione",FC(F)(C(CC(C(F)(C(F)(C(F)(F)F)F)F)=O)=O)F,20583-66-8,5.535,1.071,0.9532837982468811,low-fidelity RED
"Ethyl 4,4,4-Trifluorocrotonate",FC(F)(F)\C=C\C(=O)OCC,25597-16-4,5.602,1.15,0.3588175023601827,low-fidelity RED
"Ethyl 4,4,4-Trifluoro-3-(Trifluoromethyl)Crotnate",FC(F)(F)C(=CC(=O)OCC)C(F)(F)F,1513-60-6,5.533,1.136,0.3436931771216881,low-fidelity RED
"1,1,1,5,5,6,6,6-Octafluoro-2,4-Hexanedione",FC(F)(F)C(=O)CC(=O)C(F)(F)C(F)(F)F,20825-07-4,5.528,1.035,0.9937303457175896,low-fidelity RED
n-Buthyl Trifluoroacetate,FC(F)(F)C(=O)OCCCC,367-64-6,5.576,0.9006,0.15206906325745498,low-fidelity RED
"Ethyl 2-Bromo-2,3,3,3-Tetrafluoropropionate ",FC(F)(F)C(F)(Br)C(=O)OCC,10186-73-9,5.581,0.9813,0.05590169943749484,low-fidelity RED
"Butanoic Acid,Heptafluoro-,Ethyl Ester",FC(F)(F)C(F)(F)C(F)(F)C(=O)OCC,356-27-4,5.456,0.8732,0.6466258578188782,low-fidelity RED
"1H,1H,2H,2H-Perfluorooctanol",FC(F)(F)C(F)(F)C(F)(F)C(F)(F)C(F)(F)C(F)(F)CCO,647-42-7,5.729,0.8058,0.8185352771872451,low-fidelity RED
"1-Hexanol, 3,3,4,4,5,5,6,6,6-Nonafluoro-",FC(F)(F)C(F)(F)C(F)(F)C(F)(F)CCO,2043-47-2,5.762,0.8149,0.8261355820929153,low-fidelity RED
Hexafluoro-Tert-Buthanol,FC(F)(F)C(O)(C)C(F)(F)F,1515-14-6,5.219,0.8636,0.7603453162872778,low-fidelity RED
"1,1,1,3,3,3-Hexafluoroisopropyl Methacrylate",FC(F)(F)C(OC(=O)C(=C)C)C(F)(F)F,3063-94-3,5.48,1.082,0.57662812973354,low-fidelity RED
"1,1,1,3,3,3-Hexafluoro Isopropyl Acrylate",FC(F)(F)C(OC(=O)C=C)C(F)(F)F,2160-89-6,5.719,1.098,0.4716990566028306,low-fidelity RED
"2,2,2- Trifluoroethyl Butyrate",FC(F)(F)COC(=O)CCC,371-27-7,5.19,1.178,0.20766559657295122,low-fidelity RED
"1,1-Difluoropropane",FC(F)CC,430-61-5,5.177,0.7796,0.5367727638395973,low-fidelity RED
"1,1,3,3-Tetrafluoropropane",FC(F)CC(F)F,66794-30-7,5.274,0.7961,0.5037360419902469,low-fidelity RED
"1,1-Difluoropentane",FC(F)CCCC,62127-40-6,5.288,0.8192,0.8189169677079599,low-fidelity RED
"1,1-Difluorohexane",FC(F)CCCCC,62127-41-7,5.345,0.815,0.8649421946003096,low-fidelity RED
"1,1-Difluoroheptane",FC(F)CCCCCC,407-96-5,5.292,0.8284,0.9127568131764341,low-fidelity RED
Trans-1-Fluoro-2-Butene,FC/C=C/C,E14895,5.223,0.9682,0.7433034373659255,low-fidelity RED
Trifluoroethene,FC=C(F)F,359-11-5,5.264,0.8698,0.801950746617272,low-fidelity RED
(Perfluorocyclohexyl)Methanol,FC1(CO)C(F)(F)C(F)(F)C(F)(F)C(F)(F)C1(F)F,28788-68-3,5.231,0.8885,0.7972609359550987,low-fidelity RED
Decafluorobiphenyl,FC1=C(C(C(F)=C(F)C(F)=C2F)=C2F)C(F)=C(F)C(F)=C1F,434-90-2,5.357,0.8688,0.6184658438426489,low-fidelity RED
Pentafluorostyrene,FC1=C(C=C)C(F)=C(F)C(F)=C1F,653-34-9,5.24,1.127,0.9113863066779087,low-fidelity RED
"Benzene, Pentafluoro(Fluoromethyl)-",FC1=C(F)C(F)=C(F)C(F)=C1CF,22006-43-5,5.649,0.9297,0.9912113800799501,low-fidelity RED
"Benzene, 1-(Difluoromethyl)-2,3,4,5-Tetrafluoro-",FC1=C(F)C(F)=C(F)C=C1C(F)F,116487-71-9,5.323,1.15,0.9407443861113386,low-fidelity RED
"Furan, 2,2,3,5,5-Pentafluorotetrahydro-,( )-",FC1CC(F)(F)OC(F)1F,75988-19-1,5.396,1.098,0.438748219369606,low-fidelity RED
"1-Fluoro-2,2-Dimethylpropane",FCC(C)(C)C,59006-05-2,5.239,0.7889,0.9330728803260763,low-fidelity RED
"1,2-Difluoropropane",FCC(F)C,62126-90-3,5.367,0.8022,0.7607562027351469,low-fidelity RED
"1,1,2,3-Tetrafluoropropane",FCC(F)C(F)F,E15926,5.464,0.8947,0.8514693182963201,low-fidelity RED
"1,1,2-Trifluoroethane",FCC(F)F,430-66-0,5.216,0.726,0.9124143795447328,low-fidelity RED
"1,1,3-Trifluoropropane",FCCC(F)F,E16215,5.184,0.8018,0.8234834546000298,low-fidelity RED
"1,1,4-Trifluorobutane",FCCCC(F)F,E16197,5.354,0.8762,0.7921489758877427,low-fidelity RED
5-Fluoro-1-Pentene,FCCCC=C,407-79-4,5.212,0.99,0.6661456297237108,low-fidelity RED
N-Methyl-2-Heptanamine,N(C(C)CCCCC)C,540-43-2,5.748,0.8182,0.6637959023675877,low-fidelity RED
Dimethylisobutylamine,N(C)(C)CC(C)C,7239-24-9,5.378,0.8249,0.7433034373659253,low-fidelity RED
Methylethylbutylamine,N(C)(CC)CCCC,66225-40-9,5.21,0.9767,0.6892024376045109,low-fidelity RED
Methyl-sec-Butylamine,N(C)C(C)CC,7713-69-1,5.466,0.8933,0.37165171868296254,low-fidelity RED
Methylethylamine,N(C)CC,624-78-2,5.201,0.7479,0.6128825336065631,low-fidelity RED
Methyl-Tert-Butylamine,N(C)CC(C)C,625-43-4,5.665,0.8442,0.28394541729001316,low-fidelity RED
Methyl-Butylamine,N(C)CCCC,110-68-9,5.25,0.8495,0.44791182167922267,low-fidelity RED
Methylpentylamine,N(C)CCCCC,25419-06-1,5.333,0.9058,0.5249999999999994,low-fidelity RED
Dimethyl-2-Methylbutylamine,N(CC(C)CC)(C)C,66225-39-6,5.442,0.9638,0.8459462157844314,low-fidelity RED
Ethyl-Tert-Butylamine,N(CC)C(C)(C)C,4432-77-3,5.298,0.8903,0.4716990566028301,low-fidelity RED
Ethyl-sec-Butylamine,N(CC)C(C)CC,21035-44-9,5.545,0.8514,0.46435439052516775,low-fidelity RED
Ethylisobutylamine,N(CC)CC(C)C,13205-60-2,5.592,0.8729,0.37165171868296215,low-fidelity RED
Ethylpentylamine,N(CC)CCCCC,17839-26-8,5.277,0.8845,0.527375577743224,low-fidelity RED
Propylisopropylamine,N(CCC)C(C)C,21968-17-2,5.414,0.973,0.49371044145328746,low-fidelity RED
Undecanenitrile,N#CCCCCCCCCCC,7/7/44 0:00,6.097,0.8284,0.841872912024137,low-fidelity RED
Tridecanenitrile,N#CCCCCCCCCCCCC,629-60-7,6.097,0.8284,0.8605957239029256,low-fidelity RED
Tetradecanenitrile,N#CCCCCCCCCCCCCC,629-63-0,6.097,0.8284,0.8529361054615994,low-fidelity RED
Hexadecanenitrile,N#CCCCCCCCCCCCCCCC,629-79-8,6.097,0.8284,0.8485281374238568,low-fidelity RED
Heptadecanenitrile,N#CCCCCCCCCCCCCCCCC,5399-02-0,6.097,0.8284,0.8933784192602817,low-fidelity RED
Octadecanenitrile,N#CCCCCCCCCCCCCCCCCC,638-65-3,6.097,0.8284,0.9357483636106454,low-fidelity RED
Nonadecanenitrile,N#CCCCCCCCCCCCCCCCCCC,28623-46-3,6.097,0.8284,0.9249999999999998,low-fidelity RED
Eicosanenitrile,N#CCCCCCCCCCCCCCCCCCCC,4616-73-3,6.097,0.8284,0.9433981132056601,low-fidelity RED
"2-Amino-2,3-Dimethylbutane",NC(C)(C)C(C)C,4358-75-2,5.66,1.02,0.5006246098625194,low-fidelity RED
"1,1-Dimethylpropylamine",NC(C)(C)CC,594-39-8,5.603,0.9061,0.2936835031117677,low-fidelity RED
2-Amino-2-Methylpentane,NC(C)(C)CCC,53310-02-4,5.259,0.9482,0.41306779104645763,low-fidelity RED
3-Amino-3-Methylpentane,NC(C)(CC)CC,3495-46-3,5.567,0.9059,0.5511351921262148,low-fidelity RED
"2-Amino-3,3-Dimethyl Butane",NC(C)C(C)(C)C,3850-30-4,5.788,0.8246,0.4069705149024925,low-fidelity RED
"1,2-Dimethylpropylamine",NC(C)C(C)C,598-74-3,6.102,0.7679,0.38078865529319506,low-fidelity RED
2-Aminohexane,NC(C)CCCC,5329-79-3,6.014,0.9112,0.6950719387228921,low-fidelity RED
3-Pentanamine,NC(CC)CC,616-24-0,5.821,0.8507,0.5024937810560441,low-fidelity RED
3-Aminohexane,NC(CC)CCC,16751-58-9,5.366,0.9561,0.5129571132170792,low-fidelity RED
"2,2-Dimethylpropylamine",NCC(C)(C)C,5813-64-9,5.532,0.8855,0.3201562118716421,low-fidelity RED
"1-Amino-2,2-Dimethylbutane",NCC(C)(C)CC,41781-17-3,5.581,0.8487,0.3913118960624631,low-fidelity RED
1-Amino-2-Methylpentane,NCC(C)CCC,13364-16-4,5.417,0.775,0.6108395861435306,low-fidelity RED
1-Amino-2-Ethylbutane,NCC(CC)CC,617-79-8,5.968,0.9662,0.49874843358149945,low-fidelity RED
"1-Hexanamine, 2-Ethyl-",NCC(CC)CCCC,104-75-6,6.395,0.8903,0.6466258578188779,low-fidelity RED
"1-Amino-3,3-Dimethylbutane",NCCC(C)(C)C,15673-00-4,5.602,0.8821,0.406201920231798,low-fidelity RED
1-Amino-3-Methylpentane,NCCC(C)CC,42245-37-4,5.709,0.9408,0.6025985396596975,low-fidelity RED
1-Amino-4-Methylpentane,NCCCC(C)C,5344-20-7,5.886,0.9399,0.5612486080160907,low-fidelity RED
Decylamine,NCCCCCCCCCC,2016-57-1,5.568,0.9102,0.7420411039827919,low-fidelity RED
Dodecylamine,NCCCCCCCCCCCC,124-22-1,5.568,0.9102,0.8429857650043686,low-fidelity RED
Hexadecylamine,NCCCCCCCCCCCCCCCC,143-27-1,5.568,0.9102,0.9724325169388359,low-fidelity RED
"Cis-2,5-Dimethyltetrahydrofuran",O([C@@H](C1)C)[C@H](C1)C,2144-41-4,5.691,0.9126,0.6446898479113811,low-fidelity RED
1-(Vinyloxy)Octane,O(\C=C)CCCCCCCC,929-62-4,5.239,0.9412,0.7749999999999996,low-fidelity RED
Ethyl Tert-Pentyl Ether,O(C(C)(C)CC)CC,919-94-8,5.47,0.8929,0.7062223445912768,low-fidelity RED
Di-sec-Butyl Ether,O(C(CC)C)C(CC)C,6863-58-7,5.238,0.8582,0.5105144464165532,high-fidelity RED
Trimethoxymethylsilane,O(C)[Si](OC)(OC)C,120250-60-4,5.338,0.9061,0.4279310692155927,low-fidelity RED
3-(Trimethoxysilyl)-1-Propanethiol,O(C)[Si](OC)(OC)CCCS,4420-74-0,5.988,0.8825,0.25124689052802257,low-fidelity RED
"Methyl 1,2-Dimethylpropyl Ether",O(C)C(C)C(C)C,62016-49-3,5.231,0.832,0.51720402163943,low-fidelity RED
Methyl 1-Methylbutyl Ether,O(C)C(C)CCC,6795-88-6,5.221,0.8959,0.46233105022267307,low-fidelity RED
Methyl 1-Ethylpropyl Ether,O(C)C(CC)CC,36839-67-5,5.859,0.9231,0.41608292442733086,low-fidelity RED
Methyl 2-Methylbutyl Ether,O(C)CC(C)CC,62016-48-2,5.318,0.919,0.4949747468305831,low-fidelity RED
Allyl n-Hexyl Ether,O(C/C=C)CCCCCC,3295-94-1,5.527,0.9637,0.6368869601428493,low-fidelity RED
Diisobutyl Ether,O(CC(C)C)CC(C)C,628-55-7,5.928,0.8925,0.7487489565935967,low-fidelity RED
Triethoxyallylsilane,O(CC)[Si](OCC)(OCC)C\C=C,4/1/50 0:00,5.327,0.99,0.8295330011518528,low-fidelity RED
3-Aminopropyl-Triethoxysilane,O(CC)[Si](OCC)(OCC)CCCN,919-30-2,5.775,1.084,0.4415880433163928,low-fidelity RED
Trans-2-Hexenal Diethyl Acetal,O(CC)C(OCC)/C=C/CCC,67746-30-9,5.857,0.996,0.6914658342969664,low-fidelity RED
Hydroxycitronellal Diethyl Acetal,O(CC)C(OCC)CC(C)CCCC(O)(C)C,7779-94-4,6.993,0.9513,0.577711000414567,low-fidelity RED
Ethyl Isopentyl Ether,O(CC)CCC(C)C,628-04-6,5.243,0.8519,0.5249999999999998,low-fidelity RED
1-Ethoxypentane,O(CC)CCCCC,17952-11-3,5.323,0.8452,0.4458138625031751,low-fidelity RED
Ethyl n-Hexyl Ether,O(CC)CCCCCC,5756-43-4,5.268,0.8485,0.5678908345800272,low-fidelity RED
Triethylene Glycol Diethyl Ether,O(CC)CCOCCOCCOCC,4499-99-4,5.414,0.786,0.6133922073192649,low-fidelity RED
"2,2-Dimethyltetrahydrofuran",O(CC1)C(C1)(C)C,1003-17-4,5.234,0.9619,0.6896557112066858,low-fidelity RED
5-Methyl-2-Hepten-4-One,O=C(/C=C/C)C(C)CC,81925-81-7,6.505,0.9997,0.865303414993839,low-fidelity RED
4-Hexen-3-One,O=C(\C=C/C)CC,2497-21-4,5.818,0.9031,0.9864709828474426,low-fidelity RED
"3-Hexanone,4,4,5,5,6,6,6-Heptafluoro-",O=C(C(C(C(F)(F)F)(F)F)(F)F)CC,356-23-0,5.174,0.9088,0.8215838362577492,low-fidelity RED
"2-Pentanone,1,1,1,3,3,4,4,5,5-Nonafluoro-",O=C(C(C(F)(C(F)F)F)(F)F)C(F)(F)F,50838-70-5,5.449,1.025,0.6519202405202649,low-fidelity RED
"Ethyl  -Methyl-4,4,4-Trifluoro-Acetoacetate,Tech.",O=C(C(C(OCC)=O)C)C(F)(F)F,344-00-3,6.076,0.9801,0.7180703308172535,low-fidelity RED
Methyl Pivaloylacetate,O=C(C(C)(C)C)CC(=O)OC,55107-14-7,6.401,0.7889,0.7335700375560604,low-fidelity RED
"2,2,4-Trimethyl-3-Pentanone",O=C(C(C)C)C(C)(C)C,5857-36-3,6.094,0.9393,0.717635004720366,low-fidelity RED
"2,4-Dimethyl-3-Pentanone",O=C(C(C)C)C(C)C,565-80-0,6.432,0.8195,0.6442049363362563,low-fidelity RED
Ethyl Isobutanoate,O=C(C(C)C)OCC,97-62-1,6.792,0.8907,0.3657184709581945,low-fidelity RED
Isobutyl Isobutyrate,O=C(C(C)C)OCC(C)C,97-85-8,7.296,0.951,0.4506939094329985,high-fidelity RED
"3,4-Dimethyl-2-Pentanone",O=C(C)C(C)C(C)C,565-78-6,6.327,0.6877,0.6204836822995424,low-fidelity RED
3-Ethyl-2-Pentanone,O=C(C)C(CC)CC,3/7/37 0:00,6.518,0.7549,0.6224949798994361,low-fidelity RED
Isobutyl Acetoacetate,O=C(C)CC(=O)OCC(C)C,7779-75-1,7.278,0.9827,0.9810708435174292,low-fidelity RED
6-Methyl-2-Heptanone,O=C(C)CCCC(C)C,928-68-7,6.903,0.896,0.6637959023675877,low-fidelity RED
Isoheptyl Acetate,O=C(C)OCCCCC(C)C,180348-60-1,7.453,0.867,0.5367727638395972,low-fidelity RED
Hexylene Glycol Diacetate,O=C(C)OCCCCCCOC(C)=O,6222-17-9,7.341,0.7739,0.6062177826491071,high-fidelity RED
Methyl Heptine Carbonate,O=C(C#CCCCCC)OC,111-12-6,6.429,0.9918,0.8219641111386798,low-fidelity RED
Ethyl Acrylate,O=C(C=C)OCC,140-88-5,6.897,0.9311,0.7925433742073678,high-fidelity RED
Isobutyl Acrylate,O=C(C=C)OCC(C)C,106-63-8,7.281,0.9721,0.5900211860602972,high-fidelity RED
Propyl Acrylate,O=C(C=C)OCCC,925-60-0,6.625,0.9694,0.5900211860602972,low-fidelity RED
n-Butyl Acrylate,O=C(C=C)OCCCC,141-32-2,6.944,0.952,0.6214901447328024,high-fidelity RED
"2-Pentanone,1,1,1,5,5,5-Hexafluoro-4-Methyl-",O=C(CC(C(F)(F)F)C)C(F)(F)F,372-24-7,5.534,1.04,0.6576473218982953,low-fidelity RED
5-Methyl-3-Hexanone,O=C(CC(C)C)CC,623-56-3,6.153,0.9434,0.6087897830942958,low-fidelity RED
"2,2-Dimethyl-3-Pentanone",O=C(CC)C(C)(C)C,564-04-5,6.315,0.8641,0.5528336096873993,low-fidelity RED
Ethyl Isopropyl Ketone,O=C(CC)C(C)C,565-69-5,6.481,0.7917,0.6209871174187108,low-fidelity RED
Diethyl Ketone,O=C(CC)CC,96-22-0,6.463,0.7431,0.9676001240181813,high-fidelity RED
Ethyl Isoamyl Ketone,O=C(CC)CCC(C)C,624-42-0,6.564,0.9267,0.6368869601428494,low-fidelity RED
Ethyl Butyl Ketone,O=C(CC)CCCC,106-35-4,6.821,0.8344,0.7558108228915481,high-fidelity RED
Ethyl Propionate,O=C(CC)OCC,105-37-3,5.931,0.7415,0.5706356105256661,high-fidelity RED
(Z)-3-Hexen-1-Yl Propionate,O=C(CC)OCC/C=C\CC,33467-74-2,6.095,1.04,0.7537406715840668,low-fidelity RED
n-Butyl Propionate,O=C(CC)OCCCC,590-01-2,6.331,0.8822,0.5857687256929985,high-fidelity RED
Diethyl Succinate,O=C(CCC(OCC)=O)OCC,123-25-1,7.215,0.7396,0.9990620601344042,low-fidelity RED
Dipropyl Succinate,O=C(CCC(OCCC)=O)OCCC,925-15-5,7.285,0.9008,0.7499999999999993,low-fidelity RED
2-Methyl-3-Hexanone,O=C(CCC)C(C)C,12/6/79 0:00,6.768,0.8612,0.709313047955555,low-fidelity RED
4-Octanone,O=C(CCC)CCCC,589-63-9,6.834,0.8354,0.7810249675906652,low-fidelity RED
n-Butyl Butyrate,O=C(CCC)OCCCC,109-21-7,7.42,0.9305,0.5522680508593626,high-fidelity RED
Pentyl Butanoate,O=C(CCC)OCCCCC,540-18-1,7.461,0.9281,0.5873670062235363,low-fidelity RED
5-Hexen-2-One,O=C(CCC=C)C,109-49-9,6.616,0.9259,0.8782084035125143,low-fidelity RED
(E)-2-Hexen-1-Yl Valerate,O=C(CCCC)OC\C=C\CCC,56922-74-8,7.52,1.079,0.8674675786448727,low-fidelity RED
(Z)-3-Hexen-1-Yl Valerate,O=C(CCCC)OCC\C=C\CC,35852-46-1,7.387,1.058,0.7929375763576854,low-fidelity RED
Dibutyl Adipate,O=C(CCCCC(OCCCC)=O)OCCCC,105-99-7,7.637,0.9179,0.7652613932506983,low-fidelity RED
(E)-2-Hexen-1-Yl Hexanoate,O=C(CCCCC)OC\C=C\CCC,53398-86-0,7.766,1.065,0.8810505093353038,low-fidelity RED
7-Tridecanone,O=C(CCCCCC)CCCCCC,462-18-0,7.021,0.8065,0.8902246907382431,low-fidelity RED
Hexyl Nonanoate,O=C(CCCCCCCC)OCCCCCC,6561-39-3,7.62,0.9126,0.8975661535508124,low-fidelity RED
Phosgene,O=C(Cl)Cl,75-44-5,5.533,0.7704,0.8415016339853407,high-fidelity RED
Oleamide,O=C(N)CCCCCCC\C=C/CCCCCCCC,301-02-0,7.332,0.9606,0.9233092656309685,low-fidelity RED
Hexadecanamide,O=C(N)CCCCCCCCCCCCCCC,629-54-9,7.256,0.8386,0.946374661537385,low-fidelity RED
Docosanamide,O=C(N)CCCCCCCCCCCCCCCCCCCCC,3061-75-4,7.256,0.8386,0.7386643351347071,low-fidelity RED
Elaidic Acid,O=C(O)CCCCCCC\C=C\CCCCCCCC,112-79-8,6.622,0.9284,0.8724964183307564,low-fidelity RED
10-Undecenoic Acid,O=C(O)CCCCCCCCC=C,112-38-9,6.657,1.04,0.9503288904374106,low-fidelity RED
Erucic Acid,O=C(O)CCCCCCCCCCC\C=C/CCCCCCCC,112-86-7,6.622,0.9284,0.8710625695092172,low-fidelity RED
Tridecanoic Acid,O=C(O)CCCCCCCCCCCC,638-53-9,6.542,0.7999,0.8558621384311837,low-fidelity RED
Tetradecanoic Acid,O=C(O)CCCCCCCCCCCCC,544-63-8,6.542,0.7999,0.8860022573334675,low-fidelity RED
Pentadecanoic Acid,O=C(O)CCCCCCCCCCCCCC,1002-84-2,6.542,0.7999,0.8015609770940693,low-fidelity RED
Heptadecanoic Acid,O=C(O)CCCCCCCCCCCCCCCC,506-12-7,6.542,0.7999,0.8003905296791055,low-fidelity RED
Nonadecanoic Acid,O=C(O)CCCCCCCCCCCCCCCCCC,646-30-0,6.542,0.7999,0.8062257748298542,low-fidelity RED
Eicosanoic Acid,O=C(O)CCCCCCCCCCCCCCCCCCC,506-30-9,6.542,0.7999,0.7668930825088986,low-fidelity RED
22-Tricosenoic_Acid,O=C(O)CCCCCCCCCCCCCCCCCCCC\C=C,65119-95-1,6.657,1.04,0.9058835465996721,low-fidelity RED
Docosanoic Acid,O=C(O)CCCCCCCCCCCCCCCCCCCCC,112-85-6,6.542,0.7999,0.8778524933039713,low-fidelity RED
Methyl Acetyl Ricinoleate,O=C(O[C@H](CCCCCC)C/C=C\CCCCCCCC(=O)OC)C,140-03-4,7.931,1.115,0.9017344398435707,low-fidelity RED
Vinyl_n-Hexanoate,O=C(O\C=C)CCCCC,3050-69-9,7.061,0.8932,0.6595452979136464,low-fidelity RED
1-Hexen-3-Yl Acetate,O=C(OC(/C=C)CCC)C,35926-04-6,6.789,1.113,0.6025985396596973,low-fidelity RED
2-Methylpropanoic Anhydride,O=C(OC(=O)C(C)C)C(C)C,97-72-3,6.674,0.9378,0.8951256894984077,low-fidelity RED
t-Butyl Methacrylate,O=C(OC(C)(C)C)\C(=C)C,585-07-9,6.089,0.9631,0.4636809247747852,low-fidelity RED
Tert-Butyl Propanoate,O=C(OC(C)(C)C)CC,20487-40-5,6.062,0.886,0.2512468905280219,low-fidelity RED
t-Butyl Acetoacetate,O=C(OC(C)(C)C)CC(C)=O,1694-31-1,6.511,0.9355,0.7335700375560604,low-fidelity RED
Tert-Butyl Butanoate,O=C(OC(C)(C)C)CCC,2308-38-5,6.623,0.9371,0.43874821936960573,low-fidelity RED
Tert-Pentyl Acetate,O=C(OC(C)(C)CC)C,625-16-1,6.683,0.9719,0.3082207001484488,low-fidelity RED
"1,1-Dimethylpropyl Butanoate",O=C(OC(C)(C)CC)CCC,2050-00-2,6.861,1.008,0.5488624600025036,low-fidelity RED
"1-Propen-2-ol, Acetate",O=C(OC(C)=C)C,108-22-5,5.88,0.9266,0.7632168761236872,low-fidelity RED
Isopropyl  Methacrylate,O=C(OC(C)C)\C(=C)C,4655-34-9,6.43,0.8878,0.4670385423067344,low-fidelity RED
Isopropyl Isobutyrate ,O=C(OC(C)C)C(C)C,617-50-5,6.816,0.9833,0.35794552658190865,low-fidelity RED
Isopropyl Propanoate,O=C(OC(C)C)CC,637-78-5,6.361,0.8598,0.3657184709581945,low-fidelity RED
Isopropyl Myristate,O=C(OC(C)C)CCCCCCCCCCCCC,110-27-0,7.381,0.8305,0.9526279441628824,low-fidelity RED
sec-Butyl Propanoate,O=C(OC(C)CC)CC,591-34-4,6.086,0.9168,0.41982139059366613,low-fidelity RED
sec-Butyl Butanoate,O=C(OC(C)CC)CCC,819-97-6,6.577,0.989,0.5437140792732881,low-fidelity RED
1-Methylbutyl Acetate,O=C(OC(C)CCC)C,626-38-0,6.67,0.9137,0.51234753829798,low-fidelity RED
1-Methylbutyl Propanoate,O=C(OC(C)CCC)CC,54004-43-2,6.161,0.9537,0.4886205071423009,low-fidelity RED
Ethyl 4-Acetoxyoctanoate,O=C(OC(CCC(=O)OCC)CCCC)C,121312-01-4,7.914,1.154,0.7176350047203655,low-fidelity RED
Tetrahydromyrcenyl Acetate,O=C(OC(CCCC(CC)C)(C)C)C,68480-08-0,7.179,1.16,0.860595723902925,low-fidelity RED
1-Propoxy-2-Propanyl Acetate,O=C(OC(COCCC)C)C,22326,7.156,1.007,0.6174544517614231,low-fidelity RED
Methyl Trans-2-Octenoate,O=C(OC)/C=C/CCCCC,7367-81-9,6.616,1.008,0.8663861725581724,low-fidelity RED
Methyl Isobutylate,O=C(OC)C(C)C,547-63-7,6.655,0.9171,0.5249999999999996,low-fidelity RED
Methyl Propionate,O=C(OC)CC,554-12-1,5.845,0.7389,0.9384162189561729,high-fidelity RED
Methyl Petroselinate,O=C(OC)CCCC/C=C\CCCCCCCCCCC,2777-58-4,7.19,0.777,0.9949874371066194,low-fidelity RED
Methyl Palmitoleate,O=C(OC)CCCCCCC\C=C/CCCCCC,1120-25-8,7.19,0.777,0.9394147114027968,low-fidelity RED
"Nonanedioic Acid, Dimethyl Ester",O=C(OC)CCCCCCCC(OC)=O,1732-10-1,7.261,0.7508,0.7893826701923472,low-fidelity RED
Methyl 10-Undecenoate,O=C(OC)CCCCCCCCC=C,111-81-9,7.249,0.9338,0.8066132902450842,low-fidelity RED
Methyl Heptadecanoate,O=C(OC)CCCCCCCCCCCCCCCC,1731-92-6,7.114,0.7566,0.9545941546018388,low-fidelity RED
Trans-2-Hexenyl Acetate,O=C(OC/C=C/CCC)C,2497-18-9,6.825,1.004,0.8097067370350813,low-fidelity RED
Trans-2-Hexenyl Propionate,O=C(OC/C=C/CCC)CC,53398-80-4,6.09,1.074,0.7652613932506983,low-fidelity RED
2-Hepten-1-Yl Isovalerate,O=C(OC/C=C/CCCC)CC(C)C,253596-70-2,6.773,1.22,0.84038681569858,low-fidelity RED
Vinyl Acetate,O=C(OC=C)C,108-05-4,6.418,0.844,0.9676001240181812,high-fidelity RED
Vinyl-2-Ethyl Hexanoate,O=C(OC=C)C(CC)CCCC,94-04-2,7.528,1.094,0.5999999999999995,high-fidelity RED
Vinyl Butyrate,O=C(OC=C)CCC,123-20-6,6.465,0.9111,0.628987281270456,high-fidelity RED
Vinyl Decanoate,O=C(OC=C)CCCCCCCCC,4704-31-8,7.005,0.886,0.7877975628294369,low-fidelity RED
Spicy Carbonate,O=C(OC1CCCCC1C(C)(C)C)OCC,67801-64-3,7.201,1.129,0.7956915231419772,low-fidelity RED
2-Methylcyclohexylacetate,O=C(OC1CCCCC1C)C,5726-19-2,6.629,1.124,0.9100137361600644,low-fidelity RED
Isobutyl Angelate,O=C(OCC(C)C)\C(=C/C)C,7779-81-9,7.332,1.02,0.7040063920164364,low-fidelity RED
Isobutyl-3-(Methyl Thio) Butyrate,O=C(OCC(C)C)CC(C)SC,127931-21-9,7.355,0.9638,0.9058835465996723,low-fidelity RED
Isobutyl Butanoate,O=C(OCC(C)C)CCC,539-90-2,7.498,0.9799,0.4716990566028297,low-fidelity RED
Isobutyl Pentanoate,O=C(OCC(C)C)CCCC,10588-10-0,7.839,0.975,0.5361902647381798,low-fidelity RED
2-Methylbutyl Acetate,O=C(OCC(C)CC)C,624-41-9,7.448,0.8769,0.5178078794301995,low-fidelity RED
2-Methylbutyl Propanoate,O=C(OCC(C)CC)CC,2438-20-2,6.56,0.9631,0.49307707308289983,low-fidelity RED
2-Methylbutyl Butanoate,O=C(OCC(C)CC)CCC,51115-64-1,7.507,1.026,0.5857687256929985,low-fidelity RED
2-Ethyl Hexyl Acetate,O=C(OCC(CC)CCCC)C,103-09-3,7.781,0.7668,0.6108395861435308,high-fidelity RED
Bis (2-Ethylhexyl)Phthalate,O=C(OCC(CC)CCCC)C1=CC=CC=C1C(OCC(CC)CCCC)=O,117-81-7,8.387,1.097,0.9154916711800275,low-fidelity RED
2-Ethylhexyl_Methacrylate,O=C(OCC(CCCC)CC)\C(=C)C,688-84-6,7.323,1.008,0.7673004626611402,low-fidelity RED
2-Ethylhexyl=Butylate,O=C(OCC(CCCC)CC)CCC,25415-84-3,7.985,0.9888,0.7673004626611402,low-fidelity RED
2-Ethylhexylthioglycolate,O=C(OCC(CCCC)CC)CS,7659-86-1,7.506,0.8825,0.9902651160169172,low-fidelity RED
"2,2,3,3-Tetrafluoropropyl Trifluoroacetate ",O=C(OCC(F)(C(F)F)F)C(F)(F)F,f4047,5.564,0.9369,0.24238399287081666,low-fidelity RED
Tricaproin,O=C(OCC(OC(=O)CCCCC)COC(=O)CCCCC)CCCCC,621-70-5,8.512,1.033,0.8789197915623469,low-fidelity RED
Tricaprylin,O=C(OCC(OC(=O)CCCCCCC)COC(=O)CCCCCCC)CCCCCCC,538-23-8,8.454,1.036,0.9062284480195919,low-fidelity RED
"2-Butenoic Acid, Ethyl Este, (E)-",O=C(OCC)/C=C/C,623-70-1,6.917,1.037,0.8905756565278429,low-fidelity RED
Ethyl Trans-2-Decenoate,O=C(OCC)/C=C/CCCCCCC,7367-88-6,7.194,1.114,0.8081614937622307,low-fidelity RED
Diethyl Diethylmalonate,O=C(OCC)C(CC)(CC)C(OCC)=O,77-25-8,6.497,0.8368,0.6269968101992223,low-fidelity RED
Ethyl Chlorofluoroacetate,O=C(OCC)C(Cl)F,401-56-9,5.751,0.8881,0.9045026257562769,low-fidelity RED
Ethyl 5H-Octafluoropentanoate,O=C(OCC)C(F)(C(C(C(F)F)(F)F)(F)F)F,2795-50-8,5.716,0.9918,0.143614066163451,low-fidelity RED
Ethyl-3-Methylpentanoate,O=C(OCC)CC(CC)C,5870-68-8,6.941,0.9438,0.49307707308289983,low-fidelity RED
Diethyl Glutarate,O=C(OCC)CCCC(OCC)=O,818-38-2,7.357,0.8213,0.8692669325356849,low-fidelity RED
"Hexanedioic Acid, Diethyl Ester",O=C(OCC)CCCCC(OCC)=O,141-28-6,7.521,0.82,0.7636262174650625,low-fidelity RED
"Octanoic Acid, Ethyl Ester",O=C(OCC)CCCCCCC,106-32-1,7.427,0.8468,0.577711000414567,low-fidelity RED
Ethyl Nonanoate,O=C(OCC)CCCCCCCC,123-29-5,7.427,0.8468,0.6547900426854396,low-fidelity RED
"Decanedioic Acid, Diethyl Ester",O=C(OCC)CCCCCCCCC(OCC)=O,110-40-7,7.465,0.8499,0.6093028803476966,low-fidelity RED
"10-Undecenoic Acid, Ethyl Ester",O=C(OCC)CCCCCCCCC=C,692-86-4,7.452,1.033,0.8127884103504427,low-fidelity RED
"Dodecanoic Acid, Ethyl Ester",O=C(OCC)CCCCCCCCCCC,106-33-2,7.427,0.8468,0.7786205751198715,low-fidelity RED
Ethylhexadecanoate,O=C(OCC)CCCCCCCCCCCCCCC,628-97-7,7.427,0.8468,0.8835298523536145,low-fidelity RED
Ethyl 9-Octadecanoate,O=C(OCC)CCCCCCCCCCCCCCCCC,111-61-5,7.427,0.8468,0.9965565713997372,low-fidelity RED
Ethyl 2-Ethoxyacetate,O=C(OCC)COCC,817-95-8,6.252,0.9277,0.8154753215150043,low-fidelity RED
Diethyl Carbonate,O=C(OCC)OCC,105-58-8,6.908,0.7401,0.6427480066091219,high-fidelity RED
Cis-3-Hexenyl Butyrate,O=C(OCC\C=C/CC)CCC,16491-36-4,7.044,1.085,0.7802243267163618,low-fidelity RED
"2-Propenoic Acid, 2-Propenyl Ester",O=C(OCC=C)C=C,999-55-3,6.607,0.9382,0.7623975340988446,low-fidelity RED
"Neodecanoic Acid, 2,3-Epoxypropyl Ester",O=C(OCC1OC1)C(CCCCCC)(C)C,26761-45-5,6.759,1.157,0.7652613932506983,low-fidelity RED
Furfuryl Octanoate,O=C(OCc1occc1)CCCCCCC,39252-03-4,8.648,1.111,0.9532837982468803,low-fidelity RED
Isopentyl Pentanoate,O=C(OCCC(C)C)CCCC,9/1/50 0:00,7.515,0.9807,0.6164414002968976,low-fidelity RED
Dipropyl Maleate,O=C(OCCC)\C=C/C(=O)OCCC,2432-63-5,6.775,1.049,0.9516433155337143,low-fidelity RED
Propyl Methacrylate,O=C(OCCC)C(C)=C,2210-28-8,6.447,1.031,0.838525491562421,high-fidelity RED
Propyl Isobutyrate ,O=C(OCCC)C(C)C,644-49-5,7.016,1.018,0.4153311931459033,low-fidelity RED
Propyl Pentanoate,O=C(OCCC)CCCC,141-06-0,7.447,0.9507,0.5640257086339238,low-fidelity RED
Butyl Nonanoate,O=C(OCCCC)CCCCCCCC,50623-57-9,7.662,0.9379,0.8396427811873335,low-fidelity RED
Dibutyl Sebacate,O=C(OCCCC)CCCCCCCCC(OCCCC)=O,109-43-3,7.579,0.9398,0.9775607398008569,high-fidelity RED
Butyl Stearate,O=C(OCCCC)CCCCCCCCCCCCCCCCC,123-95-5,7.662,0.9379,0.43084219849035227,high-fidelity RED
Butyl Carbonate,O=C(OCCCC)OCCCC,542-52-9,7.154,0.8526,0.57282196186948,low-fidelity RED
n-Amyl Acetate,O=C(OCCCCC)C,628-63-7,7.253,0.6874,0.6229967897188555,high-fidelity RED
Dipentyl Oxalate,O=C(OCCCCC)C(=O)OCCCCC,20602-86-2,7.022,0.9079,0.824999999999999,low-fidelity RED
Hexyl 2-Methyl-3-Pentenoate,O=C(OCCCCCC)C(C)\C=C\C,85508-08-3,7.516,1.08,0.9058835465996711,low-fidelity RED
Hexyl Propanoate,O=C(OCCCCCC)CC,2445-76-3,6.316,0.8877,0.5645794895318106,low-fidelity RED
Hexyl Isovalerate,O=C(OCCCCCC)CC(C)C,10032-13-0,6.81,1.013,0.6566962768281849,low-fidelity RED
Dihexyl Adipate,O=C(OCCCCCC)CCCCC(OCCCCCC)=O,110-33-8,7.62,0.9126,0.7636262174650625,low-fidelity RED
"Cyclohexane-1,2-Dicarboxylic Acid Di-Isononyl Ether",O=C(OCCCCCCC(C)C)C1CCCCC1C(OCCCCCCC(C)C)=O,,7.391,1.163,0.9568829604502309,high-fidelity RED
Diisononyl Adipate,O=C(OCCCCCCC(C)C)CCCCC(=O)OCCCCCCC(C)C,90411-51-1,7.81,1.073,0.8958236433584459,low-fidelity RED
Heptyl Butanoate,O=C(OCCCCCCC)CCC,5870-93-9,7.403,0.9313,0.6878408246098799,low-fidelity RED
Diisodecyl Adipate,O=C(OCCCCCCCC(C)C)CCCCC(=O)OCCCCCCCC(C)C,142-53-0,7.81,1.073,0.9273618495495703,low-fidelity RED
n-Octyl Methacrylate,O=C(OCCCCCCCC)\C(=C)C,1/9/57 0:00,6.748,1.018,0.8177713616898066,low-fidelity RED
"Acrylic Acid, Octyl Ester",O=C(OCCCCCCCC)\C=C,2499-59-4,6.927,0.9503,0.7582875444051553,low-fidelity RED
Dioctyl Adipate,O=C(OCCCCCCCC)CCCCC(=O)OCCCCCCCC,68515-75-3,7.62,0.9126,0.8999999999999995,low-fidelity RED
Dioctyl Decanedioate,O=C(OCCCCCCCC)CCCCCCCCC(=O)OCCCCCCCC,2432-87-3,7.62,0.9126,0.9604686356149276,low-fidelity RED
Decyl Butanoate,O=C(OCCCCCCCCCC)CCC,9/1/54 0:00,7.403,0.9313,0.8253787009609587,low-fidelity RED
Undecyl Butanoate,O=C(OCCCCCCCCCCC)CCC,2/9/61 0:00,7.403,0.9313,0.8370334521391601,low-fidelity RED
Tridecenyl Propionate,O=C(OCCCCCCCCCCCCC)\C=C,4/8/76 0:00,6.927,0.9503,0.9476945710512436,low-fidelity RED
Tetradecyl Acetate,O=C(OCCCCCCCCCCCCCC)C,638-59-5,7.192,0.6925,0.8620469824783331,low-fidelity RED
Tetradecyl Propanoate,O=C(OCCCCCCCCCCCCCC)CC,6221-95-0,6.316,0.8877,0.9006941767325909,low-fidelity RED
Tetradecyl Butanoate,O=C(OCCCCCCCCCCCCCC)CCC,6221-98-3,7.403,0.9313,0.9545941546018388,low-fidelity RED
Hexamethylene Diacrylate,O=C(OCCCCCCOC(=O)\C=C)\C=C,13048-33-4,7.058,1.003,0.757050196486336,low-fidelity RED
2(Dimethylamino)Ethyl Methacrylate,O=C(OCCN(C)C)\C(=C)C,2867-47-2,6.166,1.117,0.6149186938124418,low-fidelity RED
2(Dimethylamino)Ethyl Acrylate,O=C(OCCN(C)C)\C=C,2439-35-2,6.344,1.052,0.6254998001598399,low-fidelity RED
2-Diethylaminoethyl_Methacrylate,O=C(OCCN(CC)CC)\C(=C)C,105-16-8,5.723,1.119,0.5505678886386309,low-fidelity RED
"Methacrylic Acid,  2-Methoxyethyl Ester",O=C(OCCOC)\C(=C)C,6976-93-8,5.438,0.9924,0.8019507466172714,low-fidelity RED
2-Methoxyethyl Acrylate,O=C(OCCOC)\C=C,3121-61-7,5.613,0.9097,0.9852030247619016,low-fidelity RED
Diethylene Glycoldimethacrylate,O=C(OCCOCCOC(=O)\C(=C)C)\C(=C)C,2358-84-1,6.87,1.018,0.8173891362135897,low-fidelity RED
Allyl Diglycol Carbonate,O=C(OCCOCCOC(=O)OC\C=C)OC\C=C,142-22-3,7.085,1.006,0.894776508408664,low-fidelity RED
Adipic Acid Bis(2-(2-Butoxyethoxy)Ethyl) Ester,O=C(OCCOCCOCCCC)CCCCC(=O)OCCOCCOCCCC,141-17-3,7.771,0.9302,0.6543126164151204,low-fidelity RED
"2,2'-Ethylenedioxydiethyl Bis(2-Ethylbutyrate)",O=C(OCCOCCOCCOC(=O)C(CC)CC)C(CC)CC,95-08-9,7.258,1.019,0.65479004268544,low-fidelity RED
Bis(Ethylhexanoate) Triethylene Glycol,O=C(OCCOCCOCCOC(=O)C(CC)CCCC)C(CC)CCCC,94-28-0,7.196,1.129,0.7123903424387508,low-fidelity RED
Tert-Butyl=2-Ethylperoxyhexate,O=C(OOC(C)(C)C)C(CCCC)CC,3006-82-4,7.354,1.052,0.5338539126015653,low-fidelity RED
Trans-2-Octenal,O=C/C=C/CCCCC,2548-87-0,5.806,1.001,0.9620940702446925,low-fidelity RED
Trans-2-Decenal,O=C/C=C/CCCCCCC,3913-81-3,5.752,0.9871,0.9407443861113386,low-fidelity RED
Trans-2-Undecenal.,O=C/C=C/CCCCCCCC,53448-07-0,5.752,0.9871,0.8721381771256195,low-fidelity RED
2-Butyl-2-Butenal,O=C\C(=C/C)CCCC,25409-08-9,6.566,0.9259,0.8724964183307564,low-fidelity RED
Carbon Dioxide (Fit = 1.0),O=C=O,124-38-9,5.233,0.7869,0.6950719387228917,high-fidelity RED
Menthone Lactone,O=C1OC(C(C)C)CCC(C1)C,499-54-7,7.184,1.191,0.9086390922693124,low-fidelity RED
"2,2-Dimethylbutanal",O=CC(C)(C)CC,2094-75-9,5.883,0.991,0.604669331122391,low-fidelity RED
"2,3-Dimethylbutanal",O=CC(C)C(C)C,2109-98-0,5.887,0.9582,0.6046693311223911,low-fidelity RED
2-Methylhexanal,O=CC(C)CCCC,925-54-2,6.069,0.9619,0.6637959023675876,low-fidelity RED
Neocyclocitral,O=CC1C\C(=C/C(C)C1C)C,67634-07-5,6.367,1.139,0.9598176910226236,low-fidelity RED
"3,3-Dimethylbutanal",O=CCC(C)(C)C,2987-16-8,5.64,0.7715,0.5528336096873993,low-fidelity RED
3-Methylpentanal,O=CCC(C)CC,15877-57-3,5.957,0.8584,0.7026734661277594,low-fidelity RED
Cis-4-Decenal,O=CCC\C=C/CCCCC,21662-09-9,6.052,0.941,0.9137833441248528,low-fidelity RED
4-Methylpentanal,O=CCCC(C)C,1119-16-0,5.791,0.9515,0.7249999999999998,low-fidelity RED
Octadecanal,O=CCCCCCCCCCCCCCCCCC,638-66-4,5.99,0.8705,0.918558653543692,low-fidelity RED
Eicosanal,O=CCCCCCCCCCCCCCCCCCCC,2400-66-0,5.99,0.8705,0.9199184746487047,low-fidelity RED
Tert-Butyl Formate,O=COC(C)(C)C,762-75-4,5.878,0.9092,0.34369317712168806,low-fidelity RED
"1,1-Dimethylpropyl Formate",O=COC(C)(C)CC,757-88-0,6.021,1.006,0.2704163456597987,low-fidelity RED
Isopropyl Formate,O=COC(C)C,625-55-8,5.957,0.8993,0.873212459828649,low-fidelity RED
sec-Butyl Formate,O=COC(C)CC,589-40-2,5.771,0.9444,0.6072478900745557,low-fidelity RED
3-Octyl Formate,O=COC(CCCCC)CC,84434-65-1,6.53,1.031,0.5024937810560445,low-fidelity RED
"2,2-Dimethylpropyl Formate",O=COCC(C)(C)C,23361-67-3,6.622,0.9442,0.24622144504490237,low-fidelity RED
Isobutyl Formate,O=COCC(C)C,542-55-2,6.423,0.9216,0.778219120813669,high-fidelity RED
2-Methylbutyl Formate,O=COCC(C)CC,35073-27-9,6.392,0.9251,0.5123475382979795,low-fidelity RED
Hexyl Formate,O=COCCCCCC,629-33-4,6.115,0.8977,0.6538348415311009,low-fidelity RED
Nonyl Formate,O=COCCCCCCCCC,5451-92-3,6.115,0.8977,0.6041522986797283,low-fidelity RED
Decyl Formate,O=COCCCCCCCCCC,5451-52-5,6.115,0.8977,0.6174544517614231,low-fidelity RED
Undecyl Formate,O=COCCCCCCCCCCC,5454-24-0,6.115,0.8977,0.585768725692999,low-fidelity RED
Tetradecyl Formate,O=COCCCCCCCCCCCCCC,5451-63-8,6.115,0.8977,0.6955213871621776,low-fidelity RED
Octadecyl Formate,O=COCCCCCCCCCCCCCCCCCC,5451-75-2,6.115,0.8977,0.8295330011518528,low-fidelity RED
Tert-Butyl Nitrite,O=NOC(C)(C)C,540-80-7,5.831,0.885,0.8746427842267951,low-fidelity RED
Amyl Nitrite,O=NOCCCCC,463-04-7,6.166,0.9753,0.9633924433998848,low-fidelity RED
"Phosphoric Acid, Tris(2-Ethylhexyl) Ester",O=P(OCC(CC)CCCC)(OCC(CCCC)CC)OCC(CCCC)CC,78-42-2,6.261,1.076,0.7449832212875673,low-fidelity RED
Dipentyl Sulfite,O=S(OCCCCC)OCCCCC,2051-05-0,6.959,1.007,0.9552486587271403,low-fidelity RED
Herbal Dioxane,O1CC(C)(C)C(OC1)C(C)C,3583-00-4,5.801,1.169,0.7284401142166732,low-fidelity RED
"3,4-Dimethyltetrahydrofuran",O1CC(C)C(C)C1,32970-37-9,5.617,0.8808,0.6451743950281967,low-fidelity RED
"2,4,4-Trimethyl-3-Hexanol",OC(C(C)C)C(C)(C)CC,66793-92-8,6.477,1.017,0.6490377492873585,low-fidelity RED
"2,5,5-Trimethyl-3-Hexanol",OC(C(C)C)CC(C)(C)C,66793-72-4,6.714,0.8769,0.6982120021884471,low-fidelity RED
"2,6-Dimethyl-3-Heptanol",OC(C(C)C)CCC(C)C,19549-73-6,6.634,0.9381,0.6873863542433757,low-fidelity RED
"2,7-Dimethyl-3-Octanol",OC(C(C)C)CCCC(C)C,66719-55-9,6.637,0.8708,0.6329494450586076,low-fidelity RED
"3,5-Dimethyl-4-Heptanol",OC(C(C)CC)C(C)CC,19549-79-2,6.66,0.8838,0.7369701486491833,low-fidelity RED
"2,3,5-Trimethyl-3-Hexanol",OC(C)(C(C)C)CC(C)C,65927-60-8,6.581,0.9561,0.671286079104877,low-fidelity RED
"2,3-Dimethyl-3-Heptanol",OC(C)(C(C)C)CCCC,19549-71-4,6.709,0.9163,0.8143248737451163,low-fidelity RED
"2,3-Dimethyl-3-Octanol",OC(C)(C(C)C)CCCCC,19781-10-3,6.89,0.9714,0.8131727983645294,low-fidelity RED
"2,3,4-Trimethyl-2-Hexanol",OC(C)(C)C(C)C(C)CC,21102-13-6,6.746,0.9171,0.6427480066091215,low-fidelity RED
"2,3-Dimethyl-2-Hexanol",OC(C)(C)C(C)CCC,19550-03-9,6.11,0.8789,0.75,low-fidelity RED
2-Methyl-3-Ethyl-2-Pentanol,OC(C)(C)C(CC)CC,19780-63-3,6.4,0.8749,0.6950719387228917,low-fidelity RED
2-Methyl-3-Ethyl-2-Hexanol,OC(C)(C)C(CC)CCC,66794-02-3,6.177,1.048,0.6309714732061975,low-fidelity RED
"2,3-Dimethyl-2-Heptanol",OC(C)(C)C(CCCC)C,1331-39-1,6.624,0.9296,0.8015609770940698,low-fidelity RED
"2,4-Dimethyl-2-Heptanol",OC(C)(C)CC(C)CCC,65822-93-7,6.146,0.9642,0.7071067811865475,low-fidelity RED
"2,5-Dimethyl-2-Heptanol",OC(C)(C)CCC(CC)C,E14177,6.345,0.9897,0.6446898479113813,low-fidelity RED
"2,6-Dimethyl-2-Heptanol",OC(C)(C)CCCC(C)C,13254-34-7,6.569,0.882,0.6128825336065626,low-fidelity RED
"2,6-Dimethyt-2-Octanol",OC(C)(C)CCCC(C)CC,18479-57-7,6.873,1.003,0.6020797289396147,low-fidelity RED
"3,4,4-Trimethyl-3-Hexanol",OC(C)(CC)C(C)(C)CC,66793-74-6,6.187,0.8737,0.6694213919497939,low-fidelity RED
3-Methyl-4-Ethyl-3-Hexanol,OC(C)(CC)C(CC)CC,66794-05-6,6.607,1.01,0.7640353394968061,low-fidelity RED
"3,5-Dimethyl-3-Heptanol",OC(C)(CC)CC(C)CC,19549-74-7,6.649,0.9491,0.8077747210701753,low-fidelity RED
"3,6-Dimethyl-3-Heptanol",OC(C)(CC)CCC(C)C,1573-28-0,6.427,0.8551,0.7766112283504532,low-fidelity RED
"2,4-Dimethyl-4-Heptanol",OC(C)(CCC)CC(C)C,19549-77-0,6.042,0.9678,0.7713624310270755,low-fidelity RED
"4,7-Dimethyl-4-Octanol",OC(C)(CCC)CCC(C)C,19781-13-6,6.054,0.8582,0.8127884103504427,low-fidelity RED
"2,4-Dimethyl-4-Octanol",OC(C)(CCCC)CC(C)C,33933-79-8,6.37,0.9315,0.8459462157844313,low-fidelity RED
"3,7-Dimethyl-2-Octanol",OC(C)C(C)CCCC(C)C,15340-96-2,6.683,1.005,0.775403120963541,low-fidelity RED
"4,6-Dimethyl-2-Heptanol",OC(C)CC(C)CC(C)C,51079-52-8,6.783,0.8044,0.8958236433584459,low-fidelity RED
"5,5-Dimethyl-2-Hexanol",OC(C)CCC(C)(C)C,31841-77-7,6.937,0.8858,0.4782781617427245,low-fidelity RED
"2,5-Dimethyl-4-Octanol",OC(CC(C)C)C(C)CCC,66719-53-7,6.215,0.9934,0.7262919523166971,low-fidelity RED
"2,6-Dimethyl-4-Octanol",OC(CC(C)C)CC(C)CC,66719-54-8,6.45,0.8922,0.6955213871621773,low-fidelity RED
"2,7-Dimethyl-4-Octanol",OC(CC(C)C)CCC(C)C,19781-11-4,6.065,1.011,0.6726812023536851,low-fidelity RED
3-Ethyl-3-Octanol,OC(CC)(CC)CCCCC,2051-32-3,6.445,0.9678,0.8735702604828077,low-fidelity RED
2-Methyl-3-Ethyl-3-Hexanol,OC(CC)(CCC)C(C)C,66794-03-4,6.545,1.016,0.7318640584152222,low-fidelity RED
"2,2-Dimethyl-3-Pentanol",OC(CC)C(C)(C)C,3970-62-5,6.552,0.8028,0.27950849718747317,low-fidelity RED
"4,4-Dimethyl-3-Hexanol",OC(CC)C(C)(C)CC,19550-09-5,6.683,0.9577,0.8265137627408269,low-fidelity RED
6-Methyl-3-Heptanol,OC(CC)CCC(C)C,18720-66-6,5.727,0.978,0.9450529085717898,low-fidelity RED
6-Methyl-3-Octanol,OC(CC)CCC(C)CC,40225-75-0,5.691,1.022,0.7877975628294365,low-fidelity RED
Undecan-3-ol,OC(CC)CCCCCCCC,8/4/29 0:00,6.498,1.001,0.8050621094052307,low-fidelity RED
Dodecan-3-ol,OC(CC)CCCCCCCCC,10203-30-2,6.498,1.001,0.7591113225344485,low-fidelity RED
((Butoxy Methyl Ethoxy)Methyl Ethoxy)Propan-1-ol,OC(CC)OC(C)COC(C)COCCCC,55934-93-5,7.055,1.21,0.8514693182963199,low-fidelity RED
5-Methyl-4-Octanol,OC(CCC)C(C)CCC,59734-23-5,6.43,0.9326,0.8692669325356853,low-fidelity RED
Undecan-4-ol,OC(CCC)CCCCCCC,6/4/72 0:00,6.677,0.9566,0.7909646009778185,low-fidelity RED
2-Methyl-4-Octanol,OC(CCCC)CC(C)C,40575-41-5,6.626,1.055,0.889170962188937,low-fidelity RED
2-Eicosanol,OC(CCCCCCCCCCCCCCCCCC)C,4340-76-5,7.003,0.9055,0.8284020762890443,low-fidelity RED
1-Ethoxy Ethoxy-2-Propanol,OC(COCC)COCC,4043-59-8,6.674,0.9479,0.634428877022476,high-fidelity RED
"2-Propanol, 1,3-Bis(3-Methylbutoxy)-",OC(COCCC(C)C)COCCC(C)C,626-78-8,6.954,1.035,0.5640257086339233,low-fidelity RED
"2,3,4-Trimethyl-1-Pentanol",OCC(C)C(C)C(C)C,6570-88-3,6.827,0.7568,0.9300537618869131,low-fidelity RED
3-Methyl-2-Ethyl-1-Hexanol,OCC(CC)C(C)CCC,66794-04-5,6.573,0.8961,0.9643650760992953,low-fidelity RED
4-Methyl-2-Propyl-1-Pentanol,OCC(CCC)CC(C)C,54004-41-0,6.415,0.9161,0.8972179222463176,low-fidelity RED
"(E)-3,7,11,15-Tetramethylhexadec-2-En-1-ol",OCC=C(C)CCCC(C)CCCC(C)CCCC(C)C,102608-53 -7,6.996,0.9922,0.7905694150420951,low-fidelity RED
"3,5,5-Trimethyl-1-Hexanol",OCCC(C)CC(C)(C)C,3452-97-9,7.349,0.9467,0.857685839920422,low-fidelity RED
2-Methyl-2-Ethyl-1-Pentanol,OCCCC(CC)(C)C,5970-63-8,7.712,0.8578,0.9394147114027966,low-fidelity RED
"5,5-Dimethyl-1-Hexanol",OCCCCC(C)(C)C,E14148,7.757,0.8213,0.9086390922693124,low-fidelity RED
7-Methyl-1-Octanol,OCCCCCCC(C)C,2430-22-0,7.65,0.8631,0.9965565713997374,low-fidelity RED
Isodecanol,OCCCCCCCC(C)C,68526-85-2,7.65,0.8631,0.89895772981826,low-fidelity RED
Isotridecanol,OCCCCCCCCCCC(C)C,68526-86-3,7.65,0.8631,0.7433034373659251,low-fidelity RED
1-Nonadecanol,OCCCCCCCCCCCCCCCCCCC,1454-84-8,7.453,0.6459,0.877496438739212,low-fidelity RED
"2,2-Dimethyl-3-Thiapentane",S(CC)C(C)(C)C,14290-92-7,5.188,0.7757,0.9775607398008577,low-fidelity RED
5-Methyl-3-Thiahexane,S(CC)CC(C)C,1613-45-2,5.398,1.006,0.9659839543180824,low-fidelity RED
2-Pentanethiol,SC(C)CCC,2084-19-7,5.304,0.9188,0.7254309064273448,low-fidelity RED
2-Hexanethiol,SC(C)CCCC,1679-06-7,5.646,0.8946,0.7972609359550987,low-fidelity RED
2-Methyl-1-Butanethiol,SCC(C)CC,1878-18-8,5.568,0.8769,0.7075485849042457,low-fidelity RED
Hexyl Mercaptan,SCCCCCC,111-31-9,5.517,0.739,0.8143248737451155,low-fidelity RED
2-Undecanethiol,SCCCCCCCCCCC,62155-02-6,5.517,0.739,0.9766012492312303,low-fidelity RED
