Name,solvent_SMILES,CAS,G-score prediction,G-score prediction uncertainty,Relative Energy Difference (RED),Source
Pyridine,C1=CN=CC=C1,110-86-1,4.933,0.767,0,high-fidelity RED
Phenyl Isocyanide,[C-]#[N+]C1=CC=CC=C1,931-54-4,5.369,0.8563,0.7228416147400478,low-fidelity RED
Methyl Iodide,[H]C([H])([H])I,74-88-4,5.063,0.6266,0.812788410350443,high-fidelity RED
Isophthalaldehyde,[H]C(C1=CC(C([H])=O)=CC=C1)=O,626-19-7,6.457,0.9834,0.5836308764964374,low-fidelity RED
Phthalaldehyde,[H]C(C1=CC=CC=C1C([H])=O)=O,643-79-8,6.729,0.8755,0.5706356105256666,low-fidelity RED
2-Methylpyrrole,[NH]1C(=CC=C1)C,636-41-9,5.936,0.9658,0.8336666000266534,low-fidelity RED
"1H-Indole, 2-Methyl-",[NH]2C1=C(C=CC=C1)C=C2C,95-20-5,6.188,1.082,0.7524958471646209,low-fidelity RED
Pendimethalin,[O-][N+](=O)c1c(c(cc([N+]([O-])=O)c1NC(CC)CC)C)C,40487-42-1,5.857,1.337,0.4366062299143248,low-fidelity RED
Dimethylphosphoric Acid 3-Methyl-4-Nitrophenyl,[O-][N+](=O)c1c(cc(OP(=O)(OC)OC)cc1)C,2255-17-6,5.731,1.359,0.9490126448051153,low-fidelity RED
Nitralin,[O-][N+](=O)c1cc(cc([N+]([O-])=O)c1N(CCC)CCC)S(=O)(=O)C,4726-14-1,5.452,1.269,0.7348469228349531,low-fidelity RED
Butralin,[O-][N+](=O)c1cc(cc([N+]([O-])=O)c1NC(CC)C)C(C)(C)C,33629-47-9,5.535,1.312,0.9624188277460081,low-fidelity RED
Dinoseb Methyl Ether,[O-][N+](=O)c1cc(cc(c1OC)C(C)CC)[N+]([O-])=O,6099-79-2,6.463,1.272,0.5528336096873998,low-fidelity RED
"2[(2,4-Dinitrophenyl)Methyl]Pyridine",[O-][N+](=O)c1ccc(c([N+]([O-])=O)c1)Cc2ncccc2,1151-97-9,7.074,1.506,0.8066132902450847,low-fidelity RED
"1,1'-Biphenyl, 2,2'-Dinitro-",[O-][N+](=O)c1ccccc1c2ccccc2[N+]([O-])=O,2436-96-6,5.79,0.9517,0.8050621094052308,low-fidelity RED
Metronidazole Benzoate,[O-][N+](=O)c1cnc(n1CCOC(=O)c2ccccc2)C,13182-89-3,6.487,1.386,0.4100304866714183,low-fidelity RED
3-Methylacetanilide,[O-][N+](=O)c2cc(SSc1cc(ccc1)[N+]([O-])=O)ccc2,537-92-8,5.774,1.112,0.8477912478906585,low-fidelity RED
1-Nitronaphthalene,[O-][N+](=O)c2cccc1ccccc12,86-57-7,6.581,1.115,0.7097534783289199,low-fidelity RED
4-Chloro-3-Nitrotoluene,[O-][N+](C(C=C(C)C=C1)=C1Cl)=O,89-60-1,5.006,1.149,0.3535533905932735,low-fidelity RED
"3,4-Dinitrotoluene",[O-][N+](C(C=CC(C)=C1)=C1[N+]([O-])=O)=O,610-39-9,5.721,0.9419,0.395284707521048,low-fidelity RED
o-Nitrotoluene,[O-][N+](C(C=CC=C1)=C1C)=O,88-72-2,5.59,1.072,0.3913118960624634,low-fidelity RED
o-Chloronitrobenzene,[O-][N+](C(C=CC=C1)=C1Cl)=O,88-73-3,5.19,1.029,0.43588989435406783,low-fidelity RED
6-Chloro-2-Nitrotoluene,[O-][N+](C(C=CC=C1Cl)=C1C)=O,83-42-1,5.131,1.095,0.8591420138719794,high-fidelity RED
"3-Nitro-1,2-Dimethylbenzene",[O-][N+](C1=C(C)C(C)=CC=C1)=O,83-41-0,5.806,1.199,0.5099019513592785,low-fidelity RED
"2-Nitro-1,3-Dimethylbenzene",[O-][N+](C1=C(C)C=CC=C1C)=O,81-20-9,5.405,1.004,0.5099019513592785,low-fidelity RED
2-Nitrobiphenyl,[O-][N+](C1=C(C2=CC=CC=C2)C=CC=C1)=O,86-00-0,5.473,1.016,0.8778524933039719,low-fidelity RED
"3,5-Dinitrotoluene",[O-][N+](C1=CC([N+]([O-])=O)=CC(C)=C1)=O,618-85-9,5.732,1.032,0.395284707521048,low-fidelity RED
"2,5-Dibromonitrobenzene",[O-][N+](C1=CC(Br)=CC=C1Br)=O,3460-18-2,6.103,1.134,0.9246621004453458,low-fidelity RED
"4-Nitro-1,2-Dimethylbenzene",[O-][N+](C1=CC(C)=C(C)C=C1)=O,99-51-4,6.182,1.229,0.5099019513592785,low-fidelity RED
m-Nitrotoluene,[O-][N+](C1=CC(C)=CC=C1)=O,99-08-1,5.882,1.091,0.5390964663211958,low-fidelity RED
"3,4-Dichloronitrobenzene",[O-][N+](C1=CC(Cl)=C(Cl)C=C1)=O,99-54-7,5.922,1.205,0.8154753215150051,high-fidelity RED
m-Chloronitrobenzene,[O-][N+](C1=CC(Cl)=CC=C1)=O,121-73-3,5.168,1.152,0.4937104414532875,low-fidelity RED
m-Iodonitrobenzene,[O-][N+](C1=CC(I)=CC=C1)=O,645-00-1,5.723,1.06,0.6694213919497946,low-fidelity RED
m-Nitroanisole,[O-][N+](C1=CC(OC)=CC=C1)=O,555-03-3,6.057,1.188,0.20155644370746403,low-fidelity RED
p-Dinitrobenzene,[O-][N+](C1=CC=C([N+]([O-])=O)C=C1)=O,100-25-4,6.366,0.996,0.8385254915624211,low-fidelity RED
4-Nitrobiphenyl,[O-][N+](C1=CC=C(C2=CC=CC=C2)C=C1)=O,92-93-3,6.182,1.015,0.7648529270389182,low-fidelity RED
4-Nitrobenzyl Bromide,[O-][N+](C1=CC=C(CBr)C=C1)=O,100-11-8,6.567,1.191,0.36400549446402636,low-fidelity RED
4-Nitrobenzyl Chloride,[O-][N+](C1=CC=C(CCl)C=C1)=O,100-14-1,6.206,1.181,0.5338539126015652,low-fidelity RED
p-Chloronitrobenzene,[O-][N+](C1=CC=C(Cl)C=C1)=O,100-00-5,5.861,1.089,0.781424980404389,high-fidelity RED
"1-Chloro-3,4-Dinitrobenzene",[O-][N+](C1=CC=C(Cl)C=C1[N+]([O-])=O)=O,610-40-2,5.273,1.011,0.7420411039827912,low-fidelity RED
"2,4-Dichloronitrobenzene",[O-][N+](C1=CC=C(Cl)C=C1Cl)=O,611-06-3,5.309,1.067,0.8192984804086964,high-fidelity RED
1-Iodo-4-Nitrobenzene,[O-][N+](C1=CC=C(I)C=C1)=O,636-98-6,6.366,0.996,0.7664854858377945,low-fidelity RED
p-Nitroanisole,[O-][N+](C1=CC=C(OC)C=C1)=O,100-17-4,7.36,1.139,0.35,low-fidelity RED
m-Nitrostyrene,[O-][N+](C1=CC=CC(C=C)=C1)=O,586-39-0,5.821,1.211,0.7648529270389179,low-fidelity RED
o-Bromonitrobenzene,[O-][N+](C1=CC=CC=C1Br)=O,577-19-5,5.964,1.046,0.5722761571129791,low-fidelity RED
o-Iodonitrobenzene,[O-][N+](C1=CC=CC=C1I)=O,609-73-4,6.055,0.9978,0.7022285952594063,low-fidelity RED
"Benzene, 1-Bromo-2-Fluoro-",Br-c(ccc1)c(F)c1,1072-85-1,5.639,0.8833,0.8204419540710972,low-fidelity RED
"[1R-[1 Alpha(S*),3 Alpha]]Cyano(3-Phenoxyphenyl)Methyl Ester",Br/C(Br)=C/C3C(C(=O)OC(C#N)c2cccc(Oc1ccccc1)c2)C3(C)C,52918-63-5,8.11,1.441,0.6932712311931027,low-fidelity RED
"Cis-1,2-Dibromoethylene",Br/C=C Br,590-11-4,4.965,0.7526,0.8503675675847477,low-fidelity RED
"Trans-1,2-Dibromoethylene",Br\C=C Br,590-12-5,4.965,0.7526,0.8503675675847477,low-fidelity RED
"1,1,1-Tribromoethane",BrC(Br)(Br)C,2311-14-0,5.068,0.7376,0.8916277250063505,low-fidelity RED
Tralomethrin,BrC(Br)(Br)C(Br)C3C(C(=O)OC(C#N)c2cccc(Oc1ccccc1)c2)C3(C)C,66841-25-6,7.812,1.557,0.6408002808988147,low-fidelity RED
"1,1,1-Tribromopropane",BrC(Br)(Br)CC,62127-61-1,5.044,0.7816,0.8370334521391605,low-fidelity RED
Tribromoacetaldehyde,BrC(Br)(C([H])=O)Br,115-17-3,5.156,0.8345,0.9182183836103475,low-fidelity RED
"1,2,2-Tribromopropane",BrC(Br)(C)CBr,14476-30-3,5.03,0.9456,0.866386172558173,low-fidelity RED
"1,3,3-Tribromobutane",BrC(Br)(C)CCBr,62127-46-2,5.064,0.8161,0.9103570728016563,low-fidelity RED
"Oxirane, [(Dibromomethylphenoxy)Methyl]-",BrC(Br)c2ccccc2OCC1OC1,30171-80-3,6.842,1.253,0.43011626335213143,low-fidelity RED
"1,1-Dibromopropane",BrC(Br)CC,598-17-4,5.52,0.7958,0.6791538853603065,low-fidelity RED
"1,1,3-Tribromopropane",BrC(Br)CCBr,23511-78-6,5.584,1.012,0.760756202735147,low-fidelity RED
"1,1,2-Tribromopropane",BrC(C)C(Br)Br,14602-62-1,5.185,0.8715,0.6269968101992225,low-fidelity RED
"Meso-2,3-Dibromobutane",BrC(C)C(C)Br,5780-13-2,5.253,0.8113,0.991526600752597,low-fidelity RED
2-Bromo-1-Chloropropane,BrC(C)CCl,3017-95-6,4.937,0.8111,0.9762812094883319,low-fidelity RED
"1,2,4-Tribromobenzene",BrC(C=C(Br)C=C1)=C1Br,615-54-3,6.284,0.958,0.757050196486336,low-fidelity RED
o-Bromochlorobenzene,BrC(C=CC=C1)=C1Cl,694-80-4,5.472,0.8323,0.7770135133960031,high-fidelity RED
"1,2,3-Tribromo-2-Methylpropane",BrC(CBr)(C)CBr,631-28-7,4.996,1.002,0.8735702604828076,low-fidelity RED
"1,1,2-Tribromoethane",BrC(CBr)Br,78-74-0,5.272,0.8078,0.9048480535426933,low-fidelity RED
"1,1,2-Tribromobutane",BrC(CC)C(Br)Br,3675-68-1,5.496,0.8593,0.7956915231419774,low-fidelity RED
"Pyidine, 2-Bromo-",Brc(ncc1)cc1,109-04-6,6.367,0.9803,0.28722813232690086,low-fidelity RED
"Benzene, 1-Bromo-2,4-Dinitro-",BrC1=C([N+]([O-])=O)C=C([N+]([O-])=O)C=C1,584-48-5,6.635,1.172,0.9233092656309686,low-fidelity RED
"1,3,5-Tribromobenzene",BrC1=CC(Br)=CC(Br)=C1,626-39-1,5.865,0.8111,0.757050196486336,low-fidelity RED
m-Dibromobenzene,BrC1=CC(Br)=CC=C1,108-36-1,6.155,0.9562,0.8746427842267949,low-fidelity RED
p-Dibromobenzene ,BrC1=CC=C(Br)C=C1,106-37-6,5.97,0.7682,0.7167635593415733,low-fidelity RED
p-Bromotoluene,BrC1=CC=C(C)C=C1,106-38-7,5.85,0.7628,0.6892024376045115,high-fidelity RED
p-Bromochlorobenzene,BrC1=CC=C(Cl)C=C1,106-39-8,5.465,0.8791,0.8891709621889373,low-fidelity RED
Bromobenzene,BrC1=CC=CC=C1,108-86-1,5.88,0.7973,0.9450529085717901,high-fidelity RED
Hexabromocyclododecane,BrC1C(Br)CCC(Br)C(Br)CCC(Br)C(Br)CC1,25637-99-4,5.268,0.795,0.7386643351347079,low-fidelity RED
"2(Allyloxy)-1,3,5-Tribromobenzene",Brc1cc(Br)cc(Br)c1OC\C=C,3278-89-5,5.908,1.162,0.7022285952594074,low-fidelity RED
"2,4,6-Tribromophenyl(2-Methyl-2,3-Dibromopropyl)",Brc1cc(Br)cc(Br)c1OCC(Br)(C)CBr,36065-30-2,6.436,1.377,0.6937218462755805,low-fidelity RED
Bromoxynil,Brc1cc(C#N)cc(Br)c1OC(=O)CCCCCCC,1689-99-2,8.571,1.315,0.7123903424387505,low-fidelity RED
Bromopheniramine,Brc1ccc(cc1)[C@@H](c2ncccc2)CCN(C)C,132-21-8,6.216,1.378,0.9581883948368403,low-fidelity RED
3-Bromopyridine,Brc1cccnc1,626-55-1,6.109,1.061,0.28722813232690086,low-fidelity RED
"2,4,6-Tribromobiphenyl",Brc2cc(Br)cc(Br)c2c1ccccc1,59080-33-0,6.248,1.1,0.9320675941153626,low-fidelity RED
4-Bromophenyl Phenyl Ether,Brc2ccc(Oc1ccccc1)cc2,101-55-3,6.201,0.8617,0.9480242612929268,low-fidelity RED
"1,2,3-Tribromopropane",BrCC(Br)CBr,96-11-7,5.399,0.9357,0.788986691902975,low-fidelity RED
"1,3-Dibromo-2-(Bromomethyl)Propane",BrCC(CBr)CBr,62127-48-4,5.37,0.8431,0.7713624310270759,low-fidelity RED
"1,2,4-Tribromobutane",BrCC(CCBr)Br,38300-67-3,5.49,0.9613,0.7582875444051552,low-fidelity RED
"1,2-Dibromofluoroethane (F-141B2)",BrCCBr,358-79-4,5.042,0.6995,0.7846177413237608,low-fidelity RED
"1,3-Dibromopropane",BrCCCBr,109-64-8,5.381,0.783,0.8295330011518528,low-fidelity RED
Dichloroacetonitrile,C(#N)C(Cl)Cl,3018-12-0,5.135,0.8547,0.8234834546000308,high-fidelity RED
"1,1,2-Tribromo Ethylene",C(=C(Br)Br)Br,598-16-3,5.756,0.771,0.648556088553642,high-fidelity RED
Dibromomethane (Methylene Dibromide),C(Br)Br,74-95-3,5.042,0.6995,0.6600189391222043,high-fidelity RED
"1,2,3-Trichloro Propene",C(C(=CCl)Cl)Cl,96-19-5,5.399,1.069,0.9017344398435716,high-fidelity RED
"Benzaldehyde, 2,4-Dimethyl-",c(cc(c1C)C=O)c(c1)C,15764-16-6,6.147,0.985,0.410030486671418,low-fidelity RED
"1,5-Naphthalene Diisocyanate",c(cc(N=C=O)c1cc2)cc1c(c2)N=C=O,3173-72-6,5.868,1.058,0.6841966091702009,low-fidelity RED
"2,3-Dimethylquinoxaline",c(ccc1nc2C)cc1nc2C,2379-55-7,6.824,0.9863,0.6982120021884473,low-fidelity RED
"1,4-Dichlorobutane",C(CCCl)CCl,110-56-5,4.945,0.8293,0.8937281465859739,high-fidelity RED
"1,6-Hexane Dithiol",C(CCCS)CCS,1191-43-1,5.652,0.7919,0.9581883948368396,low-fidelity RED
"1,2-Ethane Dithiol",C(CS)S,540-63-6,5.43,0.722,0.975961064797157,high-fidelity RED
N-Methyl-2-Isopropylphenylcarbamate,C(OC1=C(C=CC=C1)C(C)C)(NC)=O,2631-40-5,7.156,1.19,0.6504805915628842,low-fidelity RED
Neohesperidin Dihydrochalcone,C[C@H]1[C@@H]([C@H]([C@H]([C@@H](O1)O[C@@H]2[C@H]([C@@H]([C@H](O[C@H]2OC3=CC(=C(C(=C3)O)C(=O)CCC4=CC(=C(C=C4)OC)O)O)CO)O)O)O)O)O,20702-77-6,8.918,1.71,0.673145600891813,low-fidelity RED
Dimethyl Benzofuranone,C[C@H]1C2=C(C=C(C=C2)C)OC1=O,65817-24-5,6.843,1.047,0.44999999999999984,low-fidelity RED
Thialdine,C[C@H]1N[C@@H](C)SC(C)S1,638-17-5,5.386,1.105,0.9759610647971574,low-fidelity RED
Hexythiazox,C[C@H]2[C@@H](SC(=O)N2C(=O)NC1CCCCC1)c3ccc(Cl)cc3,78587-05-0,6.867,1.422,0.3881043674065011,low-fidelity RED
Paraquat ,C[N+]1=CC=C(C=C1)C2=CC=[N+](C=C2)C,4685-14-7,6.389,0.8795,0.25,high-fidelity RED
Citrus Nitrile,C/C(=C/C#N)/CCC1=CC=CC=C1,53243-60-0,7.892,1.148,0.9069178573608533,low-fidelity RED
"(E,E)-2,4-Hexadien-1-Al",C\C=C\C=C\C=O,80466-34-8,5.248,1.066,0.9532837982468807,low-fidelity RED
Isoeugenyl Benzoate,C\C=C\C1=CC(=C(C=C1)OC(=O)C2=CC=CC=C2)OC,4194-00-7,7.129,1.312,0.9290452088031024,low-fidelity RED
Isoeugenyl Formate,C\C=C\C1=CC(=C(C=C1)OC=O)OC,7774-96-1,6.531,1.286,0.82196411113868,low-fidelity RED
β-Asarone,C\C=C\C1=CC(=C(C=C1OC)OC)OC,5273-86-9,6.147,1.174,0.9737171047075228,low-fidelity RED
Methyl Propenyl Disulfide,C\C=C\SSC,5905-47-5,5.019,0.8843,0.8933784192602819,low-fidelity RED
Phenoxyacetylene,C#COc1ccccc1,4279-76-9,5.971,1.014,0.8310385069297335,low-fidelity RED
n-(p-Tolyl)Methacrylamide,C=C(C(NC1=CC=C(C)C=C1)=O)C,,5.911,1.075,0.31721443851123765,low-fidelity RED
Phenyl Vinyl Ketone,C=CC(=O)c1ccccc1,768-03-6,6.629,0.9595,0.7960841664045331,low-fidelity RED
p-Nitrostyrene,C=CC1=CC=C([N+]([O-])=O)C=C1,100-13-0,6.46,1.151,0.44791182167922317,low-fidelity RED
o-Bromostyrene,C=CC1=CC=CC=C1Br,2039-88-5,6.531,1.138,0.9460443964212252,high-fidelity RED
2-Vinylpyridine,C=CC1=CC=CC=N1,100-69-6,6.626,1.165,0.8678277478854894,low-fidelity RED
4-Vinyl Pyridine,C=CC1=CC=NC=C1,100-43-6,6.2,1.047,0.6427480066091216,high-fidelity RED
2-Vinyl Pyrazine,C=CC1=NC=CN=C1,4177-16-6,6.059,1.16,0.3614208073700237,low-fidelity RED
Safrole,C=CCC1=CC(OCO2)=C2C=C1,94-59-7,6.919,1.243,0.9476945710512433,low-fidelity RED
Allyl Iodide,C=CCI,556-56-9,5.219,0.8717,0.9513148795220224,high-fidelity RED
Allyl Anthranilate,C=CCOC(=O)C1=CC=CC=C1N,7493-63-2,7.298,1.167,0.6229967897188553,low-fidelity RED
Allyl Salicylate,C=CCOC(=O)C1=CC=CC=C1O,10484-09-0,7.574,1.118,0.8474225628339143,low-fidelity RED
Allyl 2-Furoate,C=CCOC(=O)C1=CC=CO1,4208-49-5,7.959,1.294,0.8440971508067073,low-fidelity RED
Diallyl Trisulfide,C=CCSSSCC=C,2050-87-5,5.199,0.9089,0.8860022573334674,low-fidelity RED
Diallyl Tetrasulfide,C=CCSSSSCC=C,2444-49-7,5.144,0.8409,0.7992183681572891,low-fidelity RED
Ethenyl Benzoate,C=COC(=O)C1=CC=CC=C1,769-78-8,6.813,1.054,0.9130991183874844,low-fidelity RED
"Benzene, 1,3,5-Timethyl-2-Nito-",C1(=C([N+]([O-])=O)C(=CC(=C1)C)C)C,603-71-4,5.916,0.9994,0.9513148795220228,low-fidelity RED
"Ethanone, 1-(4-Hydroxy-3-Methoxyphenyl)-",C1(=C(C=C(C(C)=O)C=C1)OC)O,498-02-2,7.102,1.141,0.6005206074732156,low-fidelity RED
"Benzenamine, 2-Methyl-5-Nitro-",C1(=C(C=CC(=C1)[N+]([O-])=O)C)N,99-55-8,6.581,1.218,0.9685685313905256,low-fidelity RED
"Benzene, 1-Ethoxy-2-Nitro-",C1(=C(C=CC=C1)OCC)[N+]([O-])=O,610-67-3,6.45,1.126,0.20155644370746398,low-fidelity RED
"Benzene, 1,2,4-Trichloro-5-Methoxy-",C1(=CC(=C(Cl)C=C1Cl)Cl)OC,6130-75-2,5.504,1.06,0.9890020222426246,low-fidelity RED
"p-Benzoquinone, 2,3,5,6-Tetamethyl-",C1(=O)C(=C(C(C(=C1C)C)=O)C)C,527-17-3,6.643,0.8648,0.48541219597369034,low-fidelity RED
"2,6-Toluene Diisocyanate",c1(C)c(N=C=O)cccc1(N=C=O),31995,6.005,1.116,0.11456439237389647,low-fidelity RED
Indole,C1(C=CC=C2)=C2NC=C1,120-72-9,6.579,1.046,0.8310385069297331,high-fidelity RED
Isoquinoline,C1(C=CN=C2)=C2C=CC=C1,119-65-3,6.434,1.088,0.9650129532809393,low-fidelity RED
"2,3-Benzofuran (Cumaron)",C1(C=CO2)=C2C=CC=C1,271-89-6,6.716,0.9049,0.9384162189561733,high-fidelity RED
Styrene Oxide (Phenyl Oxirane),C1(C2OC2)=CC=CC=C1,96-09-3,6.41,0.8396,0.7956915231419774,high-fidelity RED
"1,3-Diphenyltriazene",C1(N=NNC2=CC=CC=C2)=CC=CC=C1,136-35-6,6.281,1.017,0.8989577298182607,low-fidelity RED
"Benzenamine, 2-Methyl-4-Nitro-",C1=C(C(=CC(=C1)[N+]([O-])=O)C)N,99-52-5,6.491,1.208,0.9685685313905256,low-fidelity RED
"n-Me-3,5-Dimethylphenyl Carbamate",C1=C(C=C(C)C=C1OC(=O)NC)C,2655-14-3,7.205,1.083,0.40311288741492757,low-fidelity RED
"3,5-Difluorobenzonitrile",C1=C(C=C(C=C1F)F)C#N,64248-63-1,5.631,1.135,0.9086390922693122,high-fidelity RED
"Benzenamine, 3-Methyl-4-Nitro-",C1=C(C=CC(=C1C)[N+]([O-])=O)N,611-05-2,6.258,1.069,0.9685685313905256,low-fidelity RED
Isophthaloyl Chloride,C1=C(C=CC=C1C(=O)Cl)C(=O)Cl,99-63-8,6.293,0.97,0.3211308144666278,low-fidelity RED
"9,10-Anthracenedione, 2-Ethyl-",C1=C(C=CC2=C1C(C3=C(C2=O)C=CC=C3)=O)CC,84-51-5,7.502,1.143,0.8366600265340753,low-fidelity RED
"Dimethyl-2,6-Naphthalenedicarboxylate",C1=C(C=CC2=C1C=CC(=C2)C(=O)OC)C(OC)=O,840-65-3,7.828,1.114,0.8732124598286486,low-fidelity RED
2-Naphthonitrile,C1=C(C=CC2=C1C=CC=C2)C#N,613-46-7,7.203,1.086,0.7766112283504532,low-fidelity RED
Propanil,C1=C(Cl)C(=CC=C1NC(CC)=O)Cl,709-98-8,6.683,1.165,0.772172260574025,low-fidelity RED
2-Methyl-6-Nitroaniline,C1=CC(=C(C(=C1)C)N)[N+]([O-])=O,570-24-1,5.611,1.027,0.9685685313905256,low-fidelity RED
"Benzene, 1,3-Dichloro-2-Nitro-",C1=CC(=C(C(=C1)Cl)[N+](=O)[O-])Cl,601-88-7,4.943,1.024,0.5573374202401988,low-fidelity RED
"2,6-Difluorobenzonitrile",C1=CC(=C(C(=C1)F)C#N)F,1897-52-5,5.604,1.022,0.9086390922693122,high-fidelity RED
"2,3,4-Trifluoro Nitrobenzene",C1=CC(=C(C(=C1[N+](=O)[O-])F)F)F,771-69-7,5.357,1.024,0.7057797106746553,high-fidelity RED
2-Methyl-3-Nitroaniline,C1=CC(=C(C)C(=C1)N)[N+]([O-])=O,603-83-8,6.172,1.062,0.9685685313905256,low-fidelity RED
"3,4-Dichlorophenyl Acetonitrile",C1=CC(=C(C=C1CC#N)Cl)Cl,3218-49-3,6.201,1.219,0.9762812094883317,high-fidelity RED
"2,4-Dichlorobenzaldehyde",C1=CC(=C(C=C1Cl)Cl)C=O,874-42-0,5.883,1.065,0.3716517186829623,high-fidelity RED
"2,4-Difluoronitrobenzene",C1=CC(=C(C=C1F)F)[N+](=O)[O-],446-35-5,5.084,1.129,0.8031189202104503,high-fidelity RED
"Benzenamine, 4-Methyl-2-Nitro-",C1=CC(=CC(=C1N)[N+]([O-])=O)C,89-62-3,5.961,1.079,0.9685685313905256,low-fidelity RED
"Methanone, Bis[4-(Dimethylamino)Phenyl]-",C1=CC(=CC=C1C(=O)C2=CC=C(N(C)C)C=C2)N(C)C,90-94-8,6.725,0.9531,0.9861541461658012,low-fidelity RED
p-Bromobenzoyl Chloride,C1=CC(=CC=C1C(=O)Cl)Br,586-75-4,6.244,0.9605,0.8370334521391603,high-fidelity RED
p-Chlorobenzoyl Chloride,C1=CC(=CC=C1C(=O)Cl)Cl,122-01-0,6.229,1.002,0.719809002444398,high-fidelity RED
N-Ethyl-p-Toluidine,C1=CC(=CC=C1NCC)C,622-57-1,6.441,0.9664,0.9912113800799505,low-fidelity RED
"Quinoline, 2-Chloro-",C1=CC(=NC2=C1C=CC=C2)Cl,612-62-4,6.126,0.9933,0.9307255234493144,low-fidelity RED
Psoralen,C1=CC(=O)OC2=CC3=C(C=CO3)C=C21,66-97-7,6.679,1.218,0.41003048667141845,low-fidelity RED
(E)-Furfurylidene Phenyl Acetaldehyde,C1=CC=C(C=C1)/C(=C\C2=CC=CO2)/C=O,65545-81-5,6.516,1.098,0.5640257086339241,low-fidelity RED
(Z)-Cinnamaldehyde,C1=CC=C(C=C1)\C=C/C=O,57194-69-1,5.583,1.027,0.5601339125602022,low-fidelity RED
(E)-Cinnamyl Nitrile,C1=CC=C(C=C1)\C=C\C#N,1885-38-7,6.451,1.038,0.27500000000000047,low-fidelity RED
Cinnamyl Salicylate,C1=CC=C(C=C1)\C=C\COC(=O)C2=CC=CC=C2O,71607-53-9,7.328,1.224,0.7889866919029751,low-fidelity RED
3-Aminobenzophenone,C1=CC=C(C=C1)C(=O)C2=CC(=CC=C2)N,2835-78-1,7.315,1.093,0.7766112283504539,low-fidelity RED
2-Aminobenzophenone,C1=CC=C(C=C1)C(=O)C2=CC=CC=C2N,2835-77-0,6.866,0.9352,0.8038967595406762,low-fidelity RED
α-Chloro Acetophenone,C1=CC=C(C=C1)C(=O)CCl,532-27-4,5.951,0.9406,0.5408326913195983,high-fidelity RED
Glyceryl Tribenzoate,C1=CC=C(C=C1)C(=O)OCC(COC(=O)C2=CC=CC=C2)OC(=O)C3=CC=CC=C3,614-33-5,8.089,1.133,0.8112490369793977,low-fidelity RED
Cinnamyl Nitrile,C1=CC=C(C=C1)C=CC#N,4360-47-8,6.451,1.038,0.27500000000000047,low-fidelity RED
Phenytoin,C1=CC=C(C=C1)C2(C(=O)NC(=O)N2)C3=CC=CC=C3,57-41-0,6.384,1.213,0.9290452088031026,low-fidelity RED
Trichlorobiphenyl,C1=CC=C(C=C1)C2=C(C(=C(C=C2)Cl)Cl)Cl,55702-46-0,5.628,0.9577,0.9890020222426243,high-fidelity RED
Phenyl Acetaldehyde,C1=CC=C(C=C1)CC=O,122-78-1,6.425,0.901,0.47762432936357013,low-fidelity RED
3-Phenyl Propionaldehyde,C1=CC=C(C=C1)CCC=O,104-53-0,6.805,0.9249,0.6896557112066865,low-fidelity RED
Phenethyl Anthranilate,C1=CC=C(C=C1)CCOC(=O)C2=CC=CC=C2N,133-18-6,7.373,1.097,0.7176350047203665,low-fidelity RED
Phenethyl Salicylate,C1=CC=C(C=C1)CCOC(=O)C2=CC=CC=C2O,87-22-9,7.649,1.045,0.7721722605740253,low-fidelity RED
Phenethyl Furoate,C1=CC=C(C=C1)CCOC(=O)C2=CC=CO2,7149-32-8,8.066,1.181,0.7862092596758198,low-fidelity RED
Phenethyl Oxyacetaldehyde,C1=CC=C(C=C1)CCOCC=O,41847-88-5,6.768,1.075,0.6432340165134312,low-fidelity RED
Benzyl Anthranilate,C1=CC=C(C=C1)COC(=O)C2=CC=CC=C2N,82185-41-9,7.412,1.072,0.6581223290544091,low-fidelity RED
Phenoxyacetaldehyde 50% In Benzyl Alcohol,C1=CC=C(C=C1)OCC=O,2120-70-9,6.979,1.002,0.3391164991562634,low-fidelity RED
2-Phenoxyethyl Formate,C1=CC=C(C=C1)OCCOC=O,58214-97-4,7.347,1.063,0.7701460900374679,low-fidelity RED
"Benzamide, N,N-Diethyl-3-Methyl-",C1=CC=C(C=C1C(=O)N(CC)CC)C,134-62-3,6.921,1.073,0.8448372624357898,low-fidelity RED
"Naphthalene, 2-Nitro-",C1=CC=C2C=C(C=CC2=C1)[N+](=O)[O-],581-89-5,7.094,1.248,0.7097534783289199,low-fidelity RED
β-Naphthyl Anthranilate,C1=CC=C2C=C(C=CC2=C1)OC(=O)C3=CC=CC=C3N,63449-68-3,7.872,1.312,0.9775607398008577,low-fidelity RED
Triphenylphosphine Oxide,C1=CC=CC(=C1)P(C2=CC=CC=C2)(C3=CC=CC=C3)=O,791-28-6,5.325,0.8393,0.8965210538520549,low-fidelity RED
Tri-O-Cresyl Phosphate,C1=CC=CC(=C1C)OP(OC2=C(C=CC=C2)C)(=O)OC3=CC=CC=C3C,78-30-8,5.772,1.103,0.9171968163922071,low-fidelity RED
N-Methyl-O-Toluidine,C1=CC=CC(=C1NC)C,611-21-2,5.745,1.09,0.9823441352194252,low-fidelity RED
2-Phenylpropionaldehyde,C1=CC=CC=C1C(C=O)C,93-53-8,6.38,0.9027,0.9303897032964198,low-fidelity RED
"Benzoic Acid, 2-Benzoyl-, Methyl Ester",C1=CC=CC=C1C(C2=C(C(OC)=O)C=CC=C2)=O,606-28-0,6.274,1.033,0.6149186938124421,low-fidelity RED
2-Nitro-Ethylbenzene,C1=CC=CC=C1CC[N+]([O-])=O,6125-24-2,5.717,1.013,0.7123903424387499,low-fidelity RED
"Acetamide, n-(Phenylmethyl)-",C1=CC=CC=C1CNC(=O)C,588-46-5,7.373,1.016,0.6600189391222041,low-fidelity RED
o-Nitrodiphenylamine,C1=CC=CC=C1NC2=C([N+]([O-])=O)C=CC=C2,119-75-5,5.571,1.015,0.7874007874011806,low-fidelity RED
p-Nitrodiphenylamine,C1=CC=CC=C1NC2=CC=C([N+]([O-])=O)C=C2,836-30-6,6.212,1.114,0.8321658488546618,low-fidelity RED
Anthone,C1=CC=CC2=C1CC3=C(C2=O)C=CC=C3,90-44-8,7.121,1.0,0.9620940702446925,low-fidelity RED
Xanthone,C1=CC=CC2=C1OC3=C(C2=O)C=CC=C3,90-47-1,7.215,1.042,0.7582875444051544,low-fidelity RED
2-Pyridinyl Methane Thiol,C1=CC=NC(=C1)CS,2044-73-7,6.667,1.007,0.5836308764964374,low-fidelity RED
Angelicin,C1=CC2=C(C=CO2)C3=C1C=CC(=O)O3,523-50-2,7.07,1.197,0.41003048667141845,low-fidelity RED
Perimidine,C1=CC2=C3C(=C1)NC=NC3=CC=C2,204-02-4,6.384,1.173,0.8204419540710963,low-fidelity RED
1-Furfuryl Pyrrole,C1=CN(C=C1)CC2=CC=CO2,1438-94-4,6.308,1.083,0.7022285952594072,low-fidelity RED
Pyrazinyl Ethane Thiol,C1=CN=C(C=N1)CCS,35250-53-4,6.469,1.158,0.6046693311223913,low-fidelity RED
2-Mercaptomethyl Pyrazine,C1=CN=C(C=N1)CS,59021-02-2,6.494,1.106,0.9555757426808196,low-fidelity RED
Pyrazine ,C1=CN=CC=N1,290-37-9,5.173,0.8164,0.7988272654335227,low-fidelity RED
3-(2-Furyl) Acrolein,C1=COC(=C1)C=CC=O,623-30-3,6.262,1.051,0.4138236339311716,low-fidelity RED
Bis(2-Furyl) Methane,C1=COC(=C1)CC2=CC=CO2,1197-40-6,6.355,1.004,0.8764274071479053,low-fidelity RED
Furfuryl Formate,C1=COC(=C1)COC=O,13493-97-5,7.239,1.124,0.9069178573608525,low-fidelity RED
Difurfuryl Ether,C1=COC(=C1)COCC2=CC=CO2,4437-22-3,6.652,1.024,0.7705517503711219,low-fidelity RED
Furfuryl Mercaptan,C1=COC(=C1)CS,34366,6.718,0.9773,0.5921359641163506,low-fidelity RED
s-Furfuryl Thioformate,C1=COC(=C1)CSC=O,59020-90-5,6.727,1.079,0.5857687256929992,low-fidelity RED
Difurfuryl Sulfide,C1=COC(=C1)CSCC2=CC=CO2,13678-67-6,6.542,1.025,0.7088723439378913,low-fidelity RED
Coffee Difuran,C1=COC(=C1)CSSCC2=CC=CO2,4437-20-1,6.721,0.9712,0.3682729965664057,low-fidelity RED
Oxazole,C1=COC=N1,288-42-6,5.619,1.055,0.8003905296791061,low-fidelity RED
"1,2,3,4-Tetrahydroquinoline",C12=C(C=CC=C2)CCCN1,635-46-1,5.957,0.9738,0.39051248379533304,low-fidelity RED
Quinoxaline ,C12=NC=CN=C1C=CC=C2,91-19-0,6.308,0.8631,0.619475584668194,low-fidelity RED
"3H-Pyazol-3-One, 2,4-Dihydo-5-Methyl-2-Phenyl-",C1C(=NN(C1=O)C2=CC=CC=C2)C,89-25-8,6.805,1.163,0.17677669529663698,low-fidelity RED
Coumane,C1C2C1C(=O)OC3=CC=CC=C23,5617-64-1,7.692,1.084,0.39370039370059057,low-fidelity RED
Indoletal,C1C2COCOC2C3=CC=CC=C31,18096-62-3,7.315,1.263,0.9890020222426245,low-fidelity RED
N-Benzyl Pyrrolidone,C1CC(=O)N(C1)CC2=CC=CC=C2,5291-77-0,5.662,1.089,0.7881941385217227,high-fidelity RED
Benzo Dihydro Pyrone,C1CC(=O)OC2=CC=CC=C21,119-84-6,7.245,1.04,0.3614208073700238,low-fidelity RED
γ-Thiobutyrolactone,C1CC(=O)SC1,1003-10-7,6.452,0.8528,0.4808846015417837,high-fidelity RED
2-Cyclohexenone,C1CC=CC(=O)C1,930-68-7,6.467,1.124,0.439459895781174,low-fidelity RED
Imipramine,c1cc3c(cc1)CCc2c(cccc2)N3CCCN(C)C,50-49-7,6.182,1.233,0.7941190087134297,low-fidelity RED
Desipramine,c1cc3c(cc1)CCc2c(cccc2)N3CCCNC,50-47-5,6.456,1.241,0.7318640584152225,low-fidelity RED
Peony Acetonitrile,C1CCC(=C(C#N)C2=CC=CC=C2)CC1,10461-98-0,7.284,1.199,0.940744386111339,low-fidelity RED
"1,2-Cyclohexanedione",C1CCC(=O)C(=O)C1,765-87-7,6.456,0.8297,0.6754628043053145,high-fidelity RED
2-Phenylbenzimidazole,c1ccc(cc1)c2[nH]c3ccccc3n2,716-79-0,5.86,0.9616,0.7762087348130009,low-fidelity RED
Cyclohexyl Methyl Pyrazine,C1CCC(CC1)CC2=NC=CN=C2,28217-92-7,6.888,1.218,0.9424038412485385,low-fidelity RED
N-Cyclohexyl-2-Pyrrolidone,C1CCC(CC1)N2CCCC2=O,6837-24-7,6.213,0.9715,0.6576473218982956,high-fidelity RED
Cyclohexyl Anthranilate,C1CCC(CC1)OC(=O)C2=CC=CC=C2N,7779-16-0,7.521,1.18,0.6329494450586082,low-fidelity RED
Cyclohexyl Salicylate,C1CCC(CC1)OC(=O)C2=CC=CC=C2O,25485-88-5,7.593,1.11,0.735272058492637,low-fidelity RED
Hexahydrocoumarin,C1CCC2=C(C1)CCC(=O)O2,700-82-3,7.188,1.086,0.7802243267163622,low-fidelity RED
Nutty Quinoxaline,C1CCC2=NC=CN=C2C1,34413-35-9,6.142,1.057,0.4949747468305835,low-fidelity RED
Tryptamine,c1ccc2c(c1)c(c[nH]2)CCN,61-54-1,6.765,1.257,0.9158329542007098,low-fidelity RED
1-Phenylaziridine,c1ccccc1N2CC2,696-18-4,5.116,0.986,0.48218253804964795,low-fidelity RED
Piperine,C1CCN(CC1)C(=O)C=CC=CC2=CC3=C(C=C2)OCO3,7780-20-3,6.818,1.515,0.4479118216792234,low-fidelity RED
N-Formyl Piperidine,C1CCN(CC1)C=O,2591-86-8,5.524,0.9977,0.6712860791048774,high-fidelity RED
Tetramethylene Sulfide,C1CCSC1,110-01-0,5.111,0.7471,0.5623610939600995,high-fidelity RED
Haloperidol,C1CN(CCC1(C2=CC=C(C=C2)Cl)O)CCCC(=O)C3=CC=C(C=C3)F,52-86-8,5.889,1.576,0.5338539126015657,low-fidelity RED
Pimozide,C1CN(CCC1N2C3=CC=CC=C3NC2=O)CCCC(C4=CC=C(C=C4)F)C5=CC=C(C=C5)F,2062-78-4,6.523,1.64,0.9400797838481586,low-fidelity RED
"1H-Indole, 2,3-Dihydo-",C1CNC2=CC=CC=C21,496-15-1,6.021,1.011,0.548862460002504,low-fidelity RED
"4,4'-Bipyridine",c1cnccc1c2ccncc2,553-26-4,6.245,0.9297,0.6841966091702002,low-fidelity RED
Ethylene Sulfide,C1CS1,420-12-2,5.15,0.7439,0.21794494717703383,high-fidelity RED
"1,4-Dithiane",C1CSCCS1,505-29-3,5.15,0.7439,0.42204857540335305,low-fidelity RED
"1,2-Methylenedioxybenzene (G.C.)",C1OC2=CC=CC=C2O1,274-09-9,6.547,0.9201,0.5250000000000001,high-fidelity RED
"1,3,5-Trioxane",C1OCOCO1,110-88-3,5.17,0.8067,0.6986594306241058,high-fidelity RED
"1,2,4,5-Tetrathiane",C1SSCSS1,291-22-5,5.111,0.8186,0.46970735570139815,low-fidelity RED
"Thiourea, N,N'-Dicyclohexyl-",C2C(NC(=S)NC1CCCCC1)CCCC2,1212-29-9,6.532,1.041,0.5700877125495688,low-fidelity RED
"2,4-Difurfuryl Furan",c3oc(Cc2cc(Cc1ccco1)oc2)cc3,64280-32-6,6.546,1.17,0.9902651160169182,low-fidelity RED
"3-Buten-2-One, 4-Phenyl-",CC(\C=C\C1=CC=CC=C1)=O,122-57-6,6.128,1.078,0.9890020222426246,low-fidelity RED
n-Phenylmethacrylamide,CC(=C)C(=O)Nc1ccccc1,1611-83-2,5.877,1.049,0.37165171868296254,low-fidelity RED
Isopropenyl Pyrazine,CC(=C)C1=NC=CN=C1,38713-41-6,6.694,1.246,0.6656763477847181,low-fidelity RED
Carvone Oxide,CC(=C)C1CC2C(O2)(C(=O)C1)C,33204-74-9,6.689,1.422,0.9650129532809387,low-fidelity RED
Piperitenone Oxide,CC(=C1CCC2(C(C1=O)O2)C)C,35178-55-3,7.405,1.209,0.7180703308172537,low-fidelity RED
Para-Methoxy-α-Methyl Cinnamaldehyde,CC(=CC1=CC=C(C=C1)OC)C=O,65405-67-6,7.775,1.169,0.4479118216792228,low-fidelity RED
α-Methyl Cinnamaldehyde,CC(=CC1=CC=CC=C1)C=O,101-39-3,6.725,1.047,0.8507349763586777,low-fidelity RED
Cinnamon Acrolein,CC(=CC1=CC=CO1)C=O,874-66-8,6.98,1.193,0.5477225575051662,low-fidelity RED
"3,7-Dimethyl-2,6-Octadien-1-Yl Cyclopropyl Carboxamide",CC(=CCC/C(=C/CNC(=O)C1CC1)/C)C,744251-93-2,6.35,1.237,0.5963430220938288,low-fidelity RED
Prenyl Salicylate,CC(=CCOC(=O)C1=CC=CC=C1O)C,68555-58-8,7.839,1.115,0.8208227579691,low-fidelity RED
"1-Phenyl-1,2-Propane Dione",CC(=O)C(=O)C1=CC=CC=C1,579-07-7,6.715,0.8331,0.24999999999999986,low-fidelity RED
Anisylidene Acetone,CC(=O)C=CC1=CC=C(C=C1)OC,943-88-4,7.276,1.237,0.4716990566028303,low-fidelity RED
Diacetyl Trimer,CC(=O)C1(CC2(C(O1)(OC(O2)(C)C(=O)C)C)O)C,18114-49-3,5.838,1.286,0.7365459931328119,low-fidelity RED
Hydroxyprogesterone,CC(=O)C1(CCC2C1(CCC3C2CCC4=CC(=O)CCC34C)C)O,68-96-2,7.267,1.356,0.4366062299143248,low-fidelity RED
Pentafluorobenzophenone,CC(=O)C1=C(C(=C(C(=C1F)F)F)F)F,652-29-9,6.037,0.8901,0.26220221204253824,high-fidelity RED
"3',4'-Dimethoxyacetophenone",CC(=O)C1=CC(=C(C=C1)OC)OC,1131-62-0,7.291,1.14,0.5255949010407162,low-fidelity RED
4-(Trifluoromethyl) Acetophenone,CC(=O)C1=CC=C(C=C1)C(F)(F)F,709-63-7,5.556,1.112,0.9086390922693126,high-fidelity RED
2'-Methoxyacetophenone,CC(=O)C1=CC=CC=C1OC,579-74-8,7.114,1.082,0.22079402165819653,low-fidelity RED
2-Acetyl Pyridine,CC(=O)C1=CC=CC=N1,1122-62-9,7.61,1.176,0.3544361719689453,low-fidelity RED
2-Acetyl-1-Methyl Pyrrole,CC(=O)C1=CC=CN1C,932-16-1,6.487,0.9966,0.31324910215354246,low-fidelity RED
2-Acetyl Furan,CC(=O)C1=CC=CO1,1192-62-7,7.365,1.033,0.4007804885470346,low-fidelity RED
4-Acetyl Pyridine,CC(=O)C1=CC=NC=C1,1122-54-9,6.772,1.031,0.3544361719689453,low-fidelity RED
Tonka Ketone,CC(=O)C1=CC2=CC=CC=C2O1,1646-26-0,7.697,1.114,0.45138675213169505,low-fidelity RED
Acetyl Pyrroline,CC(=O)C1=CCCN1,85213-22-5,6.602,1.146,0.698659430624106,low-fidelity RED
3-Acetyl Pyridine,CC(=O)C1=CN=CC=C1,350-03-8,6.752,1.116,0.3544361719689453,low-fidelity RED
"5-Acetyl-2,3-Dihydro-1,4-Thiazine",CC(=O)C1=CSCCN1,164524-93-0,6.329,1.158,0.717635004720366,low-fidelity RED
2-Acetyl Thiazole,CC(=O)C1=NC=CS1,24295-03-2,6.941,1.007,0.803896759540676,low-fidelity RED
3-Acetylpiperidine,CC(=O)C1CNCCC1,350-03-8,5.336,1.176,0.7297259759663205,low-fidelity RED
2-Acetyl-1-Furfuryl Pyrrole,CC(=O)c2cccn2Cc1ccco1,13678-73-4,6.93,1.205,0.16770509831248448,low-fidelity RED
Benzyl Acetoacetate,CC(=O)CC(=O)OCC1=CC=CC=C1,5396-89-4,7.721,1.065,0.7656696415556778,low-fidelity RED
Para-Anisyl Methyl Ketone,CC(=O)CC1=CC=C(C=C1)OC,122-84-9,8.543,1.155,0.4308421984903522,low-fidelity RED
2-Furyl Acetone,CC(=O)CC1=CC=CO1,6975-60-6,7.431,1.087,0.6368869601428496,low-fidelity RED
Raspberry Ketone Methyl Ether,CC(=O)CCC1=CC=C(C=C1)OC,104-20-1,8.688,1.113,0.5645794895318107,low-fidelity RED
Raspberry Ketone Acetate,CC(=O)CCC1=CC=C(C=C1)OC(=O)C,6/3/72 0:00,8.242,1.127,0.6805328794408104,low-fidelity RED
Furfuryl Acetone,CC(=O)CCC1=CC=CO1,699-17-2,7.805,1.028,0.8189169677079601,low-fidelity RED
Heliotropyl Acetone,CC(=O)CCC1=CC2=C(C=C1)OCO2,55418-52-5,8.24,1.253,0.36400549446402625,low-fidelity RED
2-Keto-4-Butane Thiol,CC(=O)CCS,34619-12-0,6.695,0.8313,0.9394147114027973,low-fidelity RED
Potato Butanone,CC(=O)CCSC,34047-39-7,6.756,0.9382,0.7586995452746753,low-fidelity RED
"4,4'-Thiobis-2-Butanone",CC(=O)CCSCCC(=O)C,40790-04-3,6.389,0.8875,0.663795902367588,low-fidelity RED
1-Methyl Thio-2-Propanone,CC(=O)CSC,14109-72-9,6.158,0.7691,0.6082762530298217,low-fidelity RED
1-(2-Furfuryl Thio) Propanone,CC(=O)CSCC1=CC=CO1,58066-86-7,7.355,1.213,0.36912057650583574,low-fidelity RED
1-Acetyl Indole,CC(=O)N1C=CC2=CC=CC=C21,576-15-8,7.183,1.084,0.954266734199616,low-fidelity RED
N-Acetyl Piperidine,CC(=O)N1CCCCC1,618-42-8 ,5.94,0.9884,0.4183300132670376,high-fidelity RED
N-Acetylmorpholine,CC(=O)N1CCOCC1,1696-20-4,5.432,1.008,0.6408002808988146,high-fidelity RED
Diacetoxyscirpenol,CC(=O)OC[C]14CCC(\C)=C/[C@H]4O[C@@H]3[C@H](O)[C@@H](OC(C)=O)[C]1(C)[C]23CO2,2270-40-8,7.924,1.536,0.962418827746008,low-fidelity RED
Vanillyl Acetate,CC(=O)OC1=C(C=C(C=C1)C=O)OC,881-68-5,7.316,1.187,0.5884301147969906,low-fidelity RED
Guaiacyl Acetate,CC(=O)OC1=CC=CC=C1OC,613-70-7,7.216,0.9958,0.8162413858657257,low-fidelity RED
Fludrocortisone Acetate ,CC(=O)OCC(=O)C1(CCC2C1(CC(C3(C2CCC4=CC(=O)CCC43C)F)O)C)O,514-36-3,7.287,1.483,0.3816084380618438,low-fidelity RED
Fluocinonide ,CC(=O)OCC(=O)C12C(CC3C1(CC(C4(C3CC(C5=CC(=O)C=CC54C)F)F)O)C)OC(O2)(C)C,356-12-7,7.734,1.662,0.6745368781616022,low-fidelity RED
Para-Anisyl Acetate,CC(=O)OCC1=CC=C(C=C1)OC,104-21-2,8.959,1.112,0.8429857650043682,low-fidelity RED
Heliotropyl Acetate,CC(=O)OCC1=CC2=C(C=C1)OCO2,326-61-4,8.507,1.231,0.8860022573334677,low-fidelity RED
Furfuryl Thioacetate,CC(=O)SCC1=CC=CO1,13678-68-7,7.496,1.003,0.6334429729659965,low-fidelity RED
"2,3,3-Tribromobutane",CC(Br)(C(C)Br)Br,62127-47-3,5.334,0.8498,0.7335700375560604,low-fidelity RED
"1,1-Dibromoethane",CC(Br)Br,557-91-5,5.442,0.8046,0.773385414912901,high-fidelity RED
"1,2,3-Tribromobutane",CC(Br)C(Br)CBr,632-05-3,5.569,0.9775,0.6642665127793212,low-fidelity RED
"1,2-Dibromopropane",CC(Br)CBr,78-75-1,5.325,0.8096,0.8735702604828074,low-fidelity RED
"1,3-Dibromobutane",CC(Br)CCBr,107-80-2,5.452,0.9605,0.972432516938836,low-fidelity RED
3-Mercapto-2-Butanone,CC(C(=O)C)S,40789-98-8,6.273,0.7343,0.966953980290686,low-fidelity RED
"Dextro,Laevo-3-(Methyl Thio) Butanone",CC(C(=O)C)SC,53475-15-3,6.278,0.8344,0.9276987657639744,low-fidelity RED
2-Furfuryl 3-Oxo-2-Butyl Disulfide,CC(C(=O)C)SSCC1=CC=CO1,159113-17-4,7.871,1.044,0.07071067811865545,low-fidelity RED
"2,3-Dibromobutane",CC(C(C)Br)Br,5408-86-6,5.253,0.8113,0.991526600752597,low-fidelity RED
"2,3-Butane Dithiol",CC(C(C)S)S,4532-64-3,5.368,0.7345,0.9965565713997375,low-fidelity RED
"2,5-Cyclohexadiene-1,4-Dione, 2,5-Dimethyl-",CC(C(C=C1C)=O)=CC1=O,137-18-8,6.575,1.018,0.4451123453691214,low-fidelity RED
Timolol,CC(C)(C)NC[C@@H](COc1c(nsn1)N2CCOCC2)O,26839-75-8,7.002,1.462,0.9594920531197739,low-fidelity RED
Cocoa Propanal,CC(C)(C=O)SSC,67952-60-7,5.381,1.034,0.9617692030835666,low-fidelity RED
Oxethazaine,CC(C)(CC1=CC=CC=C1)N(C)C(=O)CN(CCO)CC(=O)N(C)C(C)(C)CC2=CC=CC=C2,13930-31-9,7.491,1.299,0.6025985396596976,low-fidelity RED
Mibefradil,CC(C)[C@H]1C2=C(CC[C]1(CCN(C)CCCC3=NC4=CC=CC=C4N3)OC(=O)COC)C=C(C=C2)F,116644-53-2,7.431,1.651,0.8689073598491379,low-fidelity RED
"Alpha,α-Dimethyl Anisyl Acetone",CC(C)C(=O)C=CC1=CC=C(C=C1)OC,103-13-9,8.174,1.293,0.912756813176434,low-fidelity RED
Vanillyl Isobutyrate,CC(C)C(=O)OC1=C(C=C(C=C1)C=O)OC,20665-85-4,7.988,1.299,0.5326818938165623,low-fidelity RED
Heliotropyl Isobutyrate,CC(C)C(=O)OCC1=CC2=C(C=C1)OCO2,8/5/61 0:00,8.806,1.36,0.9880536422684756,low-fidelity RED
Bromocriptine,CC(C)C[C@H]1C(=O)N2CCC[C@H]2[C]3(N1C(=O)[C](O3)(C(C)C)NC(=O)[C@H]4CN([C@@H]5CC6=C(NC7=CC=CC(=C67)C5=C4)Br)C)O,25614-03-3,6.574,1.863,0.5431390245600101,low-fidelity RED
Isopropyl Pyrazine,CC(C)C1=NC=CN=C1,29460-90-0,6.333,1.117,0.8993052874302476,low-fidelity RED
Bean Pyrazine,CC(C)C1=NC=CN=C1OC,25773-40-4,6.485,1.133,0.7956915231419774,low-fidelity RED
2-Isopropyl-3-(Methyl Thio) Pyrazine,CC(C)C1=NC=CN=C1SC,67952-59-4,6.105,1.084,0.5500000000000002,low-fidelity RED
2-Isobutyl-3-Methoxypyrazine,CC(C)CC1=NC=CN=C1OC,24683-00-9,6.103,1.19,0.9526279441628822,low-fidelity RED
Isoamyl Anthranilate,CC(C)CCOC(=O)C1=CC=CC=C1N,28457-05-8,7.689,1.088,0.8616843969807041,low-fidelity RED
Iso-Amyl Salicylate,CC(C)CCOC(=O)C1=CC=CC=C1O,87-20-7,7.964,1.033,0.9953014618697187,low-fidelity RED
Isobutyl Anthranilate,CC(C)COC(=O)C1=CC=CC=C1N,7779-77-3,8.011,1.075,0.7929375763576858,low-fidelity RED
Isobutyl Methyl Anthranilate,CC(C)COC(=O)C1=CC=CC=C1NC,65505-24-0,8.128,1.304,0.7992183681572896,low-fidelity RED
Isobutyl Salicylate,CC(C)COC(=O)C1=CC=CC=C1O,87-19-4,8.287,1.023,0.9354143466934857,low-fidelity RED
Green Pea Pyrazine,CC(C)COc1cnccn1,93905-03-4,6.686,1.299,0.7685213074469699,low-fidelity RED
Pindolol,CC(C)NCC(COC1=CC=CC2=C1C=CN2)O,13523-86-9,8.2,1.411,0.9313968005098581,low-fidelity RED
Isopropyl Anthranilate,CC(C)OC(=O)C1=CC=CC=C1N,18189-02-1,7.551,1.002,0.6204836822995424,low-fidelity RED
Para-Cresyl Salicylate,CC(C)OC(=O)C1=CC=CC=C1O,607-88-5,7.622,0.9156,0.8154753215150051,low-fidelity RED
Isopropyl Nicotinate,CC(C)OC(=O)C1=CN=CC=C1,553-60-6,7.105,1.249,0.721543484483091,low-fidelity RED
2-Isopropoxyethyl Salicylate,CC(C)OCCOC(=O)C1=CC=CC=C1O,79915-74-5,8.059,1.052,0.8975661535508124,low-fidelity RED
Pulegone,CC(C1)CC/C(C1=O)=C(C)/C,89-82-7,7.096,1.094,0.757050196486336,high-fidelity RED
"Ethanone, 1-(1-Naphthalenyl)-",CC(C1=C(C=CC=C2)C2=CC=C1)=O,941-98-0,7.611,0.9474,0.7802243267163615,low-fidelity RED
m-Methylacetophenone,CC(C1=CC(C)=CC=C1)=O,585-74-0,6.882,1.034,0.9236476600955583,low-fidelity RED
m-Aminoacetophenone,CC(C1=CC(N)=CC=C1)=O,99-03-6,7.299,1.164,0.7424621202458751,low-fidelity RED
p-Bromoacetophenone,CC(C1=CC=C(Br)C=C1)=O,99-90-1,6.642,0.9309,0.37249161064378317,low-fidelity RED
p-Methylacetophenone,CC(C1=CC=C(C)C=C1)=O,122-00-9,6.509,0.8952,0.6133922073192648,low-fidelity RED
p-Chloro Acetophenone,CC(C1=CC=C(Cl)C=C1)=O,99-91-2,6.144,0.9999,0.6368869601428504,high-fidelity RED
4-Methoxy Acetophenone,CC(C1=CC=C(OC)C=C1)=O,100-06-1,7.628,1.046,0.661910114743686,high-fidelity RED
Acetophenone,CC(C1=CC=CC=C1)=O,98-86-2,6.475,0.8601,0.48798053239857836,high-fidelity RED
o-Methylacetophenone,CC(C1=CC=CC=C1C)=O,577-16-2,6.786,0.9614,0.7766112283504536,low-fidelity RED
o-Aminoacetophenone,CC(C1=CC=CC=C1N)=O,551-93-9,7.102,0.92,0.8732124598286487,low-fidelity RED
2'-Acetonaphtone,CC(C2=CC1=CC=CC=C1C=C2)=O,93-08-3,7.432,1.101,0.7802243267163615,low-fidelity RED
4-Mercapto-2-Pentanone 1% In Acetoin,CC(CC(=O)C)S,92585-08-5,6.733,0.8676,0.93038970329642,low-fidelity RED
4-Furfuryl Thio-2-Pentanone,CC(CC(=O)C)SCC1=CC=CO1,180031-78-1,8.114,1.102,0.7470776398741974,low-fidelity RED
Benzoylacetone,CC(CC(C1=CC=CC=C1)=O)=O,93-91-4,6.751,0.9939,0.25495097567963954,low-fidelity RED
Potato Butyraldehyde,CC(CC=O)SC,16630-52-7,5.964,0.7408,0.8173891362135908,low-fidelity RED
Anisyl Propanal / Methyl Anthranilate Schiff's Base,CC(CC1=CC=C(C=C1)OC)C=NC2=CC=CC=C2C(=O)OC,111753-62-9,8.751,1.357,0.9185586535436919,low-fidelity RED
Para-Anisyl Propanal,CC(CC1=CC=C(C=C1)OC)C=O,6/6/62 0:00,7.911,1.219,0.6229967897188559,low-fidelity RED
Helional,CC(CC1=CC2=C(C=C1)OCO2)C=O,1205-17-0,7.592,1.321,0.4168333000133268,low-fidelity RED
2-Methyl Cyclohexanone,CC(CCCC1)C1=O,583-60-8,6.985,0.9722,0.8015609770940694,high-fidelity RED
Di-(2-Chloro-Isopropyl) Ether,CC(CCl)OC(C)CCl,108-60-1,5.108,0.8661,0.25000000000000033,high-fidelity RED
"1,3-Butane Dithiol",CC(CCS)S,24330-52-7,5.84,0.9419,0.8732124598286494,low-fidelity RED
Propylene Glycol Dibenzoate,CC(COC(=O)C1=CC=CC=C1)OC(=O)C2=CC=CC=C2,19224-26-1,8.448,1.111,0.8503675675847479,low-fidelity RED
Acetyl Iodide,CC(I)=O,507-02-8,5.995,0.6492,0.5878988008152427,low-fidelity RED
N-Ethylacetanilide,CC(N(C1=CC=CC=C1)CC)=O,529-65-7,6.579,1.001,0.4279310692155929,low-fidelity RED
N-Acetyl Caprolactam,CC(N(CCCCC1)C1=O)=O,1888-91-1,6.943,1.049,0.2806243040080459,high-fidelity RED
N-Acetyl-Para-Toluidine,CC(NC1=CC=C(C)C=C1)=O,103-89-9,6.885,0.9562,0.8031189202104502,low-fidelity RED
1-Methyl Thiomethyl Ethyl Acetate,CC(OC(=O)C)C(=O)SC,74586-09-7,7.099,1.007,0.90277350426339,low-fidelity RED
p-Nitrophenyl Acetate,CC(OC1=CC=C([N+]([O-])=O)C=C1)=O,830-03-5,7.475,1.164,0.25124689052802196,low-fidelity RED
Hydroquinone Diacetate,CC(OC1=CC=C(OC(C)=O)C=C1)=O,1205-91-0,7.448,0.926,0.9334077351297236,low-fidelity RED
Phenyl Acetate,CC(OC1=CC=CC=C1)=O,122-79-2,7.357,0.8479,0.9927864825832393,high-fidelity RED
Benzyl Acetate,CC(OCC1=CC=CC=C1)=O,140-11-4,7.888,0.9074,0.8507349763586777,high-fidelity RED
"1,1-Ethane Dithiol 1% In Ethanol",CC(S)S,69382-62-3,5.393,0.6618,0.8314144574157946,low-fidelity RED
1-(Methyl Thio) Ethane Thiol,CC(S)SC,31331-53-0,5.393,0.6618,0.8062257748298554,low-fidelity RED
Ivy Carbaldehyde / Methyl Anthranilate Schiff's Base,CC\1C=C(CC/C1=C\NC2=CC=CC=C2C(=O)OC)C,68738-99-8,7.559,1.406,0.9219544457292888,low-fidelity RED
(Z)-3-Hexen-1-Yl Anthranilate,CC\C=C/CCOC(=O)C1=CC=CC=C1N,65405-76-7,7.441,1.197,0.7623975340988456,low-fidelity RED
Cis-3-Hexenyl Salicylate,CC\C=C\CCOC(=O)C1=CC=CC=C1O,65405-77-8,7.717,1.151,0.8774964387392122,low-fidelity RED
Cocoa Butenal,CC=C(C=O)C1=CC=CC=C1,4411-89-6,6.36,0.9409,0.8507349763586777,low-fidelity RED
Methyl Isoeugenol,CC=CC1=CC(=C(C=C1)OC)OC,93-16-3,6.433,1.197,0.9253377761660878,low-fidelity RED
Asarone,CC=CC1=CC(=C(C=C1OC)OC)OC,494-40-6,6.147,1.174,0.9737171047075228,low-fidelity RED
d-Camphor,CC1(C)C2CC[C]1(C)C(C2)=O,464-49-3,7.219,1.061,0.7288689868556624,high-fidelity RED
Epoxyoxophorone,CC1(CC(=O)C2C(C1=O)(O2)C)C,38284-11-6,7.19,1.152,0.9981232388838565,low-fidelity RED
"2,6,6-Trimethyl-2-Hydroxycyclohexanone",CC1(CCCC(C1=O)(C)O)C,7500-42-7,7.354,1.118,0.8131727983645292,low-fidelity RED
Muguet Carbaldehyde,CC1(CCCC2=C1C=C(C=C2)C=O)C,68738-94-3,6.116,1.318,0.9440603794249607,low-fidelity RED
"4,4-Dimethyloxazolidine-2-One",CC1(COC(=O)N1)C,26654-39-7,6.933,1.089,0.9486832980505135,low-fidelity RED
(Z+E)-Laevo-Mercapto-Para-Menthan-3-One,CC1(S)CC(=O)C(CC1)C(C)C,29725-66-4,6.965,1.263,0.9848857801796105,low-fidelity RED
2-Methylbenzimidazole,Cc1[nH]c2ccccc2n1,615-15-6,6.237,1.02,0.5678908345800273,low-fidelity RED
"2,6-Dinitrotoluene",CC1=C([N+]([O-])=O)C=CC=C1[N+]([O-])=O,606-20-2,5.844,1.01,0.395284707521048,low-fidelity RED
"2,3-Dimethoxytoluene",CC1=C(C(=CC=C1)OC)OC,4463-33-6,5.985,1.151,0.7909646009778191,low-fidelity RED
Maltyl Isobutyrate,CC1=C(C(=O)C=CO1)OC(=O)C(C)C,65416-14-0,7.986,1.338,0.8336666000266538,low-fidelity RED
Cyclotene Monomethyl Ether,CC1=C(C(=O)CC1)OC,14189-85-6,6.63,1.07,0.5963430220938288,low-fidelity RED
Cyclotene Acetate,CC1=C(C(=O)CC1)OC(=O)C,1196-22-1,7.283,1.058,0.6388466169590321,low-fidelity RED
Nifedipine,CC1=C(C(C(=C(N1)C)C(=O)OC)C2=CC=CC=C2[N+](=O)[O-])C(=O)OC,60299-11-8,6.269,1.203,0.9182183836103481,low-fidelity RED
Musk Ambrette,CC1=C(C=C(C(=C1[N+](=O)[O-])OC)C(C)(C)C)[N+](=O)[O-],83-66-9,5.89,1.184,0.9370832406995661,low-fidelity RED
Tolylene Diisocyanate,CC1=C(C=C(C=C1)N=C=O)N=C=O,86-91-9,5.645,1.238,0.27500000000000024,high-fidelity RED
Trinitrotoluene (TNT) (G.C.),CC1=C(C=C(C=C1[N+](=O)[O-])[N+](=O)[O-])[N+](=O)[O-],118-96-7,5.673,1.026,0.5244044240850757,high-fidelity RED
"2,5-Dimethoxytoluene",CC1=C(C=CC(=C1)OC)OC,24599-58-4,6.775,1.043,0.7909646009778191,low-fidelity RED
2-Methyl 3-(Methyl Thio) Furan 10% In Triacetin,CC1=C(C=CO1)SC,63012-97-5,6.65,1.182,0.7656696415556777,low-fidelity RED
s-(2-Methyl-3-Furyl) Ethane Thioate,CC1=C(C=CO1)SC(=O)C,55764-25-5,7.367,1.248,0.7553972464869065,low-fidelity RED
Methyl 2-Methyl-3-Furyl Disulfide,CC1=C(C=CO1)SSC,65505-17-1,6.448,1.158,0.4308421984903525,low-fidelity RED
Bis(2-Methyl-3-Furyl) Disulfide,CC1=C(C=CO1)SSC2=C(OC=C2)C,28588-75-2,6.481,1.163,0.49053542175871484,low-fidelity RED
Furfuryl 2-Methyl-3-Furyl Disulfide,CC1=C(C=CO1)SSCC2=CC=CO2,109537-55-5,6.955,1.214,0.37914377220257783,low-fidelity RED
Sulindac,CC1=C(C2=C(C1=CC3=CC=C(C=C3)S(=O)C)C=CC(=C2)F)CC(=O)O,38194-50-2,6.5,1.534,0.939414711402797,low-fidelity RED
Cimetidine,CC1=C(N=CN1)CSCCNC(=NC)NC#N,51481-61-9,7.129,1.545,0.9953014618697188,low-fidelity RED
Nutty Thiazole,CC1=C(SC(=N1)C)C(=O)C,38205-60-6,7.317,0.9972,0.2622022120425379,low-fidelity RED
2-Acetyl-3-Methyl Thiophene,CC1=C(SC=C1)C(=O)C,13679-72-6,6.884,1.13,0.4308421984903522,low-fidelity RED
"4,5-Dimethyl Thiazole",CC1=C(SC=N1)C,3581-91-7,5.878,1.053,0.8663861725581725,low-fidelity RED
Vinyl Sulfurol,CC1=C(SC=N1)C=C,1759-28-0,6.327,1.167,0.9650129532809393,low-fidelity RED
Sulfuryl Acetate,CC1=C(SC=N1)CCOC(=O)C,656-53-1,7.989,1.052,0.8724964183307574,low-fidelity RED
"2-Acetyl-3,5(Or 6)-Dimethyl Pyrazine",CC1=C[N+](=CC(=N1)C)C(=O)C,72797-17-2,7.156,1.129,0.6446898479113814,low-fidelity RED
5-Methyl Quinoxaline,CC1=C2C(=CC=C1)N=CC=N2,13708-12-8,6.014,1.033,0.5431390245600113,low-fidelity RED
Ortho-Acetyl-Para-Cresol,CC1=CC(=C(C=C1)O)C(=O)C,1450-72-2,6.588,0.9269,0.3092329219213248,low-fidelity RED
"3,4-Dimethoxytoluene",CC1=CC(=C(C=C1)OC)OC,494-99-5,6.419,0.9752,0.7909646009778191,low-fidelity RED
"2-Acetyl-3,5-Dimethyl Furan",CC1=CC(=C(O1)C(=O)C)C,22940-86-9,6.94,0.9277,0.8803408430829506,low-fidelity RED
"3-Acetyl-2,5-Dimethyl Furan",CC1=CC(=C(O1)C)C(=O)C,10599-70-9,7.057,1.038,0.8803408430829506,low-fidelity RED
"Bis(2,5-Dimethyl-3-Furyl) Disulfide",CC1=CC(=C(O1)C)SSC2=C(OC(=C2)C)C,28588-73-0,6.463,1.095,0.8536685539481937,low-fidelity RED
"3-Acetyl-2,5-Dimethyl Thiophene",CC1=CC(=C(S1)C)C(=O)C,10/1/30 0:00,6.905,1.058,0.6726812023536859,low-fidelity RED
Thymoquinone,CC1=CC(=O)C(=CC1=O)C(C)C,490-91-5,6.879,1.119,0.5024937810560444,low-fidelity RED
Ketoisophorone,CC1=CC(=O)CC(C1=O)(C)C,1125-21-9,6.759,1.194,0.6254998001598403,low-fidelity RED
3-Methyl-2-Cyclopenten-1-One,CC1=CC(=O)CC1,2758-18-1,6.711,1.021,0.3944933459514873,low-fidelity RED
Nutty Cyclohexenone,CC1=CC(=O)CCC1,1193-18-6,5.995,1.092,0.6344288770224756,low-fidelity RED
Mesitene Lactone,CC1=CC(=O)OC(=C1)C,675-09-2,7.18,1.099,0.9516433155337141,low-fidelity RED
2- 3-Tert-Butyl-2-Hydroxy-5-Methylphenyl -5-Chlorobenzotriazole,CC1=CC(C(C)(C)C)=C(C(N3N4C2=C(N34)C=C(Cl)C=C2)=C1)O,11/5/96 0:00,6.66,1.16,0.9424038412485384,low-fidelity RED
4-Nitro-M-Xylene,CC1=CC(C)=C([N+]([O-])=O)C=C1,89-87-2,5.619,0.9923,0.5099019513592785,low-fidelity RED
m-Tolunitrile,CC1=CC(C#N)=CC=C1,620-22-4,6.794,1.058,0.8112490369793977,low-fidelity RED
6-Hydroxycarvone,CC1=CC[C@@H]([C@H](C1=O)O)C(=C)C,51200-86-3,7.376,1.291,0.9168560410446123,low-fidelity RED
p-Nitro Toluene,CC1=CC=C([N+]([O-])=O)C=C1,99-99-0,6.243,1.005,0.8340413658806138,high-fidelity RED
"2,5-Dimethyl Pyrrole",CC1=CC=C(C)N1,625-84-3,5.856,0.7878,0.5129571132170796,high-fidelity RED
Para-Methyl Hydratropaldehyde,CC1=CC=C(C=C1)C(C)C=O,99-72-9,6.399,0.919,0.9100137361600652,low-fidelity RED
Para-Methyl Cinnamaldehyde,CC1=CC=C(C=C1)C=CC=O,1504-75-2,5.642,1.045,0.6093028803476972,low-fidelity RED
Lilac Acetaldehyde,CC1=CC=C(C=C1)CC=O,104-09-6,6.529,0.9685,0.5147815070493499,low-fidelity RED
Para-Cresyl Propionaldehyde,CC1=CC=C(C=C1)CCC=O,12/2/06 0:00,6.909,0.9929,0.6982120021884471,low-fidelity RED
Para-Cresyl Benzoate,CC1=CC=C(C=C1)OC(=O)C2=CC=CC=C2,614-34-6,6.988,1.071,0.9447221813845595,low-fidelity RED
Para-Cresyl Formate,CC1=CC=C(C=C1)OC=O,1864-97-7,6.317,0.9818,0.7163274390947201,low-fidelity RED
Para-Methyl Phenoxyacetaldehyde,CC1=CC=C(C=C1)OCC=O,67845-46-9,6.944,1.115,0.25124689052802207,low-fidelity RED
3-(5-Methyl Furyl) Acrolein,CC1=CC=C(O1)\C=C\C=O,5555-90-8,6.577,1.103,0.5612486080160913,low-fidelity RED
2-Acetyl-5-Methyl Furan,CC1=CC=C(O1)C(=O)C,1193-79-9,7.544,1.074,0.5777110004145678,low-fidelity RED
2-Methyl 5-(Methyl Thio) Furan,CC1=CC=C(O1)SC,13678-59-6,6.767,0.9675,0.7656696415556777,low-fidelity RED
"2,3-Dinitrotoluene",CC1=CC=CC([N+]([O-])=O)=C1[N+]([O-])=O,602-01-7,5.405,1.004,0.395284707521048,low-fidelity RED
Ortho-Cresyl Salicylate,CC1=CC=CC=C1OC(=O)C2=CC=CC=C2O,617-01-6,7.053,1.096,0.70267346612776,low-fidelity RED
2-Methylpyridine,CC1=CC=CC=N1,109-06-8,6.632,1.012,0.6726812023536859,low-fidelity RED
3-Methylpyridine,CC1=CC=CN=C1,108-99-6,6.347,1.08,0.6726812023536859,low-fidelity RED
4-Methylpyridine,CC1=CC=NC=C1,108-89-4,6.283,0.8845,0.6726812023536859,low-fidelity RED
7-Methyl Coumarin,CC1=CC2=C(C=C1)C=CC(=O)O2,2445-83-2,6.782,1.077,0.1802775637731998,low-fidelity RED
Para-Methyl Tetrahydroquinoline,CC1=CC2=C(C=C1)NCCC2,91-61-2,5.894,1.156,0.39370039370059084,low-fidelity RED
6-Methyl Coumarin,CC1=CC2=C(C=C1)OC(=O)C=C2,92-48-8,6.752,1.164,0.1802775637731998,low-fidelity RED
Watermelon Ketone,CC1=CC2=C(C=C1)OCC(=O)CO2,28940-11-6,7.286,1.037,0.4038873605350882,low-fidelity RED
Coconut Naphthalenone,CC1=CC2=CC(=O)CCC2CC1,34545-88-5,6.358,1.179,0.938416218956173,low-fidelity RED
"2-Acetyl-3,6-Dimethyl Pyrazine",CC1=CN=C(C(=N1)C(=O)C)C,54300-09-3,7.197,1.16,0.51295711321708,low-fidelity RED
"2,3,5-Trimethyl Pyrazine",CC1=CN=C(C(=N1)C)C,14667-55-1,6.436,1.106,0.8418729120241373,low-fidelity RED
"2-Acetyl-3,5-Dimethyl Pyrazine",CC1=CN=C(C(=N1)C)C(=O)C,54300-08-2,7.23,1.192,0.51295711321708,low-fidelity RED
2-Methoxy-5-Methyl Pyrazine,CC1=CN=C(C=N1)OC,2882-22-6,6.356,1.15,0.4636809247747856,low-fidelity RED
"2,4-Dimethylimidazol",CC1=CN=C(N1)C,930-62-1,5.504,1.013,0.7909646009778187,low-fidelity RED
"2,5-Dimethyl Thiazole",CC1=CN=C(S1)C,4175-66-0,5.888,1.014,0.8663861725581725,low-fidelity RED
2-Methoxy-6-Methyl Pyrazine,CC1=CN=CC(=N1)OC,2882-21-5,6.57,1.06,0.4636809247747856,low-fidelity RED
"2,4-Dimethylpyrrole",CC1=CNC(C)=C1,625-82-1,5.902,1.079,0.8192984804086971,low-fidelity RED
3-Methylpyrrole,CC1=CNC=C1,616-43-3,6.431,1.121,0.8336666000266534,low-fidelity RED
Skatole,CC1=CNC2=C1C=CC=C2,83-34-1,6.19,1.092,0.6604922406811455,high-fidelity RED
"2,4-Dimethyl Thiazole",CC1=CSC(=N1)C,541-58-2,6.645,1.064,0.8663861725581725,low-fidelity RED
2-Acetyl-4-Methyl Thiazole,CC1=CSC(=N1)C(=O)C,7/5/33 0:00,7.647,1.145,0.37831864876053867,low-fidelity RED
4-Methyl Thiazole,CC1=CSC=N1,693-95-8,6.377,1.21,0.668019460794369,low-fidelity RED
2-Acetyl-6-Methyl Pyrazine,CC1=NC(=CN=C1)C(=O)C,22047-26-3,7.271,1.128,0.6334429729659963,low-fidelity RED
2-Acetyl-5-Methyl Pyrazine,CC1=NC=C(N=C1)C(=O)C,22047-27-4,7.121,1.193,0.6334429729659963,low-fidelity RED
2-Methyl-5-Methoxythiazole,CC1=NC=C(S1)OC,38205-64-0,5.998,1.172,0.7000000000000004,low-fidelity RED
Thienopyrimidine,CC1=NC=C2CSCC2=N1,36267-71-7,6.437,1.278,0.4670385423067347,low-fidelity RED
4-Acetyl-2-Methyl Pyrimidine,CC1=NC=CC(=N1)C(=O)C,67860-38-2,7.639,1.208,0.6334429729659963,low-fidelity RED
"2,3 Dimethyl Pyrazine",CC1=NC=CN=C1C,5910-89-4,5.96,0.9939,0.49307707308289994,low-fidelity RED
2-Acetyl-3-Methyl Pyrazine,CC1=NC=CN=C1C(=O)C,23787-80-6,6.753,1.072,0.6334429729659963,low-fidelity RED
2-Methoxy-3-Methyl Pyrazine,CC1=NC=CN=C1OC,2847-30-5,6.169,1.18,0.4636809247747856,low-fidelity RED
2-Isopropoxy-3-Methyl Pyrazine,CC1=NC=CN=C1OC(C)C,94089-22-2,6.314,1.212,0.7956915231419774,low-fidelity RED
2-Methyl-3-(Methyl Thio) Pyrazine,CC1=NC=CN=C1SC,2882-20-4,5.52,1.123,0.3716517186829622,low-fidelity RED
2-Methyl-3-Furfuryl Thiopyrazine,CC1=NC=CN=C1SCC2=CC=CO2,59303-07-0,5.939,1.318,0.5706356105256671,low-fidelity RED
2-Methylthiazole,CC1=NC=CS1,3581-87-1,6.208,1.073,0.668019460794369,low-fidelity RED
Dimethyl Dihydrocyclopentapyrazine,CC1=NC2=C(CCC2)N=C1C,38917-62-3,5.949,1.085,0.7420411039827914,low-fidelity RED
2-Methyl Quinoxaline,CC1=NC2=CC=CC=C2N=C1,7251-61-8,7.095,1.118,0.5431390245600113,low-fidelity RED
Methyl Benzoxole,CC1=NC2=CC=CC=C2O1,95-21-6,6.737,1.03,0.6538348415311013,low-fidelity RED
2-Methyl Benzothiazole,CC1=NC2=CC=CC=C2S1,120-75-2,6.622,1.026,0.8975661535508125,low-fidelity RED
2-Methyl-2-Thiazoline,CC1=NCCS1,2346-00-1,5.391,1.044,0.5367727638395969,low-fidelity RED
Aldosterone ,CC12CCC(=O)C=C1CCC3C2C(CC4(C3CCC4C(=O)CO)C=O)O,52-39-1,7.511,1.507,0.7668930825088982,low-fidelity RED
Danazol ,CC12CCC3C(C1CCC2(C#C)O)CCC4=CC5=C(CC34C)C=NO5,17230-88-5,6.352,1.542,0.8778524933039722,low-fidelity RED
Berry Furanone,CC1C(=O)C(=C(O1)C)OC,4077-47-8,7.184,1.202,0.8173891362135914,low-fidelity RED
Strawberry Furanone Acetate,CC1C(=O)C(=C(O1)C)OC(=O)C,4166-20-5,7.76,1.125,0.8003905296791064,low-fidelity RED
Mango Furanone,CC1C(=O)C=C(O1)C,14400-67-0,6.52,1.168,0.5590169943749481,low-fidelity RED
2-Methyl Furan-3(2H)-One,CC1C(=O)C=CO1,41763-99-9,6.801,1.027,0.5963430220938277,low-fidelity RED
Coffee Furanone,CC1C(=O)CCO1,3188-00-9,6.754,1.001,0.760345316287277,low-fidelity RED
Blackberry Thiophenone,CC1C(=O)CCS1,13679-85-1,7.282,1.054,0.30413812651491096,low-fidelity RED
4-Methyl-2-Phenyl-1H-Imidazole,Cc1c[nH]c(n1)c2ccccc2,827-43-0,6.385,1.143,0.5367727638395973,low-fidelity RED
"2',3-Dimethyl-3',4-Dioxa-2,8-Dithiabicyclo(3.3.0)Octane Spirocyclopentane",CC1C2(CCO1)SC3CCOC3(S2)C,38325-25-6,5.486,1.304,0.7652613932506989,low-fidelity RED
Griseofulvin,CC1CC(=O)C=C(C12C(=O)C3=C(O2)C(=C(C=C3OC)OC)Cl)OC,78739-00-1,6.998,1.513,0.5612486080160912,low-fidelity RED
Methylprednisolone,CC1CC2C3CCC(C3(CC(C2C4(C1=CC(=O)C=C4)C)O)C)(C(=O)CO)O,83-43-2,7.891,1.502,0.5344389581607986,low-fidelity RED
Betamethasone,CC1CC2C3CCC4=CC(=O)C=CC4(C3(C(CC2(C1(C(=O)CO)O)C)O)F)C,378-44-9,7.826,1.534,0.5793315113128231,low-fidelity RED
Menthyl Pyrrolidone Carboxylate,CC1CCC(C(C1)OC(=O)C2CCC(=O)N2)C(C)C,68127-22-0,7.35,1.533,0.7648529270389182,low-fidelity RED
Coconut Decanone,CC1CCC2(CC1)CCC(=O)O2,94201-19-1,6.653,1.068,0.9370832406995656,low-fidelity RED
Dimethyl Dihydrocyclopentapyrazine,CC1CCC2=NC(=CN=C12)C,38917-61-2,6.711,1.209,0.8403868156985806,low-fidelity RED
Nutty Pyrazine,CC1CCC2=NC=CN=C12,23747-48-0,6.615,1.15,0.5080600358225399,low-fidelity RED
1-Hydroxy-2-Methylanthrone,Cc1ccc2c(c1O)C(=O)c3ccccc3C2,365210-55 -5,7.725,1.288,0.9236476600955587,low-fidelity RED
Coffee Dione,CC1CCCC(=O)C1=O,3008-43-3,7.217,1.043,0.8370334521391604,low-fidelity RED
Propylene Imine (2-Methyl Aziridine),CC1CN1,75-55-8,5.252,0.8195,0.626498204307083,high-fidelity RED
Furfural Propylene Glycol Acetal,CC1COC(O1)C2=CC=CO2,4359-54-0,6.928,1.215,0.9384162189561727,low-fidelity RED
"2,4-Dimethyl-3-Thiazoline",CC1N=C(CS1)C,60755-05-7,6.517,1.108,0.8097067370350818,low-fidelity RED
"2-Methyl-3-,5 Or 6-(Furfuryl Thio) Pyrazine",Cc1ncc(nc1)SCc2ccco2,65530-53-2,6.09,1.349,0.6204836822995425,low-fidelity RED
2-Methyl Thiazolidine,CC1NCCS1,24050-16-6,5.375,1.101,0.6093028803476975,low-fidelity RED
Sulfuryl Propionate,Cc1ncsc1CCOC(=O)CC,324742-96-3,7.002,1.124,0.9766012492312309,low-fidelity RED
(±)-3-((2-Methyl-3-Furyl)Thio)-2-Butanone,Cc1occc1SC(C)C(C)=O,61295-44-1,7.694,1.191,0.48862050714230193,low-fidelity RED
"3,5-Dimethyl-1,2,4-Trithiolane",CC1SC(SS1)C,23654-92-4,5.345,0.9826,0.6451743950281972,low-fidelity RED
"2-Methyl-1,3-Dithiolane",CC1SCCS1,5616-51-3,5.547,0.909,0.5037360419902474,low-fidelity RED
"3-Methyl-1,2,4-Trithiane",CC1SCCSS1,43040-01-3,5.595,1.009,0.41907636535600534,low-fidelity RED
Sulfuryl Formate,Cc1scnc1CCOC=O,90731-56-9,7.569,1.104,0.7905694150420945,low-fidelity RED
"3-Methyl-1,2,4-Trithiolane",CC1SCSS1,51647-38-2,5.608,0.9182,0.3363406011768428,low-fidelity RED
"3,6-Dimethyl-1,2,4,5-Tetrathiane",CC1SSC(SS1)C,67411-27-2,5.442,0.874,0.5722761571129794,low-fidelity RED
2-Methyl-3-Furyl Tetrasulfide,Cc2occc2SSSSc1ccoc1C,28588-76-3,6.484,1.109,0.8019507466172726,low-fidelity RED
2-Furfurylidene Butyraldehyde,CCC(=CC1=CC=CO1)C=O,770-27-4,7.047,1.086,0.7470776398741962,low-fidelity RED
Powdery Ketone,CCC(=O)C=CC1=CC=C(C=C1)OC,104-27-8,7.682,1.187,0.6368869601428503,low-fidelity RED
2-Propionyl-3-Methyl Furan,CCC(=O)C1=C(C=CO1)C,23747-34-4,7.091,1.121,0.8370334521391604,low-fidelity RED
1-(5-Methyl-2-Furyl) Propan-1-One,CCC(=O)C1=CC=C(O1)C,10599-69-6,7.61,1.104,0.8370334521391604,low-fidelity RED
2-Propionyl Pyrrole,CCC(=O)C1=CC=CN1,1073-26-3,6.959,1.11,0.7369701486491833,low-fidelity RED
2-Propanoyl Thiophene,CCC(=O)C1=CC=CS1,13679-75-9,7.185,1.127,0.4038873605350877,low-fidelity RED
2-Propionyl Thiazole,CCC(=O)C1=NC=CS1,43039-98-1,7.047,1.074,0.463680924774785,low-fidelity RED
2-Propionyl-2-Thiazoline,CCC(=O)C1=NCCS1,29926-42-9,6.691,1.053,0.8724964183307574,low-fidelity RED
1-(Methyl Thio)-3-Pentanone,CCC(=O)CCSC,66735-69-1,6.654,1.027,0.9766012492312304,low-fidelity RED
1-(Methyl Thio)-2-Butanone,CCC(=O)CSC,13678-58-5,6.237,0.8158,0.8634958019585279,low-fidelity RED
Sufentanyl ,CCC(=O)N(C1=CC=CC=C1)C2(CCN(CC2)CCC3=CC=CS3)COC,56030-54-7,6.638,1.617,0.5006246098625199,low-fidelity RED
Cyclotene Propionate,CCC(=O)OC1=C(CCC1=O)C,87-55-8,7.162,1.139,0.7057797106746557,low-fidelity RED
Maltyl Propionate,CCC(=O)OC1=C(OC=CC1=O)C,68555-63-5,7.452,1.251,0.687386354243376,low-fidelity RED
Para-Anisyl Propionate,CCC(=O)OCC1=CC=C(C=C1)OC,7549-33-9,8.077,1.172,0.9516433155337143,low-fidelity RED
Furfuryl Thiopropionate,CCC(=O)SCC1=CC=CO1,59020-85-8,6.897,1.135,0.7988272654335232,low-fidelity RED
Gardenia Amide,CCC(C)C(=O)N(C)C1=CC=CC=C1,84434-18-4,7.302,1.052,0.9526279441628831,low-fidelity RED
2-sec-Butyl-3-Methoxypyrazine,CCC(C)C1=NC=CN=C1OC,24168-70-5,6.804,1.15,0.9467048114380752,low-fidelity RED
2-Methyl Butyl Salicylate,CCC(C)COC(=O)C1=CC=CC=C1O,51115-63-0,8.182,1.089,0.9750000000000003,low-fidelity RED
"1,2-Butane Dithiol",CCC(CS)S,16128-68-0,5.584,0.7296,0.9559027147152581,low-fidelity RED
Bis(1-Mercaptopropyl) Sulfide,CCC(S)SC(S)CC,53897-60-2,5.413,0.7868,0.7697402159170329,low-fidelity RED
(E)-2-Hexen-1-Yl Salicylate,CCC\C=C\COC(=O)C1=CC=CC=C1O,68133-77-7,7.665,1.177,0.8838834764831845,low-fidelity RED
Phenobarbital ,CCC1(C(=O)NC(=O)NC1=O)C2=CC=CC=C2,50-06-6,6.542,1.132,0.8112490369793972,low-fidelity RED
2-Ethylbenzimidazole,CCc1[nH]c2ccccc2n1,1848-84-6,6.353,1.107,0.28062430400804583,low-fidelity RED
Benzbromarone,CCC1=C(C2=CC=CC=C2O1)C(=O)C3=CC(=C(C(=C3)Br)O)Br,3562-84-3,7.613,1.28,0.8503675675847477,low-fidelity RED
1-Ethyl-4-Nitrobenzene,CCC1=CC=C(C=C1)[N+](=O)[O-],100-12-9,6.704,1.193,0.42499999999999977,low-fidelity RED
Para-Ethyl Acetophenone,CCC1=CC=C(C=C1)C(=O)C,937-30-4,6.975,1.09,0.8219641111386802,low-fidelity RED
4-Ethyl Benzaldehyde,CCC1=CC=C(C=C1)C=O,4748-78-1,6.507,1.123,0.45000000000000073,low-fidelity RED
5-Ethyl-2-Thiophene Carboxaldehyde,CCC1=CC=C(S1)C=O,36880-33-8,6.811,1.203,0.8381527307120105,low-fidelity RED
2-Ethylpyridine,CCC1=CC=CC=N1,100-71-0,6.626,1.113,0.9568829604502325,low-fidelity RED
4-Ethylpyridine,CCC1=CC=NC=C1,536-75-4,6.332,1.093,0.9568829604502325,low-fidelity RED
2-Ethyl-5(Or 6)-Methoxypyrazine,CCC1=CN=C(C=N1)OC,68739-00-4,6.21,1.137,0.5573374202401995,low-fidelity RED
"5-Ethyl-6,7-Dihydro-5H-Cyclopentapyrazine",CCC1=CN=C2CCCC2=N1,52517-53-0,6.028,1.157,0.6937218462755808,low-fidelity RED
3-Ethylpyridine,CCC1=CN=CC=C1,536-78-7,6.378,1.177,0.9568829604502325,low-fidelity RED
2-Ethyl-6-Methyl Pyrazine,CCC1=NC(=CN=C1)C,13925-03-6,6.522,1.071,0.8295330011518524,low-fidelity RED
Coffee Pyrazine,CCC1=NC=C(N=C1)C,13360-64-0,6.396,1.148,0.8295330011518524,low-fidelity RED
2-Ethyl Pyrazine High,CCC1=NC=CN=C1,13925-00-3,6.26,1.111,0.5080600358225394,low-fidelity RED
Filbert Pyrazine,CCC1=NC=CN=C1C,15707-23-0,5.653,1.108,0.8295330011518524,low-fidelity RED
2-Acetyl-6-Ethyl Pyrazine,CCC1=NC=CN=C1C(=O)C,34413-34-8,6.459,1.065,0.5963430220938277,low-fidelity RED
2-Ethyl-3-Methoxypyrazine,CCC1=NC=CN=C1OC,25680-58-4,5.733,1.18,0.5573374202401995,low-fidelity RED
1-Hydroxy-2-Ethylanthrone,CCc1ccc2c(c1O)C(=O)c3ccccc3C2,108842-59 -7,7.897,1.301,0.7701460900374679,low-fidelity RED
"3,6-Diethyl-1,2,4,5-Tetrathiane And 3,5-Diethyl-1,2,4-Trithiolane Mixture",CCC1SC(CC)SSS1,54717-12-3,5.136,1.005,0.8003905296791062,low-fidelity RED
3-((2-Methyl-3-Furyl)Thio)-4-Heptanone,CCCC(=O)C(CC)SC1=C(OC=C1)C,61295-41-8,7.982,1.291,0.923985930628817,low-fidelity RED
4-Fluoropropiophenone,CCCC(=O)C1=CC=C(C=C1)F,582-83-2,6.232,1.191,0.79411900871343,high-fidelity RED
1-(2-Thienyl) Butanone,CCCC(=O)C1=CC=CS1,5333-83-5,7.652,1.246,0.5820223363411409,low-fidelity RED
Cyclotene Butyrate,CCCC(=O)OC1=C(CCC1=O)C,68227-51-0,7.689,1.174,0.8488963423174826,low-fidelity RED
"n-(Heptan-4-Yl)Benzo(D)(1,3)Dioxole-5-Carboxamide",CCCC(CCC)NC(=O)c1ccc2OCOc2c1,745047-51-2,7.108,1.4,0.40773766075750273,low-fidelity RED
2-Propyl Pyrazine,CCCC1=NC=CN=C1,18138-03-9,6.115,1.071,0.7607562027351473,low-fidelity RED
2-Methoxy-3-Propyl Pyrazine,CCCC1=NC=CN=C1OC,25680-57-3,5.739,1.185,0.6805328794408104,low-fidelity RED
2-Pentanoyl Furan,CCCCC(=O)C1=CC=CO1,3194-17-0,7.72,1.276,0.8792752697534488,low-fidelity RED
2-Pentanoyl Thiophene,CCCCC(=O)C1=CC=CS1,53119-25-8,7.959,1.24,0.6937218462755809,low-fidelity RED
Valsartan,CCCCC(=O)N(Cc1ccc(cc1)c2ccccc2c3[nH]nnn3)[C@@H](C(C)C)C(=O)O,137862-53-4,8.037,1.626,0.3517811819867572,low-fidelity RED
6-Shogaol,CCCCC\C=C\C(=O)CCC1=CC(=C(C=C1)O)OC,555-66-8,8.318,1.284,0.896521053852055,low-fidelity RED
Irbesartan (Form A),CCCCC1=NC2(CCCC2)C(=O)N1Cc3ccc(cc3)c4ccccc4c5[nH]nnn5,138402-11-6,6.874,1.625,0.5667892024377316,low-fidelity RED
Sedanenolide,CCCCC1C2=C(C=CCC2)C(=O)O1,62006-39-7,7.361,1.429,0.9086390922693127,low-fidelity RED
Losartan,CCCCc1nc(c(n1Cc2ccc(cc2)c3ccccc3c4[nH]nnn4)CO)Cl,114798-26-4,7.084,1.49,0.7288689868556626,low-fidelity RED
2-Furyl Pentyl Ketone,CCCCCC(=O)C1=CC=CO1,14360-50-0,7.964,1.288,0.9701803955966134,low-fidelity RED
2-Hydroxy-4-n-Octoxybenzophenone,CCCCCCCCOC1=CC(=C(C=C1)C(=O)C2=CC=CC=C2)O,1843-05-6,7.59,1.264,0.5477225575051659,low-fidelity RED
Hexyl Salicylate,CCCCCCOC(=O)C1=CC=CC=C1O,6259-76-3,7.933,1.011,0.9199184746487049,low-fidelity RED
Amyl Anthranilate,CCCCCOC(=O)C1=CC=CC=C1N,30100-15-3,7.716,1.062,0.9750000000000003,low-fidelity RED
Amyl Salicylate,CCCCCOC(=O)C1=CC=CC=C1O,2050-08-0,7.992,1.006,0.9698582370635412,low-fidelity RED
Butyl Paraben,CCCCOC(=O)C1=CC=C(C=C1)O,94-26-8,7.589,0.9931,0.7766112283504536,low-fidelity RED
Benzyl Butyl Phthalate,CCCCOC(=O)C1=CC=CC=C1C(=O)OCC2=CC=CC=C2,85-68-7,7.825,1.144,0.9219544457292885,high-fidelity RED
Butyl Anthranilate,CCCCOC(=O)C1=CC=CC=C1N,7756-96-9,7.675,1.064,0.8066132902450837,low-fidelity RED
Propyl 4-Hydroxybenzoate,CCCOC(=O)C1=CC=C(C=C1)O,94-13-3,7.274,1.008,0.9374166629626334,low-fidelity RED
Propyl Anthranilate,CCCOC(=O)C1=CC=CC=C1N,30954-98-4,7.36,1.076,0.6504805915628843,low-fidelity RED
Propyl Salicylate,CCCOC(=O)C1=CC=CC=C1O,607-90-9,7.637,1.021,0.8916277250063503,low-fidelity RED
"Propyl 2,5-Dichlorobenzoate",CCCOC(=O)c1cc(ccc1Cl)Cl,NA22109,6.904,1.143,0.7689278249614849,low-fidelity RED
2-Propoxypyrazine,CCCOc1cnccn1,,5.937,1.301,0.5208166663999914,low-fidelity RED
Propyl 2-Methyl-3-Furyl Disulfide,CCCSSC1=C(OC=C1)C,61197-09-9,6.369,1.186,0.9695359714832658,low-fidelity RED
Methyl Propyl Trisulfide,CCCSSSC,17619-36-2,4.954,0.7337,0.7830229881682916,low-fidelity RED
Ethyl Iodide,CCI,75-03-6,5.234,0.6388,0.8750000000000001,high-fidelity RED
1-Ethyl-2-Acetyl Pyrrole,CCN1C=CC=C1C(=O)C,39741-41-8,5.901,1.165,0.5414101956926924,low-fidelity RED
Tea Pyrrole,CCN1C=CC=C1C=O,2167-14-8,5.607,1.202,0.9762812094883315,low-fidelity RED
N-Ethyl-2-Pyrrolidone,CCN1CCCC1=O,2687-91-4,5.561,0.7819,0.9826622003516772,high-fidelity RED
Ethyl Ethyl Anthranilate,CCNC1=CC=CC=C1C(=O)OCC,38446-21-8,7.961,1.084,0.5533985905294668,low-fidelity RED
Ethyl α-Acetyl Cinnamate,CCOC(=O)C(=CC1=CC=CC=C1)C(=O)C,620-80-4,7.101,1.147,0.9663074045043849,low-fidelity RED
Ethyl 2-(Methyl Dithio) Propionate,CCOC(=O)C(C)SSC,23747-43-5,7.128,0.8187,0.7909646009778186,low-fidelity RED
Flumazenil,CCOC(=O)C1=C2CN(C(=O)C3=C(N2C=N1)C=CC(=C3)F)C,78755-81-4,7.128,1.496,0.2291287847477914,low-fidelity RED
Ethyl Para-Anisate,CCOC(=O)C1=CC=C(C=C1)OC,94-30-4,8.099,1.075,0.5129571132170792,low-fidelity RED
Ethyl Methyl Anthranilate,CCOC(=O)C1=CC=CC=C1NC,35472-56-1,7.458,1.22,0.4344536799245692,low-fidelity RED
Ethyl Ortho-Anisate,CCOC(=O)C1=CC=CC=C1OC,7335-26-4,7.466,1.11,0.6289872812704564,low-fidelity RED
Ethyl Nicotinate,CCOC(=O)C1=CN=CC=C1,614-18-6,7.174,1.162,0.4616546328154839,low-fidelity RED
WS-5,CCOC(=O)CNC(=O)C1CC(CCC1C(C)C)C,68489-14-5,6.473,1.476,0.9031195934094218,low-fidelity RED
Cherry Oxyacetate,CCOC(=O)COC1=CC=C(C=C1)C,67028-40-4,7.749,1.085,0.9516433155337143,low-fidelity RED
Heliotropyl Diethyl Acetal,CCOC(C1=CC2=C(C=C1)OCO2)OCC,40527-42-2,6.858,1.274,0.9414085191881363,low-fidelity RED
"2,5-Dimethyl-4-Ethoxy-3(2H)-Furanone",CCOC1=C(OC(C1=O)C)C,65330-49-6,7.405,1.252,0.9762812094883311,low-fidelity RED
1-Bromo-4-Ethoxy Benzene,CCOC1=CC=C(Br)C=C1,588-96-5,7.016,0.9572,0.4007804885470351,high-fidelity RED
"Benzene, 1-Ethoxy-4-Nitro-",CCOC1=CC=C(C=C1)[N+](=O)[O-],100-29-8,7.401,1.155,0.1802775637731992,low-fidelity RED
4-Ethoxy Acetophenone,CCOC1=CC=C(C=C1)C(=O)C,1676-63-7,7.673,1.062,0.4077376607575022,high-fidelity RED
Homoanisaldehyde,CCOC1=CC=C(C=C1)C=O,10031-82-0,7.206,1.091,0.30923292192132407,low-fidelity RED
1-Chloro-4-Ethoxy Benzene,CCOC1=CC=C(C=C1)Cl,622-61-7,6.521,1.047,0.7441438033068611,high-fidelity RED
4-Ethoxyanisole,CCOC1=CC=C(C=C1)OC,5076-72-2,7.607,1.044,0.7250000000000002,low-fidelity RED
4-Ethoxyacetanilide,CCOC1=CC=C(NC(C)=O)C=C1,62-44-2,8.046,1.108,0.9565563234854494,low-fidelity RED
p-Diethoxybenzene,CCOC1=CC=C(OCC)C=C1,122-95-2,7.028,0.9119,0.891627725006351,low-fidelity RED
1-Chloro-2-Ethoxy Benzene,CCOC1=CC=CC=C1Cl,614-72-2,5.911,1.013,0.42573465914816006,high-fidelity RED
2-Ethoxyanisole,CCOC1=CC=CC=C1OC,17600-72-5,6.729,0.9989,0.8325412902673355,low-fidelity RED
Maraniol,CCOC1=CC2=C(C=C1)C(=CC(=O)O2)C,87-05-8,7.691,1.345,0.7075485849042453,low-fidelity RED
2-Methyl-6-Ethoxypyrazine,CCOC1=NC(=CN=C1)C,53163-97-6,6.808,1.21,0.5573374202401995,low-fidelity RED
2-Methyl-5-Ethoxypyrazine,CCOC1=NC=C(N=C1)C,67845-34-5,6.572,1.22,0.5573374202401995,low-fidelity RED
2-Methyl-3-Ethoxypyrazine,CCOC1=NC=CN=C1C,32737-14-7,6.375,1.158,0.5573374202401995,low-fidelity RED
2-Ethoxythiazole,CCOC1=NC=CS1,15679-19-3,6.12,1.188,0.7267220926874318,low-fidelity RED
5-Ethoxypyrimidine,CCOc1cncnc1,,6.606,1.12,0.59213596411635,low-fidelity RED
2-Ethoxypyrimidine,CCOc1ncccn1,,6.089,0.9989,0.59213596411635,low-fidelity RED
Methyl Ethoxypyrazine,CCOCC1=NC=CN=C1,65504-94-1,6.376,1.195,0.5999999999999996,low-fidelity RED
Ethyl Methyl Trisulfide,CCSSSC,31499-71-5,5.181,0.7243,0.5706356105256664,low-fidelity RED
Diethyl Trisulfide,CCSSSCC,3600-24-6,5.236,0.802,0.9775607398008577,low-fidelity RED
Pyrazon,Cl\C2=C(\C=N/N(c1ccccc1)C2=O)N,1698-60-8,5.735,1.125,0.40155946010522486,low-fidelity RED
Chloranil ,ClC(C(C(Cl)=C1Cl)=O)=C(C1=O)Cl,118-75-2,6.08,0.8998,0.5178078794301992,low-fidelity RED
"Tetrachloro-1,2-Benzoquinone ",ClC(C(Cl)=C(C1=O)Cl)=C(C1=O)Cl,2435-53-2,6.085,0.9425,0.5178078794301992,low-fidelity RED
"3,4-Dichlorotoluene",ClC(C=C(C)C=C1)=C1Cl,95-75-0,5.394,0.9134,0.9721111047611792,high-fidelity RED
2-Chloro-4-Methylaniline,ClC(C=C(C)C=C1)=C1N,615-65-6,5.495,0.9617,0.8986100377805714,high-fidelity RED
Benzoyl Chloride,ClC(C1=CC=CC=C1)=O,98-88-4,6.074,0.8802,0.628490254498827,high-fidelity RED
Butanedioyl Dichloride,ClC(CCC(Cl)=O)=O,543-20-4,5.879,0.8762,0.8097067370350824,low-fidelity RED
Chloroacetylchloride,ClC(CCl)=O,79-04-9,5.456,0.7488,0.7632168761236874,high-fidelity RED
Trichloroacetic Anhydride,ClC(Cl)(Cl)C(=O)OC(=O)C(Cl)(Cl)Cl,4124-31-6,4.989,0.82,0.45961940777125576,low-fidelity RED
Pyroxychlor,ClC(Cl)(Cl)c1cc(OC)nc(Cl)c1,7159-34-4,5.223,1.1,0.8455767262643884,low-fidelity RED
Dichloroacetic Anhydride,ClC(Cl)C(=O)OC(=O)C(Cl)Cl,4124-30-5,5.856,1.019,0.9940447676035519,low-fidelity RED
Captafol,ClC(Cl)C(Cl)(Cl)SN1C(=O)C2C/C=C\CC2C1=O,6/1/25 0:00,5.302,1.222,0.7972609359550982,low-fidelity RED
Dichloroacetyl Chloride,ClC(Cl)C(Cl)=O,79-36-7,5.772,0.8961,0.6072478900745565,low-fidelity RED
"Benzal Chloride (Alpha,a-Dichlorobenzene)",ClC(Cl)C1=CC=CC=C1,98-87-3,5.436,0.8608,0.9250000000000003,high-fidelity RED
"1-Chloro-2,4-Dinitrobenzene",ClC1=C([N+]([O-])=O)C=C([N+]([O-])=O)C=C1,97-00-7,5.73,1.24,0.7420411039827912,low-fidelity RED
"1-Chloro-2,6-Dinitrobenzene",ClC1=C([N+]([O-])=O)C=CC=C1[N+]([O-])=O,606-21-3,5.136,0.9307,0.7420411039827912,low-fidelity RED
o-Chlorobenzoyl Chloride,ClC1=C(C=CC=C1)C(Cl)=O,609-65-4,6.731,0.8777,0.5338539126015655,low-fidelity RED
Tetrachlorothiophene,ClC1=C(Cl)C(=C(S1)Cl)Cl,6012-97-1,5.238,0.9345,0.9144670579085944,low-fidelity RED
"3,4-Dichlorophenyl Isocyanate",ClC1=C(Cl)C=CC(=C1)N=C=O,102-36-3,5.364,1.139,0.4190763653560053,low-fidelity RED
o-Dichlorobenzene,ClC1=C(Cl)C=CC=C1,95-50-1,5.482,0.744,0.907262365581203,high-fidelity RED
"1,3-Dichloro-5-Nitrobenzene",ClC1=CC(=CC(=C1)Cl)[N+]([O-])=O,618-62-2,5.19,1.084,0.5573374202401988,low-fidelity RED
m-Chlorobenzoyl Chloride,ClC1=CC=CC(=C1)C(Cl)=O,618-46-2,6.216,0.9946,0.6680194607943694,low-fidelity RED
2-Chloropyridine,ClC1=CC=CC=N1,109-09-1,5.926,1.007,0.32882366094914794,low-fidelity RED
2-Chlorothiophene,ClC1=CC=CS1,96-43-5,5.545,0.9919,0.8415016339853417,high-fidelity RED
Pentachloropyridine,Clc1c(Cl)c(Cl)nc(Cl)c1Cl,2176-62-7,5.71,0.8997,0.7830229881682916,low-fidelity RED
Picloram Ethylhexyl Ester,Clc1c(N)c(Cl)c(nc1Cl)C(=O)OC(C)CCCCCC,26952-20-5,8.259,1.474,0.5129571132170797,low-fidelity RED
"3-Buten-2-One, 4(3-Chlorophenyl)-",Clc1cc(/C=C/C(=O)C)ccc1,20766-36-3,6.114,1.285,0.9503288904374108,low-fidelity RED
Propyzamide,Clc1cc(C(=O)NC(C#C)(C)C)cc(Cl)c1,23950-58-5,5.208,1.301,0.28062430400804567,low-fidelity RED
Chloramben,Clc1cc(C(=O)OC)c(Cl)c(N)c1,7286-84-2,6.049,1.122,0.7022285952594066,low-fidelity RED
"Phosphoric Acid, 2-Chloro-1-(2,4,5-Trichlorophenyl)Ethenyl D",Clc1cc(C(OP(=O)(OC)OC)=[C@H]Cl)c(Cl)cc1Cl,961-11-5,5.209,1.448,0.07500000000000032,low-fidelity RED
Zoxamide,Clc1cc(cc(Cl)c1C)C(=O)NC(C(=O)CCl)(C)CC,156052-68-5,5.501,1.37,0.43874821936960606,low-fidelity RED
Chlorfenvinphos,Clc1cc(Cl)ccc1C(OP(=O)(OCC)OCC)=[C@H]Cl,470-90-6,5.692,1.427,0.4038873605350881,low-fidelity RED
"2,4-Dichlorobenzylamine",Clc1cc(Cl)ccc1CN,95-00-1,5.985,0.9699,0.792543374207368,low-fidelity RED
Pentanochlor,Clc1cc(NC(=O)C(C)CCC)ccc1C,2307-68-8,6.16,1.217,0.24748737341529112,low-fidelity RED
3-Chloroacetanilide,Clc1cc(NC(=O)C)ccc1,588-07-8,6.473,1.08,0.8204419540710971,low-fidelity RED
"1,1-Dimethyl-3-M-Chlorophenylurea",Clc1cc(NC(=O)N(C)C)ccc1,587-34-8,5.961,1.119,0.9303897032964196,low-fidelity RED
Chloropham,Clc1cc(NC(=O)OC(C)C)ccc1,101-21-3,6.931,1.161,0.4373213921133974,low-fidelity RED
Chlorbufam,Clc1cc(NC(=O)OC(C#C)C)ccc1,1967-16-4,6.663,1.221,0.160078105935821,low-fidelity RED
"Benzene, 1,2,3-Trichloro-5-Methoxy-",Clc1cc(OC)cc(Cl)c1Cl,54135-82-9,5.977,1.03,0.9890020222426246,low-fidelity RED
"1H-1,2,4-Triazole, 1-[2-(2,4-Dichlorophenyl)Pentyl]-",Clc1ccc(c(Cl)c1)C(CCC)Cn2ncnc2,66246-88-6,5.694,1.263,0.7284401142166733,low-fidelity RED
Imazalil,Clc1ccc(c(Cl)c1)C(OC\C=C)Cn2ccnc2,35554-44-0,5.682,1.379,0.7766112283504536,low-fidelity RED
Propiconazole,Clc1ccc(c(Cl)c1)C2(OCC(O2)CCC)Cn3ncnc3,60207-90-1,5.85,1.571,0.584166072277396,low-fidelity RED
(p-Chlorophenyl)Acetonitrile,Clc1ccc(cc1)CC#N,140-53-4,6.45,1.108,0.2410912690248238,low-fidelity RED
Metconazole,Clc1ccc(cc1)CC2C(O)(C(CC2)(C)C)Cn3ncnc3,125116-23-6,7.013,1.603,0.3297726489568233,low-fidelity RED
Tebuconazole,Clc1ccc(cc1)CCC(O)(C(C)(C)C)Cn2ncnc2,107534-96-3,7.732,1.488,0.939747306460625,low-fidelity RED
4-Chlorobenzylamine,Clc1ccc(cc1)CN,104-86-9,6.17,0.9821,0.82196411113868,low-fidelity RED
"Diethylcarbamothioic Acid, S-[(4-Chlorophenyl)Methyl]Ester",Clc1ccc(cc1)CSC(=O)N(CC)CC,28249-77-6,6.645,1.127,0.42866070498705633,low-fidelity RED
Neburon,Clc1ccc(NC(=O)N(CCCC)C)cc1Cl,555-37-3,6.492,1.23,0.37914377220257744,low-fidelity RED
Guanabenz,Clc1cccc(Cl)c1C=N\N=C(/N)N,5051-62-7,5.347,1.246,0.42793106921559204,low-fidelity RED
2-Chloroacetanilide,Clc1ccccc1NC(=O)C,533-17-5,6.385,1.078,0.9581883948368394,low-fidelity RED
5-Chloropyrimidine,Clc1cncnc1,17180-94-8,5.306,0.9877,0.5465802777268859,low-fidelity RED
Ipazine,Clc1nc(nc(n1)N(CC)CC)NC(C)C,1912-25-0,5.916,1.228,0.4636809247747845,low-fidelity RED
Trietazine,Clc1nc(nc(n1)N(CC)CC)NCC,1912-26-1,5.988,1.217,0.5344389581607984,low-fidelity RED
Terbuthylazine,Clc1nc(nc(n1)NC(C)(C)C)NCC,5915-41-3,5.91,1.108,0.7586995452746759,low-fidelity RED
Propazine,Clc1nc(nc(n1)NC(C)C)NC(C)C,139-40-2,6.039,1.053,0.5297405025104274,low-fidelity RED
"2-Chloro-4-Ethylamino-6-Isopropylamino-1,3,5-Triazine (Atrazine)",Clc1nc(nc(n1)NC(C)C)NCC,1912-24-9,6.661,1.158,0.7749999999999999,low-fidelity RED
Methazole,Clc2c(Cl)cc(N1OC(=O)N(C1=O)C)cc2,20354-26-1,6.73,1.454,0.9313968005098581,low-fidelity RED
Tebufenpyrad,Clc2c(nn(c2C(=O)NCc1ccc(cc1)C(C)(C)C)C)CC,119168-77-3,7.184,1.475,0.48023431780746406,low-fidelity RED
Bifenox,Clc2cc(Cl)ccc2Oc1cc(C(=O)OC)c([N+]([O-])=O)cc1,42576-02-3,6.097,1.276,0.7648529270389178,low-fidelity RED
"2,4-Dichloro-1-(3-Methoxy-4-Nitrophenoxy)Benzene",Clc2cc(Cl)ccc2Oc1ccc([N+]([O-])=O)c(OC)c1,32861-85-1,5.682,1.333,0.8246211251235328,low-fidelity RED
Nitrofen,Clc2cc(Cl)ccc2Oc1ccc([N+]([O-])=O)cc1,1836-75-5,6.043,1.265,0.87213817712562,low-fidelity RED
Diclofopmethyl,Clc2cc(Cl)ccc2Oc1ccc(OC(C(=O)OC)C)cc1,51338-27-3,7.385,1.273,0.8276472678623424,low-fidelity RED
Chlorpromazine,Clc2cc1N(c3c(Sc1cc2)cccc3)CCCN(C)C,50-53-3,5.334,1.521,0.6189709201569971,low-fidelity RED
Alpha(p-Chlorophenyl)Cinnamonitrile,Clc2ccc(C(/C#N)=C/c1ccccc1)cc2,3695-93-0,6.164,1.204,0.7202430145443968,low-fidelity RED
Triadimefon,Clc2ccc(OC(C(=O)C(C)(C)C)n1ncnc1)cc2,43121-43-3,6.969,1.402,0.4227883631321942,low-fidelity RED
Tetrazepam,Clc3cc\1c(N(C(=O)C/N=C/1/C2=C/CCCC2)C)cc3,10379-14-3,5.945,1.426,0.7968688725254617,low-fidelity RED
Temazepam,Clc3cc\1c(N(C(=O)C/N=C/1c2ccccc2)C)cc3,846-50-4,5.817,1.171,0.832541290267336,low-fidelity RED
Metolachlor,ClCC(=O)N(c1c(cccc1CC)C)C(COC)C,51218-45-2,5.518,1.407,0.30618621784789724,low-fidelity RED
Acetochlor,ClCC(=O)N(c1c(cccc1CC)C)COCC,34256-82-1,5.536,1.362,0.2968585521759479,low-fidelity RED
"2-Chloro-2',6'-Diethyl-n-(2-Propoxyethyl)Acetanilide",ClCC(=O)N(c1c(cccc1CC)CC)CCOCCC,51218-49-6,6.055,1.341,0.8933784192602824,low-fidelity RED
Alachlor,ClCC(=O)N(c1c(cccc1CC)CC)COC,15972-60-8,5.395,1.255,0.2968585521759479,low-fidelity RED
Butachlor,ClCC(=O)N(c1c(cccc1CC)CC)COCCCC,23184-66-9,6.047,1.333,0.8591420138719795,low-fidelity RED
Propachlor,ClCC(=O)N(c1ccccc1)C(C)C,1918-16-7,6.42,1.068,0.744983221287567,low-fidelity RED
"2-Propanol, 1-Chloro-, Phosphate (3:1)",ClCC(OP(=O)(OC(CCl)C)OC(C)CCl)C,13674-84-5,5.019,1.018,0.9698582370635409,low-fidelity RED
 -Methylepichlorohydrin,ClCC1(OC1)C,598-09-4,5.308,1.058,0.7520804478245662,low-fidelity RED
3-Nitrobenzyl Chloride,ClCC1=CC([N+]([O-])=O)=CC=C1,619-23-8,5.237,1.303,0.45069390943299853,low-fidelity RED
3-Chlorobenzylchloride,ClCC1=CC(Cl)=CC=C1,620-20-2,5.598,1.124,0.9480242612929267,high-fidelity RED
4-Chlorobenzyl Chloride,ClCC1=CC=C(Cl)C=C1,104-83-6,5.8,1.021,0.7960841664045331,low-fidelity RED
Benzyl Chloride,ClCC1=CC=CC=C1,100-44-7,5.596,0.8911,0.9334077351297236,high-fidelity RED
2-Nitrobenzyl Chloride,ClCC1=CC=CC=C1[N+]([O-])=O,612-23-7,5.85,1.121,0.45893899376714586,low-fidelity RED
Epichlorohydrin,ClCC1CO1,106-89-8,5.01,0.9165,0.9127568131764342,high-fidelity RED
"1,3-Dichloro Propane",ClCCCCl,142-28-9,4.945,0.8293,0.8933784192602819,high-fidelity RED
Bis(3-Chloropropyl) Ether,ClCCCOCCCCl,629-36-7,5.291,0.9863,0.9360822613424531,low-fidelity RED
Di-(2-Chloroethyl) Ether,ClCCOCCCl,111-44-4,5.065,0.8052,0.12247448713915855,high-fidelity RED
"4-Bromo-N,N-Dimethylaniline",CN(C)C1=CC=C(Br)C=C1,586-77-6,5.926,0.902,0.9387491677759296,low-fidelity RED
Methyl Dimethyl Anthranilate,CN(C)C1=CC=CC=C1C(=O)OC,10072-05-6,6.376,1.086,0.7403546447480429,low-fidelity RED
"N,N-Dimethyl-3-Nitroaniline",CN(C)c1cccc(c1)[N+]([O-])=O,619-31-8,5.695,1.204,0.4344536799245695,low-fidelity RED
N-Methylacetoanilide,CN(C1=CC=CC=C1)C(C)=O,579-10-2,6.639,0.9745,0.22912878474779186,low-fidelity RED
Ranitidine,CN/C(=C\[N+](=O)[O-])/NCCSCC1=CC=C(O1)CN(C)C,66357-35-5,6.284,1.674,0.7420411039827909,low-fidelity RED
Nicotine,CN1[C@@H](C2=CC=CN=C2)CCC1,54-11-5,5.737,1.35,0.3840572873934305,high-fidelity RED
5-Chloro-2-Methyl-4-Isothiazolin-3-One,CN1C(=O)C=C(S1)Cl,26172-55-4,6.076,1.187,0.8173891362135908,low-fidelity RED
Diazepam,CN1C(=O)CN=C(C2=C1C=CC(=C2)Cl)C3=CC=CC=C3,53320-84-6,5.817,1.171,0.832541290267336,low-fidelity RED
Nicergoline,CN1CC(CC2(C1CC3=CN(C4=CC=CC2=C34)C)OC)COC(=O)C5=CC(=CN=C5)Br,27848-84-6,7.099,1.738,0.9453835200594523,low-fidelity RED
Clozapine,CN1CCN(CC1)/C2=N/c4cc(Cl)ccc4Nc3ccccc23,5786-21-0,5.48,1.394,0.5390964663211957,low-fidelity RED
N-Methylaniline,CNC1=CC=CC=C1,100-61-8,5.771,0.9575,0.8821139382188675,high-fidelity RED
Methyl-N-Methyl Anthranilate,CNC1=CC=CC=C1C(=O)OC,85-91-6,6.856,1.149,0.41382363393117133,low-fidelity RED
Methyl Furfuracrylate,COC(=O)\C=C\C1=CC=CO1,623-18-7,7.18,1.16,0.9663074045043849,low-fidelity RED
"Benzene-1,2,4-Tricarboxylic Acid Trimethyl Ester",COC(=O)C1=C(C(=O)OC)C=C(C(=O)OC)C=C1,10/1/59 0:00,7.102,1.193,0.4756574397610115,low-fidelity RED
Benzaldehyde / Methyl Anthranilate Schiff's Base,COC(=O)C1=CC=CC=C1N=CC2=CC=CC=C2,37837-44-8,6.903,1.019,0.9581883948368404,low-fidelity RED
Methyl Nicotinate,COC(=O)C1=CN=CC=C1,93-60-7,6.941,1.195,0.37165171868296215,low-fidelity RED
Methyl Furfuryl Mercaptopropionate,COC(=O)CCSCc1ccco1,94278-26-9,8.019,1.196,0.873212459828649,low-fidelity RED
Methyl 2-(Methyl Thio) Acetate,COC(=O)CSC,16630-66-3,6.278,0.7972,0.9581883948368395,low-fidelity RED
"3,4-Dimethoxybenzaldehyde",COC(C=C(C=O)C=C1)=C1OC,120-14-9,6.841,1.088,0.6174544517614232,low-fidelity RED
o-Chloroanisole,COC(C=CC=C1)=C1Cl,766-51-8,5.568,1.018,0.8325412902673359,low-fidelity RED
"3,4-Dimethoxystyrene",COC1=C(C=C(C=C1)C=C)OC,6380-23-0,6.65,1.127,0.9182183836103482,low-fidelity RED
"n-(2-(3,4-Dimethoxyphenyl)Ethyl)-3,4-Dimethoxycinnamic Acid Amide",COC1=C(C=C(C=C1)CCNC(=O)C=CC2=CC(=C(C=C2)OC)OC)OC,69444-90-2,7.826,1.372,0.6726812023536859,low-fidelity RED
Eugenyl Benzoate,COC1=C(C=CC(=C1)CC=C)OC(=O)C2=CC=CC=C2,531-26-0,7.515,1.229,0.9953014618697195,low-fidelity RED
Eugenyl Formate,COC1=C(C=CC(=C1)CC=C)OC=O,10031-96-6,7.054,1.228,0.9263503656824451,low-fidelity RED
"2,6-Dichloroanisole",COC1=C(Cl)C=CC=C1Cl,1984-65-2,5.373,0.9553,0.4387482193696064,high-fidelity RED
m-Chloroanisole,COC1=CC(Cl)=CC=C1,2845-89-8,6.256,1.076,0.9437293044088441,low-fidelity RED
"1,3,5-Trimethoxybenzene",COC1=CC(OC)=CC(OC)=C1,621-23-8,6.53,0.9949,0.5999999999999998,low-fidelity RED
m-Dimethoxybenzene,COC1=CC(OC)=CC=C1,151-10-0,6.657,0.9431,0.696419413859206,low-fidelity RED
"2,4-Dinitroanisole",COC1=CC=C([N+]([O-])=O)C=C1[N+]([O-])=O,119-27-7,6.64,1.237,0.5623610939600998,low-fidelity RED
p-Bromoanisole ,COC1=CC=C(Br)C=C1,104-92-7,6.976,0.9381,0.461654632815485,low-fidelity RED
p-Methylanisole,COC1=CC=C(C)C=C1,104-93-8,6.844,0.9246,0.9839334327077218,low-fidelity RED
(E)-Para-Methoxycinnamaldehyde,COC1=CC=C(C=C1)\C=C\C=O,24680-50-0,6.758,1.166,0.21505813167606588,low-fidelity RED
Para-Anisaldehyde Dimethyl Acetal,COC1=CC=C(C=C1)C(OC)OC,2186-92-7,7.374,1.099,0.9045026257562772,low-fidelity RED
Para-Methoxycinnamaldehyde,COC1=CC=C(C=C1)C=CC=O,1963-36-6,6.758,1.166,0.21505813167606588,low-fidelity RED
Para-Anisaldehyde / Methyl Anthranilate Schiff's Base,COC1=CC=C(C=C1)C=NC2=CC=CC=C2C(=O)OC,14735-72-9,8.221,1.154,0.5793315113128235,low-fidelity RED
Anisic Aldehyde,COC1=CC=C(C=C1)C=O,68894-36-0,7.163,1.077,0.48283019789569914,low-fidelity RED
Para-Anisyl Acetaldehyde,COC1=CC=C(C=C1)CC=O,5703-26-4,7.646,1.1,0.25124689052802207,low-fidelity RED
Para-Anisyl Formate,COC1=CC=C(C=C1)COC=O,122-91-8,7.977,1.202,0.6519202405202649,low-fidelity RED
p-Fluoroanisole,COC1=CC=C(C=C1)F,459-60-9,6.079,1.055,0.4506939094329989,high-fidelity RED
4-Chloroanisole,COC1=CC=C(Cl)C=C1,623-12-1,6.479,1.03,0.4387482193696067,high-fidelity RED
p-Iodoanisole,COC1=CC=C(I)C=C1,696-62-8,6.987,0.8932,0.9394147114027968,low-fidelity RED
p-Dimethoxybenzene,COC1=CC=C(OC)C=C1,150-78-7,6.987,0.8932,0.5728219618694798,low-fidelity RED
Meta-Anisaldehyde,COC1=CC=CC(=C1)C=O,591-31-1,7.008,1.03,0.2839454172900138,low-fidelity RED
Ortho-Methoxycinnamaldehyde,COC1=CC=CC=C1\C=C\C=O,1504-74-1,7.012,1.199,0.27950849718747395,low-fidelity RED
o-Bromoanisole,COC1=CC=CC=C1Br,578-57-4,6.35,1.058,0.45825756949558427,high-fidelity RED
Dimethyl Salicylate,COC1=CC=CC=C1C(=O)OC,606-45-1,7.083,1.036,0.3824264635194595,low-fidelity RED
7-Methoxycoumarin,COC1=CC2=C(C=C1)C=CC(=O)O2,531-59-9,7.538,1.158,0.37165171868296254,low-fidelity RED
5-Methoxy-1H-Indole,COC1=CC2=C(C=C1)NC=C2,1006-94-6,7.062,1.196,0.9817076958035933,low-fidelity RED
Reserpine,COC1C(CC2CN3CCC4=C(C3CC2C1C(=O)OC)NC5=C4C=CC(=C5)OC)OC(=O)C6=CC(=C(C(=C6)OC)OC)OC,8048-25-7,8.077,1.94,0.9130991183874834,low-fidelity RED
"2,5-Dimethoxystyrene",COc1ccc(OC)c(C=C)c1,14568-68-4,7.075,1.233,0.9182183836103482,low-fidelity RED
"2,6-Dimethoxystyrene",COc1cccc(OC)c1C=C,21897-50-7,6.181,1.102,0.9182183836103482,low-fidelity RED
"2-Methoxy-1,3-Dioxolane",COC1OCCO1,19693-75-5,4.963,0.9465,0.7566372975210776,high-fidelity RED
Methoxymethyl Pyrazine,COCC1=NC=CN=C1,63450-30-6,5.906,1.108,0.47037219305566963,low-fidelity RED
Methyl 2-Thiofuroate,CSC(=O)C1=CC=CO1,13679-61-3,7.452,1.081,0.5297405025104275,low-fidelity RED
Tris(Methyl Thio) Methane,CSC(SC)SC,5418-86-0,5.316,0.8814,0.9370832406995661,low-fidelity RED
α-Benzylidene Methional,CSC/C(=C/C1=CC=CC=C1)/C=O,65887-08-3,6.838,1.018,0.6451743950281972,low-fidelity RED
Pyrazinyl Methyl Sulfide,CSC1=NC=CN=C1,21948-70-9,5.876,1.049,0.7960841664045331,low-fidelity RED
2-(Methyl Thio) Acetaldehyde,CSCC=O,23328-62-3,5.564,0.8895,0.6093028803476971,low-fidelity RED
Furfuryl Methyl Sulfide,CSCC1=CC=CO1,1438-91-1,6.668,0.9793,0.8547660498639384,low-fidelity RED
"2-Methyl Thio-3,5 Or 6-Methyl Pyrazine",CSCC1=NC=CN=C1,67952-65-2,6.202,1.149,0.16770509831248395,low-fidelity RED
Methialdol,CSCCC=C(CSC)C=O,59902-01-1,6.409,1.128,0.49560569003997546,low-fidelity RED
4-Methyl Thiobutyraldehyde,CSCCCC=O,42919-64-2,6.179,0.9503,0.7035623639735137,low-fidelity RED
3-Methyl Mercaptopropyl Amine,CSCCCN,4104-45-4,5.842,0.9716,0.9778803607803973,low-fidelity RED
Methyl Thiomethyl Mercaptan,CSCS,29414-47-9,5.401,0.7308,0.4394598957811738,low-fidelity RED
Bis(Methyl Thio) Methane,CSCSC,1618-26-4,5.309,0.7291,0.9250000000000003,low-fidelity RED
"2,4,6-Trithiaheptane 10% In Triacetin",CSCSCSC,6540-86-9,5.275,0.9266,0.8500000000000003,low-fidelity RED
"2,3,5-Trithiahexane",CSCSSC,42474-44-2,5.278,0.8613,0.41003048667141834,low-fidelity RED
Dimethyl Disulfide,CSSC,624-92-0,5.063,0.6266,0.7582875444051544,high-fidelity RED
Methyl Phenyl Disulfide,CSSC1=CC=CC=C1,14173-25-2,5.882,0.8132,0.8881159834165808,low-fidelity RED
Methyl Benzyl Disulfide,CSSCC1=CC=CC=C1,699-10-5,6.115,0.8632,0.9581883948368403,low-fidelity RED
Methyl Furfuryl Disulfide,CSSCC1=CC=CO1,57500-00-2,6.742,0.9826,0.4366062299143246,low-fidelity RED
Dimethyl Trisulfide,CSSSC,3658-80-8,5.063,0.6266,0.3010398644698078,low-fidelity RED
Allyl Methyl Trisulfide,CSSSCC=C,34135-85-8,5.16,0.8439,0.5612486080160914,low-fidelity RED
Methyl Furfuryl Trisulfide,CSSSCC1=CC=CO1,66169-00-4,6.742,0.9826,0.3482097069296026,low-fidelity RED
Dimethyl Tetrasulfide,CSSSSC,5756-24-1,5.292,0.6766,0.35000000000000053,low-fidelity RED
Niflumic Acid,FC(F)(F)c1cc(ccc1)Nc2ncccc2C(=O)O,15768-18-0,5.699,1.321,0.841872912024137,low-fidelity RED
n-[3-(1-Methylethoxy)Phenyl]-2-(Trifluoromethyl)Benzamide,FC(F)(F)c1ccccc1C(=O)Nc2cccc(OC(C)C)c2,66332-96-5,6.027,1.269,0.6269968101992223,low-fidelity RED
Tetraconazole,FC(F)C(F)(F)OCC(c1ccc(Cl)cc1Cl)Cn2ncnc2,112281-77-3,5.085,1.382,0.4562071897723667,low-fidelity RED
Flucythrinate,FC(F)Oc1ccc(cc1)C(C(=O)OC(C#N)c3cc(Oc2ccccc2)ccc3)C(C)C,70124-77-5,7.878,1.506,0.9400797838481585,low-fidelity RED
4-Fluoro-3-Nitrobenzofluoride,FC1=CC([N+]([O-])=O)=C(F)C=C1,364-74-9,5.229,1.143,0.7088723439378912,high-fidelity RED
p-Bromofluorobenzene,FC1=CC=C(C=C1)Br,460-00-4,5.06,0.9172,0.6373774391990983,low-fidelity RED
"4-Bromo-1,2-Difluorobenzene",Fc1cc(Br)ccc1F,348-61-8,5.729,0.9745,0.49749371855331004,low-fidelity RED
Flutriafol,Fc1ccc(cc1)C(O)(c2ccccc2F)Cn3ncnc3,76674-21-0,6.109,1.344,0.5249999999999995,low-fidelity RED
2-Chloro-1-Fluoro-4-Nitrobenzene,Fc1ccc(cc1Cl)[N+]([O-])=O,350-30-1,5.355,1.254,0.2883140648667696,low-fidelity RED
5-Fluoropyrimidine,Fc1cncnc1,675-21-8,5.095,1.021,0.7794228634059946,low-fidelity RED
Fluroxypyr Methylheptyl Ester,Fc1nc(OCC(=O)OC(C)CCCCCC)c(Cl)c(c1Cl)N,81406-37-3,7.422,1.498,0.8881159834165808,low-fidelity RED
2-Fluoropyrimidine,Fc1ncccn1,315-31-1,5.33,0.9751,0.7794228634059946,low-fidelity RED
2-Fluoropyrazine,Fc1nccnc1,4949-13-7,5.368,1.164,0.7794228634059946,low-fidelity RED
"Oxetane, 3,3-Bis(Fluoromethyl)-",FCC1(CF)COC1,338-61-4,4.998,0.9616,0.9334077351297241,low-fidelity RED
Iodobenzene ,IC1=CC=CC=C1,591-50-4,5.801,0.6692,0.9192388155425116,high-fidelity RED
"1,3-Diiodopropane",ICCCI,627-31-6,5.609,0.6739,0.9899494936611667,low-fidelity RED
"1,2-Diiodoethane",ICCI,624-73-7,5.332,0.6424,0.9669539802906857,low-fidelity RED
"N,N'-Bis(2-Methylphenyl)Guanidine",N(=C(/Nc1ccccc1C)N)\c2ccccc2C,97-39-2,7.101,1.149,0.9659839543180829,low-fidelity RED
"Pyazine, 2,6-Dimethyl-",n(cc(n1)C)cc1C,108-50-9,6.44,0.9725,0.49307707308289994,low-fidelity RED
"2,2'-Bipyidine",n(ccc1)c(c1)-c(ncc2)cc2,366-18-7,5.98,0.9857,0.6841966091702002,low-fidelity RED
"Benzenamine, n-Nitroso-n-Phenyl-",N(N=O)(C1=CC=CC=C1)C2=CC=CC=C2,86-30-6,6.388,1.017,0.9594920531197747,low-fidelity RED
9(Dicyanomethylene)Fluorene,N#C/C(C#N)=C3/c1ccccc1c2c3cccc2,1989-32-8,7.455,1.136,0.7697402159170325,low-fidelity RED
1-Cyclohexene-1-Carbonitrile,N#C\C1=C\CCCC1,1855-63-6,6.72,1.182,0.7778174593052023,low-fidelity RED
"Benzene, 1-Methoxy-4-(2-Cyano-2-Phenylethenyl)-",N#CC(=Cc1ccc(OC)cc1)c2ccccc2,7/5/32 0:00,7.662,1.24,0.5129571132170799,low-fidelity RED
"2,6-Dichlorobenzonitrile",N#CC(C(Cl)=CC=C1)=C1Cl,1194-65-6,5.438,1.002,0.7619875327064081,low-fidelity RED
Verapamil,N#CC(c1cc(OC)c(OC)cc1)(CCCN(CCc2ccc(OC)c(OC)c2)C)C(C)C,52-53-9,7.848,1.43,0.9113863066779097,low-fidelity RED
1-Naphthonitrile,N#CC1=C(C=CC=C2)C2=CC=C1,86-53-3,6.859,1.085,0.7766112283504532,low-fidelity RED
3-Aminobenzonitrile,N#CC1=CC(N)=CC=C1,2237-30-1,7.138,1.162,0.9874208829065748,low-fidelity RED
p-Bromobenzonitrile,N#CC1=CC=C(Br)C=C1,623-00-7,6.484,1.026,0.7115124735378846,high-fidelity RED
p-Tolunitrile,N#CC1=CC=C(C)C=C1,104-85-8,6.37,0.9859,0.5326818938165631,low-fidelity RED
4-Chlorobenzonitrile,N#CC1=CC=C(Cl)C=C1,623-03-0,5.989,1.072,0.5522680508593633,high-fidelity RED
o-Tolunitrile,N#CC1=CC=CC=C1C,529-19-1,5.962,1.092,0.6773108592072035,low-fidelity RED
Piperine,N1(CCCCC1)C(\C=C/C=C/C2=CC3=C(C=C2)OCO3)=O,94-62-2,6.818,1.515,0.4479118216792234,low-fidelity RED
"Pyidine, 3-Chloro-",N1=CC(=CC=C1)Cl,626-60-8,5.582,1.044,0.32882366094914794,low-fidelity RED
N(Tert-Butyl)-2-Benzothiazolylsulfenamide,n1c2ccccc2sc1SNC(C)(C)C,95-31-8,6.669,1.184,0.8905756565278439,low-fidelity RED
2(4'-Morpholinodithio)Benzothiazole,n1c3ccccc3sc1SSN2CCOCC2,95-32-9,5.925,1.414,0.7968688725254617,low-fidelity RED
5-Methylpyrimidine,n1cc(cnc1)C,2036-41-1,5.993,0.9476,0.34003676271838595,low-fidelity RED
5-(Dimethylamino)Pyrimidine,n1cc(N(C)C)cnc1,,5.773,1.11,0.5273755777432247,low-fidelity RED
"Isoquinoline, 1,2,3,4-Tetahydo-",N1CCC2=C(C1)C=CC=C2,91-21-4,5.983,0.9088,0.9698582370635414,low-fidelity RED
3-Vinylpyridine,n1cccc(\C=C)c1,1121-55-7,6.182,1.13,0.8678277478854894,low-fidelity RED
"N,N-Dimethylpyridin-2-Amine",n1ccccc1N(C)C,1122-58-3,6.267,1.016,0.7862092596758193,low-fidelity RED
2-Methylpyrimidine,n1cccnc1C,5053-43-0,5.925,1.041,0.34003676271838595,low-fidelity RED
2-(Dimethylamino)Pyrimidine,n1cccnc1N(C)C,2/3/21 0:00,5.775,1.053,0.5273755777432247,low-fidelity RED
Cinnoline,n1nccc2ccccc12,253-66-7,6.532,1.044,0.619475584668194,low-fidelity RED
Quinazoline,n2c1c(cccc1)cnc2,253-82-7,5.875,1.122,0.619475584668194,low-fidelity RED
p-Aminoazobenzene,NC(C=C2)=CC=C2 N=N\C1=CC=CC=C1,60-09-3,6.155,0.9183,0.9766012492312309,low-fidelity RED
Methyl Anthranilate,NC1=C(C(OC)=O)C=CC=C1,134-20-3,6.978,0.9364,0.8299096336348913,low-fidelity RED
Ethyl 2-Aminobenzoate,NC1=C(C(OCC)=O)C=CC=C1,87-25-2,7.334,0.9607,0.6633249580710799,low-fidelity RED
Ethyl 4-Aminobenzoate,NC1=CC=C(C(OCC)=O)C=C1,94-09-7,7.23,0.994,0.7470776398741968,low-fidelity RED
Dimethyl  Isosorbide,O([C@@H]1[C@H]2OC[C@@H](OC)[C@H]2OC1)C,5306-85-4,6.17,0.7871,0.9113863066779088,high-fidelity RED
Dimethyl Sulfite,O(C)S(=O)OC,616-42-2,5.911,0.9088,0.755810822891548,low-fidelity RED
Papaverine,O(c1ccc(cc1OC)Cc3nccc2cc(OC)c(OC)cc23)C,58-74-2,6.935,1.493,0.8778524933039717,low-fidelity RED
1-Methoxy-4-Propoxybenzene,O(c1ccc(OC)cc1)CCC,20743-94-6,7.223,1.109,0.9236476600955584,low-fidelity RED
6-Methoxyquinoline,O(c1ccc2ncccc2c1)C,5263-87-6,6.912,1.215,0.71632743909472,low-fidelity RED
Prometone,O(c1nc(nc(n1)NC(C)C)NC(C)C)C,1610-18-0,6.922,1.091,0.7399324293474374,low-fidelity RED
Atratone,O(c1nc(nc(n1)NC(C)C)NCC)C,1610-17-9,7.54,1.185,0.9937303457175893,low-fidelity RED
2-Methoxypyrimidine,O(c1ncccn1)C,931-63-5,6.239,1.034,0.8200609733428359,low-fidelity RED
2-Methoxypyrazine,O(c1nccnc1)C,3149-28-8,5.869,1.151,0.8200609733428359,low-fidelity RED
2-Ethoxypyrazine,O(c1nccnc1)CC,38028-67-0,6.088,1.227,0.59213596411635,low-fidelity RED
Chocolate Pyrazine A,O(c1nccnc1C)C,68378-13-2,6.169,1.18,0.4636809247747856,low-fidelity RED
"6-Ethoxy-1,2-Dihydro-2,2,4-Trimethylquinoline",O(c2ccc1c(\C(=C/C(N1)(C)C)C)c2)CC,91-53-2,7.105,1.319,0.9414085191881363,low-fidelity RED
Tri-p-Cresyl Phosphate,O(P(=O)(OC1=CC=C(C=C1)C)OC2=CC=C(C=C2)C)C3=CC=C(C)C=C3,78-32-0,5.962,1.149,0.31324910215354196,low-fidelity RED
Tri-M-Cresyl Phosphate,O(P(OC1=CC(=CC=C1)C)(=O)OC2=CC(=CC=C2)C)C3=CC(=CC=C3)C,563-04-2,6.463,1.196,0.7850159234053793,low-fidelity RED
m-Dinitrobenzene,O=[N+]([O-])C1=CC([N+]([O-])=O)=CC=C1,99-65-0,5.512,1.114,0.7369701486491838,low-fidelity RED
m-Nitrobenzoic Acid,O=[N+]([O-])C1=CC(C(O)=O)=CC=C1,121-92-6,5.646,1.266,0.7866066361276132,low-fidelity RED
Nitrobenzene,O=[N+]([O-])C1=CC=CC=C1,98-95-3,5.535,0.9324,0.9708243919473799,high-fidelity RED
"Benzenamine, 4-Methyl-3-Nitro-",O=[N+]([O-])c1c(ccc(N)c1)C,119-32-4,5.785,1.158,0.9685685313905256,low-fidelity RED
"Ethyl 3,5-Dinitrobenzoate",O=[N+]([O-])c1cc(cc([N+]([O-])=O)c1)C(=O)OCC,618-71-3,6.646,1.172,0.4879805323985781,low-fidelity RED
"Benzene, Methyldinitro-",O=[N+]([O-])c1cc(ccc1C)[N+]([O-])=O,25321-14-6,6.053,1.199,0.395284707521048,low-fidelity RED
Dinitrobenzenes,O=[N+]([O-])c1ccccc1[N+]([O-])=O,25154-54-5,5.864,0.8853,0.7537406715840663,low-fidelity RED
"2,4-Dinitrostilbene",O=[N+]([O-])c2cc(ccc2\C=C\c1ccccc1)[N+]([O-])=O,2486-13-7,6.174,1.249,0.8204419540710977,low-fidelity RED
4-Nitrochalcone,O=[N+]([O-])c2ccc(\C=C\C(=O)c1ccccc1)cc2,1222-98-6,6.587,1.311,0.6432340165134312,low-fidelity RED
"2,5-Dinitrotoluene",O=[N+](C(C=C1)=CC(C)=C1[N+]([O-])=O)[O-],619-15-8,6.376,1.156,0.395284707521048,low-fidelity RED
p-Bromonitrobenzene,O=[N+](C(C=C1)=CC=C1Br)[O-],586-78-7,6.356,1.039,0.9890020222426235,high-fidelity RED
"2,5-Dichloronitrobenzene",O=[N+](C(C=C1Cl)=C(C=C1)Cl)[O-],89-61-2,5.095,1.1,0.5573374202401988,low-fidelity RED
m-Bromonitrobenzene,O=[N+](C1=CC(Br)=CC=C1)[O-],585-79-5,5.839,1.155,0.5159941860137576,low-fidelity RED
"5-Nitro-1,3-Dimethylbenzene",O=[N+](C1=CC(C)=CC(C)=C1)[O-],99-12-7,5.96,0.9778,0.5099019513592785,low-fidelity RED
Triphenyl Phosphate,O=[P](OC2=CC=CC=C2)(OC3=CC=CC=C3)OC1=CC=CC=C1,115-86-6,5.993,1.068,0.8444672877027273,high-fidelity RED
Diphenyl Sulfoxide,O=[S](C2=CC=CC=C2)C1=CC=CC=C1,945-51-7,6.758,1.006,0.5297405025104273,low-fidelity RED
Cinnamaldehyde,O=C([H])/C=C/C1=CC=CC=C1,104-55-2,5.583,1.027,0.5601339125602022,low-fidelity RED
"2,3-Dimethoxylbenzaldehyde",O=C([H])C1=C(OC)C(OC)=CC=C1,86-51-1,6.91,1.144,0.6174544517614232,low-fidelity RED
"2,4-Dimethoxylbenzaldehyde",O=C([H])C1=C(OC)C=C(OC)C=C1,613-45-6,7.18,1.069,0.6174544517614232,low-fidelity RED
p-Dimethylaminobenzaldehyde,O=C([H])C1=CC=C(N(C)C)C=C1,100-10-7,6.118,1.039,0.4301162633521313,low-fidelity RED
"3-Buten-2-One, 4-(2-Furanyl)-",O=C(\C=C\C1=CC=CO1)C,623-15-4,6.488,1.215,0.5550900827793624,low-fidelity RED
Benzoil Bromide,O=C(Br)C1=CC=CC=C1,618-32-6,6.477,1.022,0.5099019513592786,low-fidelity RED
Methyl 4-Methoxybenzoate,O=C(C(C=C1)=CC=C1OC)OC,121-98-2,8.048,1.083,0.2806243040080456,low-fidelity RED
o-Nitrobenzoic Acid,O=C(C(C=CC=C1)=C1[N+]([O-])=O)O,552-16-9,6.095,1.049,0.9354143466934852,low-fidelity RED
Diallyl Phthalate,O=C(C(C=CC=C1)=C1C(OCC=C)=O)OCC=C,131-17-9,7.454,1.158,0.9864709828474433,low-fidelity RED
Phenyl Salicylate,O=C(C(C=CC=C2)=C2O)OC1=CC=CC=C1,118-55-8,7.457,0.9755,0.7866066361276135,low-fidelity RED
Deoxycortisone {21-Deoxycortisone},O=C(C)[C]3(O)CC[C@H]2[C@@H]4CC\C1=C\C(=O)CC[C]1(C)[C@H]4C(=O)C[C]23C,1882-82-2,7.477,1.355,0.3508917211904548,low-fidelity RED
Dimethyl Isophthalate,O=C(C1=CC(C(OC)=O)=CC=C1)OC,1459-93-4,7.066,1.076,0.5488624600025039,low-fidelity RED
m-Anisic Acid,O=C(C1=CC(OC)=CC=C1)O,586-38-9,6.884,1.127,0.9899494936611665,low-fidelity RED
Ethyl 4-Nitrobenzoate,O=C(C1=CC=C([N+]([O-])=O)C=C1)OCC,99-77-4,7.275,1.15,0.5105144464165531,low-fidelity RED
Benzaldehyde,O=C(C1=CC=CC=C1)[H],100-52-7,5.986,0.9117,0.43011626335213116,high-fidelity RED
Benzil  ,O=C(C1=CC=CC=C1)C(C2=CC=CC=C2)=O,134-81-6,6.594,0.7928,0.5968668193156663,low-fidelity RED
2-Bromoacetophenone,O=C(C1=CC=CC=C1)CBr,70-11-1,6.549,0.9237,0.29790938219532487,low-fidelity RED
Propiophenone,O=C(C1=CC=CC=C1)CC,93-55-0,6.642,0.8838,0.8810505093353052,low-fidelity RED
Ethyl Benzoylacetate,O=C(C1=CC=CC=C1)CC(OCC)=O,94-02-0,7.127,1.022,0.6368869601428494,low-fidelity RED
Benzoic Anhydride,O=C(C1=CC=CC=C1)OC(C2=CC=CC=C2)=O,93-97-0,6.641,0.9639,0.5208166663999912,low-fidelity RED
Butyl Benzoate,O=C(C1=CC=CC=C1)OCCCC,136-60-7,7.414,0.9786,0.8789197915623473,high-fidelity RED
Ethyl 2-Furoate ,O=C(C1=CC=CO1)OCC,614-99-3,7.996,1.155,0.8514693182963197,low-fidelity RED
Butyl-Methoxydibenzoylmethane (B-Mdm) (Parsol1789),O=C(c1ccc(cc1)C(C)(C)C)CC(=O)c2ccc(OC)cc2,70356-09-1,8.516,1.221,0.6344288770224761,low-fidelity RED
"Benzoic_Acid,_2-_4-(Diethylamino)-2-Hydroxybenzoyl_-",O=C(c1ccc(cc1O)N(CC)CC)c2ccccc2C(=O)O,5809-23-4,6.299,1.262,0.8696263565463046,low-fidelity RED
2-Hydroxy-4-Methoxy Benzophenone,O=C(c1ccc(OC)cc1O)c2ccccc2,131-57-7,7.28,1.199,0.6274950199005573,low-fidelity RED
Ketorolac,O=C(c1ccc2n1CCC2C(=O)O)c3ccccc3,74103-06-3,6.365,1.155,0.9344115795515374,low-fidelity RED
"9,10-Anthraquinone",O=C(C2=C1C=CC=C2)C(C=CC=C3)=C3C1=O,84-65-1,7.081,0.8737,0.7668930825088988,high-fidelity RED
Benzophenone,O=C(C2=CC=CC=C2)C1=CC=CC=C1,119-61-9,6.594,0.7928,0.5123475382979801,high-fidelity RED
Dibenzoylmethane,O=C(C2=CC=CC=C2)CC(C1=CC=CC=C1)=O,120-46-7,6.882,0.9042,0.5766281297335404,low-fidelity RED
Benzanilide,O=C(C2=CC=CC=C2)NC1=CC=CC=C1,93-98-1,6.14,1.051,0.5202163011671197,low-fidelity RED
Phenyl Benzoate,O=C(C2=CC=CC=C2)OC1=CC=CC=C1,93-99-2,7.194,0.9705,0.9750000000000001,low-fidelity RED
1-Benzo[B]Thien-2-Ylethan-1-One,O=C(c2sc1ccccc1c2)C,22720-75-8,7.422,1.048,0.7470776398741974,low-fidelity RED
Ocean Propanal / Methyl Anthranilate Schiff's Base,O=C(c3ccccc3N=CC(C)Cc1ccc2c(c1)OCO2)OC,111753-60-7,8.207,1.448,0.7022285952594072,low-fidelity RED
Dexamethasone,O=C(CO)[C]3(O)[C]2(C[C@H](O)[C]4(F)[C]/1(\C(=C/C(=O)\C=C\1)C\C[C@H]4[C@@H]2C[C@H]3C)C)C,50-02-2,7.826,1.534,0.5793315113128231,low-fidelity RED
Prednisone,O=C(CO)[C]3(O)CC[C@H]2[C@@H]4CC\C1=C\C(=O)\C=C/[C]1(C)[C@H]4C(=O)C[C]23C,53-03-2,7.739,1.396,0.8015609770940695,low-fidelity RED
Cortisone,O=C(CO)[C]3(O)CC[C@H]2[C@@H]4CC\C1=C\C(=O)CC[C]1(C)[C@H]4C(=O)\C[C]23C,53-06-5,7.609,1.365,0.9542667341996155,low-fidelity RED
Hydrocortisone,O=C(CO)C3(O)C2(CC(O)C4C1(/C(=C\C(=O)CC1)CCC4C2CC3)C)C,50-23-7,7.525,1.496,0.8923284148787369,low-fidelity RED
Diphenamid,O=C(N(C)C)C(c1ccccc1)c2ccccc2,957-51-7,6.921,1.045,0.7215434844830908,low-fidelity RED
N-Ethyl-n-Crotonoyl-2-Toluidine,O=C(N(c1ccccc1C)CC)/C=C/C,483-63-6,6.185,1.246,0.5320949163448193,low-fidelity RED
Napropamide,O=C(N(CC)CC)C(Oc2cccc1ccccc12)C,15299-99-7,8.257,1.139,0.39843443626273095,low-fidelity RED
Prochloraz,O=C(N(CCOc1c(Cl)cc(Cl)cc1Cl)CCC)n2ccnc2,67747-09-5,7.003,1.6,0.7862092596758198,low-fidelity RED
Taxol,O=C(N[C@@H](c1ccccc1)[C@@H](O)C(=O)O[C@H]5C[C]6(O)[C@@H](OC(=O)c2ccccc2)[C@H]3[C](C)([C@@H](O)C[C@H]4OC[C]34OC(C)=O)C(=O)[C@H](OC(C)=O)\C(=C5/C)[C]6(C)C)c7ccccc7,33069-62-4,7.921,2.043,0.7636262174650633,low-fidelity RED
Diethyl Carbamazine,O=C(N1CCN(C)CC1)N(CC)CC,90-89-1,5.794,1.157,0.7150174823037538,low-fidelity RED
N-Methylbenzamide,O=C(NC)c1ccccc1,613-93-4,6.084,1.054,0.9069178573608523,low-fidelity RED
Lidocaine,O=C(Nc1c(cccc1C)C)CN(CC)CC,137-58-6,6.264,1.248,0.5750000000000007,low-fidelity RED
3-Trifluoromethylacetanilide,O=C(Nc1cc(ccc1)C(F)(F)F)C,351-36-0,5.869,1.163,0.6504805915628841,low-fidelity RED
Fluometuron,O=C(Nc1cc(ccc1)C(F)(F)F)N(C)C,2164-17-2,5.358,1.177,0.5749999999999993,low-fidelity RED
Acebutolol,O=C(Nc1ccc(OCC(O)CNC(C)C)c(c1)C(=O)C)CCC,37517-30-9,8.698,1.398,0.5947688626685155,low-fidelity RED
3-Fluoroacetanilide,O=C(Nc1cccc(F)c1)C,351-28-0,6.251,1.091,0.8760707733967616,low-fidelity RED
Butyranilide,O=C(Nc1ccccc1)CCC,1129-50-6,7.615,1.091,0.41079191812887444,low-fidelity RED
o-Acetoacetotoluidide,O=C(Nc1ccccc1C)CC(=O)C,93-68-5,7.221,1.198,0.9222933372848355,low-fidelity RED
Siduron,O=C(NC1CCCCC1C)Nc2ccccc2,1982-49-6,6.995,1.139,0.5105144464165534,low-fidelity RED
Isouron,O=C(Nc1noc(c1)C(C)(C)C)N(C)C,55861-78-4,6.385,1.18,0.986154146165801,low-fidelity RED
Isoxaben,O=C(Nc1onc(c1)C(CC)(C)CC)c2c(OC)cccc2OC,82558-50-7,7.651,1.413,0.2549509756796392,low-fidelity RED
Carboxine,O=C(Nc2ccccc2)C1=C(OCCS1)C,5234-68-4,6.599,1.223,0.9154916711800276,low-fidelity RED
2-Acetylaminofluorene,O=C(Nc3ccc2c1ccccc1Cc2c3)C,53-96-3,7.724,1.206,0.9864709828474422,low-fidelity RED
N-Ethylbenzamide,O=C(NCC)c1ccccc1,614-17-5,6.59,1.01,0.610327780786685,low-fidelity RED
Ketoprofen,O=C(O)C(c2cc(C(=O)c1ccccc1)ccc2)C,22071-15-4,7.092,1.084,0.8116341540373966,low-fidelity RED
Melphalan,O=C(O)C(N)Cc1ccc(N(CCCl)CCCl)cc1,148-82-3,6.586,1.218,0.9698582370635414,low-fidelity RED
2-(4-Ethylbenzoyl)Benzoic Acid,O=C(O)c2ccccc2C(=O)c1ccc(cc1)CC,1151-14-0,6.67,1.173,0.5884301147969915,low-fidelity RED
Fenbufen,O=C(O)CCC(=O)c2ccc(c1ccccc1)cc2,36330-85-5,7.192,1.034,0.79411900871343,low-fidelity RED
Methomyl,O=C(O\N=C(\SC)C)NC,16752-77-5,5.927,1.039,0.8810505093353048,low-fidelity RED
Aldicarb,O=C(O\N=C\C(SC)(C)C)NC,116-06-3,5.975,1.152,0.9990620601344035,low-fidelity RED
(S)-Boc-Piperazine,O=C(OC(C)(C)C)N1C[C@@H](NCC1)C,147081-29 -6,5.574,1.356,0.8192984804086977,low-fidelity RED
Rac-Boc-Piperazine,O=C(OC(C)(C)C)N1CCNCC1,57260-71-6,5.618,1.237,0.813172798364529,low-fidelity RED
Isopropyl-n-Phenyl Carbamate,O=C(OC(C)C)Nc1ccccc1,122-42-9,7.313,0.9872,0.5706356105256658,low-fidelity RED
Methyl Dichloroacetate,O=C(OC)C(Cl)Cl,116-54-1,5.905,0.9856,0.9940447676035526,low-fidelity RED
Haloxyfop-Methyl,O=C(OC)C(Oc2ccc(Oc1ncc(cc1Cl)C(F)(F)F)cc2)C,69806-40-2,6.425,1.56,0.7163274390947201,low-fidelity RED
Dimethyl Terephthalate,O=C(OC)C1=CC=C(C(OC)=O)C=C1,120-61-6,7.013,0.9442,0.3905124837953332,low-fidelity RED
Methyl-p-Toluate,O=C(OC)C1=CC=C(C)C=C1,99-75-2,6.869,0.9683,0.7786205751198721,high-fidelity RED
Methyl Benzoate,O=C(OC)C1=CC=CC=C1,93-58-3,6.838,0.9275,0.3391164991562637,high-fidelity RED
Methyl 2-Nitrobenzoate,O=C(OC)C1=CC=CC=C1[N+]([O-])=O,606-27-9,6.632,1.097,0.5153882032022074,low-fidelity RED
Dimethyl Phthalate,O=C(OC)C1=CC=CC=C1C(OC)=O,131-11-3,6.928,0.8976,0.5937171043518956,high-fidelity RED
Methyl Thiophene-2-Carboxylate,O=C(OC)C1=CC=CS1,5380-42-7,7.2,1.105,0.5202163011671204,low-fidelity RED
Methyl p-Aminobenzoate {Methyl 4-Aminobenzoate},O=C(OC)c1ccc(N)cc1,619-45-4,7.202,1.071,0.9555757426808194,low-fidelity RED
Methyl 5-Pyrimidinecarboxylate,O=C(OC)c1cncnc1,34253-01-5,6.838,1.126,0.946044396421225,low-fidelity RED
Methyl 2-Pyrimidinecarboxylate,O=C(OC)c1ncccn1,34253-03-7,7.007,1.116,0.946044396421225,low-fidelity RED
Methyl 2-Pyrazinecarboxylate,O=C(OC)c1nccnc1,6164-79-0,7.112,1.235,0.946044396421225,low-fidelity RED
Cinnamyl Anthranilate,O=C(OC\C=C\c1ccccc1)c2ccccc2N,87-29-6,7.053,1.272,0.7508328708840605,low-fidelity RED
Trimethacarb,O=C(Oc1cc(c(c(c1)C)C)C)NC,2686-99-9,6.996,1.207,0.7044501401802685,low-fidelity RED
Mexacarbate,O=C(Oc1cc(c(c(c1)C)N(C)C)C)NC,315-18-4,6.696,1.293,0.8591420138719794,low-fidelity RED
Methiocarb,O=C(Oc1cc(c(SC)c(c1)C)C)NC,2032-65-7,6.616,1.192,0.5678908345800278,low-fidelity RED
3-Methylphenylcarbamate,O=C(Oc1cc(ccc1)C)N,33222-69-4,7.706,1.074,0.6986594306241058,low-fidelity RED
Physostigmine,O=C(Oc1cc2c(cc1)N([C@H]3N(CC[C]23C)C)C)NC,57-47-6,6.735,1.47,0.5024937810560447,low-fidelity RED
p-Nitrophenyl Methacrylate,O=C(Oc1ccc(cc1)[N+]([O-])=O)\C(=C)C,16522-41-1,7.243,1.223,0.39449334595148733,low-fidelity RED
 (4-Tert-Butylphenyl) 2-Hydroxybenzoate,O=C(Oc1ccc(cc1)C(C)(C)C)c2ccccc2O,87-18-3,7.962,1.178,0.8916277250063505,low-fidelity RED
m-Nitrophenyl Methacrylate,O=C(Oc1cccc(c1)[N+]([O-])=O)C(\C)=C,,6.229,1.33,0.6344288770224762,low-fidelity RED
Phenmedipham,O=C(Oc1cccc(c1)NC(=O)OC)Nc2cc(ccc2)C,13684-63-4,6.886,1.295,0.4138236339311715,low-fidelity RED
Desmedipham,O=C(Oc1cccc(c1)NC(=O)OCC)Nc2ccccc2,13684-56-5,7.2,1.28,0.30516389039334196,low-fidelity RED
Bendiocarb,O=C(Oc1cccc2OC(Oc12)(C)C)NC,22781-23-3,6.326,1.356,0.5226136240091716,low-fidelity RED
"2-(1-Methylpropyl)Phenol, Methylcarbamate",O=C(Oc1ccccc1C(C)CC)NC,3766-81-2,7.521,1.168,0.812788410350443,low-fidelity RED
Propoxur (Baygon),O=C(Oc1ccccc1OC(C)C)NC,114-26-1,7.098,1.177,0.3840572873934302,low-fidelity RED
2-Pyridyl Methacrylate,O=C(Oc1ccccn1)C(C)=C,,6.931,1.179,0.7968688725254611,low-fidelity RED
Carbofuran,O=C(Oc2cccc1c2OC(C1)(C)C)NC,1563-66-2,6.932,1.328,0.4153311931459037,low-fidelity RED
Carbaryl,O=C(Oc2cccc1ccccc12)NC,63-25-2,7.528,1.159,0.6882949948968108,low-fidelity RED
Cortisone Acetate,O=C(OCC(=O)[C]3(O)CC[C@H]2[C@@H]4CC\C1=C\C(=O)CC[C]1(C)[C@H]4C(=O)C[C]23C)C,50-04-4,7.841,1.435,0.32403703492039254,low-fidelity RED
"Betamethasone 17, 21-Dipropionate",O=C(OCC(=O)[C]3(OC(=O)CC)[C]2(C[C@H](O)[C]4(F)[C]/1(\C(=C/C(=O)\C=C\1)CC[C@H]4[C@@H]2C[C@@H]3C)C)C)CC,5593-20-4,7.206,1.58,0.9127568131764346,low-fidelity RED
Ethylphthalyl Ethylglycolate (Epeg),O=C(OCC(=O)OCC)c1ccccc1C(=O)OCC,84-72-0,7.379,1.097,0.7254309064273449,low-fidelity RED
Isobutyl Paraben,O=C(OCC(C)C)c1ccc(O)cc1,2/3/47 0:00,7.926,1.011,0.9347459547919964,low-fidelity RED
Isobutyl n-Phenylcarbamate,O=C(OCC(C)C)Nc1ccccc1,2291-80-7,8.083,1.134,0.7656696415556775,low-fidelity RED
Nitrendipine,O=C(OCC)\C1=C(\N/C(=C(/C(=O)OC)C1c2cccc([N+]([O-])=O)c2)C)C,39562-70-4,6.284,1.351,0.9604686356149275,low-fidelity RED
Quizalofop-Ethyl,O=C(OCC)C(Oc3ccc(Oc1nc2ccc(Cl)cc2nc1)cc3)C,76578-14-8,8.231,1.516,0.7284401142166739,low-fidelity RED
Fenoxaprop-Ethyl,O=C(OCC)C(Oc3ccc(Oc1nc2ccc(Cl)cc2o1)cc3)C,66441-23-4,8.174,1.449,0.6133922073192648,low-fidelity RED
Ethyl Benzoate,O=C(OCC)C1=CC=CC=C1,93-89-0,7.073,0.8851,0.8518362518700416,high-fidelity RED
Diethyl Phthalate,O=C(OCC)C1=CC=CC=C1C(OCC)=O,84-66-2,7.491,0.9544,0.807774721070175,high-fidelity RED
Monoethyl Phthalate (Mep),O=C(OCC)c1ccccc1C(=O)O,2306-33-4,7.085,0.9937,0.6349212549600145,low-fidelity RED
Ethyl 2-Pyrimidinecarboxylate,O=C(OCC)c1ncccn1,,7.51,1.078,0.7881941385217224,low-fidelity RED
Ethyl 2-Pyrazinecarboxylate,O=C(OCC)c1nccnc1,6924-68-1,7.632,1.241,0.7881941385217224,low-fidelity RED
Ethyl p-Anisoylacetate,O=C(OCC)CC(=O)c1ccc(OC)cc1,2881-83-6,8.148,1.191,0.3691205765058355,low-fidelity RED
Ethyl Carbanilate ,O=C(OCC)NC1=CC=CC=C1,101-99-5,7.389,1.041,0.4286607049870561,low-fidelity RED
Ethyl N-Benzylcarbamate,O=C(OCC)NCc1ccccc1,2621-78-5,7.56,0.9441,0.5226136240091721,low-fidelity RED
Fenoxycarb,O=C(OCC)NCCOc2ccc(Oc1ccccc1)cc2,72490-01-8,7.642,1.268,0.25000000000000017,low-fidelity RED
Benzyl Paraben,O=C(OCc1ccccc1)c2ccc(O)cc2,94-18-8,7.436,1.022,0.8429857650043683,low-fidelity RED
Propyl p-Aminobenzoate {Risocaine},O=C(OCCC)c1ccc(N)cc1,94-12-2,7.256,1.1,0.6750000000000004,low-fidelity RED
2-[3-(Benzotriazol-2-Yl)-4-Hydroxy-Phenyl]Ethyl 2-Methylprop-2-En Oate,O=C(OCCc1cc(c(O)cc1)n2nc3ccccc3n2)\C(=C)C,96478-09-0,7.739,1.358,0.7798236980241116,low-fidelity RED
Phenethyl 2-Hydroxybenzoate,O=C(OCCc1ccccc1)c2ccccc2(O),608-84-4,7.649,1.045,0.7721722605740253,low-fidelity RED
Dibutyl Phthalate,O=C(OCCCC)C1=CC=CC=C1C(OCCCC)=O,84-74-2,7.829,1.052,0.7516648189186452,high-fidelity RED
"Butyl 2,5-Dichlorobenzoate",O=C(OCCCC)c1cc(Cl)ccc1Cl,NA22037,7.217,1.129,0.8200609733428363,low-fidelity RED
Butyl p-Aminobenzoate (Butamben),O=C(OCCCC)c1ccc(N)cc1,94-25-7,7.571,1.087,0.880695747690427,low-fidelity RED
Monobutyl Phthalate (Mbp),O=C(OCCCC)c1ccccc1C(=O)O,131-70-4,7.424,1.083,0.7549834435270752,low-fidelity RED
Pentyl p-Aminobenzoate,O=C(OCCCCC)c1ccc(N)cc1,13110-37-7,7.612,1.085,0.8710625695092168,low-fidelity RED
Hexyl p-Aminobenzoate,O=C(OCCCCCC)c1ccc(N)cc1,13476-55-6,7.554,1.089,0.9300537618869142,low-fidelity RED
Heptyl Paraben,O=C(OCCCCCCC)c1ccc(O)cc1,1085-12-7,7.572,0.9955,0.9192388155425116,low-fidelity RED
Procaine,O=C(OCCN(CC)CC)c1ccc(N)cc1,59-46-1,6.533,1.187,0.9171968163922065,low-fidelity RED
Dibenzoyl Peroxide ,O=C(OOC(C2=CC=CC=C2)=O)C1=CC=CC=C1,94-36-0,6.84,0.9042,0.4743416490252572,low-fidelity RED
"2,5-Dimethyl-3-Thiofuroyl Furan",O=C(Sc1cc(C)oc1C)c2ccco2,65505-16-0,8.012,1.352,0.8558621384311849,low-fidelity RED
Cycloate,O=C(SCC)N(CC)C1CCCCC1,1134-23-2,6.506,1.155,0.8366600265340757,low-fidelity RED
"Hexahydro-1H-Azepine-1-Carbothioic Acid, S-Ethyl Ester",O=C(SCC)N1CCCCCC1,2212-67-1,5.916,1.063,0.40311288741492723,low-fidelity RED
"s-Benzyl N(1,2-Dimethylpropyl)-N-Ethylthiocarbamate",O=C(SCc1ccccc1)N(C(C)C(C)C)CC,85785-20-2,7.343,1.012,0.9141252649391112,low-fidelity RED
o-Ethyl S-(2-Furyl Methyl) Thiocarbonate,O=C(SCc1ccco1)OCC,376595-42-5,7.586,1.029,0.5623610939601,low-fidelity RED
2-Isopropyl-4-Methyl-6-Hydroxypyrimidine,O=C/1/N=C(\N\C(=C\1)C)C(C)C,2814-20-2,6.63,1.171,0.9633924433998843,low-fidelity RED
"9-Methoxy-7H-Furo(3,2-G)Benzopyran-7-One",O=C/3Oc2c(OC)c1occc1cc2\C=C\3,298-81-7,7.384,1.186,0.7420411039827921,low-fidelity RED
2-(Methyl Thio) Methyl-2-Butenal,O=C/C(=C/C)CSC,40878-72-6,6.16,0.919,0.666145629723712,low-fidelity RED
Prednisolone,O=C\1\C=C/[C]4(/C(=C/1)CC[C@@H]2[C@@H]4[C@@H](O)C[C]3([C](O)(C(=O)CO)CC[C@@H]23)C)C,50-24-8,7.756,1.462,0.7766112283504533,low-fidelity RED
Methandienone,O=C\1\C=C/[C]4(/C(=C/1)CC[C@@H]3[C@@H]4CC[C]2([C@H]3CC[C]2(O)\C)C)C,72-63-9,6.824,1.34,0.9384162189561733,low-fidelity RED
4-Pyridinol,O=C\1\C=C/N/C=C/1,626-64-2,6.96,1.004,0.9902651160169176,low-fidelity RED
3-Formyl-6-Isopropylchromone,O=C\1c2c(O/C=C/1C=O)ccc(c2)C(C)C,49619-58-1,6.786,1.213,0.38487010795851573,low-fidelity RED
Flavone,O=C\1c3c(O/C(=C/1)c2ccccc2)cccc3,525-82-6,6.844,1.073,0.6204836822995432,low-fidelity RED
5-Methyl-3(2H)-Furanone,O=C\1COC(/C)=C/1,3511-32-8,6.88,1.065,0.942403841248538,low-fidelity RED
Ouabain,O=C\1OC/C(=C/1)[C@H]2CC[C]6(O)[C]2(C)C[C@@H](O)C4C6CC[C]5(O)C[C@@H](O[C@@H]3O[C@H]([C@H](O)[C@@H](O)[C@H]3O)C)C[C@@H](O)[C]45CO,36-06-6,8.193,1.682,0.8933784192602817,low-fidelity RED
"Trans,Trans-2,4-Hexadienal",O=C\C=C\C=C\C,142-83-6,5.248,1.066,0.9532837982468807,low-fidelity RED
"1,1'-Methylenebis(Isocyanatobenzene)",O=C=NC(C=C2)=CC=C2CC1=CC=C(N=C=O)C=C1,26447-40-5,6.311,1.164,0.9620940702446928,low-fidelity RED
Toluene Diisocyanate,O=C=NC1=CC(N=C=O)=CC=C1C,584-84-9,5.645,1.238,0.11456439237389647,low-fidelity RED
Phenyl Isocyanate,O=C=NC1=CC=CC=C1,103-71-9,5.672,0.9633,0.4776243293635701,low-fidelity RED
Sethoxydim,O=C1/C(C(=O)CC(CC(SCC)C)C1)=C(\NOCC)CCC,74051-80-2,8.864,1.501,0.6642665127793209,low-fidelity RED
N-Methyl-2-Pyridone,O=C1/C=C\C=C/N1C,694-85-9,6.481,0.9745,0.47037219305566935,low-fidelity RED
Creatinine,O=C1/N=C(/N)N(C)C1,60-27-5,6.852,1.003,0.9276987657639736,low-fidelity RED
Hexazinone,O=C1/N=C(\N(C(=O)N1C2CCCCC2)C)N(C)C,51235-04-2,6.881,1.336,0.4854121959736906,low-fidelity RED
"5,6-Indolequinone",O=C1\C=C\2/C(=C\C1=O)N/C=C/2,,6.904,1.102,0.551135192126215,high-fidelity RED
"2,4(1H,3H)-Pyrimidinedione, 5-Bromo-6-Methyl-3-(1-Methylprop",O=C1C(\Br)=C(/NC(=O)N1C(CC)C)C,314-40-9,6.891,1.358,0.6446898479113816,low-fidelity RED
Uracil,O=C1C(\N(CCCl)CCCl)=C/NC(=O)N1,66-75-1,5.881,1.222,0.8965210538520553,low-fidelity RED
"(Z)-Carvone-5,6-Oxide",O=C1C[C@@H](C[C@@H]2O[C]12C)C(=C)C,18383-49-8,6.689,1.422,0.9650129532809387,low-fidelity RED
2-Cyclopenten-1-One,O=C1C=CCC1,930-30-3,6.508,0.9686,0.39764934301467214,low-fidelity RED
"1H-Inden-1-One, 2,3-Dihydo-",O=C1C2=C(CC1)C=CC=C2,83-33-0,7.42,1.015,0.44791182167922333,low-fidelity RED
3-Methylcyclopentanone,O=C1CC(C)CC1,1757-42-2,6.37,1.101,0.7632168761236867,low-fidelity RED
3-Methyl Cyclohexanone,O=C1CC(C)CCC1,591-24-2,7.043,1.095,0.7668930825088988,high-fidelity RED
"Cyclohexanone, 4-Methyl-",O=C1CCC(C)CC1,589-92-4,6.494,0.9657,0.9127568131764338,low-fidelity RED
Cyclobutanone,O=C1CCC1,1191-95-3,6.458,0.8188,0.7586995452746756,high-fidelity RED
Cyclopentanone,O=C1CCCC1,120-92-3,7.023,0.7057,0.9663074045043848,high-fidelity RED
Cyclohexanone,O=C1CCCCC1,108-94-1,7.224,0.7114,0.6403124237432847,high-fidelity RED
2-Piperidinone,O=C1CCCCN1,675-20-7,6.495,1.068,0.5963430220938283,low-fidelity RED
N-n-Butyl Pyrrolidone,O=C1CCCN1CCCC,3470-98-2,5.923,0.9192,0.799218368157289,high-fidelity RED
n-Vinylpyrrolidone,O=C1N(\C=C)CCC1,25249-54-1,5.734,0.9439,0.567890834580028,low-fidelity RED
"1,3-Dimethyluracil",O=C1N(C(=O)\C=C/N1C)C,874-14-6,6.265,1.123,0.42204857540335317,low-fidelity RED
Triallyl Isocyanurate,O=C1N(C(=O)N(C(=O)N1C\C=C)C\C=C)C\C=C,1025-15-6,6.581,1.046,0.6446898479113814,low-fidelity RED
"1,5-Dimethyl-2-Pyrrolidinone",O=C1N(C)C(C)CC1,5075-92-3,6.834,1.019,0.9020809276334355,low-fidelity RED
"1,3-Dimethylimidazolidin-2-One",O=C1N(C)CCN1C,80-73-9,6.386,0.7431,0.863495801958527,low-fidelity RED
Isocil,O=C1N/C(=C(/Br)C(=O)N1C(C)C)C,314-42-1,6.377,1.203,0.8170067319184093,low-fidelity RED
Terbacil,O=C1N/C(=C(/Cl)C(=O)N1C(C)(C)C)C,5902-51-2,5.78,1.294,0.7664854858377945,low-fidelity RED
Vinbarbital,O=C1NC(=O)NC(=O)C1(\C=C)C(C)CCC,2430-49-1,6.444,1.29,0.7992183681572893,low-fidelity RED
Pento Barbital,O=C1NC(=O)NC(=O)C1(C(C)CCC)CC,76-74-4,6.174,1.248,0.9192388155425116,low-fidelity RED
5-Ethyl-5-(2-Methylbutyl)-Barbituric Acid {Pentobarbital},O=C1NC(=O)NC(=O)C1(CC(C)CC)CC,36082-56-1,6.629,1.303,0.9006941767325904,low-fidelity RED
Amobarbital,O=C1NC(=O)NC(=O)C1(CCC(C)C)CC,57-43-2,6.474,1.2,0.9113863066779085,low-fidelity RED
Cyclosporine,O=C1NC(C(=O)N(C)C(C(=O)NC(C(=O)NC(C(=O)N(C)C(C(=O)N(C)C(C(=O)N(C)\C(C(=O)N(C(C(=O)NC(C(=O)N(C)CC(=O)N(C)C1CC(C)C)CC)C(O)C(C)C/C=C/C)C)C(C)C)CC(C)C)CC(C)C)C)C)CC(C)C)C(C)C,59865-13-3,8.005,1.656,0.5297405025104273,low-fidelity RED
Tetrahydromethylphthalic Anhydride,O=C1OC(=O)/C2=C/CCCC12C,11070-44-3,6.488,1.302,0.6731456008918129,low-fidelity RED
Dodecenylsuccinic Anhydride,O=C1OC(=O)CC1C=CCCCCCCCCCC,25377-73-5,7.297,1.182,0.8933784192602819,low-fidelity RED
Celeriax,O=C1OC(c2ccccc12)=CCC,17369-59-4,7.434,1.077,0.6864765108872992,low-fidelity RED
Phthalide ,O=C1OCC2=C1C=CC=C2,87-41-2,7.426,0.8483,0.5989574275355477,low-fidelity RED
"(S)-(+)-2,3,7,7A-Tetrahydro-7A-Methyl-1H-Indene-1,5(6H)-Dione",O=C2[C]1(/C(=C\C(=O)CC1)CC2)C,17553-86-5,6.959,1.193,0.3913118960624631,low-fidelity RED
Mestanolone,O=C2C[C@@H]1CC[C@@H]3[C@@H]([C]1(C)CC2)CC[C]4([C@H]3CC[C]4(O)C)C,521-11-9,6.626,1.331,0.886354895061792,low-fidelity RED
2-Pentylanthraquinone,O=C2c1c(cccc1)C(=O)c3c2ccc(c3)CCCCC,13936-21-5,7.706,1.119,0.39843443626273073,low-fidelity RED
Tanshinone Iia,O=C2c1c4c(ccc1C=3OCC(C=3C2=O)C)C(C)(C)CCC4,568-72-9,7.635,1.599,0.5153882032022078,low-fidelity RED
5-Methoxy-1-Tetralone,O=C2c1cccc(OC)c1CCC2,1458-98-6 ,6.438,1.235,0.28722813232690075,low-fidelity RED
n-Carboethoxyphthalimide,O=C2c1ccccc1C(=O)N2C(=O)OCC,22509-74-6,8.201,1.042,0.4670385423067344,low-fidelity RED
N(4-Bromobutyl)Phthalimide,O=C2c1ccccc1C(=O)N2CCCCBr,5394-18-3,6.469,1.144,0.5873670062235364,low-fidelity RED
Griseofulvin,O=C2c3c(OC21C(/OC)=C\C(=O)CC1C)c(Cl)c(OC)cc3OC,126-07-8,6.998,1.513,0.5612486080160912,low-fidelity RED
7-Methoxytetralin-2-One,O=C2Cc1c(ccc(OC)c1)CC2,4133-34-0,7.85,1.261,0.3640054944640256,low-fidelity RED
Metamitron,O=C2N(/C(=N\N=C2\c1ccccc1)C)N,41394-05-2,6.668,0.9691,0.8573214099741119,low-fidelity RED
3-Butylidene Phthalide,O=C2O/C(c1ccccc12)=C\CCC,551-08-6,7.355,1.174,0.8796306042879593,low-fidelity RED
"3-[2,4-Dichloro-5-(1-Methylethoxy)Phenyl]-5-(1,1-Dimethyleth",O=C2O\C(=N/N2c1c(Cl)cc(Cl)c(OC(C)C)c1)C(C)(C)C,19666-30-9,6.334,1.431,0.8979142498033986,low-fidelity RED
Vinclozolin,O=C2OC(C(=O)N2c1cc(Cl)cc(Cl)c1)(\C=C)C,50471-44-8,5.923,1.271,0.8547660498639384,low-fidelity RED
Chloroacetamide,O=C2OC(COc1c(OC)cccc1)CN2,70-07-2,7.912,1.352,0.8400148808205722,low-fidelity RED
Pilocarpine,O=C2OC[C@H](Cc1n(cnc1)C)[C@@H]2CC,92-13-7,7.522,1.395,0.8299096336348917,low-fidelity RED
Rofecoxib,O=C2OCC(=C2\c1ccccc1)\c3ccc(cc3)S(=O)(=O)C,162011-90-7,6.806,1.238,0.43445367992456896,low-fidelity RED
"Dibenzo[B,F]Cyclohepten-1-One",O=C3c1ccccc1\C=C/c2c3cccc2,2222-33-5,7.308,1.029,0.8958236433584464,low-fidelity RED
Estrone,O=C4[C]3(CC[C@@H]2c1ccc(O)cc1CC[C@H]2[C@@H]3CC4)C,53-16-7,7.625,1.487,0.7846177413237609,low-fidelity RED
Hydromorphone,O=C4[C@@H]5Oc1c2c(ccc1O)C[C@H]3N(CC[C]25[C@H]3CC4)C,466-99-9,7.238,1.485,0.9246621004453465,low-fidelity RED
Corticosterone,O=C4\C=C2/[C]([C@H]1[C@@H](O)C[C]3([C@@H](C(=O)CO)CC[C@H]3[C@@H]1CC2)C)(C)CC4,50-22-6,7.526,1.432,0.6408002808988148,low-fidelity RED
Cortexolone,O=C4\C=C2/[C]([C@H]1CC[C]3([C](O)(C(=O)CO)CC[C@H]3[C@@H]1CC2)C)(C)CC4,152-58-9,7.399,1.371,0.5522680508593629,low-fidelity RED
11-Deoxycorticosterone,O=C4\C=C2/[C]([C@H]1CC[C]3([C@@H](C(=O)CO)CC[C@H]3[C@@H]1CC2)C)(C)CC4,64-85-7,7.44,1.36,0.461654632815485,low-fidelity RED
Testosterone,O=C4\C=C2/[C]([C@H]1CC[C]3([C@@H](O)CC[C@H]3[C@@H]1CC2)C)(C)CC4,58-22-0,7.775,1.346,0.8764274071479051,low-fidelity RED
Nandrolone,O=C4\C=C2/[C@@H]([C@H]1CC[C]3([C@@H](O)CC[C@H]3[C@@H]1CC2)C)CC4,434-22-0,7.631,1.333,0.8721381771256204,low-fidelity RED
Methyltestosterone,O=C4\C=C3/[C]([C@H]2CC[C]1([C@@H](CC[C]1(O)C)[C@@H]2CC3)C)(C)\CC4,58-18-4,6.575,1.39,0.8979142498033987,low-fidelity RED
Spicy Acrolein,O=CC(=Cc1ccco1)c2ccccc2,57568-60-2,6.516,1.098,0.5733672470589859,low-fidelity RED
o-Tolualdehyde,O=CC(C=CC=C1)=C1C,529-20-4,6.424,1.054,0.2883140648667699,low-fidelity RED
o-Chlorobenzaldehyde,O=CC(C=CC=C1)=C1Cl,89-98-5,6.197,0.9942,0.2704163456597992,low-fidelity RED
m-Tolualdehyde,O=CC1=CC(C)=CC=C1,620-23-5,6.435,0.9689,0.35881750236018345,low-fidelity RED
m-Chlorobenzaldehyde,O=CC1=CC(Cl)=CC=C1,587-04-2,6.08,1.073,0.310241841149771,low-fidelity RED
"2,5-Dimethoxybenzaldehyde",O=CC1=CC(OC)=CC=C1OC,93-02-7,7.151,1.199,0.6174544517614232,low-fidelity RED
p-Isopropylbenzaldehyde,O=CC1=CC=C(C(C)C)C=C1,122-03-2,6.231,1.007,0.8403868156985806,low-fidelity RED
p-Tolualdehyde,O=CC1=CC=C(C)C=C1,104-87-0,6.044,0.9401,0.15811388300841953,low-fidelity RED
Terephthaldicarboxaldehyde,O=CC1=CC=C(C=O)C=C1,623-27-8,6.164,0.9259,0.7284401142166729,low-fidelity RED
4-Chlorobenzaldehyde,O=CC1=CC=C(Cl)C=C1,104-88-1,5.66,1.031,0.6067330549755795,high-fidelity RED
p-Anisaldehyde,O=CC1=CC=C(OC)C=C1,123-11-5,7.163,1.077,0.48283019789569914,low-fidelity RED
3-Cyclohexene-1-Carboxaldehyde,O=CC1CCC=CC1,100-50-5,5.264,0.9762,0.8400148808205723,low-fidelity RED
Tolualdehydes (Mixed O/M/P),O=Cc1cccc(c1)C,1334-78-7,6.435,0.9689,0.35881750236018345,low-fidelity RED
3-(Methylmercapto)Propanal,O=CCCSC,3268-49-3,5.905,0.9223,0.6294839156007082,low-fidelity RED
"Formamide, N-Methyl-n-Phenyl-",O=CN(C1=CC=CC=C1)C,93-61-8,6.011,0.9361,0.39528470752104716,low-fidelity RED
N-Formyl Hexamethylene Imine,O=CN1CCCCCC1,25114-81-2,5.524,0.9977,0.6349212549600145,high-fidelity RED
Benzyl Formate,O=COCC1=CC=CC=C1,104-57-4,6.881,1.042,0.9394147114027968,low-fidelity RED
Triethylphosphine Oxide,O=P(CC)(CC)CC,597-50-2,5.365,0.8587,0.7305819598101222,low-fidelity RED
Tributylphosphine Oxide,O=P(CCCC)(CCCC)CCCC,814-29-9,5.512,0.8813,0.9266876496425325,low-fidelity RED
Crotoxyphos,O=P(OC)(OC)O\C(=C\C(=O)OC(c1ccccc1)C)C,7700-17-6,6.68,1.414,0.6504805915628843,low-fidelity RED
Tri(Dimethylphenyl)Phosphate,O=P(Oc1cc(cc(c1)C)C)(Oc2cc(cc(c2)C)C)Oc3cc(cc(c3)C)C,25155-23-1,6.307,1.083,0.6864765108872993,low-fidelity RED
"Phosphoric Acid, Methylphenyl Diphenyl Ester",O=P(Oc1ccccc1)(Oc2ccccc2)Oc3ccc(cc3)C,26444-49-5,5.975,1.177,0.6108395861435308,low-fidelity RED
Tris (Isopropylphenyl) Phosphate,O=P(Oc1ccccc1C(C)C)(Oc2ccccc2C(C)C)Oc3ccccc3C(C)C,26967-76-0,6.365,1.193,0.8919781387455636,low-fidelity RED
Tricresyl Phosphate,O=P(OC2=C(C)C=CC=C2)(OC3=C(C)C=CC=C3)OC1=C(C)C=CC=C1,1330-78-5,5.772,1.103,0.9424038412485383,high-fidelity RED
"Phosphoric Acid, 2-Ethylhexyl Diphenyl Ester",O=P(OCC(CC)CCCC)(Oc1ccccc1)Oc2ccccc2,1241-94-7,7.303,1.29,0.7487489565935969,low-fidelity RED
Fenamiphos,O=P(OCC)(Oc1ccc(SC)c(c1)C)NC(C)C,22224-92-6,6.184,1.436,0.5963430220938278,low-fidelity RED
"Phosphoric Acid, Isodecyl Diphenyl Ester",O=P(OCCCCCCCC(C)C)(Oc1ccccc1)Oc2ccccc2,29761-21-5,6.632,1.343,0.876427407147905,low-fidelity RED
IBP,O=P(SCc1ccccc1)(OCC)OCC,13286-32-3,6.093,0.9624,0.7778174593052023,low-fidelity RED
Tributylphosphorotrithioate,O=P(SCCCC)(SCCCC)SCCCC,78-48-8,5.485,0.9412,0.32882366094914717,low-fidelity RED
Celecoxib,O=S(=O)(c3ccc(n1nc(cc1c2ccc(cc2)C)C(F)(F)F)cc3)N,169590-42-5,5.33,1.48,0.7386643351347074,low-fidelity RED
Valdecoxib (S),O=S(=O)(N)c3ccc(c2c(onc2c1ccccc1)C)cc3,181695-72-7,6.155,1.383,0.5820223363411406,low-fidelity RED
N-n-Butyl Benzenesulfonamide,O=S(=O)(NCCCC)c1ccccc1,3622-84-2,6.161,1.05,0.9516433155337137,low-fidelity RED
Ethofumesate,O=S(=O)(Oc2cc1c(OC(OCC)C1(C)C)cc2)C,26225-79-6,6.625,1.534,0.8177713616898064,low-fidelity RED
Methyl Phenyl Sulfoxide,O=S(c1ccccc1)C,1193-82-4,6.807,0.9375,0.5178078794301989,low-fidelity RED
Benzyl Sulfoxide,O=S(CC2=CC=CC=C2)CC1=CC=CC=C1,621-08-9,6.574,1.068,0.3482097069296028,low-fidelity RED
Ethyl p-Toluenesulfonate,O=S(OCC)(C1=CC=C(C)C=C1)=O,80-40-0,6.41,1.009,0.696419413859206,low-fidelity RED
Probenazole,O=S2(=O)/N=C(/OC\C=C)c1ccccc12,27605-76-1,7.304,1.299,0.622996789718856,low-fidelity RED
Rotenone,O1C[C@@H]3[C@H](C2=C1C=C(OC)C(=C2)OC)C(C5=C(O3)C4=C(O[C@H](C4)C(=C)C)C=C5)=O,83-79-4,8.465,1.729,0.7491662031885854,low-fidelity RED
Dibenzo 18 Crown 6,O1c3c(OCCOCCOc2ccccc2OCCOCC1)cccc3,14187-32-7,5.636,0.9372,0.7668930825088982,low-fidelity RED
"1,2-Epoxy-3-Phenoxypropane",O1CC1COC2=CC=CC=C2,122-60-1,6.77,1.046,0.5984354601792912,low-fidelity RED
Benzo 18 Crown 6,O1CCOc2ccccc2OCCOCCOCCOCC1,14098-24-9,5.636,0.9372,0.6093028803476969,low-fidelity RED
"1,2-Epoxy-4-(Epoxyethyl)Cyclohexane",O3C(C1CC2OC2CC1)C3,106-87-6,5.351,1.095,0.8965210538520554,low-fidelity RED
m-Acetylbenzoic Acid,OC(C1=CC(C(C)=O)=CC=C1)=O,586-42-5,5.951,1.094,0.7202430145443965,low-fidelity RED
m-Chlorobenzoic Acid,OC(C1=CC(Cl)=CC=C1)=O,535-80-8,5.512,1.085,0.9565563234854494,low-fidelity RED
Ancymidol,OC(c1cncnc1)(c2ccc(OC)cc2)C3CC3,12771-68-5,8.111,1.335,0.8280247580839598,low-fidelity RED
Benzoin,OC(C2=CC=CC=C2)C(C1=CC=CC=C1)=O,579-44-2,6.906,1.043,0.9171968163922074,low-fidelity RED
Cafestol,OC[C]5(O)C[C]31C[C@@H]5CC[C@H]1[C]4(C)CCc2occc2[C@H]4CC3,469-83-0,7.742,1.427,0.9320675941153626,low-fidelity RED
"Picric Acid (2,4,6-Trinitrophenol)",OC1=C([N+]([O-])=O)C=C([N+]([O-])=O)C=C1[N+]([O-])=O,88-89-1,6.275,0.9969,0.46165463281548474,high-fidelity RED
Ethyl Salicylate,OC1=C(C(OCC)=O)C=CC=C1,118-61-6,7.612,0.9119,0.9555757426808199,low-fidelity RED
Salen,Oc2ccccc2/C=N/CC/N=C/c1ccccc1O,94-93-9,7.518,0.9241,0.707548584904245,low-fidelity RED
Ethyl Methyl Sulfite,S(=O)(OC)OCC,10315-59-0,5.845,0.9967,0.9823441352194243,low-fidelity RED
Terbutryne,S(c1nc(nc(n1)NC(C)(C)C)NCC)C,886-50-0,6.315,1.113,0.5431390245600107,low-fidelity RED
Prometryne,S(c1nc(nc(n1)NC(C)C)NC(C)C)C,7287-19-6,6.444,1.053,0.34820970692960274,low-fidelity RED
Dipropretryn,S(c1nc(nc(n1)NC(C)C)NC(C)C)CC,4147-51-7,6.856,1.193,0.25495097567963937,low-fidelity RED
2-Ethylamino-4-Isopropylamino-6-Methylthio-S-Trizaine(Ametryne),S(c1nc(nc(n1)NC(C)C)NCC)C,834-12-8,7.065,1.158,0.7508328708840601,low-fidelity RED
"2,5-Dichlorothiophene",S1C(=CC=C1Cl)Cl,3172-52-9,5.279,0.8672,0.972111104761179,low-fidelity RED
2-Methylthiacyclopropane,S1CC1C,1072-43-1,5.374,0.8168,0.8085480814398116,low-fidelity RED
Trimethylene Sulfide,S1CCC1,287-27-4,5.111,0.7471,0.9154916711800277,high-fidelity RED
"1,3-Dithiane",S1CSCCC1,505-23-7,5.072,0.8232,0.3816084380618435,low-fidelity RED
"4-(N,N-Dimethylamino)-1,2-Dithiolane",S1SCC(N(C)C)C1,1631-58-9,5.136,1.021,0.7648529270389177,low-fidelity RED
"1,2-Propanedithiol",SCC(S)C,814-67-5,5.566,0.7563,0.8522030274529654,low-fidelity RED
"1,3-Propanedithiol",SCCCS,109-80-8,5.706,0.7513,0.7636262174650638,low-fidelity RED
Dimercaptoethyl Ether,SCCOCCS,2/9/50 0:00,5.995,0.8513,0.9927864825832392,low-fidelity RED
